ISO-10303-21;
HEADER;
FILE_DESCRIPTION(('FreeCAD Model'),'2;1');
FILE_NAME('Open CASCADE Shape Model','2025-12-15T09:13:05',(''),(''),
  'Open CASCADE STEP processor 7.8','FreeCAD','Unknown');
FILE_SCHEMA(('AUTOMOTIVE_DESIGN { 1 0 10303 214 1 1 1 1 }'));
ENDSEC;
DATA;
#1 = APPLICATION_PROTOCOL_DEFINITION('international standard',
  'automotive_design',2000,#2);
#2 = APPLICATION_CONTEXT(
  'core data for automotive mechanical design processes');
#3 = SHAPE_DEFINITION_REPRESENTATION(#4,#10);
#4 = PRODUCT_DEFINITION_SHAPE('','',#5);
#5 = PRODUCT_DEFINITION('design','',#6,#9);
#6 = PRODUCT_DEFINITION_FORMATION('','',#7);
#7 = PRODUCT('_80_J361','_80_J361','',(#8));
#8 = PRODUCT_CONTEXT('',#2,'mechanical');
#9 = PRODUCT_DEFINITION_CONTEXT('part definition',#2,'design');
#10 = SHAPE_REPRESENTATION('',(#11,#15,#19,#23),#27);
#11 = AXIS2_PLACEMENT_3D('',#12,#13,#14);
#12 = CARTESIAN_POINT('',(0.,0.,0.));
#13 = DIRECTION('',(0.,0.,1.));
#14 = DIRECTION('',(1.,0.,-0.));
#15 = AXIS2_PLACEMENT_3D('',#16,#17,#18);
#16 = CARTESIAN_POINT('',(0.,0.,0.));
#17 = DIRECTION('',(0.,0.,1.));
#18 = DIRECTION('',(1.,0.,0.));
#19 = AXIS2_PLACEMENT_3D('',#20,#21,#22);
#20 = CARTESIAN_POINT('',(0.,0.,0.));
#21 = DIRECTION('',(0.,0.,1.));
#22 = DIRECTION('',(1.,0.,0.));
#23 = AXIS2_PLACEMENT_3D('',#24,#25,#26);
#24 = CARTESIAN_POINT('',(0.,0.,0.));
#25 = DIRECTION('',(0.,0.,1.));
#26 = DIRECTION('',(1.,0.,0.));
#27 = ( GEOMETRIC_REPRESENTATION_CONTEXT(3) 
GLOBAL_UNCERTAINTY_ASSIGNED_CONTEXT((#31)) GLOBAL_UNIT_ASSIGNED_CONTEXT(
(#28,#29,#30)) REPRESENTATION_CONTEXT('Context #1',
  '3D Context with UNIT and UNCERTAINTY') );
#28 = ( LENGTH_UNIT() NAMED_UNIT(*) SI_UNIT(.MILLI.,.METRE.) );
#29 = ( NAMED_UNIT(*) PLANE_ANGLE_UNIT() SI_UNIT($,.RADIAN.) );
#30 = ( NAMED_UNIT(*) SI_UNIT($,.STERADIAN.) SOLID_ANGLE_UNIT() );
#31 = UNCERTAINTY_MEASURE_WITH_UNIT(LENGTH_MEASURE(1.E-07),#28,
  'distance_accuracy_value','confusion accuracy');
#32 = PRODUCT_RELATED_PRODUCT_CATEGORY('part',$,(#7));
#33 = SHAPE_DEFINITION_REPRESENTATION(#34,#40);
#34 = PRODUCT_DEFINITION_SHAPE('','',#35);
#35 = PRODUCT_DEFINITION('design','',#36,#39);
#36 = PRODUCT_DEFINITION_FORMATION('','',#37);
#37 = PRODUCT('Extrude','Extrude','',(#38));
#38 = PRODUCT_CONTEXT('',#2,'mechanical');
#39 = PRODUCT_DEFINITION_CONTEXT('part definition',#2,'design');
#40 = ADVANCED_BREP_SHAPE_REPRESENTATION('',(#11,#41),#94);
#41 = MANIFOLD_SOLID_BREP('',#42);
#42 = CLOSED_SHELL('',(#43,#76,#85));
#43 = ADVANCED_FACE('',(#44),#71,.T.);
#44 = FACE_BOUND('',#45,.F.);
#45 = EDGE_LOOP('',(#46,#56,#63,#64));
#46 = ORIENTED_EDGE('',*,*,#47,.T.);
#47 = EDGE_CURVE('',#48,#50,#52,.T.);
#48 = VERTEX_POINT('',#49);
#49 = CARTESIAN_POINT('',(-5.135,5.33,0.698));
#50 = VERTEX_POINT('',#51);
#51 = CARTESIAN_POINT('',(-5.135,5.33,0.699));
#52 = LINE('',#53,#54);
#53 = CARTESIAN_POINT('',(-5.135,5.33,0.698));
#54 = VECTOR('',#55,1.);
#55 = DIRECTION('',(0.,0.,1.));
#56 = ORIENTED_EDGE('',*,*,#57,.T.);
#57 = EDGE_CURVE('',#50,#50,#58,.T.);
#58 = CIRCLE('',#59,0.195);
#59 = AXIS2_PLACEMENT_3D('',#60,#61,#62);
#60 = CARTESIAN_POINT('',(-5.33,5.33,0.699));
#61 = DIRECTION('',(0.,0.,1.));
#62 = DIRECTION('',(1.,0.,0.));
#63 = ORIENTED_EDGE('',*,*,#47,.F.);
#64 = ORIENTED_EDGE('',*,*,#65,.F.);
#65 = EDGE_CURVE('',#48,#48,#66,.T.);
#66 = CIRCLE('',#67,0.195);
#67 = AXIS2_PLACEMENT_3D('',#68,#69,#70);
#68 = CARTESIAN_POINT('',(-5.33,5.33,0.698));
#69 = DIRECTION('',(0.,0.,1.));
#70 = DIRECTION('',(1.,0.,0.));
#71 = CYLINDRICAL_SURFACE('',#72,0.195);
#72 = AXIS2_PLACEMENT_3D('',#73,#74,#75);
#73 = CARTESIAN_POINT('',(-5.33,5.33,0.698));
#74 = DIRECTION('',(-0.,-0.,-1.));
#75 = DIRECTION('',(1.,0.,0.));
#76 = ADVANCED_FACE('',(#77),#80,.F.);
#77 = FACE_BOUND('',#78,.F.);
#78 = EDGE_LOOP('',(#79));
#79 = ORIENTED_EDGE('',*,*,#65,.T.);
#80 = PLANE('',#81);
#81 = AXIS2_PLACEMENT_3D('',#82,#83,#84);
#82 = CARTESIAN_POINT('',(-5.33,5.33,0.698));
#83 = DIRECTION('',(0.,0.,1.));
#84 = DIRECTION('',(1.,0.,-0.));
#85 = ADVANCED_FACE('',(#86),#89,.T.);
#86 = FACE_BOUND('',#87,.T.);
#87 = EDGE_LOOP('',(#88));
#88 = ORIENTED_EDGE('',*,*,#57,.T.);
#89 = PLANE('',#90);
#90 = AXIS2_PLACEMENT_3D('',#91,#92,#93);
#91 = CARTESIAN_POINT('',(-5.33,5.33,0.699));
#92 = DIRECTION('',(0.,0.,1.));
#93 = DIRECTION('',(1.,0.,0.));
#94 = ( GEOMETRIC_REPRESENTATION_CONTEXT(3) 
GLOBAL_UNCERTAINTY_ASSIGNED_CONTEXT((#98)) GLOBAL_UNIT_ASSIGNED_CONTEXT(
(#95,#96,#97)) REPRESENTATION_CONTEXT('Context #1',
  '3D Context with UNIT and UNCERTAINTY') );
#95 = ( LENGTH_UNIT() NAMED_UNIT(*) SI_UNIT(.MILLI.,.METRE.) );
#96 = ( NAMED_UNIT(*) PLANE_ANGLE_UNIT() SI_UNIT($,.RADIAN.) );
#97 = ( NAMED_UNIT(*) SI_UNIT($,.STERADIAN.) SOLID_ANGLE_UNIT() );
#98 = UNCERTAINTY_MEASURE_WITH_UNIT(LENGTH_MEASURE(1.E-07),#95,
  'distance_accuracy_value','confusion accuracy');
#99 = CONTEXT_DEPENDENT_SHAPE_REPRESENTATION(#100,#102);
#100 = ( REPRESENTATION_RELATIONSHIP('','',#40,#10) 
REPRESENTATION_RELATIONSHIP_WITH_TRANSFORMATION(#101) 
SHAPE_REPRESENTATION_RELATIONSHIP() );
#101 = ITEM_DEFINED_TRANSFORMATION('','',#11,#15);
#102 = PRODUCT_DEFINITION_SHAPE('Placement','Placement of an item',#103
  );
#103 = NEXT_ASSEMBLY_USAGE_OCCURRENCE('1563','Extrude','',#5,#35,$);
#104 = PRODUCT_RELATED_PRODUCT_CATEGORY('part',$,(#37));
#105 = SHAPE_DEFINITION_REPRESENTATION(#106,#112);
#106 = PRODUCT_DEFINITION_SHAPE('','',#107);
#107 = PRODUCT_DEFINITION('design','',#108,#111);
#108 = PRODUCT_DEFINITION_FORMATION('','',#109);
#109 = PRODUCT('set_label','set_label','',(#110));
#110 = PRODUCT_CONTEXT('',#2,'mechanical');
#111 = PRODUCT_DEFINITION_CONTEXT('part definition',#2,'design');
#112 = SHAPE_REPRESENTATION('',(#11,#113,#117,#121,#125,#129,#133,#137,
    #141,#145,#149,#153,#157,#161,#165,#169,#173,#177,#181,#185,#189,
    #193,#197,#201,#205,#209,#213,#217,#221,#225,#229,#233,#237,#241,
    #245,#249,#253,#257,#261,#265,#269,#273,#277,#281,#285,#289,#293,
    #297,#301,#305,#309,#313,#317,#321,#325,#329,#333,#337,#341,#345,
    #349,#353,#357,#361,#365,#369,#373,#377,#381,#385,#389,#393,#397,
    #401,#405,#409,#413,#417,#421,#425,#429,#433,#437,#441,#445,#449,
    #453,#457,#461,#465,#469,#473,#477,#481,#485,#489,#493,#497,#501,
    #505,#509,#513,#517,#521,#525,#529,#533,#537,#541,#545,#549,#553,
    #557,#561,#565,#569,#573,#577,#581,#585,#589,#593,#597,#601,#605,
    #609,#613,#617,#621,#625,#629,#633,#637,#641,#645,#649,#653,#657,
    #661,#665,#669,#673,#677,#681,#685,#689,#693,#697,#701,#705,#709,
    #713,#717,#721,#725,#729,#733,#737,#741,#745,#749,#753,#757,#761,
    #765,#769,#773,#777,#781,#785,#789,#793,#797,#801,#805,#809,#813,
    #817,#821,#825,#829,#833,#837,#841,#845,#849,#853,#857,#861,#865,
    #869,#873,#877,#881,#885,#889,#893,#897,#901,#905,#909,#913,#917,
    #921,#925,#929,#933,#937,#941,#945,#949,#953,#957,#961,#965,#969,
    #973,#977,#981,#985,#989,#993,#997,#1001,#1005,#1009,#1013,#1017,
    #1021,#1025,#1029,#1033,#1037,#1041,#1045,#1049,#1053,#1057,#1061,
    #1065,#1069,#1073,#1077,#1081,#1085,#1089,#1093,#1097,#1101,#1105,
    #1109,#1113,#1117,#1121,#1125,#1129,#1133,#1137,#1141,#1145,#1149,
    #1153,#1157,#1161,#1165,#1169,#1173,#1177,#1181,#1185,#1189,#1193,
    #1197,#1201,#1205,#1209,#1213,#1217,#1221,#1225,#1229,#1233,#1237,
    #1241,#1245,#1249,#1253,#1257,#1261,#1265,#1269,#1273,#1277,#1281,
    #1285,#1289,#1293,#1297,#1301,#1305,#1309,#1313,#1317,#1321,#1325,
    #1329,#1333,#1337,#1341,#1345,#1349,#1353,#1357,#1361,#1365,#1369,
    #1373,#1377,#1381,#1385,#1389,#1393,#1397,#1401,#1405,#1409,#1413,
    #1417,#1421,#1425,#1429,#1433,#1437,#1441,#1445,#1449,#1453,#1457,
    #1461,#1465,#1469,#1473,#1477,#1481,#1485,#1489,#1493,#1497,#1501,
    #1505,#1509,#1513,#1517,#1521,#1525,#1529,#1533,#1537,#1541,#1545,
    #1549,#1553),#1557);
#113 = AXIS2_PLACEMENT_3D('',#114,#115,#116);
#114 = CARTESIAN_POINT('',(-5.85,-5.85,-9.5E-02));
#115 = DIRECTION('',(0.,0.,1.));
#116 = DIRECTION('',(1.,0.,0.));
#117 = AXIS2_PLACEMENT_3D('',#118,#119,#120);
#118 = CARTESIAN_POINT('',(-5.85,-5.2,-9.5E-02));
#119 = DIRECTION('',(0.,0.,1.));
#120 = DIRECTION('',(1.,0.,0.));
#121 = AXIS2_PLACEMENT_3D('',#122,#123,#124);
#122 = CARTESIAN_POINT('',(-5.85,-4.55,-9.5E-02));
#123 = DIRECTION('',(0.,0.,1.));
#124 = DIRECTION('',(1.,0.,0.));
#125 = AXIS2_PLACEMENT_3D('',#126,#127,#128);
#126 = CARTESIAN_POINT('',(-5.85,-3.9,-9.5E-02));
#127 = DIRECTION('',(0.,0.,1.));
#128 = DIRECTION('',(1.,0.,0.));
#129 = AXIS2_PLACEMENT_3D('',#130,#131,#132);
#130 = CARTESIAN_POINT('',(-5.85,-3.25,-9.5E-02));
#131 = DIRECTION('',(0.,0.,1.));
#132 = DIRECTION('',(1.,0.,0.));
#133 = AXIS2_PLACEMENT_3D('',#134,#135,#136);
#134 = CARTESIAN_POINT('',(-5.85,-2.6,-9.5E-02));
#135 = DIRECTION('',(0.,0.,1.));
#136 = DIRECTION('',(1.,0.,0.));
#137 = AXIS2_PLACEMENT_3D('',#138,#139,#140);
#138 = CARTESIAN_POINT('',(-5.85,-1.95,-9.5E-02));
#139 = DIRECTION('',(0.,0.,1.));
#140 = DIRECTION('',(1.,0.,0.));
#141 = AXIS2_PLACEMENT_3D('',#142,#143,#144);
#142 = CARTESIAN_POINT('',(-5.85,-1.3,-9.5E-02));
#143 = DIRECTION('',(0.,0.,1.));
#144 = DIRECTION('',(1.,0.,0.));
#145 = AXIS2_PLACEMENT_3D('',#146,#147,#148);
#146 = CARTESIAN_POINT('',(-5.85,-0.65,-9.5E-02));
#147 = DIRECTION('',(0.,0.,1.));
#148 = DIRECTION('',(1.,0.,0.));
#149 = AXIS2_PLACEMENT_3D('',#150,#151,#152);
#150 = CARTESIAN_POINT('',(-5.85,1.E-15,-9.5E-02));
#151 = DIRECTION('',(0.,0.,1.));
#152 = DIRECTION('',(1.,0.,0.));
#153 = AXIS2_PLACEMENT_3D('',#154,#155,#156);
#154 = CARTESIAN_POINT('',(-5.85,0.65,-9.5E-02));
#155 = DIRECTION('',(0.,0.,1.));
#156 = DIRECTION('',(1.,0.,0.));
#157 = AXIS2_PLACEMENT_3D('',#158,#159,#160);
#158 = CARTESIAN_POINT('',(-5.85,1.3,-9.5E-02));
#159 = DIRECTION('',(0.,0.,1.));
#160 = DIRECTION('',(1.,0.,0.));
#161 = AXIS2_PLACEMENT_3D('',#162,#163,#164);
#162 = CARTESIAN_POINT('',(-5.85,1.95,-9.5E-02));
#163 = DIRECTION('',(0.,0.,1.));
#164 = DIRECTION('',(1.,0.,0.));
#165 = AXIS2_PLACEMENT_3D('',#166,#167,#168);
#166 = CARTESIAN_POINT('',(-5.85,2.6,-9.5E-02));
#167 = DIRECTION('',(0.,0.,1.));
#168 = DIRECTION('',(1.,0.,0.));
#169 = AXIS2_PLACEMENT_3D('',#170,#171,#172);
#170 = CARTESIAN_POINT('',(-5.85,3.25,-9.5E-02));
#171 = DIRECTION('',(0.,0.,1.));
#172 = DIRECTION('',(1.,0.,0.));
#173 = AXIS2_PLACEMENT_3D('',#174,#175,#176);
#174 = CARTESIAN_POINT('',(-5.85,3.9,-9.5E-02));
#175 = DIRECTION('',(0.,0.,1.));
#176 = DIRECTION('',(1.,0.,0.));
#177 = AXIS2_PLACEMENT_3D('',#178,#179,#180);
#178 = CARTESIAN_POINT('',(-5.85,4.55,-9.5E-02));
#179 = DIRECTION('',(0.,0.,1.));
#180 = DIRECTION('',(1.,0.,0.));
#181 = AXIS2_PLACEMENT_3D('',#182,#183,#184);
#182 = CARTESIAN_POINT('',(-5.85,5.2,-9.5E-02));
#183 = DIRECTION('',(0.,0.,1.));
#184 = DIRECTION('',(1.,0.,0.));
#185 = AXIS2_PLACEMENT_3D('',#186,#187,#188);
#186 = CARTESIAN_POINT('',(-5.85,5.85,-9.5E-02));
#187 = DIRECTION('',(0.,0.,1.));
#188 = DIRECTION('',(1.,0.,0.));
#189 = AXIS2_PLACEMENT_3D('',#190,#191,#192);
#190 = CARTESIAN_POINT('',(-5.2,-5.85,-9.5E-02));
#191 = DIRECTION('',(0.,0.,1.));
#192 = DIRECTION('',(1.,0.,0.));
#193 = AXIS2_PLACEMENT_3D('',#194,#195,#196);
#194 = CARTESIAN_POINT('',(-5.2,-5.2,-9.5E-02));
#195 = DIRECTION('',(0.,0.,1.));
#196 = DIRECTION('',(1.,0.,0.));
#197 = AXIS2_PLACEMENT_3D('',#198,#199,#200);
#198 = CARTESIAN_POINT('',(-5.2,-4.55,-9.5E-02));
#199 = DIRECTION('',(0.,0.,1.));
#200 = DIRECTION('',(1.,0.,0.));
#201 = AXIS2_PLACEMENT_3D('',#202,#203,#204);
#202 = CARTESIAN_POINT('',(-5.2,-3.9,-9.5E-02));
#203 = DIRECTION('',(0.,0.,1.));
#204 = DIRECTION('',(1.,0.,0.));
#205 = AXIS2_PLACEMENT_3D('',#206,#207,#208);
#206 = CARTESIAN_POINT('',(-5.2,-3.25,-9.5E-02));
#207 = DIRECTION('',(0.,0.,1.));
#208 = DIRECTION('',(1.,0.,0.));
#209 = AXIS2_PLACEMENT_3D('',#210,#211,#212);
#210 = CARTESIAN_POINT('',(-5.2,-2.6,-9.5E-02));
#211 = DIRECTION('',(0.,0.,1.));
#212 = DIRECTION('',(1.,0.,0.));
#213 = AXIS2_PLACEMENT_3D('',#214,#215,#216);
#214 = CARTESIAN_POINT('',(-5.2,-1.95,-9.5E-02));
#215 = DIRECTION('',(0.,0.,1.));
#216 = DIRECTION('',(1.,0.,0.));
#217 = AXIS2_PLACEMENT_3D('',#218,#219,#220);
#218 = CARTESIAN_POINT('',(-5.2,-1.3,-9.5E-02));
#219 = DIRECTION('',(0.,0.,1.));
#220 = DIRECTION('',(1.,0.,0.));
#221 = AXIS2_PLACEMENT_3D('',#222,#223,#224);
#222 = CARTESIAN_POINT('',(-5.2,-0.65,-9.5E-02));
#223 = DIRECTION('',(0.,0.,1.));
#224 = DIRECTION('',(1.,0.,0.));
#225 = AXIS2_PLACEMENT_3D('',#226,#227,#228);
#226 = CARTESIAN_POINT('',(-5.2,1.E-15,-9.5E-02));
#227 = DIRECTION('',(0.,0.,1.));
#228 = DIRECTION('',(1.,0.,0.));
#229 = AXIS2_PLACEMENT_3D('',#230,#231,#232);
#230 = CARTESIAN_POINT('',(-5.2,0.65,-9.5E-02));
#231 = DIRECTION('',(0.,0.,1.));
#232 = DIRECTION('',(1.,0.,0.));
#233 = AXIS2_PLACEMENT_3D('',#234,#235,#236);
#234 = CARTESIAN_POINT('',(-5.2,1.3,-9.5E-02));
#235 = DIRECTION('',(0.,0.,1.));
#236 = DIRECTION('',(1.,0.,0.));
#237 = AXIS2_PLACEMENT_3D('',#238,#239,#240);
#238 = CARTESIAN_POINT('',(-5.2,1.95,-9.5E-02));
#239 = DIRECTION('',(0.,0.,1.));
#240 = DIRECTION('',(1.,0.,0.));
#241 = AXIS2_PLACEMENT_3D('',#242,#243,#244);
#242 = CARTESIAN_POINT('',(-5.2,2.6,-9.5E-02));
#243 = DIRECTION('',(0.,0.,1.));
#244 = DIRECTION('',(1.,0.,0.));
#245 = AXIS2_PLACEMENT_3D('',#246,#247,#248);
#246 = CARTESIAN_POINT('',(-5.2,3.25,-9.5E-02));
#247 = DIRECTION('',(0.,0.,1.));
#248 = DIRECTION('',(1.,0.,0.));
#249 = AXIS2_PLACEMENT_3D('',#250,#251,#252);
#250 = CARTESIAN_POINT('',(-5.2,3.9,-9.5E-02));
#251 = DIRECTION('',(0.,0.,1.));
#252 = DIRECTION('',(1.,0.,0.));
#253 = AXIS2_PLACEMENT_3D('',#254,#255,#256);
#254 = CARTESIAN_POINT('',(-5.2,4.55,-9.5E-02));
#255 = DIRECTION('',(0.,0.,1.));
#256 = DIRECTION('',(1.,0.,0.));
#257 = AXIS2_PLACEMENT_3D('',#258,#259,#260);
#258 = CARTESIAN_POINT('',(-5.2,5.2,-9.5E-02));
#259 = DIRECTION('',(0.,0.,1.));
#260 = DIRECTION('',(1.,0.,0.));
#261 = AXIS2_PLACEMENT_3D('',#262,#263,#264);
#262 = CARTESIAN_POINT('',(-5.2,5.85,-9.5E-02));
#263 = DIRECTION('',(0.,0.,1.));
#264 = DIRECTION('',(1.,0.,0.));
#265 = AXIS2_PLACEMENT_3D('',#266,#267,#268);
#266 = CARTESIAN_POINT('',(-4.55,-5.85,-9.5E-02));
#267 = DIRECTION('',(0.,0.,1.));
#268 = DIRECTION('',(1.,0.,0.));
#269 = AXIS2_PLACEMENT_3D('',#270,#271,#272);
#270 = CARTESIAN_POINT('',(-4.55,-5.2,-9.5E-02));
#271 = DIRECTION('',(0.,0.,1.));
#272 = DIRECTION('',(1.,0.,0.));
#273 = AXIS2_PLACEMENT_3D('',#274,#275,#276);
#274 = CARTESIAN_POINT('',(-4.55,-4.55,-9.5E-02));
#275 = DIRECTION('',(0.,0.,1.));
#276 = DIRECTION('',(1.,0.,0.));
#277 = AXIS2_PLACEMENT_3D('',#278,#279,#280);
#278 = CARTESIAN_POINT('',(-4.55,-3.9,-9.5E-02));
#279 = DIRECTION('',(0.,0.,1.));
#280 = DIRECTION('',(1.,0.,0.));
#281 = AXIS2_PLACEMENT_3D('',#282,#283,#284);
#282 = CARTESIAN_POINT('',(-4.55,-3.25,-9.5E-02));
#283 = DIRECTION('',(0.,0.,1.));
#284 = DIRECTION('',(1.,0.,0.));
#285 = AXIS2_PLACEMENT_3D('',#286,#287,#288);
#286 = CARTESIAN_POINT('',(-4.55,-2.6,-9.5E-02));
#287 = DIRECTION('',(0.,0.,1.));
#288 = DIRECTION('',(1.,0.,0.));
#289 = AXIS2_PLACEMENT_3D('',#290,#291,#292);
#290 = CARTESIAN_POINT('',(-4.55,-1.95,-9.5E-02));
#291 = DIRECTION('',(0.,0.,1.));
#292 = DIRECTION('',(1.,0.,0.));
#293 = AXIS2_PLACEMENT_3D('',#294,#295,#296);
#294 = CARTESIAN_POINT('',(-4.55,-1.3,-9.5E-02));
#295 = DIRECTION('',(0.,0.,1.));
#296 = DIRECTION('',(1.,0.,0.));
#297 = AXIS2_PLACEMENT_3D('',#298,#299,#300);
#298 = CARTESIAN_POINT('',(-4.55,-0.65,-9.5E-02));
#299 = DIRECTION('',(0.,0.,1.));
#300 = DIRECTION('',(1.,0.,0.));
#301 = AXIS2_PLACEMENT_3D('',#302,#303,#304);
#302 = CARTESIAN_POINT('',(-4.55,1.E-15,-9.5E-02));
#303 = DIRECTION('',(0.,0.,1.));
#304 = DIRECTION('',(1.,0.,0.));
#305 = AXIS2_PLACEMENT_3D('',#306,#307,#308);
#306 = CARTESIAN_POINT('',(-4.55,0.65,-9.5E-02));
#307 = DIRECTION('',(0.,0.,1.));
#308 = DIRECTION('',(1.,0.,0.));
#309 = AXIS2_PLACEMENT_3D('',#310,#311,#312);
#310 = CARTESIAN_POINT('',(-4.55,1.3,-9.5E-02));
#311 = DIRECTION('',(0.,0.,1.));
#312 = DIRECTION('',(1.,0.,0.));
#313 = AXIS2_PLACEMENT_3D('',#314,#315,#316);
#314 = CARTESIAN_POINT('',(-4.55,1.95,-9.5E-02));
#315 = DIRECTION('',(0.,0.,1.));
#316 = DIRECTION('',(1.,0.,0.));
#317 = AXIS2_PLACEMENT_3D('',#318,#319,#320);
#318 = CARTESIAN_POINT('',(-4.55,2.6,-9.5E-02));
#319 = DIRECTION('',(0.,0.,1.));
#320 = DIRECTION('',(1.,0.,0.));
#321 = AXIS2_PLACEMENT_3D('',#322,#323,#324);
#322 = CARTESIAN_POINT('',(-4.55,3.25,-9.5E-02));
#323 = DIRECTION('',(0.,0.,1.));
#324 = DIRECTION('',(1.,0.,0.));
#325 = AXIS2_PLACEMENT_3D('',#326,#327,#328);
#326 = CARTESIAN_POINT('',(-4.55,3.9,-9.5E-02));
#327 = DIRECTION('',(0.,0.,1.));
#328 = DIRECTION('',(1.,0.,0.));
#329 = AXIS2_PLACEMENT_3D('',#330,#331,#332);
#330 = CARTESIAN_POINT('',(-4.55,4.55,-9.5E-02));
#331 = DIRECTION('',(0.,0.,1.));
#332 = DIRECTION('',(1.,0.,0.));
#333 = AXIS2_PLACEMENT_3D('',#334,#335,#336);
#334 = CARTESIAN_POINT('',(-4.55,5.2,-9.5E-02));
#335 = DIRECTION('',(0.,0.,1.));
#336 = DIRECTION('',(1.,0.,0.));
#337 = AXIS2_PLACEMENT_3D('',#338,#339,#340);
#338 = CARTESIAN_POINT('',(-4.55,5.85,-9.5E-02));
#339 = DIRECTION('',(0.,0.,1.));
#340 = DIRECTION('',(1.,0.,0.));
#341 = AXIS2_PLACEMENT_3D('',#342,#343,#344);
#342 = CARTESIAN_POINT('',(-3.9,-5.85,-9.5E-02));
#343 = DIRECTION('',(0.,0.,1.));
#344 = DIRECTION('',(1.,0.,0.));
#345 = AXIS2_PLACEMENT_3D('',#346,#347,#348);
#346 = CARTESIAN_POINT('',(-3.9,-5.2,-9.5E-02));
#347 = DIRECTION('',(0.,0.,1.));
#348 = DIRECTION('',(1.,0.,0.));
#349 = AXIS2_PLACEMENT_3D('',#350,#351,#352);
#350 = CARTESIAN_POINT('',(-3.9,-4.55,-9.5E-02));
#351 = DIRECTION('',(0.,0.,1.));
#352 = DIRECTION('',(1.,0.,0.));
#353 = AXIS2_PLACEMENT_3D('',#354,#355,#356);
#354 = CARTESIAN_POINT('',(-3.9,-3.9,-9.5E-02));
#355 = DIRECTION('',(0.,0.,1.));
#356 = DIRECTION('',(1.,0.,0.));
#357 = AXIS2_PLACEMENT_3D('',#358,#359,#360);
#358 = CARTESIAN_POINT('',(-3.9,-3.25,-9.5E-02));
#359 = DIRECTION('',(0.,0.,1.));
#360 = DIRECTION('',(1.,0.,0.));
#361 = AXIS2_PLACEMENT_3D('',#362,#363,#364);
#362 = CARTESIAN_POINT('',(-3.9,-2.6,-9.5E-02));
#363 = DIRECTION('',(0.,0.,1.));
#364 = DIRECTION('',(1.,0.,0.));
#365 = AXIS2_PLACEMENT_3D('',#366,#367,#368);
#366 = CARTESIAN_POINT('',(-3.9,-1.95,-9.5E-02));
#367 = DIRECTION('',(0.,0.,1.));
#368 = DIRECTION('',(1.,0.,0.));
#369 = AXIS2_PLACEMENT_3D('',#370,#371,#372);
#370 = CARTESIAN_POINT('',(-3.9,-1.3,-9.5E-02));
#371 = DIRECTION('',(0.,0.,1.));
#372 = DIRECTION('',(1.,0.,0.));
#373 = AXIS2_PLACEMENT_3D('',#374,#375,#376);
#374 = CARTESIAN_POINT('',(-3.9,-0.65,-9.5E-02));
#375 = DIRECTION('',(0.,0.,1.));
#376 = DIRECTION('',(1.,0.,0.));
#377 = AXIS2_PLACEMENT_3D('',#378,#379,#380);
#378 = CARTESIAN_POINT('',(-3.9,9.E-16,-9.5E-02));
#379 = DIRECTION('',(0.,0.,1.));
#380 = DIRECTION('',(1.,0.,0.));
#381 = AXIS2_PLACEMENT_3D('',#382,#383,#384);
#382 = CARTESIAN_POINT('',(-3.9,0.65,-9.5E-02));
#383 = DIRECTION('',(0.,0.,1.));
#384 = DIRECTION('',(1.,0.,0.));
#385 = AXIS2_PLACEMENT_3D('',#386,#387,#388);
#386 = CARTESIAN_POINT('',(-3.9,1.3,-9.5E-02));
#387 = DIRECTION('',(0.,0.,1.));
#388 = DIRECTION('',(1.,0.,0.));
#389 = AXIS2_PLACEMENT_3D('',#390,#391,#392);
#390 = CARTESIAN_POINT('',(-3.9,1.95,-9.5E-02));
#391 = DIRECTION('',(0.,0.,1.));
#392 = DIRECTION('',(1.,0.,0.));
#393 = AXIS2_PLACEMENT_3D('',#394,#395,#396);
#394 = CARTESIAN_POINT('',(-3.9,2.6,-9.5E-02));
#395 = DIRECTION('',(0.,0.,1.));
#396 = DIRECTION('',(1.,0.,0.));
#397 = AXIS2_PLACEMENT_3D('',#398,#399,#400);
#398 = CARTESIAN_POINT('',(-3.9,3.25,-9.5E-02));
#399 = DIRECTION('',(0.,0.,1.));
#400 = DIRECTION('',(1.,0.,0.));
#401 = AXIS2_PLACEMENT_3D('',#402,#403,#404);
#402 = CARTESIAN_POINT('',(-3.9,3.9,-9.5E-02));
#403 = DIRECTION('',(0.,0.,1.));
#404 = DIRECTION('',(1.,0.,0.));
#405 = AXIS2_PLACEMENT_3D('',#406,#407,#408);
#406 = CARTESIAN_POINT('',(-3.9,4.55,-9.5E-02));
#407 = DIRECTION('',(0.,0.,1.));
#408 = DIRECTION('',(1.,0.,0.));
#409 = AXIS2_PLACEMENT_3D('',#410,#411,#412);
#410 = CARTESIAN_POINT('',(-3.9,5.2,-9.5E-02));
#411 = DIRECTION('',(0.,0.,1.));
#412 = DIRECTION('',(1.,0.,0.));
#413 = AXIS2_PLACEMENT_3D('',#414,#415,#416);
#414 = CARTESIAN_POINT('',(-3.9,5.85,-9.5E-02));
#415 = DIRECTION('',(0.,0.,1.));
#416 = DIRECTION('',(1.,0.,0.));
#417 = AXIS2_PLACEMENT_3D('',#418,#419,#420);
#418 = CARTESIAN_POINT('',(-3.25,-5.85,-9.5E-02));
#419 = DIRECTION('',(0.,0.,1.));
#420 = DIRECTION('',(1.,0.,0.));
#421 = AXIS2_PLACEMENT_3D('',#422,#423,#424);
#422 = CARTESIAN_POINT('',(-3.25,-5.2,-9.5E-02));
#423 = DIRECTION('',(0.,0.,1.));
#424 = DIRECTION('',(1.,0.,0.));
#425 = AXIS2_PLACEMENT_3D('',#426,#427,#428);
#426 = CARTESIAN_POINT('',(-3.25,-4.55,-9.5E-02));
#427 = DIRECTION('',(0.,0.,1.));
#428 = DIRECTION('',(1.,0.,0.));
#429 = AXIS2_PLACEMENT_3D('',#430,#431,#432);
#430 = CARTESIAN_POINT('',(-3.25,-3.9,-9.5E-02));
#431 = DIRECTION('',(0.,0.,1.));
#432 = DIRECTION('',(1.,0.,0.));
#433 = AXIS2_PLACEMENT_3D('',#434,#435,#436);
#434 = CARTESIAN_POINT('',(-3.25,-3.25,-9.5E-02));
#435 = DIRECTION('',(0.,0.,1.));
#436 = DIRECTION('',(1.,0.,0.));
#437 = AXIS2_PLACEMENT_3D('',#438,#439,#440);
#438 = CARTESIAN_POINT('',(-3.25,-2.6,-9.5E-02));
#439 = DIRECTION('',(0.,0.,1.));
#440 = DIRECTION('',(1.,0.,0.));
#441 = AXIS2_PLACEMENT_3D('',#442,#443,#444);
#442 = CARTESIAN_POINT('',(-3.25,-1.95,-9.5E-02));
#443 = DIRECTION('',(0.,0.,1.));
#444 = DIRECTION('',(1.,0.,0.));
#445 = AXIS2_PLACEMENT_3D('',#446,#447,#448);
#446 = CARTESIAN_POINT('',(-3.25,-1.3,-9.5E-02));
#447 = DIRECTION('',(0.,0.,1.));
#448 = DIRECTION('',(1.,0.,0.));
#449 = AXIS2_PLACEMENT_3D('',#450,#451,#452);
#450 = CARTESIAN_POINT('',(-3.25,-0.65,-9.5E-02));
#451 = DIRECTION('',(0.,0.,1.));
#452 = DIRECTION('',(1.,0.,0.));
#453 = AXIS2_PLACEMENT_3D('',#454,#455,#456);
#454 = CARTESIAN_POINT('',(-3.25,9.E-16,-9.5E-02));
#455 = DIRECTION('',(0.,0.,1.));
#456 = DIRECTION('',(1.,0.,0.));
#457 = AXIS2_PLACEMENT_3D('',#458,#459,#460);
#458 = CARTESIAN_POINT('',(-3.25,0.65,-9.5E-02));
#459 = DIRECTION('',(0.,0.,1.));
#460 = DIRECTION('',(1.,0.,0.));
#461 = AXIS2_PLACEMENT_3D('',#462,#463,#464);
#462 = CARTESIAN_POINT('',(-3.25,1.3,-9.5E-02));
#463 = DIRECTION('',(0.,0.,1.));
#464 = DIRECTION('',(1.,0.,0.));
#465 = AXIS2_PLACEMENT_3D('',#466,#467,#468);
#466 = CARTESIAN_POINT('',(-3.25,1.95,-9.5E-02));
#467 = DIRECTION('',(0.,0.,1.));
#468 = DIRECTION('',(1.,0.,0.));
#469 = AXIS2_PLACEMENT_3D('',#470,#471,#472);
#470 = CARTESIAN_POINT('',(-3.25,2.6,-9.5E-02));
#471 = DIRECTION('',(0.,0.,1.));
#472 = DIRECTION('',(1.,0.,0.));
#473 = AXIS2_PLACEMENT_3D('',#474,#475,#476);
#474 = CARTESIAN_POINT('',(-3.25,3.25,-9.5E-02));
#475 = DIRECTION('',(0.,0.,1.));
#476 = DIRECTION('',(1.,0.,0.));
#477 = AXIS2_PLACEMENT_3D('',#478,#479,#480);
#478 = CARTESIAN_POINT('',(-3.25,3.9,-9.5E-02));
#479 = DIRECTION('',(0.,0.,1.));
#480 = DIRECTION('',(1.,0.,0.));
#481 = AXIS2_PLACEMENT_3D('',#482,#483,#484);
#482 = CARTESIAN_POINT('',(-3.25,4.55,-9.5E-02));
#483 = DIRECTION('',(0.,0.,1.));
#484 = DIRECTION('',(1.,0.,0.));
#485 = AXIS2_PLACEMENT_3D('',#486,#487,#488);
#486 = CARTESIAN_POINT('',(-3.25,5.2,-9.5E-02));
#487 = DIRECTION('',(0.,0.,1.));
#488 = DIRECTION('',(1.,0.,0.));
#489 = AXIS2_PLACEMENT_3D('',#490,#491,#492);
#490 = CARTESIAN_POINT('',(-3.25,5.85,-9.5E-02));
#491 = DIRECTION('',(0.,0.,1.));
#492 = DIRECTION('',(1.,0.,0.));
#493 = AXIS2_PLACEMENT_3D('',#494,#495,#496);
#494 = CARTESIAN_POINT('',(-2.6,-5.85,-9.5E-02));
#495 = DIRECTION('',(0.,0.,1.));
#496 = DIRECTION('',(1.,0.,0.));
#497 = AXIS2_PLACEMENT_3D('',#498,#499,#500);
#498 = CARTESIAN_POINT('',(-2.6,-5.2,-9.5E-02));
#499 = DIRECTION('',(0.,0.,1.));
#500 = DIRECTION('',(1.,0.,0.));
#501 = AXIS2_PLACEMENT_3D('',#502,#503,#504);
#502 = CARTESIAN_POINT('',(-2.6,-4.55,-9.5E-02));
#503 = DIRECTION('',(0.,0.,1.));
#504 = DIRECTION('',(1.,0.,0.));
#505 = AXIS2_PLACEMENT_3D('',#506,#507,#508);
#506 = CARTESIAN_POINT('',(-2.6,-3.9,-9.5E-02));
#507 = DIRECTION('',(0.,0.,1.));
#508 = DIRECTION('',(1.,0.,0.));
#509 = AXIS2_PLACEMENT_3D('',#510,#511,#512);
#510 = CARTESIAN_POINT('',(-2.6,-3.25,-9.5E-02));
#511 = DIRECTION('',(0.,0.,1.));
#512 = DIRECTION('',(1.,0.,0.));
#513 = AXIS2_PLACEMENT_3D('',#514,#515,#516);
#514 = CARTESIAN_POINT('',(-2.6,-2.6,-9.5E-02));
#515 = DIRECTION('',(0.,0.,1.));
#516 = DIRECTION('',(1.,0.,0.));
#517 = AXIS2_PLACEMENT_3D('',#518,#519,#520);
#518 = CARTESIAN_POINT('',(-2.6,-1.95,-9.5E-02));
#519 = DIRECTION('',(0.,0.,1.));
#520 = DIRECTION('',(1.,0.,0.));
#521 = AXIS2_PLACEMENT_3D('',#522,#523,#524);
#522 = CARTESIAN_POINT('',(-2.6,-1.3,-9.5E-02));
#523 = DIRECTION('',(0.,0.,1.));
#524 = DIRECTION('',(1.,0.,0.));
#525 = AXIS2_PLACEMENT_3D('',#526,#527,#528);
#526 = CARTESIAN_POINT('',(-2.6,-0.65,-9.5E-02));
#527 = DIRECTION('',(0.,0.,1.));
#528 = DIRECTION('',(1.,0.,0.));
#529 = AXIS2_PLACEMENT_3D('',#530,#531,#532);
#530 = CARTESIAN_POINT('',(-2.6,9.E-16,-9.5E-02));
#531 = DIRECTION('',(0.,0.,1.));
#532 = DIRECTION('',(1.,0.,0.));
#533 = AXIS2_PLACEMENT_3D('',#534,#535,#536);
#534 = CARTESIAN_POINT('',(-2.6,0.65,-9.5E-02));
#535 = DIRECTION('',(0.,0.,1.));
#536 = DIRECTION('',(1.,0.,0.));
#537 = AXIS2_PLACEMENT_3D('',#538,#539,#540);
#538 = CARTESIAN_POINT('',(-2.6,1.3,-9.5E-02));
#539 = DIRECTION('',(0.,0.,1.));
#540 = DIRECTION('',(1.,0.,0.));
#541 = AXIS2_PLACEMENT_3D('',#542,#543,#544);
#542 = CARTESIAN_POINT('',(-2.6,1.95,-9.5E-02));
#543 = DIRECTION('',(0.,0.,1.));
#544 = DIRECTION('',(1.,0.,0.));
#545 = AXIS2_PLACEMENT_3D('',#546,#547,#548);
#546 = CARTESIAN_POINT('',(-2.6,2.6,-9.5E-02));
#547 = DIRECTION('',(0.,0.,1.));
#548 = DIRECTION('',(1.,0.,0.));
#549 = AXIS2_PLACEMENT_3D('',#550,#551,#552);
#550 = CARTESIAN_POINT('',(-2.6,3.25,-9.5E-02));
#551 = DIRECTION('',(0.,0.,1.));
#552 = DIRECTION('',(1.,0.,0.));
#553 = AXIS2_PLACEMENT_3D('',#554,#555,#556);
#554 = CARTESIAN_POINT('',(-2.6,3.9,-9.5E-02));
#555 = DIRECTION('',(0.,0.,1.));
#556 = DIRECTION('',(1.,0.,0.));
#557 = AXIS2_PLACEMENT_3D('',#558,#559,#560);
#558 = CARTESIAN_POINT('',(-2.6,4.55,-9.5E-02));
#559 = DIRECTION('',(0.,0.,1.));
#560 = DIRECTION('',(1.,0.,0.));
#561 = AXIS2_PLACEMENT_3D('',#562,#563,#564);
#562 = CARTESIAN_POINT('',(-2.6,5.2,-9.5E-02));
#563 = DIRECTION('',(0.,0.,1.));
#564 = DIRECTION('',(1.,0.,0.));
#565 = AXIS2_PLACEMENT_3D('',#566,#567,#568);
#566 = CARTESIAN_POINT('',(-2.6,5.85,-9.5E-02));
#567 = DIRECTION('',(0.,0.,1.));
#568 = DIRECTION('',(1.,0.,0.));
#569 = AXIS2_PLACEMENT_3D('',#570,#571,#572);
#570 = CARTESIAN_POINT('',(-1.95,-5.85,-9.5E-02));
#571 = DIRECTION('',(0.,0.,1.));
#572 = DIRECTION('',(1.,0.,0.));
#573 = AXIS2_PLACEMENT_3D('',#574,#575,#576);
#574 = CARTESIAN_POINT('',(-1.95,-5.2,-9.5E-02));
#575 = DIRECTION('',(0.,0.,1.));
#576 = DIRECTION('',(1.,0.,0.));
#577 = AXIS2_PLACEMENT_3D('',#578,#579,#580);
#578 = CARTESIAN_POINT('',(-1.95,-4.55,-9.5E-02));
#579 = DIRECTION('',(0.,0.,1.));
#580 = DIRECTION('',(1.,0.,0.));
#581 = AXIS2_PLACEMENT_3D('',#582,#583,#584);
#582 = CARTESIAN_POINT('',(-1.95,-3.9,-9.5E-02));
#583 = DIRECTION('',(0.,0.,1.));
#584 = DIRECTION('',(1.,0.,0.));
#585 = AXIS2_PLACEMENT_3D('',#586,#587,#588);
#586 = CARTESIAN_POINT('',(-1.95,-3.25,-9.5E-02));
#587 = DIRECTION('',(0.,0.,1.));
#588 = DIRECTION('',(1.,0.,0.));
#589 = AXIS2_PLACEMENT_3D('',#590,#591,#592);
#590 = CARTESIAN_POINT('',(-1.95,-2.6,-9.5E-02));
#591 = DIRECTION('',(0.,0.,1.));
#592 = DIRECTION('',(1.,0.,0.));
#593 = AXIS2_PLACEMENT_3D('',#594,#595,#596);
#594 = CARTESIAN_POINT('',(-1.95,-1.95,-9.5E-02));
#595 = DIRECTION('',(0.,0.,1.));
#596 = DIRECTION('',(1.,0.,0.));
#597 = AXIS2_PLACEMENT_3D('',#598,#599,#600);
#598 = CARTESIAN_POINT('',(-1.95,-1.3,-9.5E-02));
#599 = DIRECTION('',(0.,0.,1.));
#600 = DIRECTION('',(1.,0.,0.));
#601 = AXIS2_PLACEMENT_3D('',#602,#603,#604);
#602 = CARTESIAN_POINT('',(-1.95,-0.65,-9.5E-02));
#603 = DIRECTION('',(0.,0.,1.));
#604 = DIRECTION('',(1.,0.,0.));
#605 = AXIS2_PLACEMENT_3D('',#606,#607,#608);
#606 = CARTESIAN_POINT('',(-1.95,1.E-15,-9.5E-02));
#607 = DIRECTION('',(0.,0.,1.));
#608 = DIRECTION('',(1.,0.,0.));
#609 = AXIS2_PLACEMENT_3D('',#610,#611,#612);
#610 = CARTESIAN_POINT('',(-1.95,0.65,-9.5E-02));
#611 = DIRECTION('',(0.,0.,1.));
#612 = DIRECTION('',(1.,0.,0.));
#613 = AXIS2_PLACEMENT_3D('',#614,#615,#616);
#614 = CARTESIAN_POINT('',(-1.95,1.3,-9.5E-02));
#615 = DIRECTION('',(0.,0.,1.));
#616 = DIRECTION('',(1.,0.,0.));
#617 = AXIS2_PLACEMENT_3D('',#618,#619,#620);
#618 = CARTESIAN_POINT('',(-1.95,1.95,-9.5E-02));
#619 = DIRECTION('',(0.,0.,1.));
#620 = DIRECTION('',(1.,0.,0.));
#621 = AXIS2_PLACEMENT_3D('',#622,#623,#624);
#622 = CARTESIAN_POINT('',(-1.95,2.6,-9.5E-02));
#623 = DIRECTION('',(0.,0.,1.));
#624 = DIRECTION('',(1.,0.,0.));
#625 = AXIS2_PLACEMENT_3D('',#626,#627,#628);
#626 = CARTESIAN_POINT('',(-1.95,3.25,-9.5E-02));
#627 = DIRECTION('',(0.,0.,1.));
#628 = DIRECTION('',(1.,0.,0.));
#629 = AXIS2_PLACEMENT_3D('',#630,#631,#632);
#630 = CARTESIAN_POINT('',(-1.95,3.9,-9.5E-02));
#631 = DIRECTION('',(0.,0.,1.));
#632 = DIRECTION('',(1.,0.,0.));
#633 = AXIS2_PLACEMENT_3D('',#634,#635,#636);
#634 = CARTESIAN_POINT('',(-1.95,4.55,-9.5E-02));
#635 = DIRECTION('',(0.,0.,1.));
#636 = DIRECTION('',(1.,0.,0.));
#637 = AXIS2_PLACEMENT_3D('',#638,#639,#640);
#638 = CARTESIAN_POINT('',(-1.95,5.2,-9.5E-02));
#639 = DIRECTION('',(0.,0.,1.));
#640 = DIRECTION('',(1.,0.,0.));
#641 = AXIS2_PLACEMENT_3D('',#642,#643,#644);
#642 = CARTESIAN_POINT('',(-1.95,5.85,-9.5E-02));
#643 = DIRECTION('',(0.,0.,1.));
#644 = DIRECTION('',(1.,0.,0.));
#645 = AXIS2_PLACEMENT_3D('',#646,#647,#648);
#646 = CARTESIAN_POINT('',(-1.3,-5.85,-9.5E-02));
#647 = DIRECTION('',(0.,0.,1.));
#648 = DIRECTION('',(1.,0.,0.));
#649 = AXIS2_PLACEMENT_3D('',#650,#651,#652);
#650 = CARTESIAN_POINT('',(-1.3,-5.2,-9.5E-02));
#651 = DIRECTION('',(0.,0.,1.));
#652 = DIRECTION('',(1.,0.,0.));
#653 = AXIS2_PLACEMENT_3D('',#654,#655,#656);
#654 = CARTESIAN_POINT('',(-1.3,-4.55,-9.5E-02));
#655 = DIRECTION('',(0.,0.,1.));
#656 = DIRECTION('',(1.,0.,0.));
#657 = AXIS2_PLACEMENT_3D('',#658,#659,#660);
#658 = CARTESIAN_POINT('',(-1.3,-3.9,-9.5E-02));
#659 = DIRECTION('',(0.,0.,1.));
#660 = DIRECTION('',(1.,0.,0.));
#661 = AXIS2_PLACEMENT_3D('',#662,#663,#664);
#662 = CARTESIAN_POINT('',(-1.3,-3.25,-9.5E-02));
#663 = DIRECTION('',(0.,0.,1.));
#664 = DIRECTION('',(1.,0.,0.));
#665 = AXIS2_PLACEMENT_3D('',#666,#667,#668);
#666 = CARTESIAN_POINT('',(-1.3,-2.6,-9.5E-02));
#667 = DIRECTION('',(0.,0.,1.));
#668 = DIRECTION('',(1.,0.,0.));
#669 = AXIS2_PLACEMENT_3D('',#670,#671,#672);
#670 = CARTESIAN_POINT('',(-1.3,-1.95,-9.5E-02));
#671 = DIRECTION('',(0.,0.,1.));
#672 = DIRECTION('',(1.,0.,0.));
#673 = AXIS2_PLACEMENT_3D('',#674,#675,#676);
#674 = CARTESIAN_POINT('',(-1.3,-1.3,-9.5E-02));
#675 = DIRECTION('',(0.,0.,1.));
#676 = DIRECTION('',(1.,0.,0.));
#677 = AXIS2_PLACEMENT_3D('',#678,#679,#680);
#678 = CARTESIAN_POINT('',(-1.3,-0.65,-9.5E-02));
#679 = DIRECTION('',(0.,0.,1.));
#680 = DIRECTION('',(1.,0.,0.));
#681 = AXIS2_PLACEMENT_3D('',#682,#683,#684);
#682 = CARTESIAN_POINT('',(-1.3,1.E-15,-9.5E-02));
#683 = DIRECTION('',(0.,0.,1.));
#684 = DIRECTION('',(1.,0.,0.));
#685 = AXIS2_PLACEMENT_3D('',#686,#687,#688);
#686 = CARTESIAN_POINT('',(-1.3,0.65,-9.5E-02));
#687 = DIRECTION('',(0.,0.,1.));
#688 = DIRECTION('',(1.,0.,0.));
#689 = AXIS2_PLACEMENT_3D('',#690,#691,#692);
#690 = CARTESIAN_POINT('',(-1.3,1.3,-9.5E-02));
#691 = DIRECTION('',(0.,0.,1.));
#692 = DIRECTION('',(1.,0.,0.));
#693 = AXIS2_PLACEMENT_3D('',#694,#695,#696);
#694 = CARTESIAN_POINT('',(-1.3,1.95,-9.5E-02));
#695 = DIRECTION('',(0.,0.,1.));
#696 = DIRECTION('',(1.,0.,0.));
#697 = AXIS2_PLACEMENT_3D('',#698,#699,#700);
#698 = CARTESIAN_POINT('',(-1.3,2.6,-9.5E-02));
#699 = DIRECTION('',(0.,0.,1.));
#700 = DIRECTION('',(1.,0.,0.));
#701 = AXIS2_PLACEMENT_3D('',#702,#703,#704);
#702 = CARTESIAN_POINT('',(-1.3,3.25,-9.5E-02));
#703 = DIRECTION('',(0.,0.,1.));
#704 = DIRECTION('',(1.,0.,0.));
#705 = AXIS2_PLACEMENT_3D('',#706,#707,#708);
#706 = CARTESIAN_POINT('',(-1.3,3.9,-9.5E-02));
#707 = DIRECTION('',(0.,0.,1.));
#708 = DIRECTION('',(1.,0.,0.));
#709 = AXIS2_PLACEMENT_3D('',#710,#711,#712);
#710 = CARTESIAN_POINT('',(-1.3,4.55,-9.5E-02));
#711 = DIRECTION('',(0.,0.,1.));
#712 = DIRECTION('',(1.,0.,0.));
#713 = AXIS2_PLACEMENT_3D('',#714,#715,#716);
#714 = CARTESIAN_POINT('',(-1.3,5.2,-9.5E-02));
#715 = DIRECTION('',(0.,0.,1.));
#716 = DIRECTION('',(1.,0.,0.));
#717 = AXIS2_PLACEMENT_3D('',#718,#719,#720);
#718 = CARTESIAN_POINT('',(-1.3,5.85,-9.5E-02));
#719 = DIRECTION('',(0.,0.,1.));
#720 = DIRECTION('',(1.,0.,0.));
#721 = AXIS2_PLACEMENT_3D('',#722,#723,#724);
#722 = CARTESIAN_POINT('',(-0.65,-5.85,-9.5E-02));
#723 = DIRECTION('',(0.,0.,1.));
#724 = DIRECTION('',(1.,0.,0.));
#725 = AXIS2_PLACEMENT_3D('',#726,#727,#728);
#726 = CARTESIAN_POINT('',(-0.65,-5.2,-9.5E-02));
#727 = DIRECTION('',(0.,0.,1.));
#728 = DIRECTION('',(1.,0.,0.));
#729 = AXIS2_PLACEMENT_3D('',#730,#731,#732);
#730 = CARTESIAN_POINT('',(-0.65,-4.55,-9.5E-02));
#731 = DIRECTION('',(0.,0.,1.));
#732 = DIRECTION('',(1.,0.,0.));
#733 = AXIS2_PLACEMENT_3D('',#734,#735,#736);
#734 = CARTESIAN_POINT('',(-0.65,-3.9,-9.5E-02));
#735 = DIRECTION('',(0.,0.,1.));
#736 = DIRECTION('',(1.,0.,0.));
#737 = AXIS2_PLACEMENT_3D('',#738,#739,#740);
#738 = CARTESIAN_POINT('',(-0.65,-3.25,-9.5E-02));
#739 = DIRECTION('',(0.,0.,1.));
#740 = DIRECTION('',(1.,0.,0.));
#741 = AXIS2_PLACEMENT_3D('',#742,#743,#744);
#742 = CARTESIAN_POINT('',(-0.65,-2.6,-9.5E-02));
#743 = DIRECTION('',(0.,0.,1.));
#744 = DIRECTION('',(1.,0.,0.));
#745 = AXIS2_PLACEMENT_3D('',#746,#747,#748);
#746 = CARTESIAN_POINT('',(-0.65,-1.95,-9.5E-02));
#747 = DIRECTION('',(0.,0.,1.));
#748 = DIRECTION('',(1.,0.,0.));
#749 = AXIS2_PLACEMENT_3D('',#750,#751,#752);
#750 = CARTESIAN_POINT('',(-0.65,-1.3,-9.5E-02));
#751 = DIRECTION('',(0.,0.,1.));
#752 = DIRECTION('',(1.,0.,0.));
#753 = AXIS2_PLACEMENT_3D('',#754,#755,#756);
#754 = CARTESIAN_POINT('',(-0.65,-0.65,-9.5E-02));
#755 = DIRECTION('',(0.,0.,1.));
#756 = DIRECTION('',(1.,0.,0.));
#757 = AXIS2_PLACEMENT_3D('',#758,#759,#760);
#758 = CARTESIAN_POINT('',(-0.65,9.E-16,-9.5E-02));
#759 = DIRECTION('',(0.,0.,1.));
#760 = DIRECTION('',(1.,0.,0.));
#761 = AXIS2_PLACEMENT_3D('',#762,#763,#764);
#762 = CARTESIAN_POINT('',(-0.65,0.65,-9.5E-02));
#763 = DIRECTION('',(0.,0.,1.));
#764 = DIRECTION('',(1.,0.,0.));
#765 = AXIS2_PLACEMENT_3D('',#766,#767,#768);
#766 = CARTESIAN_POINT('',(-0.65,1.3,-9.5E-02));
#767 = DIRECTION('',(0.,0.,1.));
#768 = DIRECTION('',(1.,0.,0.));
#769 = AXIS2_PLACEMENT_3D('',#770,#771,#772);
#770 = CARTESIAN_POINT('',(-0.65,1.95,-9.5E-02));
#771 = DIRECTION('',(0.,0.,1.));
#772 = DIRECTION('',(1.,0.,0.));
#773 = AXIS2_PLACEMENT_3D('',#774,#775,#776);
#774 = CARTESIAN_POINT('',(-0.65,2.6,-9.5E-02));
#775 = DIRECTION('',(0.,0.,1.));
#776 = DIRECTION('',(1.,0.,0.));
#777 = AXIS2_PLACEMENT_3D('',#778,#779,#780);
#778 = CARTESIAN_POINT('',(-0.65,3.25,-9.5E-02));
#779 = DIRECTION('',(0.,0.,1.));
#780 = DIRECTION('',(1.,0.,0.));
#781 = AXIS2_PLACEMENT_3D('',#782,#783,#784);
#782 = CARTESIAN_POINT('',(-0.65,3.9,-9.5E-02));
#783 = DIRECTION('',(0.,0.,1.));
#784 = DIRECTION('',(1.,0.,0.));
#785 = AXIS2_PLACEMENT_3D('',#786,#787,#788);
#786 = CARTESIAN_POINT('',(-0.65,4.55,-9.5E-02));
#787 = DIRECTION('',(0.,0.,1.));
#788 = DIRECTION('',(1.,0.,0.));
#789 = AXIS2_PLACEMENT_3D('',#790,#791,#792);
#790 = CARTESIAN_POINT('',(-0.65,5.2,-9.5E-02));
#791 = DIRECTION('',(0.,0.,1.));
#792 = DIRECTION('',(1.,0.,0.));
#793 = AXIS2_PLACEMENT_3D('',#794,#795,#796);
#794 = CARTESIAN_POINT('',(-0.65,5.85,-9.5E-02));
#795 = DIRECTION('',(0.,0.,1.));
#796 = DIRECTION('',(1.,0.,0.));
#797 = AXIS2_PLACEMENT_3D('',#798,#799,#800);
#798 = CARTESIAN_POINT('',(1.E-15,-5.85,-9.5E-02));
#799 = DIRECTION('',(0.,0.,1.));
#800 = DIRECTION('',(1.,0.,0.));
#801 = AXIS2_PLACEMENT_3D('',#802,#803,#804);
#802 = CARTESIAN_POINT('',(1.E-15,-5.2,-9.5E-02));
#803 = DIRECTION('',(0.,0.,1.));
#804 = DIRECTION('',(1.,0.,0.));
#805 = AXIS2_PLACEMENT_3D('',#806,#807,#808);
#806 = CARTESIAN_POINT('',(1.E-15,-4.55,-9.5E-02));
#807 = DIRECTION('',(0.,0.,1.));
#808 = DIRECTION('',(1.,0.,0.));
#809 = AXIS2_PLACEMENT_3D('',#810,#811,#812);
#810 = CARTESIAN_POINT('',(9.E-16,-3.9,-9.5E-02));
#811 = DIRECTION('',(0.,0.,1.));
#812 = DIRECTION('',(1.,0.,0.));
#813 = AXIS2_PLACEMENT_3D('',#814,#815,#816);
#814 = CARTESIAN_POINT('',(9.E-16,-3.25,-9.5E-02));
#815 = DIRECTION('',(0.,0.,1.));
#816 = DIRECTION('',(1.,0.,0.));
#817 = AXIS2_PLACEMENT_3D('',#818,#819,#820);
#818 = CARTESIAN_POINT('',(9.E-16,-2.6,-9.5E-02));
#819 = DIRECTION('',(0.,0.,1.));
#820 = DIRECTION('',(1.,0.,0.));
#821 = AXIS2_PLACEMENT_3D('',#822,#823,#824);
#822 = CARTESIAN_POINT('',(1.E-15,-1.95,-9.5E-02));
#823 = DIRECTION('',(0.,0.,1.));
#824 = DIRECTION('',(1.,0.,0.));
#825 = AXIS2_PLACEMENT_3D('',#826,#827,#828);
#826 = CARTESIAN_POINT('',(1.E-15,-1.3,-9.5E-02));
#827 = DIRECTION('',(0.,0.,1.));
#828 = DIRECTION('',(1.,0.,0.));
#829 = AXIS2_PLACEMENT_3D('',#830,#831,#832);
#830 = CARTESIAN_POINT('',(9.E-16,-0.65,-9.5E-02));
#831 = DIRECTION('',(0.,0.,1.));
#832 = DIRECTION('',(1.,0.,0.));
#833 = AXIS2_PLACEMENT_3D('',#834,#835,#836);
#834 = CARTESIAN_POINT('',(1.E-15,1.E-15,-9.5E-02));
#835 = DIRECTION('',(0.,0.,1.));
#836 = DIRECTION('',(1.,0.,0.));
#837 = AXIS2_PLACEMENT_3D('',#838,#839,#840);
#838 = CARTESIAN_POINT('',(9.E-16,0.65,-9.5E-02));
#839 = DIRECTION('',(0.,0.,1.));
#840 = DIRECTION('',(1.,0.,0.));
#841 = AXIS2_PLACEMENT_3D('',#842,#843,#844);
#842 = CARTESIAN_POINT('',(1.E-15,1.3,-9.5E-02));
#843 = DIRECTION('',(0.,0.,1.));
#844 = DIRECTION('',(1.,0.,0.));
#845 = AXIS2_PLACEMENT_3D('',#846,#847,#848);
#846 = CARTESIAN_POINT('',(1.E-15,1.95,-9.5E-02));
#847 = DIRECTION('',(0.,0.,1.));
#848 = DIRECTION('',(1.,0.,0.));
#849 = AXIS2_PLACEMENT_3D('',#850,#851,#852);
#850 = CARTESIAN_POINT('',(9.E-16,2.6,-9.5E-02));
#851 = DIRECTION('',(0.,0.,1.));
#852 = DIRECTION('',(1.,0.,0.));
#853 = AXIS2_PLACEMENT_3D('',#854,#855,#856);
#854 = CARTESIAN_POINT('',(1.E-15,3.25,-9.5E-02));
#855 = DIRECTION('',(0.,0.,1.));
#856 = DIRECTION('',(1.,0.,0.));
#857 = AXIS2_PLACEMENT_3D('',#858,#859,#860);
#858 = CARTESIAN_POINT('',(9.E-16,3.9,-9.5E-02));
#859 = DIRECTION('',(0.,0.,1.));
#860 = DIRECTION('',(1.,0.,0.));
#861 = AXIS2_PLACEMENT_3D('',#862,#863,#864);
#862 = CARTESIAN_POINT('',(1.E-15,4.55,-9.5E-02));
#863 = DIRECTION('',(0.,0.,1.));
#864 = DIRECTION('',(1.,0.,0.));
#865 = AXIS2_PLACEMENT_3D('',#866,#867,#868);
#866 = CARTESIAN_POINT('',(1.E-15,5.2,-9.5E-02));
#867 = DIRECTION('',(0.,0.,1.));
#868 = DIRECTION('',(1.,0.,0.));
#869 = AXIS2_PLACEMENT_3D('',#870,#871,#872);
#870 = CARTESIAN_POINT('',(1.E-15,5.85,-9.5E-02));
#871 = DIRECTION('',(0.,0.,1.));
#872 = DIRECTION('',(1.,0.,0.));
#873 = AXIS2_PLACEMENT_3D('',#874,#875,#876);
#874 = CARTESIAN_POINT('',(0.65,-5.85,-9.5E-02));
#875 = DIRECTION('',(0.,0.,1.));
#876 = DIRECTION('',(1.,0.,0.));
#877 = AXIS2_PLACEMENT_3D('',#878,#879,#880);
#878 = CARTESIAN_POINT('',(0.65,-5.2,-9.5E-02));
#879 = DIRECTION('',(0.,0.,1.));
#880 = DIRECTION('',(1.,0.,0.));
#881 = AXIS2_PLACEMENT_3D('',#882,#883,#884);
#882 = CARTESIAN_POINT('',(0.65,-4.55,-9.5E-02));
#883 = DIRECTION('',(0.,0.,1.));
#884 = DIRECTION('',(1.,0.,0.));
#885 = AXIS2_PLACEMENT_3D('',#886,#887,#888);
#886 = CARTESIAN_POINT('',(0.65,-3.9,-9.5E-02));
#887 = DIRECTION('',(0.,0.,1.));
#888 = DIRECTION('',(1.,0.,0.));
#889 = AXIS2_PLACEMENT_3D('',#890,#891,#892);
#890 = CARTESIAN_POINT('',(0.65,-3.25,-9.5E-02));
#891 = DIRECTION('',(0.,0.,1.));
#892 = DIRECTION('',(1.,0.,0.));
#893 = AXIS2_PLACEMENT_3D('',#894,#895,#896);
#894 = CARTESIAN_POINT('',(0.65,-2.6,-9.5E-02));
#895 = DIRECTION('',(0.,0.,1.));
#896 = DIRECTION('',(1.,0.,0.));
#897 = AXIS2_PLACEMENT_3D('',#898,#899,#900);
#898 = CARTESIAN_POINT('',(0.65,-1.95,-9.5E-02));
#899 = DIRECTION('',(0.,0.,1.));
#900 = DIRECTION('',(1.,0.,0.));
#901 = AXIS2_PLACEMENT_3D('',#902,#903,#904);
#902 = CARTESIAN_POINT('',(0.65,-1.3,-9.5E-02));
#903 = DIRECTION('',(0.,0.,1.));
#904 = DIRECTION('',(1.,0.,0.));
#905 = AXIS2_PLACEMENT_3D('',#906,#907,#908);
#906 = CARTESIAN_POINT('',(0.65,-0.65,-9.5E-02));
#907 = DIRECTION('',(0.,0.,1.));
#908 = DIRECTION('',(1.,0.,0.));
#909 = AXIS2_PLACEMENT_3D('',#910,#911,#912);
#910 = CARTESIAN_POINT('',(0.65,9.E-16,-9.5E-02));
#911 = DIRECTION('',(0.,0.,1.));
#912 = DIRECTION('',(1.,0.,0.));
#913 = AXIS2_PLACEMENT_3D('',#914,#915,#916);
#914 = CARTESIAN_POINT('',(0.65,0.65,-9.5E-02));
#915 = DIRECTION('',(0.,0.,1.));
#916 = DIRECTION('',(1.,0.,0.));
#917 = AXIS2_PLACEMENT_3D('',#918,#919,#920);
#918 = CARTESIAN_POINT('',(0.65,1.3,-9.5E-02));
#919 = DIRECTION('',(0.,0.,1.));
#920 = DIRECTION('',(1.,0.,0.));
#921 = AXIS2_PLACEMENT_3D('',#922,#923,#924);
#922 = CARTESIAN_POINT('',(0.65,1.95,-9.5E-02));
#923 = DIRECTION('',(0.,0.,1.));
#924 = DIRECTION('',(1.,0.,0.));
#925 = AXIS2_PLACEMENT_3D('',#926,#927,#928);
#926 = CARTESIAN_POINT('',(0.65,2.6,-9.5E-02));
#927 = DIRECTION('',(0.,0.,1.));
#928 = DIRECTION('',(1.,0.,0.));
#929 = AXIS2_PLACEMENT_3D('',#930,#931,#932);
#930 = CARTESIAN_POINT('',(0.65,3.25,-9.5E-02));
#931 = DIRECTION('',(0.,0.,1.));
#932 = DIRECTION('',(1.,0.,0.));
#933 = AXIS2_PLACEMENT_3D('',#934,#935,#936);
#934 = CARTESIAN_POINT('',(0.65,3.9,-9.5E-02));
#935 = DIRECTION('',(0.,0.,1.));
#936 = DIRECTION('',(1.,0.,0.));
#937 = AXIS2_PLACEMENT_3D('',#938,#939,#940);
#938 = CARTESIAN_POINT('',(0.65,4.55,-9.5E-02));
#939 = DIRECTION('',(0.,0.,1.));
#940 = DIRECTION('',(1.,0.,0.));
#941 = AXIS2_PLACEMENT_3D('',#942,#943,#944);
#942 = CARTESIAN_POINT('',(0.65,5.2,-9.5E-02));
#943 = DIRECTION('',(0.,0.,1.));
#944 = DIRECTION('',(1.,0.,0.));
#945 = AXIS2_PLACEMENT_3D('',#946,#947,#948);
#946 = CARTESIAN_POINT('',(0.65,5.85,-9.5E-02));
#947 = DIRECTION('',(0.,0.,1.));
#948 = DIRECTION('',(1.,0.,0.));
#949 = AXIS2_PLACEMENT_3D('',#950,#951,#952);
#950 = CARTESIAN_POINT('',(1.3,-5.85,-9.5E-02));
#951 = DIRECTION('',(0.,0.,1.));
#952 = DIRECTION('',(1.,0.,0.));
#953 = AXIS2_PLACEMENT_3D('',#954,#955,#956);
#954 = CARTESIAN_POINT('',(1.3,-5.2,-9.5E-02));
#955 = DIRECTION('',(0.,0.,1.));
#956 = DIRECTION('',(1.,0.,0.));
#957 = AXIS2_PLACEMENT_3D('',#958,#959,#960);
#958 = CARTESIAN_POINT('',(1.3,-4.55,-9.5E-02));
#959 = DIRECTION('',(0.,0.,1.));
#960 = DIRECTION('',(1.,0.,0.));
#961 = AXIS2_PLACEMENT_3D('',#962,#963,#964);
#962 = CARTESIAN_POINT('',(1.3,-3.9,-9.5E-02));
#963 = DIRECTION('',(0.,0.,1.));
#964 = DIRECTION('',(1.,0.,0.));
#965 = AXIS2_PLACEMENT_3D('',#966,#967,#968);
#966 = CARTESIAN_POINT('',(1.3,-3.25,-9.5E-02));
#967 = DIRECTION('',(0.,0.,1.));
#968 = DIRECTION('',(1.,0.,0.));
#969 = AXIS2_PLACEMENT_3D('',#970,#971,#972);
#970 = CARTESIAN_POINT('',(1.3,-2.6,-9.5E-02));
#971 = DIRECTION('',(0.,0.,1.));
#972 = DIRECTION('',(1.,0.,0.));
#973 = AXIS2_PLACEMENT_3D('',#974,#975,#976);
#974 = CARTESIAN_POINT('',(1.3,-1.95,-9.5E-02));
#975 = DIRECTION('',(0.,0.,1.));
#976 = DIRECTION('',(1.,0.,0.));
#977 = AXIS2_PLACEMENT_3D('',#978,#979,#980);
#978 = CARTESIAN_POINT('',(1.3,-1.3,-9.5E-02));
#979 = DIRECTION('',(0.,0.,1.));
#980 = DIRECTION('',(1.,0.,0.));
#981 = AXIS2_PLACEMENT_3D('',#982,#983,#984);
#982 = CARTESIAN_POINT('',(1.3,-0.65,-9.5E-02));
#983 = DIRECTION('',(0.,0.,1.));
#984 = DIRECTION('',(1.,0.,0.));
#985 = AXIS2_PLACEMENT_3D('',#986,#987,#988);
#986 = CARTESIAN_POINT('',(1.3,1.E-15,-9.5E-02));
#987 = DIRECTION('',(0.,0.,1.));
#988 = DIRECTION('',(1.,0.,0.));
#989 = AXIS2_PLACEMENT_3D('',#990,#991,#992);
#990 = CARTESIAN_POINT('',(1.3,0.65,-9.5E-02));
#991 = DIRECTION('',(0.,0.,1.));
#992 = DIRECTION('',(1.,0.,0.));
#993 = AXIS2_PLACEMENT_3D('',#994,#995,#996);
#994 = CARTESIAN_POINT('',(1.3,1.3,-9.5E-02));
#995 = DIRECTION('',(0.,0.,1.));
#996 = DIRECTION('',(1.,0.,0.));
#997 = AXIS2_PLACEMENT_3D('',#998,#999,#1000);
#998 = CARTESIAN_POINT('',(1.3,1.95,-9.5E-02));
#999 = DIRECTION('',(0.,0.,1.));
#1000 = DIRECTION('',(1.,0.,0.));
#1001 = AXIS2_PLACEMENT_3D('',#1002,#1003,#1004);
#1002 = CARTESIAN_POINT('',(1.3,2.6,-9.5E-02));
#1003 = DIRECTION('',(0.,0.,1.));
#1004 = DIRECTION('',(1.,0.,0.));
#1005 = AXIS2_PLACEMENT_3D('',#1006,#1007,#1008);
#1006 = CARTESIAN_POINT('',(1.3,3.25,-9.5E-02));
#1007 = DIRECTION('',(0.,0.,1.));
#1008 = DIRECTION('',(1.,0.,0.));
#1009 = AXIS2_PLACEMENT_3D('',#1010,#1011,#1012);
#1010 = CARTESIAN_POINT('',(1.3,3.9,-9.5E-02));
#1011 = DIRECTION('',(0.,0.,1.));
#1012 = DIRECTION('',(1.,0.,0.));
#1013 = AXIS2_PLACEMENT_3D('',#1014,#1015,#1016);
#1014 = CARTESIAN_POINT('',(1.3,4.55,-9.5E-02));
#1015 = DIRECTION('',(0.,0.,1.));
#1016 = DIRECTION('',(1.,0.,0.));
#1017 = AXIS2_PLACEMENT_3D('',#1018,#1019,#1020);
#1018 = CARTESIAN_POINT('',(1.3,5.2,-9.5E-02));
#1019 = DIRECTION('',(0.,0.,1.));
#1020 = DIRECTION('',(1.,0.,0.));
#1021 = AXIS2_PLACEMENT_3D('',#1022,#1023,#1024);
#1022 = CARTESIAN_POINT('',(1.3,5.85,-9.5E-02));
#1023 = DIRECTION('',(0.,0.,1.));
#1024 = DIRECTION('',(1.,0.,0.));
#1025 = AXIS2_PLACEMENT_3D('',#1026,#1027,#1028);
#1026 = CARTESIAN_POINT('',(1.95,-5.85,-9.5E-02));
#1027 = DIRECTION('',(0.,0.,1.));
#1028 = DIRECTION('',(1.,0.,0.));
#1029 = AXIS2_PLACEMENT_3D('',#1030,#1031,#1032);
#1030 = CARTESIAN_POINT('',(1.95,-5.2,-9.5E-02));
#1031 = DIRECTION('',(0.,0.,1.));
#1032 = DIRECTION('',(1.,0.,0.));
#1033 = AXIS2_PLACEMENT_3D('',#1034,#1035,#1036);
#1034 = CARTESIAN_POINT('',(1.95,-4.55,-9.5E-02));
#1035 = DIRECTION('',(0.,0.,1.));
#1036 = DIRECTION('',(1.,0.,0.));
#1037 = AXIS2_PLACEMENT_3D('',#1038,#1039,#1040);
#1038 = CARTESIAN_POINT('',(1.95,-3.9,-9.5E-02));
#1039 = DIRECTION('',(0.,0.,1.));
#1040 = DIRECTION('',(1.,0.,0.));
#1041 = AXIS2_PLACEMENT_3D('',#1042,#1043,#1044);
#1042 = CARTESIAN_POINT('',(1.95,-3.25,-9.5E-02));
#1043 = DIRECTION('',(0.,0.,1.));
#1044 = DIRECTION('',(1.,0.,0.));
#1045 = AXIS2_PLACEMENT_3D('',#1046,#1047,#1048);
#1046 = CARTESIAN_POINT('',(1.95,-2.6,-9.5E-02));
#1047 = DIRECTION('',(0.,0.,1.));
#1048 = DIRECTION('',(1.,0.,0.));
#1049 = AXIS2_PLACEMENT_3D('',#1050,#1051,#1052);
#1050 = CARTESIAN_POINT('',(1.95,-1.95,-9.5E-02));
#1051 = DIRECTION('',(0.,0.,1.));
#1052 = DIRECTION('',(1.,0.,0.));
#1053 = AXIS2_PLACEMENT_3D('',#1054,#1055,#1056);
#1054 = CARTESIAN_POINT('',(1.95,-1.3,-9.5E-02));
#1055 = DIRECTION('',(0.,0.,1.));
#1056 = DIRECTION('',(1.,0.,0.));
#1057 = AXIS2_PLACEMENT_3D('',#1058,#1059,#1060);
#1058 = CARTESIAN_POINT('',(1.95,-0.65,-9.5E-02));
#1059 = DIRECTION('',(0.,0.,1.));
#1060 = DIRECTION('',(1.,0.,0.));
#1061 = AXIS2_PLACEMENT_3D('',#1062,#1063,#1064);
#1062 = CARTESIAN_POINT('',(1.95,1.E-15,-9.5E-02));
#1063 = DIRECTION('',(0.,0.,1.));
#1064 = DIRECTION('',(1.,0.,0.));
#1065 = AXIS2_PLACEMENT_3D('',#1066,#1067,#1068);
#1066 = CARTESIAN_POINT('',(1.95,0.65,-9.5E-02));
#1067 = DIRECTION('',(0.,0.,1.));
#1068 = DIRECTION('',(1.,0.,0.));
#1069 = AXIS2_PLACEMENT_3D('',#1070,#1071,#1072);
#1070 = CARTESIAN_POINT('',(1.95,1.3,-9.5E-02));
#1071 = DIRECTION('',(0.,0.,1.));
#1072 = DIRECTION('',(1.,0.,0.));
#1073 = AXIS2_PLACEMENT_3D('',#1074,#1075,#1076);
#1074 = CARTESIAN_POINT('',(1.95,1.95,-9.5E-02));
#1075 = DIRECTION('',(0.,0.,1.));
#1076 = DIRECTION('',(1.,0.,0.));
#1077 = AXIS2_PLACEMENT_3D('',#1078,#1079,#1080);
#1078 = CARTESIAN_POINT('',(1.95,2.6,-9.5E-02));
#1079 = DIRECTION('',(0.,0.,1.));
#1080 = DIRECTION('',(1.,0.,0.));
#1081 = AXIS2_PLACEMENT_3D('',#1082,#1083,#1084);
#1082 = CARTESIAN_POINT('',(1.95,3.25,-9.5E-02));
#1083 = DIRECTION('',(0.,0.,1.));
#1084 = DIRECTION('',(1.,0.,0.));
#1085 = AXIS2_PLACEMENT_3D('',#1086,#1087,#1088);
#1086 = CARTESIAN_POINT('',(1.95,3.9,-9.5E-02));
#1087 = DIRECTION('',(0.,0.,1.));
#1088 = DIRECTION('',(1.,0.,0.));
#1089 = AXIS2_PLACEMENT_3D('',#1090,#1091,#1092);
#1090 = CARTESIAN_POINT('',(1.95,4.55,-9.5E-02));
#1091 = DIRECTION('',(0.,0.,1.));
#1092 = DIRECTION('',(1.,0.,0.));
#1093 = AXIS2_PLACEMENT_3D('',#1094,#1095,#1096);
#1094 = CARTESIAN_POINT('',(1.95,5.2,-9.5E-02));
#1095 = DIRECTION('',(0.,0.,1.));
#1096 = DIRECTION('',(1.,0.,0.));
#1097 = AXIS2_PLACEMENT_3D('',#1098,#1099,#1100);
#1098 = CARTESIAN_POINT('',(1.95,5.85,-9.5E-02));
#1099 = DIRECTION('',(0.,0.,1.));
#1100 = DIRECTION('',(1.,0.,0.));
#1101 = AXIS2_PLACEMENT_3D('',#1102,#1103,#1104);
#1102 = CARTESIAN_POINT('',(2.6,-5.85,-9.5E-02));
#1103 = DIRECTION('',(0.,0.,1.));
#1104 = DIRECTION('',(1.,0.,0.));
#1105 = AXIS2_PLACEMENT_3D('',#1106,#1107,#1108);
#1106 = CARTESIAN_POINT('',(2.6,-5.2,-9.5E-02));
#1107 = DIRECTION('',(0.,0.,1.));
#1108 = DIRECTION('',(1.,0.,0.));
#1109 = AXIS2_PLACEMENT_3D('',#1110,#1111,#1112);
#1110 = CARTESIAN_POINT('',(2.6,-4.55,-9.5E-02));
#1111 = DIRECTION('',(0.,0.,1.));
#1112 = DIRECTION('',(1.,0.,0.));
#1113 = AXIS2_PLACEMENT_3D('',#1114,#1115,#1116);
#1114 = CARTESIAN_POINT('',(2.6,-3.9,-9.5E-02));
#1115 = DIRECTION('',(0.,0.,1.));
#1116 = DIRECTION('',(1.,0.,0.));
#1117 = AXIS2_PLACEMENT_3D('',#1118,#1119,#1120);
#1118 = CARTESIAN_POINT('',(2.6,-3.25,-9.5E-02));
#1119 = DIRECTION('',(0.,0.,1.));
#1120 = DIRECTION('',(1.,0.,0.));
#1121 = AXIS2_PLACEMENT_3D('',#1122,#1123,#1124);
#1122 = CARTESIAN_POINT('',(2.6,-2.6,-9.5E-02));
#1123 = DIRECTION('',(0.,0.,1.));
#1124 = DIRECTION('',(1.,0.,0.));
#1125 = AXIS2_PLACEMENT_3D('',#1126,#1127,#1128);
#1126 = CARTESIAN_POINT('',(2.6,-1.95,-9.5E-02));
#1127 = DIRECTION('',(0.,0.,1.));
#1128 = DIRECTION('',(1.,0.,0.));
#1129 = AXIS2_PLACEMENT_3D('',#1130,#1131,#1132);
#1130 = CARTESIAN_POINT('',(2.6,-1.3,-9.5E-02));
#1131 = DIRECTION('',(0.,0.,1.));
#1132 = DIRECTION('',(1.,0.,0.));
#1133 = AXIS2_PLACEMENT_3D('',#1134,#1135,#1136);
#1134 = CARTESIAN_POINT('',(2.6,-0.65,-9.5E-02));
#1135 = DIRECTION('',(0.,0.,1.));
#1136 = DIRECTION('',(1.,0.,0.));
#1137 = AXIS2_PLACEMENT_3D('',#1138,#1139,#1140);
#1138 = CARTESIAN_POINT('',(2.6,9.E-16,-9.5E-02));
#1139 = DIRECTION('',(0.,0.,1.));
#1140 = DIRECTION('',(1.,0.,0.));
#1141 = AXIS2_PLACEMENT_3D('',#1142,#1143,#1144);
#1142 = CARTESIAN_POINT('',(2.6,0.65,-9.5E-02));
#1143 = DIRECTION('',(0.,0.,1.));
#1144 = DIRECTION('',(1.,0.,0.));
#1145 = AXIS2_PLACEMENT_3D('',#1146,#1147,#1148);
#1146 = CARTESIAN_POINT('',(2.6,1.3,-9.5E-02));
#1147 = DIRECTION('',(0.,0.,1.));
#1148 = DIRECTION('',(1.,0.,0.));
#1149 = AXIS2_PLACEMENT_3D('',#1150,#1151,#1152);
#1150 = CARTESIAN_POINT('',(2.6,1.95,-9.5E-02));
#1151 = DIRECTION('',(0.,0.,1.));
#1152 = DIRECTION('',(1.,0.,0.));
#1153 = AXIS2_PLACEMENT_3D('',#1154,#1155,#1156);
#1154 = CARTESIAN_POINT('',(2.6,2.6,-9.5E-02));
#1155 = DIRECTION('',(0.,0.,1.));
#1156 = DIRECTION('',(1.,0.,0.));
#1157 = AXIS2_PLACEMENT_3D('',#1158,#1159,#1160);
#1158 = CARTESIAN_POINT('',(2.6,3.25,-9.5E-02));
#1159 = DIRECTION('',(0.,0.,1.));
#1160 = DIRECTION('',(1.,0.,0.));
#1161 = AXIS2_PLACEMENT_3D('',#1162,#1163,#1164);
#1162 = CARTESIAN_POINT('',(2.6,3.9,-9.5E-02));
#1163 = DIRECTION('',(0.,0.,1.));
#1164 = DIRECTION('',(1.,0.,0.));
#1165 = AXIS2_PLACEMENT_3D('',#1166,#1167,#1168);
#1166 = CARTESIAN_POINT('',(2.6,4.55,-9.5E-02));
#1167 = DIRECTION('',(0.,0.,1.));
#1168 = DIRECTION('',(1.,0.,0.));
#1169 = AXIS2_PLACEMENT_3D('',#1170,#1171,#1172);
#1170 = CARTESIAN_POINT('',(2.6,5.2,-9.5E-02));
#1171 = DIRECTION('',(0.,0.,1.));
#1172 = DIRECTION('',(1.,0.,0.));
#1173 = AXIS2_PLACEMENT_3D('',#1174,#1175,#1176);
#1174 = CARTESIAN_POINT('',(2.6,5.85,-9.5E-02));
#1175 = DIRECTION('',(0.,0.,1.));
#1176 = DIRECTION('',(1.,0.,0.));
#1177 = AXIS2_PLACEMENT_3D('',#1178,#1179,#1180);
#1178 = CARTESIAN_POINT('',(3.25,-5.85,-9.5E-02));
#1179 = DIRECTION('',(0.,0.,1.));
#1180 = DIRECTION('',(1.,0.,0.));
#1181 = AXIS2_PLACEMENT_3D('',#1182,#1183,#1184);
#1182 = CARTESIAN_POINT('',(3.25,-5.2,-9.5E-02));
#1183 = DIRECTION('',(0.,0.,1.));
#1184 = DIRECTION('',(1.,0.,0.));
#1185 = AXIS2_PLACEMENT_3D('',#1186,#1187,#1188);
#1186 = CARTESIAN_POINT('',(3.25,-4.55,-9.5E-02));
#1187 = DIRECTION('',(0.,0.,1.));
#1188 = DIRECTION('',(1.,0.,0.));
#1189 = AXIS2_PLACEMENT_3D('',#1190,#1191,#1192);
#1190 = CARTESIAN_POINT('',(3.25,-3.9,-9.5E-02));
#1191 = DIRECTION('',(0.,0.,1.));
#1192 = DIRECTION('',(1.,0.,0.));
#1193 = AXIS2_PLACEMENT_3D('',#1194,#1195,#1196);
#1194 = CARTESIAN_POINT('',(3.25,-3.25,-9.5E-02));
#1195 = DIRECTION('',(0.,0.,1.));
#1196 = DIRECTION('',(1.,0.,0.));
#1197 = AXIS2_PLACEMENT_3D('',#1198,#1199,#1200);
#1198 = CARTESIAN_POINT('',(3.25,-2.6,-9.5E-02));
#1199 = DIRECTION('',(0.,0.,1.));
#1200 = DIRECTION('',(1.,0.,0.));
#1201 = AXIS2_PLACEMENT_3D('',#1202,#1203,#1204);
#1202 = CARTESIAN_POINT('',(3.25,-1.95,-9.5E-02));
#1203 = DIRECTION('',(0.,0.,1.));
#1204 = DIRECTION('',(1.,0.,0.));
#1205 = AXIS2_PLACEMENT_3D('',#1206,#1207,#1208);
#1206 = CARTESIAN_POINT('',(3.25,-1.3,-9.5E-02));
#1207 = DIRECTION('',(0.,0.,1.));
#1208 = DIRECTION('',(1.,0.,0.));
#1209 = AXIS2_PLACEMENT_3D('',#1210,#1211,#1212);
#1210 = CARTESIAN_POINT('',(3.25,-0.65,-9.5E-02));
#1211 = DIRECTION('',(0.,0.,1.));
#1212 = DIRECTION('',(1.,0.,0.));
#1213 = AXIS2_PLACEMENT_3D('',#1214,#1215,#1216);
#1214 = CARTESIAN_POINT('',(3.25,1.E-15,-9.5E-02));
#1215 = DIRECTION('',(0.,0.,1.));
#1216 = DIRECTION('',(1.,0.,0.));
#1217 = AXIS2_PLACEMENT_3D('',#1218,#1219,#1220);
#1218 = CARTESIAN_POINT('',(3.25,0.65,-9.5E-02));
#1219 = DIRECTION('',(0.,0.,1.));
#1220 = DIRECTION('',(1.,0.,0.));
#1221 = AXIS2_PLACEMENT_3D('',#1222,#1223,#1224);
#1222 = CARTESIAN_POINT('',(3.25,1.3,-9.5E-02));
#1223 = DIRECTION('',(0.,0.,1.));
#1224 = DIRECTION('',(1.,0.,0.));
#1225 = AXIS2_PLACEMENT_3D('',#1226,#1227,#1228);
#1226 = CARTESIAN_POINT('',(3.25,1.95,-9.5E-02));
#1227 = DIRECTION('',(0.,0.,1.));
#1228 = DIRECTION('',(1.,0.,0.));
#1229 = AXIS2_PLACEMENT_3D('',#1230,#1231,#1232);
#1230 = CARTESIAN_POINT('',(3.25,2.6,-9.5E-02));
#1231 = DIRECTION('',(0.,0.,1.));
#1232 = DIRECTION('',(1.,0.,0.));
#1233 = AXIS2_PLACEMENT_3D('',#1234,#1235,#1236);
#1234 = CARTESIAN_POINT('',(3.25,3.25,-9.5E-02));
#1235 = DIRECTION('',(0.,0.,1.));
#1236 = DIRECTION('',(1.,0.,0.));
#1237 = AXIS2_PLACEMENT_3D('',#1238,#1239,#1240);
#1238 = CARTESIAN_POINT('',(3.25,3.9,-9.5E-02));
#1239 = DIRECTION('',(0.,0.,1.));
#1240 = DIRECTION('',(1.,0.,0.));
#1241 = AXIS2_PLACEMENT_3D('',#1242,#1243,#1244);
#1242 = CARTESIAN_POINT('',(3.25,4.55,-9.5E-02));
#1243 = DIRECTION('',(0.,0.,1.));
#1244 = DIRECTION('',(1.,0.,0.));
#1245 = AXIS2_PLACEMENT_3D('',#1246,#1247,#1248);
#1246 = CARTESIAN_POINT('',(3.25,5.2,-9.5E-02));
#1247 = DIRECTION('',(0.,0.,1.));
#1248 = DIRECTION('',(1.,0.,0.));
#1249 = AXIS2_PLACEMENT_3D('',#1250,#1251,#1252);
#1250 = CARTESIAN_POINT('',(3.25,5.85,-9.5E-02));
#1251 = DIRECTION('',(0.,0.,1.));
#1252 = DIRECTION('',(1.,0.,0.));
#1253 = AXIS2_PLACEMENT_3D('',#1254,#1255,#1256);
#1254 = CARTESIAN_POINT('',(3.9,-5.85,-9.5E-02));
#1255 = DIRECTION('',(0.,0.,1.));
#1256 = DIRECTION('',(1.,0.,0.));
#1257 = AXIS2_PLACEMENT_3D('',#1258,#1259,#1260);
#1258 = CARTESIAN_POINT('',(3.9,-5.2,-9.5E-02));
#1259 = DIRECTION('',(0.,0.,1.));
#1260 = DIRECTION('',(1.,0.,0.));
#1261 = AXIS2_PLACEMENT_3D('',#1262,#1263,#1264);
#1262 = CARTESIAN_POINT('',(3.9,-4.55,-9.5E-02));
#1263 = DIRECTION('',(0.,0.,1.));
#1264 = DIRECTION('',(1.,0.,0.));
#1265 = AXIS2_PLACEMENT_3D('',#1266,#1267,#1268);
#1266 = CARTESIAN_POINT('',(3.9,-3.9,-9.5E-02));
#1267 = DIRECTION('',(0.,0.,1.));
#1268 = DIRECTION('',(1.,0.,0.));
#1269 = AXIS2_PLACEMENT_3D('',#1270,#1271,#1272);
#1270 = CARTESIAN_POINT('',(3.9,-3.25,-9.5E-02));
#1271 = DIRECTION('',(0.,0.,1.));
#1272 = DIRECTION('',(1.,0.,0.));
#1273 = AXIS2_PLACEMENT_3D('',#1274,#1275,#1276);
#1274 = CARTESIAN_POINT('',(3.9,-2.6,-9.5E-02));
#1275 = DIRECTION('',(0.,0.,1.));
#1276 = DIRECTION('',(1.,0.,0.));
#1277 = AXIS2_PLACEMENT_3D('',#1278,#1279,#1280);
#1278 = CARTESIAN_POINT('',(3.9,-1.95,-9.5E-02));
#1279 = DIRECTION('',(0.,0.,1.));
#1280 = DIRECTION('',(1.,0.,0.));
#1281 = AXIS2_PLACEMENT_3D('',#1282,#1283,#1284);
#1282 = CARTESIAN_POINT('',(3.9,-1.3,-9.5E-02));
#1283 = DIRECTION('',(0.,0.,1.));
#1284 = DIRECTION('',(1.,0.,0.));
#1285 = AXIS2_PLACEMENT_3D('',#1286,#1287,#1288);
#1286 = CARTESIAN_POINT('',(3.9,-0.65,-9.5E-02));
#1287 = DIRECTION('',(0.,0.,1.));
#1288 = DIRECTION('',(1.,0.,0.));
#1289 = AXIS2_PLACEMENT_3D('',#1290,#1291,#1292);
#1290 = CARTESIAN_POINT('',(3.9,9.E-16,-9.5E-02));
#1291 = DIRECTION('',(0.,0.,1.));
#1292 = DIRECTION('',(1.,0.,0.));
#1293 = AXIS2_PLACEMENT_3D('',#1294,#1295,#1296);
#1294 = CARTESIAN_POINT('',(3.9,0.65,-9.5E-02));
#1295 = DIRECTION('',(0.,0.,1.));
#1296 = DIRECTION('',(1.,0.,0.));
#1297 = AXIS2_PLACEMENT_3D('',#1298,#1299,#1300);
#1298 = CARTESIAN_POINT('',(3.9,1.3,-9.5E-02));
#1299 = DIRECTION('',(0.,0.,1.));
#1300 = DIRECTION('',(1.,0.,0.));
#1301 = AXIS2_PLACEMENT_3D('',#1302,#1303,#1304);
#1302 = CARTESIAN_POINT('',(3.9,1.95,-9.5E-02));
#1303 = DIRECTION('',(0.,0.,1.));
#1304 = DIRECTION('',(1.,0.,0.));
#1305 = AXIS2_PLACEMENT_3D('',#1306,#1307,#1308);
#1306 = CARTESIAN_POINT('',(3.9,2.6,-9.5E-02));
#1307 = DIRECTION('',(0.,0.,1.));
#1308 = DIRECTION('',(1.,0.,0.));
#1309 = AXIS2_PLACEMENT_3D('',#1310,#1311,#1312);
#1310 = CARTESIAN_POINT('',(3.9,3.25,-9.5E-02));
#1311 = DIRECTION('',(0.,0.,1.));
#1312 = DIRECTION('',(1.,0.,0.));
#1313 = AXIS2_PLACEMENT_3D('',#1314,#1315,#1316);
#1314 = CARTESIAN_POINT('',(3.9,3.9,-9.5E-02));
#1315 = DIRECTION('',(0.,0.,1.));
#1316 = DIRECTION('',(1.,0.,0.));
#1317 = AXIS2_PLACEMENT_3D('',#1318,#1319,#1320);
#1318 = CARTESIAN_POINT('',(3.9,4.55,-9.5E-02));
#1319 = DIRECTION('',(0.,0.,1.));
#1320 = DIRECTION('',(1.,0.,0.));
#1321 = AXIS2_PLACEMENT_3D('',#1322,#1323,#1324);
#1322 = CARTESIAN_POINT('',(3.9,5.2,-9.5E-02));
#1323 = DIRECTION('',(0.,0.,1.));
#1324 = DIRECTION('',(1.,0.,0.));
#1325 = AXIS2_PLACEMENT_3D('',#1326,#1327,#1328);
#1326 = CARTESIAN_POINT('',(3.9,5.85,-9.5E-02));
#1327 = DIRECTION('',(0.,0.,1.));
#1328 = DIRECTION('',(1.,0.,0.));
#1329 = AXIS2_PLACEMENT_3D('',#1330,#1331,#1332);
#1330 = CARTESIAN_POINT('',(4.55,-5.85,-9.5E-02));
#1331 = DIRECTION('',(0.,0.,1.));
#1332 = DIRECTION('',(1.,0.,0.));
#1333 = AXIS2_PLACEMENT_3D('',#1334,#1335,#1336);
#1334 = CARTESIAN_POINT('',(4.55,-5.2,-9.5E-02));
#1335 = DIRECTION('',(0.,0.,1.));
#1336 = DIRECTION('',(1.,0.,0.));
#1337 = AXIS2_PLACEMENT_3D('',#1338,#1339,#1340);
#1338 = CARTESIAN_POINT('',(4.55,-4.55,-9.5E-02));
#1339 = DIRECTION('',(0.,0.,1.));
#1340 = DIRECTION('',(1.,0.,0.));
#1341 = AXIS2_PLACEMENT_3D('',#1342,#1343,#1344);
#1342 = CARTESIAN_POINT('',(4.55,-3.9,-9.5E-02));
#1343 = DIRECTION('',(0.,0.,1.));
#1344 = DIRECTION('',(1.,0.,0.));
#1345 = AXIS2_PLACEMENT_3D('',#1346,#1347,#1348);
#1346 = CARTESIAN_POINT('',(4.55,-3.25,-9.5E-02));
#1347 = DIRECTION('',(0.,0.,1.));
#1348 = DIRECTION('',(1.,0.,0.));
#1349 = AXIS2_PLACEMENT_3D('',#1350,#1351,#1352);
#1350 = CARTESIAN_POINT('',(4.55,-2.6,-9.5E-02));
#1351 = DIRECTION('',(0.,0.,1.));
#1352 = DIRECTION('',(1.,0.,0.));
#1353 = AXIS2_PLACEMENT_3D('',#1354,#1355,#1356);
#1354 = CARTESIAN_POINT('',(4.55,-1.95,-9.5E-02));
#1355 = DIRECTION('',(0.,0.,1.));
#1356 = DIRECTION('',(1.,0.,0.));
#1357 = AXIS2_PLACEMENT_3D('',#1358,#1359,#1360);
#1358 = CARTESIAN_POINT('',(4.55,-1.3,-9.5E-02));
#1359 = DIRECTION('',(0.,0.,1.));
#1360 = DIRECTION('',(1.,0.,0.));
#1361 = AXIS2_PLACEMENT_3D('',#1362,#1363,#1364);
#1362 = CARTESIAN_POINT('',(4.55,-0.65,-9.5E-02));
#1363 = DIRECTION('',(0.,0.,1.));
#1364 = DIRECTION('',(1.,0.,0.));
#1365 = AXIS2_PLACEMENT_3D('',#1366,#1367,#1368);
#1366 = CARTESIAN_POINT('',(4.55,1.E-15,-9.5E-02));
#1367 = DIRECTION('',(0.,0.,1.));
#1368 = DIRECTION('',(1.,0.,0.));
#1369 = AXIS2_PLACEMENT_3D('',#1370,#1371,#1372);
#1370 = CARTESIAN_POINT('',(4.55,0.65,-9.5E-02));
#1371 = DIRECTION('',(0.,0.,1.));
#1372 = DIRECTION('',(1.,0.,0.));
#1373 = AXIS2_PLACEMENT_3D('',#1374,#1375,#1376);
#1374 = CARTESIAN_POINT('',(4.55,1.3,-9.5E-02));
#1375 = DIRECTION('',(0.,0.,1.));
#1376 = DIRECTION('',(1.,0.,0.));
#1377 = AXIS2_PLACEMENT_3D('',#1378,#1379,#1380);
#1378 = CARTESIAN_POINT('',(4.55,1.95,-9.5E-02));
#1379 = DIRECTION('',(0.,0.,1.));
#1380 = DIRECTION('',(1.,0.,0.));
#1381 = AXIS2_PLACEMENT_3D('',#1382,#1383,#1384);
#1382 = CARTESIAN_POINT('',(4.55,2.6,-9.5E-02));
#1383 = DIRECTION('',(0.,0.,1.));
#1384 = DIRECTION('',(1.,0.,0.));
#1385 = AXIS2_PLACEMENT_3D('',#1386,#1387,#1388);
#1386 = CARTESIAN_POINT('',(4.55,3.25,-9.5E-02));
#1387 = DIRECTION('',(0.,0.,1.));
#1388 = DIRECTION('',(1.,0.,0.));
#1389 = AXIS2_PLACEMENT_3D('',#1390,#1391,#1392);
#1390 = CARTESIAN_POINT('',(4.55,3.9,-9.5E-02));
#1391 = DIRECTION('',(0.,0.,1.));
#1392 = DIRECTION('',(1.,0.,0.));
#1393 = AXIS2_PLACEMENT_3D('',#1394,#1395,#1396);
#1394 = CARTESIAN_POINT('',(4.55,4.55,-9.5E-02));
#1395 = DIRECTION('',(0.,0.,1.));
#1396 = DIRECTION('',(1.,0.,0.));
#1397 = AXIS2_PLACEMENT_3D('',#1398,#1399,#1400);
#1398 = CARTESIAN_POINT('',(4.55,5.2,-9.5E-02));
#1399 = DIRECTION('',(0.,0.,1.));
#1400 = DIRECTION('',(1.,0.,0.));
#1401 = AXIS2_PLACEMENT_3D('',#1402,#1403,#1404);
#1402 = CARTESIAN_POINT('',(4.55,5.85,-9.5E-02));
#1403 = DIRECTION('',(0.,0.,1.));
#1404 = DIRECTION('',(1.,0.,0.));
#1405 = AXIS2_PLACEMENT_3D('',#1406,#1407,#1408);
#1406 = CARTESIAN_POINT('',(5.2,-5.85,-9.5E-02));
#1407 = DIRECTION('',(0.,0.,1.));
#1408 = DIRECTION('',(1.,0.,0.));
#1409 = AXIS2_PLACEMENT_3D('',#1410,#1411,#1412);
#1410 = CARTESIAN_POINT('',(5.2,-5.2,-9.5E-02));
#1411 = DIRECTION('',(0.,0.,1.));
#1412 = DIRECTION('',(1.,0.,0.));
#1413 = AXIS2_PLACEMENT_3D('',#1414,#1415,#1416);
#1414 = CARTESIAN_POINT('',(5.2,-4.55,-9.5E-02));
#1415 = DIRECTION('',(0.,0.,1.));
#1416 = DIRECTION('',(1.,0.,0.));
#1417 = AXIS2_PLACEMENT_3D('',#1418,#1419,#1420);
#1418 = CARTESIAN_POINT('',(5.2,-3.9,-9.5E-02));
#1419 = DIRECTION('',(0.,0.,1.));
#1420 = DIRECTION('',(1.,0.,0.));
#1421 = AXIS2_PLACEMENT_3D('',#1422,#1423,#1424);
#1422 = CARTESIAN_POINT('',(5.2,-3.25,-9.5E-02));
#1423 = DIRECTION('',(0.,0.,1.));
#1424 = DIRECTION('',(1.,0.,0.));
#1425 = AXIS2_PLACEMENT_3D('',#1426,#1427,#1428);
#1426 = CARTESIAN_POINT('',(5.2,-2.6,-9.5E-02));
#1427 = DIRECTION('',(0.,0.,1.));
#1428 = DIRECTION('',(1.,0.,0.));
#1429 = AXIS2_PLACEMENT_3D('',#1430,#1431,#1432);
#1430 = CARTESIAN_POINT('',(5.2,-1.95,-9.5E-02));
#1431 = DIRECTION('',(0.,0.,1.));
#1432 = DIRECTION('',(1.,0.,0.));
#1433 = AXIS2_PLACEMENT_3D('',#1434,#1435,#1436);
#1434 = CARTESIAN_POINT('',(5.2,-1.3,-9.5E-02));
#1435 = DIRECTION('',(0.,0.,1.));
#1436 = DIRECTION('',(1.,0.,0.));
#1437 = AXIS2_PLACEMENT_3D('',#1438,#1439,#1440);
#1438 = CARTESIAN_POINT('',(5.2,-0.65,-9.5E-02));
#1439 = DIRECTION('',(0.,0.,1.));
#1440 = DIRECTION('',(1.,0.,0.));
#1441 = AXIS2_PLACEMENT_3D('',#1442,#1443,#1444);
#1442 = CARTESIAN_POINT('',(5.2,1.E-15,-9.5E-02));
#1443 = DIRECTION('',(0.,0.,1.));
#1444 = DIRECTION('',(1.,0.,0.));
#1445 = AXIS2_PLACEMENT_3D('',#1446,#1447,#1448);
#1446 = CARTESIAN_POINT('',(5.2,0.65,-9.5E-02));
#1447 = DIRECTION('',(0.,0.,1.));
#1448 = DIRECTION('',(1.,0.,0.));
#1449 = AXIS2_PLACEMENT_3D('',#1450,#1451,#1452);
#1450 = CARTESIAN_POINT('',(5.2,1.3,-9.5E-02));
#1451 = DIRECTION('',(0.,0.,1.));
#1452 = DIRECTION('',(1.,0.,0.));
#1453 = AXIS2_PLACEMENT_3D('',#1454,#1455,#1456);
#1454 = CARTESIAN_POINT('',(5.2,1.95,-9.5E-02));
#1455 = DIRECTION('',(0.,0.,1.));
#1456 = DIRECTION('',(1.,0.,0.));
#1457 = AXIS2_PLACEMENT_3D('',#1458,#1459,#1460);
#1458 = CARTESIAN_POINT('',(5.2,2.6,-9.5E-02));
#1459 = DIRECTION('',(0.,0.,1.));
#1460 = DIRECTION('',(1.,0.,0.));
#1461 = AXIS2_PLACEMENT_3D('',#1462,#1463,#1464);
#1462 = CARTESIAN_POINT('',(5.2,3.25,-9.5E-02));
#1463 = DIRECTION('',(0.,0.,1.));
#1464 = DIRECTION('',(1.,0.,0.));
#1465 = AXIS2_PLACEMENT_3D('',#1466,#1467,#1468);
#1466 = CARTESIAN_POINT('',(5.2,3.9,-9.5E-02));
#1467 = DIRECTION('',(0.,0.,1.));
#1468 = DIRECTION('',(1.,0.,0.));
#1469 = AXIS2_PLACEMENT_3D('',#1470,#1471,#1472);
#1470 = CARTESIAN_POINT('',(5.2,4.55,-9.5E-02));
#1471 = DIRECTION('',(0.,0.,1.));
#1472 = DIRECTION('',(1.,0.,0.));
#1473 = AXIS2_PLACEMENT_3D('',#1474,#1475,#1476);
#1474 = CARTESIAN_POINT('',(5.2,5.2,-9.5E-02));
#1475 = DIRECTION('',(0.,0.,1.));
#1476 = DIRECTION('',(1.,0.,0.));
#1477 = AXIS2_PLACEMENT_3D('',#1478,#1479,#1480);
#1478 = CARTESIAN_POINT('',(5.2,5.85,-9.5E-02));
#1479 = DIRECTION('',(0.,0.,1.));
#1480 = DIRECTION('',(1.,0.,0.));
#1481 = AXIS2_PLACEMENT_3D('',#1482,#1483,#1484);
#1482 = CARTESIAN_POINT('',(5.85,-5.85,-9.5E-02));
#1483 = DIRECTION('',(0.,0.,1.));
#1484 = DIRECTION('',(1.,0.,0.));
#1485 = AXIS2_PLACEMENT_3D('',#1486,#1487,#1488);
#1486 = CARTESIAN_POINT('',(5.85,-5.2,-9.5E-02));
#1487 = DIRECTION('',(0.,0.,1.));
#1488 = DIRECTION('',(1.,0.,0.));
#1489 = AXIS2_PLACEMENT_3D('',#1490,#1491,#1492);
#1490 = CARTESIAN_POINT('',(5.85,-4.55,-9.5E-02));
#1491 = DIRECTION('',(0.,0.,1.));
#1492 = DIRECTION('',(1.,0.,0.));
#1493 = AXIS2_PLACEMENT_3D('',#1494,#1495,#1496);
#1494 = CARTESIAN_POINT('',(5.85,-3.9,-9.5E-02));
#1495 = DIRECTION('',(0.,0.,1.));
#1496 = DIRECTION('',(1.,0.,0.));
#1497 = AXIS2_PLACEMENT_3D('',#1498,#1499,#1500);
#1498 = CARTESIAN_POINT('',(5.85,-3.25,-9.5E-02));
#1499 = DIRECTION('',(0.,0.,1.));
#1500 = DIRECTION('',(1.,0.,0.));
#1501 = AXIS2_PLACEMENT_3D('',#1502,#1503,#1504);
#1502 = CARTESIAN_POINT('',(5.85,-2.6,-9.5E-02));
#1503 = DIRECTION('',(0.,0.,1.));
#1504 = DIRECTION('',(1.,0.,0.));
#1505 = AXIS2_PLACEMENT_3D('',#1506,#1507,#1508);
#1506 = CARTESIAN_POINT('',(5.85,-1.95,-9.5E-02));
#1507 = DIRECTION('',(0.,0.,1.));
#1508 = DIRECTION('',(1.,0.,0.));
#1509 = AXIS2_PLACEMENT_3D('',#1510,#1511,#1512);
#1510 = CARTESIAN_POINT('',(5.85,-1.3,-9.5E-02));
#1511 = DIRECTION('',(0.,0.,1.));
#1512 = DIRECTION('',(1.,0.,0.));
#1513 = AXIS2_PLACEMENT_3D('',#1514,#1515,#1516);
#1514 = CARTESIAN_POINT('',(5.85,-0.65,-9.5E-02));
#1515 = DIRECTION('',(0.,0.,1.));
#1516 = DIRECTION('',(1.,0.,0.));
#1517 = AXIS2_PLACEMENT_3D('',#1518,#1519,#1520);
#1518 = CARTESIAN_POINT('',(5.85,1.E-15,-9.5E-02));
#1519 = DIRECTION('',(0.,0.,1.));
#1520 = DIRECTION('',(1.,0.,0.));
#1521 = AXIS2_PLACEMENT_3D('',#1522,#1523,#1524);
#1522 = CARTESIAN_POINT('',(5.85,0.65,-9.5E-02));
#1523 = DIRECTION('',(0.,0.,1.));
#1524 = DIRECTION('',(1.,0.,0.));
#1525 = AXIS2_PLACEMENT_3D('',#1526,#1527,#1528);
#1526 = CARTESIAN_POINT('',(5.85,1.3,-9.5E-02));
#1527 = DIRECTION('',(0.,0.,1.));
#1528 = DIRECTION('',(1.,0.,0.));
#1529 = AXIS2_PLACEMENT_3D('',#1530,#1531,#1532);
#1530 = CARTESIAN_POINT('',(5.85,1.95,-9.5E-02));
#1531 = DIRECTION('',(0.,0.,1.));
#1532 = DIRECTION('',(1.,0.,0.));
#1533 = AXIS2_PLACEMENT_3D('',#1534,#1535,#1536);
#1534 = CARTESIAN_POINT('',(5.85,2.6,-9.5E-02));
#1535 = DIRECTION('',(0.,0.,1.));
#1536 = DIRECTION('',(1.,0.,0.));
#1537 = AXIS2_PLACEMENT_3D('',#1538,#1539,#1540);
#1538 = CARTESIAN_POINT('',(5.85,3.25,-9.5E-02));
#1539 = DIRECTION('',(0.,0.,1.));
#1540 = DIRECTION('',(1.,0.,0.));
#1541 = AXIS2_PLACEMENT_3D('',#1542,#1543,#1544);
#1542 = CARTESIAN_POINT('',(5.85,3.9,-9.5E-02));
#1543 = DIRECTION('',(0.,0.,1.));
#1544 = DIRECTION('',(1.,0.,0.));
#1545 = AXIS2_PLACEMENT_3D('',#1546,#1547,#1548);
#1546 = CARTESIAN_POINT('',(5.85,4.55,-9.5E-02));
#1547 = DIRECTION('',(0.,0.,1.));
#1548 = DIRECTION('',(1.,0.,0.));
#1549 = AXIS2_PLACEMENT_3D('',#1550,#1551,#1552);
#1550 = CARTESIAN_POINT('',(5.85,5.2,-9.5E-02));
#1551 = DIRECTION('',(0.,0.,1.));
#1552 = DIRECTION('',(1.,0.,0.));
#1553 = AXIS2_PLACEMENT_3D('',#1554,#1555,#1556);
#1554 = CARTESIAN_POINT('',(5.85,5.85,-9.5E-02));
#1555 = DIRECTION('',(0.,0.,1.));
#1556 = DIRECTION('',(1.,0.,0.));
#1557 = ( GEOMETRIC_REPRESENTATION_CONTEXT(3) 
GLOBAL_UNCERTAINTY_ASSIGNED_CONTEXT((#1561)) 
GLOBAL_UNIT_ASSIGNED_CONTEXT((#1558,#1559,#1560)) REPRESENTATION_CONTEXT
('Context #1','3D Context with UNIT and UNCERTAINTY') );
#1558 = ( LENGTH_UNIT() NAMED_UNIT(*) SI_UNIT(.MILLI.,.METRE.) );
#1559 = ( NAMED_UNIT(*) PLANE_ANGLE_UNIT() SI_UNIT($,.RADIAN.) );
#1560 = ( NAMED_UNIT(*) SI_UNIT($,.STERADIAN.) SOLID_ANGLE_UNIT() );
#1561 = UNCERTAINTY_MEASURE_WITH_UNIT(LENGTH_MEASURE(1.E-07),#1558,
  'distance_accuracy_value','confusion accuracy');
#1562 = CONTEXT_DEPENDENT_SHAPE_REPRESENTATION(#1563,#1565);
#1563 = ( REPRESENTATION_RELATIONSHIP('','',#112,#10) 
REPRESENTATION_RELATIONSHIP_WITH_TRANSFORMATION(#1564) 
SHAPE_REPRESENTATION_RELATIONSHIP() );
#1564 = ITEM_DEFINED_TRANSFORMATION('','',#11,#19);
#1565 = PRODUCT_DEFINITION_SHAPE('Placement','Placement of an item',
  #1566);
#1566 = NEXT_ASSEMBLY_USAGE_OCCURRENCE('1925','set_label','',#5,#107,$);
#1567 = PRODUCT_RELATED_PRODUCT_CATEGORY('part',$,(#109));
#1568 = SHAPE_DEFINITION_REPRESENTATION(#1569,#1575);
#1569 = PRODUCT_DEFINITION_SHAPE('','',#1570);
#1570 = PRODUCT_DEFINITION('design','',#1571,#1574);
#1571 = PRODUCT_DEFINITION_FORMATION('','',#1572);
#1572 = PRODUCT('W1','W1','',(#1573));
#1573 = PRODUCT_CONTEXT('',#2,'mechanical');
#1574 = PRODUCT_DEFINITION_CONTEXT('part definition',#2,'design');
#1575 = ADVANCED_BREP_SHAPE_REPRESENTATION('',(#11,#1576),#1588);
#1576 = MANIFOLD_SOLID_BREP('',#1577);
#1577 = CLOSED_SHELL('',(#1578));
#1578 = ADVANCED_FACE('',(#1579),#1583,.T.);
#1579 = FACE_BOUND('',#1580,.T.);
#1580 = VERTEX_LOOP('',#1581);
#1581 = VERTEX_POINT('',#1582);
#1582 = CARTESIAN_POINT('',(0.,0.,-0.175));
#1583 = SPHERICAL_SURFACE('',#1584,0.175);
#1584 = AXIS2_PLACEMENT_3D('',#1585,#1586,#1587);
#1585 = CARTESIAN_POINT('',(0.,0.,0.));
#1586 = DIRECTION('',(0.,0.,1.));
#1587 = DIRECTION('',(1.,0.,-0.));
#1588 = ( GEOMETRIC_REPRESENTATION_CONTEXT(3) 
GLOBAL_UNCERTAINTY_ASSIGNED_CONTEXT((#1592)) 
GLOBAL_UNIT_ASSIGNED_CONTEXT((#1589,#1590,#1591)) REPRESENTATION_CONTEXT
('Context #1','3D Context with UNIT and UNCERTAINTY') );
#1589 = ( LENGTH_UNIT() NAMED_UNIT(*) SI_UNIT(.MILLI.,.METRE.) );
#1590 = ( NAMED_UNIT(*) PLANE_ANGLE_UNIT() SI_UNIT($,.RADIAN.) );
#1591 = ( NAMED_UNIT(*) SI_UNIT($,.STERADIAN.) SOLID_ANGLE_UNIT() );
#1592 = UNCERTAINTY_MEASURE_WITH_UNIT(LENGTH_MEASURE(1.E-07),#1589,
  'distance_accuracy_value','confusion accuracy');
#1593 = CONTEXT_DEPENDENT_SHAPE_REPRESENTATION(#1594,#1596);
#1594 = ( REPRESENTATION_RELATIONSHIP('','',#1575,#112) 
REPRESENTATION_RELATIONSHIP_WITH_TRANSFORMATION(#1595) 
SHAPE_REPRESENTATION_RELATIONSHIP() );
#1595 = ITEM_DEFINED_TRANSFORMATION('','',#11,#113);
#1596 = PRODUCT_DEFINITION_SHAPE('Placement','Placement of an item',
  #1597);
#1597 = NEXT_ASSEMBLY_USAGE_OCCURRENCE('1564','W1','',#107,#1570,$);
#1598 = PRODUCT_RELATED_PRODUCT_CATEGORY('part',$,(#1572));
#1599 = SHAPE_DEFINITION_REPRESENTATION(#1600,#1606);
#1600 = PRODUCT_DEFINITION_SHAPE('','',#1601);
#1601 = PRODUCT_DEFINITION('design','',#1602,#1605);
#1602 = PRODUCT_DEFINITION_FORMATION('','',#1603);
#1603 = PRODUCT('V1','V1','',(#1604));
#1604 = PRODUCT_CONTEXT('',#2,'mechanical');
#1605 = PRODUCT_DEFINITION_CONTEXT('part definition',#2,'design');
#1606 = ADVANCED_BREP_SHAPE_REPRESENTATION('',(#11,#1607),#1619);
#1607 = MANIFOLD_SOLID_BREP('',#1608);
#1608 = CLOSED_SHELL('',(#1609));
#1609 = ADVANCED_FACE('',(#1610),#1614,.T.);
#1610 = FACE_BOUND('',#1611,.T.);
#1611 = VERTEX_LOOP('',#1612);
#1612 = VERTEX_POINT('',#1613);
#1613 = CARTESIAN_POINT('',(0.,0.,-0.175));
#1614 = SPHERICAL_SURFACE('',#1615,0.175);
#1615 = AXIS2_PLACEMENT_3D('',#1616,#1617,#1618);
#1616 = CARTESIAN_POINT('',(0.,0.,0.));
#1617 = DIRECTION('',(0.,0.,1.));
#1618 = DIRECTION('',(1.,0.,-0.));
#1619 = ( GEOMETRIC_REPRESENTATION_CONTEXT(3) 
GLOBAL_UNCERTAINTY_ASSIGNED_CONTEXT((#1623)) 
GLOBAL_UNIT_ASSIGNED_CONTEXT((#1620,#1621,#1622)) REPRESENTATION_CONTEXT
('Context #1','3D Context with UNIT and UNCERTAINTY') );
#1620 = ( LENGTH_UNIT() NAMED_UNIT(*) SI_UNIT(.MILLI.,.METRE.) );
#1621 = ( NAMED_UNIT(*) PLANE_ANGLE_UNIT() SI_UNIT($,.RADIAN.) );
#1622 = ( NAMED_UNIT(*) SI_UNIT($,.STERADIAN.) SOLID_ANGLE_UNIT() );
#1623 = UNCERTAINTY_MEASURE_WITH_UNIT(LENGTH_MEASURE(1.E-07),#1620,
  'distance_accuracy_value','confusion accuracy');
#1624 = CONTEXT_DEPENDENT_SHAPE_REPRESENTATION(#1625,#1627);
#1625 = ( REPRESENTATION_RELATIONSHIP('','',#1606,#112) 
REPRESENTATION_RELATIONSHIP_WITH_TRANSFORMATION(#1626) 
SHAPE_REPRESENTATION_RELATIONSHIP() );
#1626 = ITEM_DEFINED_TRANSFORMATION('','',#11,#117);
#1627 = PRODUCT_DEFINITION_SHAPE('Placement','Placement of an item',
  #1628);
#1628 = NEXT_ASSEMBLY_USAGE_OCCURRENCE('1565','V1','',#107,#1601,$);
#1629 = PRODUCT_RELATED_PRODUCT_CATEGORY('part',$,(#1603));
#1630 = SHAPE_DEFINITION_REPRESENTATION(#1631,#1637);
#1631 = PRODUCT_DEFINITION_SHAPE('','',#1632);
#1632 = PRODUCT_DEFINITION('design','',#1633,#1636);
#1633 = PRODUCT_DEFINITION_FORMATION('','',#1634);
#1634 = PRODUCT('U1','U1','',(#1635));
#1635 = PRODUCT_CONTEXT('',#2,'mechanical');
#1636 = PRODUCT_DEFINITION_CONTEXT('part definition',#2,'design');
#1637 = ADVANCED_BREP_SHAPE_REPRESENTATION('',(#11,#1638),#1650);
#1638 = MANIFOLD_SOLID_BREP('',#1639);
#1639 = CLOSED_SHELL('',(#1640));
#1640 = ADVANCED_FACE('',(#1641),#1645,.T.);
#1641 = FACE_BOUND('',#1642,.T.);
#1642 = VERTEX_LOOP('',#1643);
#1643 = VERTEX_POINT('',#1644);
#1644 = CARTESIAN_POINT('',(0.,0.,-0.175));
#1645 = SPHERICAL_SURFACE('',#1646,0.175);
#1646 = AXIS2_PLACEMENT_3D('',#1647,#1648,#1649);
#1647 = CARTESIAN_POINT('',(0.,0.,0.));
#1648 = DIRECTION('',(0.,0.,1.));
#1649 = DIRECTION('',(1.,0.,-0.));
#1650 = ( GEOMETRIC_REPRESENTATION_CONTEXT(3) 
GLOBAL_UNCERTAINTY_ASSIGNED_CONTEXT((#1654)) 
GLOBAL_UNIT_ASSIGNED_CONTEXT((#1651,#1652,#1653)) REPRESENTATION_CONTEXT
('Context #1','3D Context with UNIT and UNCERTAINTY') );
#1651 = ( LENGTH_UNIT() NAMED_UNIT(*) SI_UNIT(.MILLI.,.METRE.) );
#1652 = ( NAMED_UNIT(*) PLANE_ANGLE_UNIT() SI_UNIT($,.RADIAN.) );
#1653 = ( NAMED_UNIT(*) SI_UNIT($,.STERADIAN.) SOLID_ANGLE_UNIT() );
#1654 = UNCERTAINTY_MEASURE_WITH_UNIT(LENGTH_MEASURE(1.E-07),#1651,
  'distance_accuracy_value','confusion accuracy');
#1655 = CONTEXT_DEPENDENT_SHAPE_REPRESENTATION(#1656,#1658);
#1656 = ( REPRESENTATION_RELATIONSHIP('','',#1637,#112) 
REPRESENTATION_RELATIONSHIP_WITH_TRANSFORMATION(#1657) 
SHAPE_REPRESENTATION_RELATIONSHIP() );
#1657 = ITEM_DEFINED_TRANSFORMATION('','',#11,#121);
#1658 = PRODUCT_DEFINITION_SHAPE('Placement','Placement of an item',
  #1659);
#1659 = NEXT_ASSEMBLY_USAGE_OCCURRENCE('1566','U1','',#107,#1632,$);
#1660 = PRODUCT_RELATED_PRODUCT_CATEGORY('part',$,(#1634));
#1661 = SHAPE_DEFINITION_REPRESENTATION(#1662,#1668);
#1662 = PRODUCT_DEFINITION_SHAPE('','',#1663);
#1663 = PRODUCT_DEFINITION('design','',#1664,#1667);
#1664 = PRODUCT_DEFINITION_FORMATION('','',#1665);
#1665 = PRODUCT('T1','T1','',(#1666));
#1666 = PRODUCT_CONTEXT('',#2,'mechanical');
#1667 = PRODUCT_DEFINITION_CONTEXT('part definition',#2,'design');
#1668 = ADVANCED_BREP_SHAPE_REPRESENTATION('',(#11,#1669),#1681);
#1669 = MANIFOLD_SOLID_BREP('',#1670);
#1670 = CLOSED_SHELL('',(#1671));
#1671 = ADVANCED_FACE('',(#1672),#1676,.T.);
#1672 = FACE_BOUND('',#1673,.T.);
#1673 = VERTEX_LOOP('',#1674);
#1674 = VERTEX_POINT('',#1675);
#1675 = CARTESIAN_POINT('',(0.,0.,-0.175));
#1676 = SPHERICAL_SURFACE('',#1677,0.175);
#1677 = AXIS2_PLACEMENT_3D('',#1678,#1679,#1680);
#1678 = CARTESIAN_POINT('',(0.,0.,0.));
#1679 = DIRECTION('',(0.,0.,1.));
#1680 = DIRECTION('',(1.,0.,-0.));
#1681 = ( GEOMETRIC_REPRESENTATION_CONTEXT(3) 
GLOBAL_UNCERTAINTY_ASSIGNED_CONTEXT((#1685)) 
GLOBAL_UNIT_ASSIGNED_CONTEXT((#1682,#1683,#1684)) REPRESENTATION_CONTEXT
('Context #1','3D Context with UNIT and UNCERTAINTY') );
#1682 = ( LENGTH_UNIT() NAMED_UNIT(*) SI_UNIT(.MILLI.,.METRE.) );
#1683 = ( NAMED_UNIT(*) PLANE_ANGLE_UNIT() SI_UNIT($,.RADIAN.) );
#1684 = ( NAMED_UNIT(*) SI_UNIT($,.STERADIAN.) SOLID_ANGLE_UNIT() );
#1685 = UNCERTAINTY_MEASURE_WITH_UNIT(LENGTH_MEASURE(1.E-07),#1682,
  'distance_accuracy_value','confusion accuracy');
#1686 = CONTEXT_DEPENDENT_SHAPE_REPRESENTATION(#1687,#1689);
#1687 = ( REPRESENTATION_RELATIONSHIP('','',#1668,#112) 
REPRESENTATION_RELATIONSHIP_WITH_TRANSFORMATION(#1688) 
SHAPE_REPRESENTATION_RELATIONSHIP() );
#1688 = ITEM_DEFINED_TRANSFORMATION('','',#11,#125);
#1689 = PRODUCT_DEFINITION_SHAPE('Placement','Placement of an item',
  #1690);
#1690 = NEXT_ASSEMBLY_USAGE_OCCURRENCE('1567','T1','',#107,#1663,$);
#1691 = PRODUCT_RELATED_PRODUCT_CATEGORY('part',$,(#1665));
#1692 = SHAPE_DEFINITION_REPRESENTATION(#1693,#1699);
#1693 = PRODUCT_DEFINITION_SHAPE('','',#1694);
#1694 = PRODUCT_DEFINITION('design','',#1695,#1698);
#1695 = PRODUCT_DEFINITION_FORMATION('','',#1696);
#1696 = PRODUCT('R1','R1','',(#1697));
#1697 = PRODUCT_CONTEXT('',#2,'mechanical');
#1698 = PRODUCT_DEFINITION_CONTEXT('part definition',#2,'design');
#1699 = ADVANCED_BREP_SHAPE_REPRESENTATION('',(#11,#1700),#1712);
#1700 = MANIFOLD_SOLID_BREP('',#1701);
#1701 = CLOSED_SHELL('',(#1702));
#1702 = ADVANCED_FACE('',(#1703),#1707,.T.);
#1703 = FACE_BOUND('',#1704,.T.);
#1704 = VERTEX_LOOP('',#1705);
#1705 = VERTEX_POINT('',#1706);
#1706 = CARTESIAN_POINT('',(0.,0.,-0.175));
#1707 = SPHERICAL_SURFACE('',#1708,0.175);
#1708 = AXIS2_PLACEMENT_3D('',#1709,#1710,#1711);
#1709 = CARTESIAN_POINT('',(0.,0.,0.));
#1710 = DIRECTION('',(0.,0.,1.));
#1711 = DIRECTION('',(1.,0.,-0.));
#1712 = ( GEOMETRIC_REPRESENTATION_CONTEXT(3) 
GLOBAL_UNCERTAINTY_ASSIGNED_CONTEXT((#1716)) 
GLOBAL_UNIT_ASSIGNED_CONTEXT((#1713,#1714,#1715)) REPRESENTATION_CONTEXT
('Context #1','3D Context with UNIT and UNCERTAINTY') );
#1713 = ( LENGTH_UNIT() NAMED_UNIT(*) SI_UNIT(.MILLI.,.METRE.) );
#1714 = ( NAMED_UNIT(*) PLANE_ANGLE_UNIT() SI_UNIT($,.RADIAN.) );
#1715 = ( NAMED_UNIT(*) SI_UNIT($,.STERADIAN.) SOLID_ANGLE_UNIT() );
#1716 = UNCERTAINTY_MEASURE_WITH_UNIT(LENGTH_MEASURE(1.E-07),#1713,
  'distance_accuracy_value','confusion accuracy');
#1717 = CONTEXT_DEPENDENT_SHAPE_REPRESENTATION(#1718,#1720);
#1718 = ( REPRESENTATION_RELATIONSHIP('','',#1699,#112) 
REPRESENTATION_RELATIONSHIP_WITH_TRANSFORMATION(#1719) 
SHAPE_REPRESENTATION_RELATIONSHIP() );
#1719 = ITEM_DEFINED_TRANSFORMATION('','',#11,#129);
#1720 = PRODUCT_DEFINITION_SHAPE('Placement','Placement of an item',
  #1721);
#1721 = NEXT_ASSEMBLY_USAGE_OCCURRENCE('1568','R1','',#107,#1694,$);
#1722 = PRODUCT_RELATED_PRODUCT_CATEGORY('part',$,(#1696));
#1723 = SHAPE_DEFINITION_REPRESENTATION(#1724,#1730);
#1724 = PRODUCT_DEFINITION_SHAPE('','',#1725);
#1725 = PRODUCT_DEFINITION('design','',#1726,#1729);
#1726 = PRODUCT_DEFINITION_FORMATION('','',#1727);
#1727 = PRODUCT('P1','P1','',(#1728));
#1728 = PRODUCT_CONTEXT('',#2,'mechanical');
#1729 = PRODUCT_DEFINITION_CONTEXT('part definition',#2,'design');
#1730 = ADVANCED_BREP_SHAPE_REPRESENTATION('',(#11,#1731),#1743);
#1731 = MANIFOLD_SOLID_BREP('',#1732);
#1732 = CLOSED_SHELL('',(#1733));
#1733 = ADVANCED_FACE('',(#1734),#1738,.T.);
#1734 = FACE_BOUND('',#1735,.T.);
#1735 = VERTEX_LOOP('',#1736);
#1736 = VERTEX_POINT('',#1737);
#1737 = CARTESIAN_POINT('',(0.,0.,-0.175));
#1738 = SPHERICAL_SURFACE('',#1739,0.175);
#1739 = AXIS2_PLACEMENT_3D('',#1740,#1741,#1742);
#1740 = CARTESIAN_POINT('',(0.,0.,0.));
#1741 = DIRECTION('',(0.,0.,1.));
#1742 = DIRECTION('',(1.,0.,-0.));
#1743 = ( GEOMETRIC_REPRESENTATION_CONTEXT(3) 
GLOBAL_UNCERTAINTY_ASSIGNED_CONTEXT((#1747)) 
GLOBAL_UNIT_ASSIGNED_CONTEXT((#1744,#1745,#1746)) REPRESENTATION_CONTEXT
('Context #1','3D Context with UNIT and UNCERTAINTY') );
#1744 = ( LENGTH_UNIT() NAMED_UNIT(*) SI_UNIT(.MILLI.,.METRE.) );
#1745 = ( NAMED_UNIT(*) PLANE_ANGLE_UNIT() SI_UNIT($,.RADIAN.) );
#1746 = ( NAMED_UNIT(*) SI_UNIT($,.STERADIAN.) SOLID_ANGLE_UNIT() );
#1747 = UNCERTAINTY_MEASURE_WITH_UNIT(LENGTH_MEASURE(1.E-07),#1744,
  'distance_accuracy_value','confusion accuracy');
#1748 = CONTEXT_DEPENDENT_SHAPE_REPRESENTATION(#1749,#1751);
#1749 = ( REPRESENTATION_RELATIONSHIP('','',#1730,#112) 
REPRESENTATION_RELATIONSHIP_WITH_TRANSFORMATION(#1750) 
SHAPE_REPRESENTATION_RELATIONSHIP() );
#1750 = ITEM_DEFINED_TRANSFORMATION('','',#11,#133);
#1751 = PRODUCT_DEFINITION_SHAPE('Placement','Placement of an item',
  #1752);
#1752 = NEXT_ASSEMBLY_USAGE_OCCURRENCE('1569','P1','',#107,#1725,$);
#1753 = PRODUCT_RELATED_PRODUCT_CATEGORY('part',$,(#1727));
#1754 = SHAPE_DEFINITION_REPRESENTATION(#1755,#1761);
#1755 = PRODUCT_DEFINITION_SHAPE('','',#1756);
#1756 = PRODUCT_DEFINITION('design','',#1757,#1760);
#1757 = PRODUCT_DEFINITION_FORMATION('','',#1758);
#1758 = PRODUCT('N1','N1','',(#1759));
#1759 = PRODUCT_CONTEXT('',#2,'mechanical');
#1760 = PRODUCT_DEFINITION_CONTEXT('part definition',#2,'design');
#1761 = ADVANCED_BREP_SHAPE_REPRESENTATION('',(#11,#1762),#1774);
#1762 = MANIFOLD_SOLID_BREP('',#1763);
#1763 = CLOSED_SHELL('',(#1764));
#1764 = ADVANCED_FACE('',(#1765),#1769,.T.);
#1765 = FACE_BOUND('',#1766,.T.);
#1766 = VERTEX_LOOP('',#1767);
#1767 = VERTEX_POINT('',#1768);
#1768 = CARTESIAN_POINT('',(0.,0.,-0.175));
#1769 = SPHERICAL_SURFACE('',#1770,0.175);
#1770 = AXIS2_PLACEMENT_3D('',#1771,#1772,#1773);
#1771 = CARTESIAN_POINT('',(0.,0.,0.));
#1772 = DIRECTION('',(0.,0.,1.));
#1773 = DIRECTION('',(1.,0.,-0.));
#1774 = ( GEOMETRIC_REPRESENTATION_CONTEXT(3) 
GLOBAL_UNCERTAINTY_ASSIGNED_CONTEXT((#1778)) 
GLOBAL_UNIT_ASSIGNED_CONTEXT((#1775,#1776,#1777)) REPRESENTATION_CONTEXT
('Context #1','3D Context with UNIT and UNCERTAINTY') );
#1775 = ( LENGTH_UNIT() NAMED_UNIT(*) SI_UNIT(.MILLI.,.METRE.) );
#1776 = ( NAMED_UNIT(*) PLANE_ANGLE_UNIT() SI_UNIT($,.RADIAN.) );
#1777 = ( NAMED_UNIT(*) SI_UNIT($,.STERADIAN.) SOLID_ANGLE_UNIT() );
#1778 = UNCERTAINTY_MEASURE_WITH_UNIT(LENGTH_MEASURE(1.E-07),#1775,
  'distance_accuracy_value','confusion accuracy');
#1779 = CONTEXT_DEPENDENT_SHAPE_REPRESENTATION(#1780,#1782);
#1780 = ( REPRESENTATION_RELATIONSHIP('','',#1761,#112) 
REPRESENTATION_RELATIONSHIP_WITH_TRANSFORMATION(#1781) 
SHAPE_REPRESENTATION_RELATIONSHIP() );
#1781 = ITEM_DEFINED_TRANSFORMATION('','',#11,#137);
#1782 = PRODUCT_DEFINITION_SHAPE('Placement','Placement of an item',
  #1783);
#1783 = NEXT_ASSEMBLY_USAGE_OCCURRENCE('1570','N1','',#107,#1756,$);
#1784 = PRODUCT_RELATED_PRODUCT_CATEGORY('part',$,(#1758));
#1785 = SHAPE_DEFINITION_REPRESENTATION(#1786,#1792);
#1786 = PRODUCT_DEFINITION_SHAPE('','',#1787);
#1787 = PRODUCT_DEFINITION('design','',#1788,#1791);
#1788 = PRODUCT_DEFINITION_FORMATION('','',#1789);
#1789 = PRODUCT('M1','M1','',(#1790));
#1790 = PRODUCT_CONTEXT('',#2,'mechanical');
#1791 = PRODUCT_DEFINITION_CONTEXT('part definition',#2,'design');
#1792 = ADVANCED_BREP_SHAPE_REPRESENTATION('',(#11,#1793),#1805);
#1793 = MANIFOLD_SOLID_BREP('',#1794);
#1794 = CLOSED_SHELL('',(#1795));
#1795 = ADVANCED_FACE('',(#1796),#1800,.T.);
#1796 = FACE_BOUND('',#1797,.T.);
#1797 = VERTEX_LOOP('',#1798);
#1798 = VERTEX_POINT('',#1799);
#1799 = CARTESIAN_POINT('',(0.,0.,-0.175));
#1800 = SPHERICAL_SURFACE('',#1801,0.175);
#1801 = AXIS2_PLACEMENT_3D('',#1802,#1803,#1804);
#1802 = CARTESIAN_POINT('',(0.,0.,0.));
#1803 = DIRECTION('',(0.,0.,1.));
#1804 = DIRECTION('',(1.,0.,-0.));
#1805 = ( GEOMETRIC_REPRESENTATION_CONTEXT(3) 
GLOBAL_UNCERTAINTY_ASSIGNED_CONTEXT((#1809)) 
GLOBAL_UNIT_ASSIGNED_CONTEXT((#1806,#1807,#1808)) REPRESENTATION_CONTEXT
('Context #1','3D Context with UNIT and UNCERTAINTY') );
#1806 = ( LENGTH_UNIT() NAMED_UNIT(*) SI_UNIT(.MILLI.,.METRE.) );
#1807 = ( NAMED_UNIT(*) PLANE_ANGLE_UNIT() SI_UNIT($,.RADIAN.) );
#1808 = ( NAMED_UNIT(*) SI_UNIT($,.STERADIAN.) SOLID_ANGLE_UNIT() );
#1809 = UNCERTAINTY_MEASURE_WITH_UNIT(LENGTH_MEASURE(1.E-07),#1806,
  'distance_accuracy_value','confusion accuracy');
#1810 = CONTEXT_DEPENDENT_SHAPE_REPRESENTATION(#1811,#1813);
#1811 = ( REPRESENTATION_RELATIONSHIP('','',#1792,#112) 
REPRESENTATION_RELATIONSHIP_WITH_TRANSFORMATION(#1812) 
SHAPE_REPRESENTATION_RELATIONSHIP() );
#1812 = ITEM_DEFINED_TRANSFORMATION('','',#11,#141);
#1813 = PRODUCT_DEFINITION_SHAPE('Placement','Placement of an item',
  #1814);
#1814 = NEXT_ASSEMBLY_USAGE_OCCURRENCE('1571','M1','',#107,#1787,$);
#1815 = PRODUCT_RELATED_PRODUCT_CATEGORY('part',$,(#1789));
#1816 = SHAPE_DEFINITION_REPRESENTATION(#1817,#1823);
#1817 = PRODUCT_DEFINITION_SHAPE('','',#1818);
#1818 = PRODUCT_DEFINITION('design','',#1819,#1822);
#1819 = PRODUCT_DEFINITION_FORMATION('','',#1820);
#1820 = PRODUCT('L1','L1','',(#1821));
#1821 = PRODUCT_CONTEXT('',#2,'mechanical');
#1822 = PRODUCT_DEFINITION_CONTEXT('part definition',#2,'design');
#1823 = ADVANCED_BREP_SHAPE_REPRESENTATION('',(#11,#1824),#1836);
#1824 = MANIFOLD_SOLID_BREP('',#1825);
#1825 = CLOSED_SHELL('',(#1826));
#1826 = ADVANCED_FACE('',(#1827),#1831,.T.);
#1827 = FACE_BOUND('',#1828,.T.);
#1828 = VERTEX_LOOP('',#1829);
#1829 = VERTEX_POINT('',#1830);
#1830 = CARTESIAN_POINT('',(0.,0.,-0.175));
#1831 = SPHERICAL_SURFACE('',#1832,0.175);
#1832 = AXIS2_PLACEMENT_3D('',#1833,#1834,#1835);
#1833 = CARTESIAN_POINT('',(0.,0.,0.));
#1834 = DIRECTION('',(0.,0.,1.));
#1835 = DIRECTION('',(1.,0.,-0.));
#1836 = ( GEOMETRIC_REPRESENTATION_CONTEXT(3) 
GLOBAL_UNCERTAINTY_ASSIGNED_CONTEXT((#1840)) 
GLOBAL_UNIT_ASSIGNED_CONTEXT((#1837,#1838,#1839)) REPRESENTATION_CONTEXT
('Context #1','3D Context with UNIT and UNCERTAINTY') );
#1837 = ( LENGTH_UNIT() NAMED_UNIT(*) SI_UNIT(.MILLI.,.METRE.) );
#1838 = ( NAMED_UNIT(*) PLANE_ANGLE_UNIT() SI_UNIT($,.RADIAN.) );
#1839 = ( NAMED_UNIT(*) SI_UNIT($,.STERADIAN.) SOLID_ANGLE_UNIT() );
#1840 = UNCERTAINTY_MEASURE_WITH_UNIT(LENGTH_MEASURE(1.E-07),#1837,
  'distance_accuracy_value','confusion accuracy');
#1841 = CONTEXT_DEPENDENT_SHAPE_REPRESENTATION(#1842,#1844);
#1842 = ( REPRESENTATION_RELATIONSHIP('','',#1823,#112) 
REPRESENTATION_RELATIONSHIP_WITH_TRANSFORMATION(#1843) 
SHAPE_REPRESENTATION_RELATIONSHIP() );
#1843 = ITEM_DEFINED_TRANSFORMATION('','',#11,#145);
#1844 = PRODUCT_DEFINITION_SHAPE('Placement','Placement of an item',
  #1845);
#1845 = NEXT_ASSEMBLY_USAGE_OCCURRENCE('1572','L1','',#107,#1818,$);
#1846 = PRODUCT_RELATED_PRODUCT_CATEGORY('part',$,(#1820));
#1847 = SHAPE_DEFINITION_REPRESENTATION(#1848,#1854);
#1848 = PRODUCT_DEFINITION_SHAPE('','',#1849);
#1849 = PRODUCT_DEFINITION('design','',#1850,#1853);
#1850 = PRODUCT_DEFINITION_FORMATION('','',#1851);
#1851 = PRODUCT('K1','K1','',(#1852));
#1852 = PRODUCT_CONTEXT('',#2,'mechanical');
#1853 = PRODUCT_DEFINITION_CONTEXT('part definition',#2,'design');
#1854 = ADVANCED_BREP_SHAPE_REPRESENTATION('',(#11,#1855),#1867);
#1855 = MANIFOLD_SOLID_BREP('',#1856);
#1856 = CLOSED_SHELL('',(#1857));
#1857 = ADVANCED_FACE('',(#1858),#1862,.T.);
#1858 = FACE_BOUND('',#1859,.T.);
#1859 = VERTEX_LOOP('',#1860);
#1860 = VERTEX_POINT('',#1861);
#1861 = CARTESIAN_POINT('',(0.,0.,-0.175));
#1862 = SPHERICAL_SURFACE('',#1863,0.175);
#1863 = AXIS2_PLACEMENT_3D('',#1864,#1865,#1866);
#1864 = CARTESIAN_POINT('',(0.,0.,0.));
#1865 = DIRECTION('',(0.,0.,1.));
#1866 = DIRECTION('',(1.,0.,-0.));
#1867 = ( GEOMETRIC_REPRESENTATION_CONTEXT(3) 
GLOBAL_UNCERTAINTY_ASSIGNED_CONTEXT((#1871)) 
GLOBAL_UNIT_ASSIGNED_CONTEXT((#1868,#1869,#1870)) REPRESENTATION_CONTEXT
('Context #1','3D Context with UNIT and UNCERTAINTY') );
#1868 = ( LENGTH_UNIT() NAMED_UNIT(*) SI_UNIT(.MILLI.,.METRE.) );
#1869 = ( NAMED_UNIT(*) PLANE_ANGLE_UNIT() SI_UNIT($,.RADIAN.) );
#1870 = ( NAMED_UNIT(*) SI_UNIT($,.STERADIAN.) SOLID_ANGLE_UNIT() );
#1871 = UNCERTAINTY_MEASURE_WITH_UNIT(LENGTH_MEASURE(1.E-07),#1868,
  'distance_accuracy_value','confusion accuracy');
#1872 = CONTEXT_DEPENDENT_SHAPE_REPRESENTATION(#1873,#1875);
#1873 = ( REPRESENTATION_RELATIONSHIP('','',#1854,#112) 
REPRESENTATION_RELATIONSHIP_WITH_TRANSFORMATION(#1874) 
SHAPE_REPRESENTATION_RELATIONSHIP() );
#1874 = ITEM_DEFINED_TRANSFORMATION('','',#11,#149);
#1875 = PRODUCT_DEFINITION_SHAPE('Placement','Placement of an item',
  #1876);
#1876 = NEXT_ASSEMBLY_USAGE_OCCURRENCE('1573','K1','',#107,#1849,$);
#1877 = PRODUCT_RELATED_PRODUCT_CATEGORY('part',$,(#1851));
#1878 = SHAPE_DEFINITION_REPRESENTATION(#1879,#1885);
#1879 = PRODUCT_DEFINITION_SHAPE('','',#1880);
#1880 = PRODUCT_DEFINITION('design','',#1881,#1884);
#1881 = PRODUCT_DEFINITION_FORMATION('','',#1882);
#1882 = PRODUCT('J1','J1','',(#1883));
#1883 = PRODUCT_CONTEXT('',#2,'mechanical');
#1884 = PRODUCT_DEFINITION_CONTEXT('part definition',#2,'design');
#1885 = ADVANCED_BREP_SHAPE_REPRESENTATION('',(#11,#1886),#1898);
#1886 = MANIFOLD_SOLID_BREP('',#1887);
#1887 = CLOSED_SHELL('',(#1888));
#1888 = ADVANCED_FACE('',(#1889),#1893,.T.);
#1889 = FACE_BOUND('',#1890,.T.);
#1890 = VERTEX_LOOP('',#1891);
#1891 = VERTEX_POINT('',#1892);
#1892 = CARTESIAN_POINT('',(0.,0.,-0.175));
#1893 = SPHERICAL_SURFACE('',#1894,0.175);
#1894 = AXIS2_PLACEMENT_3D('',#1895,#1896,#1897);
#1895 = CARTESIAN_POINT('',(0.,0.,0.));
#1896 = DIRECTION('',(0.,0.,1.));
#1897 = DIRECTION('',(1.,0.,-0.));
#1898 = ( GEOMETRIC_REPRESENTATION_CONTEXT(3) 
GLOBAL_UNCERTAINTY_ASSIGNED_CONTEXT((#1902)) 
GLOBAL_UNIT_ASSIGNED_CONTEXT((#1899,#1900,#1901)) REPRESENTATION_CONTEXT
('Context #1','3D Context with UNIT and UNCERTAINTY') );
#1899 = ( LENGTH_UNIT() NAMED_UNIT(*) SI_UNIT(.MILLI.,.METRE.) );
#1900 = ( NAMED_UNIT(*) PLANE_ANGLE_UNIT() SI_UNIT($,.RADIAN.) );
#1901 = ( NAMED_UNIT(*) SI_UNIT($,.STERADIAN.) SOLID_ANGLE_UNIT() );
#1902 = UNCERTAINTY_MEASURE_WITH_UNIT(LENGTH_MEASURE(1.E-07),#1899,
  'distance_accuracy_value','confusion accuracy');
#1903 = CONTEXT_DEPENDENT_SHAPE_REPRESENTATION(#1904,#1906);
#1904 = ( REPRESENTATION_RELATIONSHIP('','',#1885,#112) 
REPRESENTATION_RELATIONSHIP_WITH_TRANSFORMATION(#1905) 
SHAPE_REPRESENTATION_RELATIONSHIP() );
#1905 = ITEM_DEFINED_TRANSFORMATION('','',#11,#153);
#1906 = PRODUCT_DEFINITION_SHAPE('Placement','Placement of an item',
  #1907);
#1907 = NEXT_ASSEMBLY_USAGE_OCCURRENCE('1574','J1','',#107,#1880,$);
#1908 = PRODUCT_RELATED_PRODUCT_CATEGORY('part',$,(#1882));
#1909 = SHAPE_DEFINITION_REPRESENTATION(#1910,#1916);
#1910 = PRODUCT_DEFINITION_SHAPE('','',#1911);
#1911 = PRODUCT_DEFINITION('design','',#1912,#1915);
#1912 = PRODUCT_DEFINITION_FORMATION('','',#1913);
#1913 = PRODUCT('H1','H1','',(#1914));
#1914 = PRODUCT_CONTEXT('',#2,'mechanical');
#1915 = PRODUCT_DEFINITION_CONTEXT('part definition',#2,'design');
#1916 = ADVANCED_BREP_SHAPE_REPRESENTATION('',(#11,#1917),#1929);
#1917 = MANIFOLD_SOLID_BREP('',#1918);
#1918 = CLOSED_SHELL('',(#1919));
#1919 = ADVANCED_FACE('',(#1920),#1924,.T.);
#1920 = FACE_BOUND('',#1921,.T.);
#1921 = VERTEX_LOOP('',#1922);
#1922 = VERTEX_POINT('',#1923);
#1923 = CARTESIAN_POINT('',(0.,0.,-0.175));
#1924 = SPHERICAL_SURFACE('',#1925,0.175);
#1925 = AXIS2_PLACEMENT_3D('',#1926,#1927,#1928);
#1926 = CARTESIAN_POINT('',(0.,0.,0.));
#1927 = DIRECTION('',(0.,0.,1.));
#1928 = DIRECTION('',(1.,0.,-0.));
#1929 = ( GEOMETRIC_REPRESENTATION_CONTEXT(3) 
GLOBAL_UNCERTAINTY_ASSIGNED_CONTEXT((#1933)) 
GLOBAL_UNIT_ASSIGNED_CONTEXT((#1930,#1931,#1932)) REPRESENTATION_CONTEXT
('Context #1','3D Context with UNIT and UNCERTAINTY') );
#1930 = ( LENGTH_UNIT() NAMED_UNIT(*) SI_UNIT(.MILLI.,.METRE.) );
#1931 = ( NAMED_UNIT(*) PLANE_ANGLE_UNIT() SI_UNIT($,.RADIAN.) );
#1932 = ( NAMED_UNIT(*) SI_UNIT($,.STERADIAN.) SOLID_ANGLE_UNIT() );
#1933 = UNCERTAINTY_MEASURE_WITH_UNIT(LENGTH_MEASURE(1.E-07),#1930,
  'distance_accuracy_value','confusion accuracy');
#1934 = CONTEXT_DEPENDENT_SHAPE_REPRESENTATION(#1935,#1937);
#1935 = ( REPRESENTATION_RELATIONSHIP('','',#1916,#112) 
REPRESENTATION_RELATIONSHIP_WITH_TRANSFORMATION(#1936) 
SHAPE_REPRESENTATION_RELATIONSHIP() );
#1936 = ITEM_DEFINED_TRANSFORMATION('','',#11,#157);
#1937 = PRODUCT_DEFINITION_SHAPE('Placement','Placement of an item',
  #1938);
#1938 = NEXT_ASSEMBLY_USAGE_OCCURRENCE('1575','H1','',#107,#1911,$);
#1939 = PRODUCT_RELATED_PRODUCT_CATEGORY('part',$,(#1913));
#1940 = SHAPE_DEFINITION_REPRESENTATION(#1941,#1947);
#1941 = PRODUCT_DEFINITION_SHAPE('','',#1942);
#1942 = PRODUCT_DEFINITION('design','',#1943,#1946);
#1943 = PRODUCT_DEFINITION_FORMATION('','',#1944);
#1944 = PRODUCT('G1','G1','',(#1945));
#1945 = PRODUCT_CONTEXT('',#2,'mechanical');
#1946 = PRODUCT_DEFINITION_CONTEXT('part definition',#2,'design');
#1947 = ADVANCED_BREP_SHAPE_REPRESENTATION('',(#11,#1948),#1960);
#1948 = MANIFOLD_SOLID_BREP('',#1949);
#1949 = CLOSED_SHELL('',(#1950));
#1950 = ADVANCED_FACE('',(#1951),#1955,.T.);
#1951 = FACE_BOUND('',#1952,.T.);
#1952 = VERTEX_LOOP('',#1953);
#1953 = VERTEX_POINT('',#1954);
#1954 = CARTESIAN_POINT('',(0.,0.,-0.175));
#1955 = SPHERICAL_SURFACE('',#1956,0.175);
#1956 = AXIS2_PLACEMENT_3D('',#1957,#1958,#1959);
#1957 = CARTESIAN_POINT('',(0.,0.,0.));
#1958 = DIRECTION('',(0.,0.,1.));
#1959 = DIRECTION('',(1.,0.,-0.));
#1960 = ( GEOMETRIC_REPRESENTATION_CONTEXT(3) 
GLOBAL_UNCERTAINTY_ASSIGNED_CONTEXT((#1964)) 
GLOBAL_UNIT_ASSIGNED_CONTEXT((#1961,#1962,#1963)) REPRESENTATION_CONTEXT
('Context #1','3D Context with UNIT and UNCERTAINTY') );
#1961 = ( LENGTH_UNIT() NAMED_UNIT(*) SI_UNIT(.MILLI.,.METRE.) );
#1962 = ( NAMED_UNIT(*) PLANE_ANGLE_UNIT() SI_UNIT($,.RADIAN.) );
#1963 = ( NAMED_UNIT(*) SI_UNIT($,.STERADIAN.) SOLID_ANGLE_UNIT() );
#1964 = UNCERTAINTY_MEASURE_WITH_UNIT(LENGTH_MEASURE(1.E-07),#1961,
  'distance_accuracy_value','confusion accuracy');
#1965 = CONTEXT_DEPENDENT_SHAPE_REPRESENTATION(#1966,#1968);
#1966 = ( REPRESENTATION_RELATIONSHIP('','',#1947,#112) 
REPRESENTATION_RELATIONSHIP_WITH_TRANSFORMATION(#1967) 
SHAPE_REPRESENTATION_RELATIONSHIP() );
#1967 = ITEM_DEFINED_TRANSFORMATION('','',#11,#161);
#1968 = PRODUCT_DEFINITION_SHAPE('Placement','Placement of an item',
  #1969);
#1969 = NEXT_ASSEMBLY_USAGE_OCCURRENCE('1576','G1','',#107,#1942,$);
#1970 = PRODUCT_RELATED_PRODUCT_CATEGORY('part',$,(#1944));
#1971 = SHAPE_DEFINITION_REPRESENTATION(#1972,#1978);
#1972 = PRODUCT_DEFINITION_SHAPE('','',#1973);
#1973 = PRODUCT_DEFINITION('design','',#1974,#1977);
#1974 = PRODUCT_DEFINITION_FORMATION('','',#1975);
#1975 = PRODUCT('F1','F1','',(#1976));
#1976 = PRODUCT_CONTEXT('',#2,'mechanical');
#1977 = PRODUCT_DEFINITION_CONTEXT('part definition',#2,'design');
#1978 = ADVANCED_BREP_SHAPE_REPRESENTATION('',(#11,#1979),#1991);
#1979 = MANIFOLD_SOLID_BREP('',#1980);
#1980 = CLOSED_SHELL('',(#1981));
#1981 = ADVANCED_FACE('',(#1982),#1986,.T.);
#1982 = FACE_BOUND('',#1983,.T.);
#1983 = VERTEX_LOOP('',#1984);
#1984 = VERTEX_POINT('',#1985);
#1985 = CARTESIAN_POINT('',(0.,0.,-0.175));
#1986 = SPHERICAL_SURFACE('',#1987,0.175);
#1987 = AXIS2_PLACEMENT_3D('',#1988,#1989,#1990);
#1988 = CARTESIAN_POINT('',(0.,0.,0.));
#1989 = DIRECTION('',(0.,0.,1.));
#1990 = DIRECTION('',(1.,0.,-0.));
#1991 = ( GEOMETRIC_REPRESENTATION_CONTEXT(3) 
GLOBAL_UNCERTAINTY_ASSIGNED_CONTEXT((#1995)) 
GLOBAL_UNIT_ASSIGNED_CONTEXT((#1992,#1993,#1994)) REPRESENTATION_CONTEXT
('Context #1','3D Context with UNIT and UNCERTAINTY') );
#1992 = ( LENGTH_UNIT() NAMED_UNIT(*) SI_UNIT(.MILLI.,.METRE.) );
#1993 = ( NAMED_UNIT(*) PLANE_ANGLE_UNIT() SI_UNIT($,.RADIAN.) );
#1994 = ( NAMED_UNIT(*) SI_UNIT($,.STERADIAN.) SOLID_ANGLE_UNIT() );
#1995 = UNCERTAINTY_MEASURE_WITH_UNIT(LENGTH_MEASURE(1.E-07),#1992,
  'distance_accuracy_value','confusion accuracy');
#1996 = CONTEXT_DEPENDENT_SHAPE_REPRESENTATION(#1997,#1999);
#1997 = ( REPRESENTATION_RELATIONSHIP('','',#1978,#112) 
REPRESENTATION_RELATIONSHIP_WITH_TRANSFORMATION(#1998) 
SHAPE_REPRESENTATION_RELATIONSHIP() );
#1998 = ITEM_DEFINED_TRANSFORMATION('','',#11,#165);
#1999 = PRODUCT_DEFINITION_SHAPE('Placement','Placement of an item',
  #2000);
#2000 = NEXT_ASSEMBLY_USAGE_OCCURRENCE('1577','F1','',#107,#1973,$);
#2001 = PRODUCT_RELATED_PRODUCT_CATEGORY('part',$,(#1975));
#2002 = SHAPE_DEFINITION_REPRESENTATION(#2003,#2009);
#2003 = PRODUCT_DEFINITION_SHAPE('','',#2004);
#2004 = PRODUCT_DEFINITION('design','',#2005,#2008);
#2005 = PRODUCT_DEFINITION_FORMATION('','',#2006);
#2006 = PRODUCT('E1','E1','',(#2007));
#2007 = PRODUCT_CONTEXT('',#2,'mechanical');
#2008 = PRODUCT_DEFINITION_CONTEXT('part definition',#2,'design');
#2009 = ADVANCED_BREP_SHAPE_REPRESENTATION('',(#11,#2010),#2022);
#2010 = MANIFOLD_SOLID_BREP('',#2011);
#2011 = CLOSED_SHELL('',(#2012));
#2012 = ADVANCED_FACE('',(#2013),#2017,.T.);
#2013 = FACE_BOUND('',#2014,.T.);
#2014 = VERTEX_LOOP('',#2015);
#2015 = VERTEX_POINT('',#2016);
#2016 = CARTESIAN_POINT('',(0.,0.,-0.175));
#2017 = SPHERICAL_SURFACE('',#2018,0.175);
#2018 = AXIS2_PLACEMENT_3D('',#2019,#2020,#2021);
#2019 = CARTESIAN_POINT('',(0.,0.,0.));
#2020 = DIRECTION('',(0.,0.,1.));
#2021 = DIRECTION('',(1.,0.,-0.));
#2022 = ( GEOMETRIC_REPRESENTATION_CONTEXT(3) 
GLOBAL_UNCERTAINTY_ASSIGNED_CONTEXT((#2026)) 
GLOBAL_UNIT_ASSIGNED_CONTEXT((#2023,#2024,#2025)) REPRESENTATION_CONTEXT
('Context #1','3D Context with UNIT and UNCERTAINTY') );
#2023 = ( LENGTH_UNIT() NAMED_UNIT(*) SI_UNIT(.MILLI.,.METRE.) );
#2024 = ( NAMED_UNIT(*) PLANE_ANGLE_UNIT() SI_UNIT($,.RADIAN.) );
#2025 = ( NAMED_UNIT(*) SI_UNIT($,.STERADIAN.) SOLID_ANGLE_UNIT() );
#2026 = UNCERTAINTY_MEASURE_WITH_UNIT(LENGTH_MEASURE(1.E-07),#2023,
  'distance_accuracy_value','confusion accuracy');
#2027 = CONTEXT_DEPENDENT_SHAPE_REPRESENTATION(#2028,#2030);
#2028 = ( REPRESENTATION_RELATIONSHIP('','',#2009,#112) 
REPRESENTATION_RELATIONSHIP_WITH_TRANSFORMATION(#2029) 
SHAPE_REPRESENTATION_RELATIONSHIP() );
#2029 = ITEM_DEFINED_TRANSFORMATION('','',#11,#169);
#2030 = PRODUCT_DEFINITION_SHAPE('Placement','Placement of an item',
  #2031);
#2031 = NEXT_ASSEMBLY_USAGE_OCCURRENCE('1578','E1','',#107,#2004,$);
#2032 = PRODUCT_RELATED_PRODUCT_CATEGORY('part',$,(#2006));
#2033 = SHAPE_DEFINITION_REPRESENTATION(#2034,#2040);
#2034 = PRODUCT_DEFINITION_SHAPE('','',#2035);
#2035 = PRODUCT_DEFINITION('design','',#2036,#2039);
#2036 = PRODUCT_DEFINITION_FORMATION('','',#2037);
#2037 = PRODUCT('D1','D1','',(#2038));
#2038 = PRODUCT_CONTEXT('',#2,'mechanical');
#2039 = PRODUCT_DEFINITION_CONTEXT('part definition',#2,'design');
#2040 = ADVANCED_BREP_SHAPE_REPRESENTATION('',(#11,#2041),#2053);
#2041 = MANIFOLD_SOLID_BREP('',#2042);
#2042 = CLOSED_SHELL('',(#2043));
#2043 = ADVANCED_FACE('',(#2044),#2048,.T.);
#2044 = FACE_BOUND('',#2045,.T.);
#2045 = VERTEX_LOOP('',#2046);
#2046 = VERTEX_POINT('',#2047);
#2047 = CARTESIAN_POINT('',(0.,0.,-0.175));
#2048 = SPHERICAL_SURFACE('',#2049,0.175);
#2049 = AXIS2_PLACEMENT_3D('',#2050,#2051,#2052);
#2050 = CARTESIAN_POINT('',(0.,0.,0.));
#2051 = DIRECTION('',(0.,0.,1.));
#2052 = DIRECTION('',(1.,0.,-0.));
#2053 = ( GEOMETRIC_REPRESENTATION_CONTEXT(3) 
GLOBAL_UNCERTAINTY_ASSIGNED_CONTEXT((#2057)) 
GLOBAL_UNIT_ASSIGNED_CONTEXT((#2054,#2055,#2056)) REPRESENTATION_CONTEXT
('Context #1','3D Context with UNIT and UNCERTAINTY') );
#2054 = ( LENGTH_UNIT() NAMED_UNIT(*) SI_UNIT(.MILLI.,.METRE.) );
#2055 = ( NAMED_UNIT(*) PLANE_ANGLE_UNIT() SI_UNIT($,.RADIAN.) );
#2056 = ( NAMED_UNIT(*) SI_UNIT($,.STERADIAN.) SOLID_ANGLE_UNIT() );
#2057 = UNCERTAINTY_MEASURE_WITH_UNIT(LENGTH_MEASURE(1.E-07),#2054,
  'distance_accuracy_value','confusion accuracy');
#2058 = CONTEXT_DEPENDENT_SHAPE_REPRESENTATION(#2059,#2061);
#2059 = ( REPRESENTATION_RELATIONSHIP('','',#2040,#112) 
REPRESENTATION_RELATIONSHIP_WITH_TRANSFORMATION(#2060) 
SHAPE_REPRESENTATION_RELATIONSHIP() );
#2060 = ITEM_DEFINED_TRANSFORMATION('','',#11,#173);
#2061 = PRODUCT_DEFINITION_SHAPE('Placement','Placement of an item',
  #2062);
#2062 = NEXT_ASSEMBLY_USAGE_OCCURRENCE('1579','D1','',#107,#2035,$);
#2063 = PRODUCT_RELATED_PRODUCT_CATEGORY('part',$,(#2037));
#2064 = SHAPE_DEFINITION_REPRESENTATION(#2065,#2071);
#2065 = PRODUCT_DEFINITION_SHAPE('','',#2066);
#2066 = PRODUCT_DEFINITION('design','',#2067,#2070);
#2067 = PRODUCT_DEFINITION_FORMATION('','',#2068);
#2068 = PRODUCT('C1','C1','',(#2069));
#2069 = PRODUCT_CONTEXT('',#2,'mechanical');
#2070 = PRODUCT_DEFINITION_CONTEXT('part definition',#2,'design');
#2071 = ADVANCED_BREP_SHAPE_REPRESENTATION('',(#11,#2072),#2084);
#2072 = MANIFOLD_SOLID_BREP('',#2073);
#2073 = CLOSED_SHELL('',(#2074));
#2074 = ADVANCED_FACE('',(#2075),#2079,.T.);
#2075 = FACE_BOUND('',#2076,.T.);
#2076 = VERTEX_LOOP('',#2077);
#2077 = VERTEX_POINT('',#2078);
#2078 = CARTESIAN_POINT('',(0.,0.,-0.175));
#2079 = SPHERICAL_SURFACE('',#2080,0.175);
#2080 = AXIS2_PLACEMENT_3D('',#2081,#2082,#2083);
#2081 = CARTESIAN_POINT('',(0.,0.,0.));
#2082 = DIRECTION('',(0.,0.,1.));
#2083 = DIRECTION('',(1.,0.,-0.));
#2084 = ( GEOMETRIC_REPRESENTATION_CONTEXT(3) 
GLOBAL_UNCERTAINTY_ASSIGNED_CONTEXT((#2088)) 
GLOBAL_UNIT_ASSIGNED_CONTEXT((#2085,#2086,#2087)) REPRESENTATION_CONTEXT
('Context #1','3D Context with UNIT and UNCERTAINTY') );
#2085 = ( LENGTH_UNIT() NAMED_UNIT(*) SI_UNIT(.MILLI.,.METRE.) );
#2086 = ( NAMED_UNIT(*) PLANE_ANGLE_UNIT() SI_UNIT($,.RADIAN.) );
#2087 = ( NAMED_UNIT(*) SI_UNIT($,.STERADIAN.) SOLID_ANGLE_UNIT() );
#2088 = UNCERTAINTY_MEASURE_WITH_UNIT(LENGTH_MEASURE(1.E-07),#2085,
  'distance_accuracy_value','confusion accuracy');
#2089 = CONTEXT_DEPENDENT_SHAPE_REPRESENTATION(#2090,#2092);
#2090 = ( REPRESENTATION_RELATIONSHIP('','',#2071,#112) 
REPRESENTATION_RELATIONSHIP_WITH_TRANSFORMATION(#2091) 
SHAPE_REPRESENTATION_RELATIONSHIP() );
#2091 = ITEM_DEFINED_TRANSFORMATION('','',#11,#177);
#2092 = PRODUCT_DEFINITION_SHAPE('Placement','Placement of an item',
  #2093);
#2093 = NEXT_ASSEMBLY_USAGE_OCCURRENCE('1580','C1','',#107,#2066,$);
#2094 = PRODUCT_RELATED_PRODUCT_CATEGORY('part',$,(#2068));
#2095 = SHAPE_DEFINITION_REPRESENTATION(#2096,#2102);
#2096 = PRODUCT_DEFINITION_SHAPE('','',#2097);
#2097 = PRODUCT_DEFINITION('design','',#2098,#2101);
#2098 = PRODUCT_DEFINITION_FORMATION('','',#2099);
#2099 = PRODUCT('B1','B1','',(#2100));
#2100 = PRODUCT_CONTEXT('',#2,'mechanical');
#2101 = PRODUCT_DEFINITION_CONTEXT('part definition',#2,'design');
#2102 = ADVANCED_BREP_SHAPE_REPRESENTATION('',(#11,#2103),#2115);
#2103 = MANIFOLD_SOLID_BREP('',#2104);
#2104 = CLOSED_SHELL('',(#2105));
#2105 = ADVANCED_FACE('',(#2106),#2110,.T.);
#2106 = FACE_BOUND('',#2107,.T.);
#2107 = VERTEX_LOOP('',#2108);
#2108 = VERTEX_POINT('',#2109);
#2109 = CARTESIAN_POINT('',(0.,0.,-0.175));
#2110 = SPHERICAL_SURFACE('',#2111,0.175);
#2111 = AXIS2_PLACEMENT_3D('',#2112,#2113,#2114);
#2112 = CARTESIAN_POINT('',(0.,0.,0.));
#2113 = DIRECTION('',(0.,0.,1.));
#2114 = DIRECTION('',(1.,0.,-0.));
#2115 = ( GEOMETRIC_REPRESENTATION_CONTEXT(3) 
GLOBAL_UNCERTAINTY_ASSIGNED_CONTEXT((#2119)) 
GLOBAL_UNIT_ASSIGNED_CONTEXT((#2116,#2117,#2118)) REPRESENTATION_CONTEXT
('Context #1','3D Context with UNIT and UNCERTAINTY') );
#2116 = ( LENGTH_UNIT() NAMED_UNIT(*) SI_UNIT(.MILLI.,.METRE.) );
#2117 = ( NAMED_UNIT(*) PLANE_ANGLE_UNIT() SI_UNIT($,.RADIAN.) );
#2118 = ( NAMED_UNIT(*) SI_UNIT($,.STERADIAN.) SOLID_ANGLE_UNIT() );
#2119 = UNCERTAINTY_MEASURE_WITH_UNIT(LENGTH_MEASURE(1.E-07),#2116,
  'distance_accuracy_value','confusion accuracy');
#2120 = CONTEXT_DEPENDENT_SHAPE_REPRESENTATION(#2121,#2123);
#2121 = ( REPRESENTATION_RELATIONSHIP('','',#2102,#112) 
REPRESENTATION_RELATIONSHIP_WITH_TRANSFORMATION(#2122) 
SHAPE_REPRESENTATION_RELATIONSHIP() );
#2122 = ITEM_DEFINED_TRANSFORMATION('','',#11,#181);
#2123 = PRODUCT_DEFINITION_SHAPE('Placement','Placement of an item',
  #2124);
#2124 = NEXT_ASSEMBLY_USAGE_OCCURRENCE('1581','B1','',#107,#2097,$);
#2125 = PRODUCT_RELATED_PRODUCT_CATEGORY('part',$,(#2099));
#2126 = SHAPE_DEFINITION_REPRESENTATION(#2127,#2133);
#2127 = PRODUCT_DEFINITION_SHAPE('','',#2128);
#2128 = PRODUCT_DEFINITION('design','',#2129,#2132);
#2129 = PRODUCT_DEFINITION_FORMATION('','',#2130);
#2130 = PRODUCT('A1','A1','',(#2131));
#2131 = PRODUCT_CONTEXT('',#2,'mechanical');
#2132 = PRODUCT_DEFINITION_CONTEXT('part definition',#2,'design');
#2133 = ADVANCED_BREP_SHAPE_REPRESENTATION('',(#11,#2134),#2146);
#2134 = MANIFOLD_SOLID_BREP('',#2135);
#2135 = CLOSED_SHELL('',(#2136));
#2136 = ADVANCED_FACE('',(#2137),#2141,.T.);
#2137 = FACE_BOUND('',#2138,.T.);
#2138 = VERTEX_LOOP('',#2139);
#2139 = VERTEX_POINT('',#2140);
#2140 = CARTESIAN_POINT('',(0.,0.,-0.175));
#2141 = SPHERICAL_SURFACE('',#2142,0.175);
#2142 = AXIS2_PLACEMENT_3D('',#2143,#2144,#2145);
#2143 = CARTESIAN_POINT('',(0.,0.,0.));
#2144 = DIRECTION('',(0.,0.,1.));
#2145 = DIRECTION('',(1.,0.,-0.));
#2146 = ( GEOMETRIC_REPRESENTATION_CONTEXT(3) 
GLOBAL_UNCERTAINTY_ASSIGNED_CONTEXT((#2150)) 
GLOBAL_UNIT_ASSIGNED_CONTEXT((#2147,#2148,#2149)) REPRESENTATION_CONTEXT
('Context #1','3D Context with UNIT and UNCERTAINTY') );
#2147 = ( LENGTH_UNIT() NAMED_UNIT(*) SI_UNIT(.MILLI.,.METRE.) );
#2148 = ( NAMED_UNIT(*) PLANE_ANGLE_UNIT() SI_UNIT($,.RADIAN.) );
#2149 = ( NAMED_UNIT(*) SI_UNIT($,.STERADIAN.) SOLID_ANGLE_UNIT() );
#2150 = UNCERTAINTY_MEASURE_WITH_UNIT(LENGTH_MEASURE(1.E-07),#2147,
  'distance_accuracy_value','confusion accuracy');
#2151 = CONTEXT_DEPENDENT_SHAPE_REPRESENTATION(#2152,#2154);
#2152 = ( REPRESENTATION_RELATIONSHIP('','',#2133,#112) 
REPRESENTATION_RELATIONSHIP_WITH_TRANSFORMATION(#2153) 
SHAPE_REPRESENTATION_RELATIONSHIP() );
#2153 = ITEM_DEFINED_TRANSFORMATION('','',#11,#185);
#2154 = PRODUCT_DEFINITION_SHAPE('Placement','Placement of an item',
  #2155);
#2155 = NEXT_ASSEMBLY_USAGE_OCCURRENCE('1582','A1','',#107,#2128,$);
#2156 = PRODUCT_RELATED_PRODUCT_CATEGORY('part',$,(#2130));
#2157 = SHAPE_DEFINITION_REPRESENTATION(#2158,#2164);
#2158 = PRODUCT_DEFINITION_SHAPE('','',#2159);
#2159 = PRODUCT_DEFINITION('design','',#2160,#2163);
#2160 = PRODUCT_DEFINITION_FORMATION('','',#2161);
#2161 = PRODUCT('W2','W2','',(#2162));
#2162 = PRODUCT_CONTEXT('',#2,'mechanical');
#2163 = PRODUCT_DEFINITION_CONTEXT('part definition',#2,'design');
#2164 = ADVANCED_BREP_SHAPE_REPRESENTATION('',(#11,#2165),#2177);
#2165 = MANIFOLD_SOLID_BREP('',#2166);
#2166 = CLOSED_SHELL('',(#2167));
#2167 = ADVANCED_FACE('',(#2168),#2172,.T.);
#2168 = FACE_BOUND('',#2169,.T.);
#2169 = VERTEX_LOOP('',#2170);
#2170 = VERTEX_POINT('',#2171);
#2171 = CARTESIAN_POINT('',(0.,0.,-0.175));
#2172 = SPHERICAL_SURFACE('',#2173,0.175);
#2173 = AXIS2_PLACEMENT_3D('',#2174,#2175,#2176);
#2174 = CARTESIAN_POINT('',(0.,0.,0.));
#2175 = DIRECTION('',(0.,0.,1.));
#2176 = DIRECTION('',(1.,0.,-0.));
#2177 = ( GEOMETRIC_REPRESENTATION_CONTEXT(3) 
GLOBAL_UNCERTAINTY_ASSIGNED_CONTEXT((#2181)) 
GLOBAL_UNIT_ASSIGNED_CONTEXT((#2178,#2179,#2180)) REPRESENTATION_CONTEXT
('Context #1','3D Context with UNIT and UNCERTAINTY') );
#2178 = ( LENGTH_UNIT() NAMED_UNIT(*) SI_UNIT(.MILLI.,.METRE.) );
#2179 = ( NAMED_UNIT(*) PLANE_ANGLE_UNIT() SI_UNIT($,.RADIAN.) );
#2180 = ( NAMED_UNIT(*) SI_UNIT($,.STERADIAN.) SOLID_ANGLE_UNIT() );
#2181 = UNCERTAINTY_MEASURE_WITH_UNIT(LENGTH_MEASURE(1.E-07),#2178,
  'distance_accuracy_value','confusion accuracy');
#2182 = CONTEXT_DEPENDENT_SHAPE_REPRESENTATION(#2183,#2185);
#2183 = ( REPRESENTATION_RELATIONSHIP('','',#2164,#112) 
REPRESENTATION_RELATIONSHIP_WITH_TRANSFORMATION(#2184) 
SHAPE_REPRESENTATION_RELATIONSHIP() );
#2184 = ITEM_DEFINED_TRANSFORMATION('','',#11,#189);
#2185 = PRODUCT_DEFINITION_SHAPE('Placement','Placement of an item',
  #2186);
#2186 = NEXT_ASSEMBLY_USAGE_OCCURRENCE('1583','W2','',#107,#2159,$);
#2187 = PRODUCT_RELATED_PRODUCT_CATEGORY('part',$,(#2161));
#2188 = SHAPE_DEFINITION_REPRESENTATION(#2189,#2195);
#2189 = PRODUCT_DEFINITION_SHAPE('','',#2190);
#2190 = PRODUCT_DEFINITION('design','',#2191,#2194);
#2191 = PRODUCT_DEFINITION_FORMATION('','',#2192);
#2192 = PRODUCT('V2','V2','',(#2193));
#2193 = PRODUCT_CONTEXT('',#2,'mechanical');
#2194 = PRODUCT_DEFINITION_CONTEXT('part definition',#2,'design');
#2195 = ADVANCED_BREP_SHAPE_REPRESENTATION('',(#11,#2196),#2208);
#2196 = MANIFOLD_SOLID_BREP('',#2197);
#2197 = CLOSED_SHELL('',(#2198));
#2198 = ADVANCED_FACE('',(#2199),#2203,.T.);
#2199 = FACE_BOUND('',#2200,.T.);
#2200 = VERTEX_LOOP('',#2201);
#2201 = VERTEX_POINT('',#2202);
#2202 = CARTESIAN_POINT('',(0.,0.,-0.175));
#2203 = SPHERICAL_SURFACE('',#2204,0.175);
#2204 = AXIS2_PLACEMENT_3D('',#2205,#2206,#2207);
#2205 = CARTESIAN_POINT('',(0.,0.,0.));
#2206 = DIRECTION('',(0.,0.,1.));
#2207 = DIRECTION('',(1.,0.,-0.));
#2208 = ( GEOMETRIC_REPRESENTATION_CONTEXT(3) 
GLOBAL_UNCERTAINTY_ASSIGNED_CONTEXT((#2212)) 
GLOBAL_UNIT_ASSIGNED_CONTEXT((#2209,#2210,#2211)) REPRESENTATION_CONTEXT
('Context #1','3D Context with UNIT and UNCERTAINTY') );
#2209 = ( LENGTH_UNIT() NAMED_UNIT(*) SI_UNIT(.MILLI.,.METRE.) );
#2210 = ( NAMED_UNIT(*) PLANE_ANGLE_UNIT() SI_UNIT($,.RADIAN.) );
#2211 = ( NAMED_UNIT(*) SI_UNIT($,.STERADIAN.) SOLID_ANGLE_UNIT() );
#2212 = UNCERTAINTY_MEASURE_WITH_UNIT(LENGTH_MEASURE(1.E-07),#2209,
  'distance_accuracy_value','confusion accuracy');
#2213 = CONTEXT_DEPENDENT_SHAPE_REPRESENTATION(#2214,#2216);
#2214 = ( REPRESENTATION_RELATIONSHIP('','',#2195,#112) 
REPRESENTATION_RELATIONSHIP_WITH_TRANSFORMATION(#2215) 
SHAPE_REPRESENTATION_RELATIONSHIP() );
#2215 = ITEM_DEFINED_TRANSFORMATION('','',#11,#193);
#2216 = PRODUCT_DEFINITION_SHAPE('Placement','Placement of an item',
  #2217);
#2217 = NEXT_ASSEMBLY_USAGE_OCCURRENCE('1584','V2','',#107,#2190,$);
#2218 = PRODUCT_RELATED_PRODUCT_CATEGORY('part',$,(#2192));
#2219 = SHAPE_DEFINITION_REPRESENTATION(#2220,#2226);
#2220 = PRODUCT_DEFINITION_SHAPE('','',#2221);
#2221 = PRODUCT_DEFINITION('design','',#2222,#2225);
#2222 = PRODUCT_DEFINITION_FORMATION('','',#2223);
#2223 = PRODUCT('U2','U2','',(#2224));
#2224 = PRODUCT_CONTEXT('',#2,'mechanical');
#2225 = PRODUCT_DEFINITION_CONTEXT('part definition',#2,'design');
#2226 = ADVANCED_BREP_SHAPE_REPRESENTATION('',(#11,#2227),#2239);
#2227 = MANIFOLD_SOLID_BREP('',#2228);
#2228 = CLOSED_SHELL('',(#2229));
#2229 = ADVANCED_FACE('',(#2230),#2234,.T.);
#2230 = FACE_BOUND('',#2231,.T.);
#2231 = VERTEX_LOOP('',#2232);
#2232 = VERTEX_POINT('',#2233);
#2233 = CARTESIAN_POINT('',(0.,0.,-0.175));
#2234 = SPHERICAL_SURFACE('',#2235,0.175);
#2235 = AXIS2_PLACEMENT_3D('',#2236,#2237,#2238);
#2236 = CARTESIAN_POINT('',(0.,0.,0.));
#2237 = DIRECTION('',(0.,0.,1.));
#2238 = DIRECTION('',(1.,0.,-0.));
#2239 = ( GEOMETRIC_REPRESENTATION_CONTEXT(3) 
GLOBAL_UNCERTAINTY_ASSIGNED_CONTEXT((#2243)) 
GLOBAL_UNIT_ASSIGNED_CONTEXT((#2240,#2241,#2242)) REPRESENTATION_CONTEXT
('Context #1','3D Context with UNIT and UNCERTAINTY') );
#2240 = ( LENGTH_UNIT() NAMED_UNIT(*) SI_UNIT(.MILLI.,.METRE.) );
#2241 = ( NAMED_UNIT(*) PLANE_ANGLE_UNIT() SI_UNIT($,.RADIAN.) );
#2242 = ( NAMED_UNIT(*) SI_UNIT($,.STERADIAN.) SOLID_ANGLE_UNIT() );
#2243 = UNCERTAINTY_MEASURE_WITH_UNIT(LENGTH_MEASURE(1.E-07),#2240,
  'distance_accuracy_value','confusion accuracy');
#2244 = CONTEXT_DEPENDENT_SHAPE_REPRESENTATION(#2245,#2247);
#2245 = ( REPRESENTATION_RELATIONSHIP('','',#2226,#112) 
REPRESENTATION_RELATIONSHIP_WITH_TRANSFORMATION(#2246) 
SHAPE_REPRESENTATION_RELATIONSHIP() );
#2246 = ITEM_DEFINED_TRANSFORMATION('','',#11,#197);
#2247 = PRODUCT_DEFINITION_SHAPE('Placement','Placement of an item',
  #2248);
#2248 = NEXT_ASSEMBLY_USAGE_OCCURRENCE('1585','U2','',#107,#2221,$);
#2249 = PRODUCT_RELATED_PRODUCT_CATEGORY('part',$,(#2223));
#2250 = SHAPE_DEFINITION_REPRESENTATION(#2251,#2257);
#2251 = PRODUCT_DEFINITION_SHAPE('','',#2252);
#2252 = PRODUCT_DEFINITION('design','',#2253,#2256);
#2253 = PRODUCT_DEFINITION_FORMATION('','',#2254);
#2254 = PRODUCT('T2','T2','',(#2255));
#2255 = PRODUCT_CONTEXT('',#2,'mechanical');
#2256 = PRODUCT_DEFINITION_CONTEXT('part definition',#2,'design');
#2257 = ADVANCED_BREP_SHAPE_REPRESENTATION('',(#11,#2258),#2270);
#2258 = MANIFOLD_SOLID_BREP('',#2259);
#2259 = CLOSED_SHELL('',(#2260));
#2260 = ADVANCED_FACE('',(#2261),#2265,.T.);
#2261 = FACE_BOUND('',#2262,.T.);
#2262 = VERTEX_LOOP('',#2263);
#2263 = VERTEX_POINT('',#2264);
#2264 = CARTESIAN_POINT('',(0.,0.,-0.175));
#2265 = SPHERICAL_SURFACE('',#2266,0.175);
#2266 = AXIS2_PLACEMENT_3D('',#2267,#2268,#2269);
#2267 = CARTESIAN_POINT('',(0.,0.,0.));
#2268 = DIRECTION('',(0.,0.,1.));
#2269 = DIRECTION('',(1.,0.,-0.));
#2270 = ( GEOMETRIC_REPRESENTATION_CONTEXT(3) 
GLOBAL_UNCERTAINTY_ASSIGNED_CONTEXT((#2274)) 
GLOBAL_UNIT_ASSIGNED_CONTEXT((#2271,#2272,#2273)) REPRESENTATION_CONTEXT
('Context #1','3D Context with UNIT and UNCERTAINTY') );
#2271 = ( LENGTH_UNIT() NAMED_UNIT(*) SI_UNIT(.MILLI.,.METRE.) );
#2272 = ( NAMED_UNIT(*) PLANE_ANGLE_UNIT() SI_UNIT($,.RADIAN.) );
#2273 = ( NAMED_UNIT(*) SI_UNIT($,.STERADIAN.) SOLID_ANGLE_UNIT() );
#2274 = UNCERTAINTY_MEASURE_WITH_UNIT(LENGTH_MEASURE(1.E-07),#2271,
  'distance_accuracy_value','confusion accuracy');
#2275 = CONTEXT_DEPENDENT_SHAPE_REPRESENTATION(#2276,#2278);
#2276 = ( REPRESENTATION_RELATIONSHIP('','',#2257,#112) 
REPRESENTATION_RELATIONSHIP_WITH_TRANSFORMATION(#2277) 
SHAPE_REPRESENTATION_RELATIONSHIP() );
#2277 = ITEM_DEFINED_TRANSFORMATION('','',#11,#201);
#2278 = PRODUCT_DEFINITION_SHAPE('Placement','Placement of an item',
  #2279);
#2279 = NEXT_ASSEMBLY_USAGE_OCCURRENCE('1586','T2','',#107,#2252,$);
#2280 = PRODUCT_RELATED_PRODUCT_CATEGORY('part',$,(#2254));
#2281 = SHAPE_DEFINITION_REPRESENTATION(#2282,#2288);
#2282 = PRODUCT_DEFINITION_SHAPE('','',#2283);
#2283 = PRODUCT_DEFINITION('design','',#2284,#2287);
#2284 = PRODUCT_DEFINITION_FORMATION('','',#2285);
#2285 = PRODUCT('R2','R2','',(#2286));
#2286 = PRODUCT_CONTEXT('',#2,'mechanical');
#2287 = PRODUCT_DEFINITION_CONTEXT('part definition',#2,'design');
#2288 = ADVANCED_BREP_SHAPE_REPRESENTATION('',(#11,#2289),#2301);
#2289 = MANIFOLD_SOLID_BREP('',#2290);
#2290 = CLOSED_SHELL('',(#2291));
#2291 = ADVANCED_FACE('',(#2292),#2296,.T.);
#2292 = FACE_BOUND('',#2293,.T.);
#2293 = VERTEX_LOOP('',#2294);
#2294 = VERTEX_POINT('',#2295);
#2295 = CARTESIAN_POINT('',(0.,0.,-0.175));
#2296 = SPHERICAL_SURFACE('',#2297,0.175);
#2297 = AXIS2_PLACEMENT_3D('',#2298,#2299,#2300);
#2298 = CARTESIAN_POINT('',(0.,0.,0.));
#2299 = DIRECTION('',(0.,0.,1.));
#2300 = DIRECTION('',(1.,0.,-0.));
#2301 = ( GEOMETRIC_REPRESENTATION_CONTEXT(3) 
GLOBAL_UNCERTAINTY_ASSIGNED_CONTEXT((#2305)) 
GLOBAL_UNIT_ASSIGNED_CONTEXT((#2302,#2303,#2304)) REPRESENTATION_CONTEXT
('Context #1','3D Context with UNIT and UNCERTAINTY') );
#2302 = ( LENGTH_UNIT() NAMED_UNIT(*) SI_UNIT(.MILLI.,.METRE.) );
#2303 = ( NAMED_UNIT(*) PLANE_ANGLE_UNIT() SI_UNIT($,.RADIAN.) );
#2304 = ( NAMED_UNIT(*) SI_UNIT($,.STERADIAN.) SOLID_ANGLE_UNIT() );
#2305 = UNCERTAINTY_MEASURE_WITH_UNIT(LENGTH_MEASURE(1.E-07),#2302,
  'distance_accuracy_value','confusion accuracy');
#2306 = CONTEXT_DEPENDENT_SHAPE_REPRESENTATION(#2307,#2309);
#2307 = ( REPRESENTATION_RELATIONSHIP('','',#2288,#112) 
REPRESENTATION_RELATIONSHIP_WITH_TRANSFORMATION(#2308) 
SHAPE_REPRESENTATION_RELATIONSHIP() );
#2308 = ITEM_DEFINED_TRANSFORMATION('','',#11,#205);
#2309 = PRODUCT_DEFINITION_SHAPE('Placement','Placement of an item',
  #2310);
#2310 = NEXT_ASSEMBLY_USAGE_OCCURRENCE('1587','R2','',#107,#2283,$);
#2311 = PRODUCT_RELATED_PRODUCT_CATEGORY('part',$,(#2285));
#2312 = SHAPE_DEFINITION_REPRESENTATION(#2313,#2319);
#2313 = PRODUCT_DEFINITION_SHAPE('','',#2314);
#2314 = PRODUCT_DEFINITION('design','',#2315,#2318);
#2315 = PRODUCT_DEFINITION_FORMATION('','',#2316);
#2316 = PRODUCT('P2','P2','',(#2317));
#2317 = PRODUCT_CONTEXT('',#2,'mechanical');
#2318 = PRODUCT_DEFINITION_CONTEXT('part definition',#2,'design');
#2319 = ADVANCED_BREP_SHAPE_REPRESENTATION('',(#11,#2320),#2332);
#2320 = MANIFOLD_SOLID_BREP('',#2321);
#2321 = CLOSED_SHELL('',(#2322));
#2322 = ADVANCED_FACE('',(#2323),#2327,.T.);
#2323 = FACE_BOUND('',#2324,.T.);
#2324 = VERTEX_LOOP('',#2325);
#2325 = VERTEX_POINT('',#2326);
#2326 = CARTESIAN_POINT('',(0.,0.,-0.175));
#2327 = SPHERICAL_SURFACE('',#2328,0.175);
#2328 = AXIS2_PLACEMENT_3D('',#2329,#2330,#2331);
#2329 = CARTESIAN_POINT('',(0.,0.,0.));
#2330 = DIRECTION('',(0.,0.,1.));
#2331 = DIRECTION('',(1.,0.,-0.));
#2332 = ( GEOMETRIC_REPRESENTATION_CONTEXT(3) 
GLOBAL_UNCERTAINTY_ASSIGNED_CONTEXT((#2336)) 
GLOBAL_UNIT_ASSIGNED_CONTEXT((#2333,#2334,#2335)) REPRESENTATION_CONTEXT
('Context #1','3D Context with UNIT and UNCERTAINTY') );
#2333 = ( LENGTH_UNIT() NAMED_UNIT(*) SI_UNIT(.MILLI.,.METRE.) );
#2334 = ( NAMED_UNIT(*) PLANE_ANGLE_UNIT() SI_UNIT($,.RADIAN.) );
#2335 = ( NAMED_UNIT(*) SI_UNIT($,.STERADIAN.) SOLID_ANGLE_UNIT() );
#2336 = UNCERTAINTY_MEASURE_WITH_UNIT(LENGTH_MEASURE(1.E-07),#2333,
  'distance_accuracy_value','confusion accuracy');
#2337 = CONTEXT_DEPENDENT_SHAPE_REPRESENTATION(#2338,#2340);
#2338 = ( REPRESENTATION_RELATIONSHIP('','',#2319,#112) 
REPRESENTATION_RELATIONSHIP_WITH_TRANSFORMATION(#2339) 
SHAPE_REPRESENTATION_RELATIONSHIP() );
#2339 = ITEM_DEFINED_TRANSFORMATION('','',#11,#209);
#2340 = PRODUCT_DEFINITION_SHAPE('Placement','Placement of an item',
  #2341);
#2341 = NEXT_ASSEMBLY_USAGE_OCCURRENCE('1588','P2','',#107,#2314,$);
#2342 = PRODUCT_RELATED_PRODUCT_CATEGORY('part',$,(#2316));
#2343 = SHAPE_DEFINITION_REPRESENTATION(#2344,#2350);
#2344 = PRODUCT_DEFINITION_SHAPE('','',#2345);
#2345 = PRODUCT_DEFINITION('design','',#2346,#2349);
#2346 = PRODUCT_DEFINITION_FORMATION('','',#2347);
#2347 = PRODUCT('N2','N2','',(#2348));
#2348 = PRODUCT_CONTEXT('',#2,'mechanical');
#2349 = PRODUCT_DEFINITION_CONTEXT('part definition',#2,'design');
#2350 = ADVANCED_BREP_SHAPE_REPRESENTATION('',(#11,#2351),#2363);
#2351 = MANIFOLD_SOLID_BREP('',#2352);
#2352 = CLOSED_SHELL('',(#2353));
#2353 = ADVANCED_FACE('',(#2354),#2358,.T.);
#2354 = FACE_BOUND('',#2355,.T.);
#2355 = VERTEX_LOOP('',#2356);
#2356 = VERTEX_POINT('',#2357);
#2357 = CARTESIAN_POINT('',(0.,0.,-0.175));
#2358 = SPHERICAL_SURFACE('',#2359,0.175);
#2359 = AXIS2_PLACEMENT_3D('',#2360,#2361,#2362);
#2360 = CARTESIAN_POINT('',(0.,0.,0.));
#2361 = DIRECTION('',(0.,0.,1.));
#2362 = DIRECTION('',(1.,0.,-0.));
#2363 = ( GEOMETRIC_REPRESENTATION_CONTEXT(3) 
GLOBAL_UNCERTAINTY_ASSIGNED_CONTEXT((#2367)) 
GLOBAL_UNIT_ASSIGNED_CONTEXT((#2364,#2365,#2366)) REPRESENTATION_CONTEXT
('Context #1','3D Context with UNIT and UNCERTAINTY') );
#2364 = ( LENGTH_UNIT() NAMED_UNIT(*) SI_UNIT(.MILLI.,.METRE.) );
#2365 = ( NAMED_UNIT(*) PLANE_ANGLE_UNIT() SI_UNIT($,.RADIAN.) );
#2366 = ( NAMED_UNIT(*) SI_UNIT($,.STERADIAN.) SOLID_ANGLE_UNIT() );
#2367 = UNCERTAINTY_MEASURE_WITH_UNIT(LENGTH_MEASURE(1.E-07),#2364,
  'distance_accuracy_value','confusion accuracy');
#2368 = CONTEXT_DEPENDENT_SHAPE_REPRESENTATION(#2369,#2371);
#2369 = ( REPRESENTATION_RELATIONSHIP('','',#2350,#112) 
REPRESENTATION_RELATIONSHIP_WITH_TRANSFORMATION(#2370) 
SHAPE_REPRESENTATION_RELATIONSHIP() );
#2370 = ITEM_DEFINED_TRANSFORMATION('','',#11,#213);
#2371 = PRODUCT_DEFINITION_SHAPE('Placement','Placement of an item',
  #2372);
#2372 = NEXT_ASSEMBLY_USAGE_OCCURRENCE('1589','N2','',#107,#2345,$);
#2373 = PRODUCT_RELATED_PRODUCT_CATEGORY('part',$,(#2347));
#2374 = SHAPE_DEFINITION_REPRESENTATION(#2375,#2381);
#2375 = PRODUCT_DEFINITION_SHAPE('','',#2376);
#2376 = PRODUCT_DEFINITION('design','',#2377,#2380);
#2377 = PRODUCT_DEFINITION_FORMATION('','',#2378);
#2378 = PRODUCT('M2','M2','',(#2379));
#2379 = PRODUCT_CONTEXT('',#2,'mechanical');
#2380 = PRODUCT_DEFINITION_CONTEXT('part definition',#2,'design');
#2381 = ADVANCED_BREP_SHAPE_REPRESENTATION('',(#11,#2382),#2394);
#2382 = MANIFOLD_SOLID_BREP('',#2383);
#2383 = CLOSED_SHELL('',(#2384));
#2384 = ADVANCED_FACE('',(#2385),#2389,.T.);
#2385 = FACE_BOUND('',#2386,.T.);
#2386 = VERTEX_LOOP('',#2387);
#2387 = VERTEX_POINT('',#2388);
#2388 = CARTESIAN_POINT('',(0.,0.,-0.175));
#2389 = SPHERICAL_SURFACE('',#2390,0.175);
#2390 = AXIS2_PLACEMENT_3D('',#2391,#2392,#2393);
#2391 = CARTESIAN_POINT('',(0.,0.,0.));
#2392 = DIRECTION('',(0.,0.,1.));
#2393 = DIRECTION('',(1.,0.,-0.));
#2394 = ( GEOMETRIC_REPRESENTATION_CONTEXT(3) 
GLOBAL_UNCERTAINTY_ASSIGNED_CONTEXT((#2398)) 
GLOBAL_UNIT_ASSIGNED_CONTEXT((#2395,#2396,#2397)) REPRESENTATION_CONTEXT
('Context #1','3D Context with UNIT and UNCERTAINTY') );
#2395 = ( LENGTH_UNIT() NAMED_UNIT(*) SI_UNIT(.MILLI.,.METRE.) );
#2396 = ( NAMED_UNIT(*) PLANE_ANGLE_UNIT() SI_UNIT($,.RADIAN.) );
#2397 = ( NAMED_UNIT(*) SI_UNIT($,.STERADIAN.) SOLID_ANGLE_UNIT() );
#2398 = UNCERTAINTY_MEASURE_WITH_UNIT(LENGTH_MEASURE(1.E-07),#2395,
  'distance_accuracy_value','confusion accuracy');
#2399 = CONTEXT_DEPENDENT_SHAPE_REPRESENTATION(#2400,#2402);
#2400 = ( REPRESENTATION_RELATIONSHIP('','',#2381,#112) 
REPRESENTATION_RELATIONSHIP_WITH_TRANSFORMATION(#2401) 
SHAPE_REPRESENTATION_RELATIONSHIP() );
#2401 = ITEM_DEFINED_TRANSFORMATION('','',#11,#217);
#2402 = PRODUCT_DEFINITION_SHAPE('Placement','Placement of an item',
  #2403);
#2403 = NEXT_ASSEMBLY_USAGE_OCCURRENCE('1590','M2','',#107,#2376,$);
#2404 = PRODUCT_RELATED_PRODUCT_CATEGORY('part',$,(#2378));
#2405 = SHAPE_DEFINITION_REPRESENTATION(#2406,#2412);
#2406 = PRODUCT_DEFINITION_SHAPE('','',#2407);
#2407 = PRODUCT_DEFINITION('design','',#2408,#2411);
#2408 = PRODUCT_DEFINITION_FORMATION('','',#2409);
#2409 = PRODUCT('L2','L2','',(#2410));
#2410 = PRODUCT_CONTEXT('',#2,'mechanical');
#2411 = PRODUCT_DEFINITION_CONTEXT('part definition',#2,'design');
#2412 = ADVANCED_BREP_SHAPE_REPRESENTATION('',(#11,#2413),#2425);
#2413 = MANIFOLD_SOLID_BREP('',#2414);
#2414 = CLOSED_SHELL('',(#2415));
#2415 = ADVANCED_FACE('',(#2416),#2420,.T.);
#2416 = FACE_BOUND('',#2417,.T.);
#2417 = VERTEX_LOOP('',#2418);
#2418 = VERTEX_POINT('',#2419);
#2419 = CARTESIAN_POINT('',(0.,0.,-0.175));
#2420 = SPHERICAL_SURFACE('',#2421,0.175);
#2421 = AXIS2_PLACEMENT_3D('',#2422,#2423,#2424);
#2422 = CARTESIAN_POINT('',(0.,0.,0.));
#2423 = DIRECTION('',(0.,0.,1.));
#2424 = DIRECTION('',(1.,0.,-0.));
#2425 = ( GEOMETRIC_REPRESENTATION_CONTEXT(3) 
GLOBAL_UNCERTAINTY_ASSIGNED_CONTEXT((#2429)) 
GLOBAL_UNIT_ASSIGNED_CONTEXT((#2426,#2427,#2428)) REPRESENTATION_CONTEXT
('Context #1','3D Context with UNIT and UNCERTAINTY') );
#2426 = ( LENGTH_UNIT() NAMED_UNIT(*) SI_UNIT(.MILLI.,.METRE.) );
#2427 = ( NAMED_UNIT(*) PLANE_ANGLE_UNIT() SI_UNIT($,.RADIAN.) );
#2428 = ( NAMED_UNIT(*) SI_UNIT($,.STERADIAN.) SOLID_ANGLE_UNIT() );
#2429 = UNCERTAINTY_MEASURE_WITH_UNIT(LENGTH_MEASURE(1.E-07),#2426,
  'distance_accuracy_value','confusion accuracy');
#2430 = CONTEXT_DEPENDENT_SHAPE_REPRESENTATION(#2431,#2433);
#2431 = ( REPRESENTATION_RELATIONSHIP('','',#2412,#112) 
REPRESENTATION_RELATIONSHIP_WITH_TRANSFORMATION(#2432) 
SHAPE_REPRESENTATION_RELATIONSHIP() );
#2432 = ITEM_DEFINED_TRANSFORMATION('','',#11,#221);
#2433 = PRODUCT_DEFINITION_SHAPE('Placement','Placement of an item',
  #2434);
#2434 = NEXT_ASSEMBLY_USAGE_OCCURRENCE('1591','L2','',#107,#2407,$);
#2435 = PRODUCT_RELATED_PRODUCT_CATEGORY('part',$,(#2409));
#2436 = SHAPE_DEFINITION_REPRESENTATION(#2437,#2443);
#2437 = PRODUCT_DEFINITION_SHAPE('','',#2438);
#2438 = PRODUCT_DEFINITION('design','',#2439,#2442);
#2439 = PRODUCT_DEFINITION_FORMATION('','',#2440);
#2440 = PRODUCT('K2','K2','',(#2441));
#2441 = PRODUCT_CONTEXT('',#2,'mechanical');
#2442 = PRODUCT_DEFINITION_CONTEXT('part definition',#2,'design');
#2443 = ADVANCED_BREP_SHAPE_REPRESENTATION('',(#11,#2444),#2456);
#2444 = MANIFOLD_SOLID_BREP('',#2445);
#2445 = CLOSED_SHELL('',(#2446));
#2446 = ADVANCED_FACE('',(#2447),#2451,.T.);
#2447 = FACE_BOUND('',#2448,.T.);
#2448 = VERTEX_LOOP('',#2449);
#2449 = VERTEX_POINT('',#2450);
#2450 = CARTESIAN_POINT('',(0.,0.,-0.175));
#2451 = SPHERICAL_SURFACE('',#2452,0.175);
#2452 = AXIS2_PLACEMENT_3D('',#2453,#2454,#2455);
#2453 = CARTESIAN_POINT('',(0.,0.,0.));
#2454 = DIRECTION('',(0.,0.,1.));
#2455 = DIRECTION('',(1.,0.,-0.));
#2456 = ( GEOMETRIC_REPRESENTATION_CONTEXT(3) 
GLOBAL_UNCERTAINTY_ASSIGNED_CONTEXT((#2460)) 
GLOBAL_UNIT_ASSIGNED_CONTEXT((#2457,#2458,#2459)) REPRESENTATION_CONTEXT
('Context #1','3D Context with UNIT and UNCERTAINTY') );
#2457 = ( LENGTH_UNIT() NAMED_UNIT(*) SI_UNIT(.MILLI.,.METRE.) );
#2458 = ( NAMED_UNIT(*) PLANE_ANGLE_UNIT() SI_UNIT($,.RADIAN.) );
#2459 = ( NAMED_UNIT(*) SI_UNIT($,.STERADIAN.) SOLID_ANGLE_UNIT() );
#2460 = UNCERTAINTY_MEASURE_WITH_UNIT(LENGTH_MEASURE(1.E-07),#2457,
  'distance_accuracy_value','confusion accuracy');
#2461 = CONTEXT_DEPENDENT_SHAPE_REPRESENTATION(#2462,#2464);
#2462 = ( REPRESENTATION_RELATIONSHIP('','',#2443,#112) 
REPRESENTATION_RELATIONSHIP_WITH_TRANSFORMATION(#2463) 
SHAPE_REPRESENTATION_RELATIONSHIP() );
#2463 = ITEM_DEFINED_TRANSFORMATION('','',#11,#225);
#2464 = PRODUCT_DEFINITION_SHAPE('Placement','Placement of an item',
  #2465);
#2465 = NEXT_ASSEMBLY_USAGE_OCCURRENCE('1592','K2','',#107,#2438,$);
#2466 = PRODUCT_RELATED_PRODUCT_CATEGORY('part',$,(#2440));
#2467 = SHAPE_DEFINITION_REPRESENTATION(#2468,#2474);
#2468 = PRODUCT_DEFINITION_SHAPE('','',#2469);
#2469 = PRODUCT_DEFINITION('design','',#2470,#2473);
#2470 = PRODUCT_DEFINITION_FORMATION('','',#2471);
#2471 = PRODUCT('J2','J2','',(#2472));
#2472 = PRODUCT_CONTEXT('',#2,'mechanical');
#2473 = PRODUCT_DEFINITION_CONTEXT('part definition',#2,'design');
#2474 = ADVANCED_BREP_SHAPE_REPRESENTATION('',(#11,#2475),#2487);
#2475 = MANIFOLD_SOLID_BREP('',#2476);
#2476 = CLOSED_SHELL('',(#2477));
#2477 = ADVANCED_FACE('',(#2478),#2482,.T.);
#2478 = FACE_BOUND('',#2479,.T.);
#2479 = VERTEX_LOOP('',#2480);
#2480 = VERTEX_POINT('',#2481);
#2481 = CARTESIAN_POINT('',(0.,0.,-0.175));
#2482 = SPHERICAL_SURFACE('',#2483,0.175);
#2483 = AXIS2_PLACEMENT_3D('',#2484,#2485,#2486);
#2484 = CARTESIAN_POINT('',(0.,0.,0.));
#2485 = DIRECTION('',(0.,0.,1.));
#2486 = DIRECTION('',(1.,0.,-0.));
#2487 = ( GEOMETRIC_REPRESENTATION_CONTEXT(3) 
GLOBAL_UNCERTAINTY_ASSIGNED_CONTEXT((#2491)) 
GLOBAL_UNIT_ASSIGNED_CONTEXT((#2488,#2489,#2490)) REPRESENTATION_CONTEXT
('Context #1','3D Context with UNIT and UNCERTAINTY') );
#2488 = ( LENGTH_UNIT() NAMED_UNIT(*) SI_UNIT(.MILLI.,.METRE.) );
#2489 = ( NAMED_UNIT(*) PLANE_ANGLE_UNIT() SI_UNIT($,.RADIAN.) );
#2490 = ( NAMED_UNIT(*) SI_UNIT($,.STERADIAN.) SOLID_ANGLE_UNIT() );
#2491 = UNCERTAINTY_MEASURE_WITH_UNIT(LENGTH_MEASURE(1.E-07),#2488,
  'distance_accuracy_value','confusion accuracy');
#2492 = CONTEXT_DEPENDENT_SHAPE_REPRESENTATION(#2493,#2495);
#2493 = ( REPRESENTATION_RELATIONSHIP('','',#2474,#112) 
REPRESENTATION_RELATIONSHIP_WITH_TRANSFORMATION(#2494) 
SHAPE_REPRESENTATION_RELATIONSHIP() );
#2494 = ITEM_DEFINED_TRANSFORMATION('','',#11,#229);
#2495 = PRODUCT_DEFINITION_SHAPE('Placement','Placement of an item',
  #2496);
#2496 = NEXT_ASSEMBLY_USAGE_OCCURRENCE('1593','J2','',#107,#2469,$);
#2497 = PRODUCT_RELATED_PRODUCT_CATEGORY('part',$,(#2471));
#2498 = SHAPE_DEFINITION_REPRESENTATION(#2499,#2505);
#2499 = PRODUCT_DEFINITION_SHAPE('','',#2500);
#2500 = PRODUCT_DEFINITION('design','',#2501,#2504);
#2501 = PRODUCT_DEFINITION_FORMATION('','',#2502);
#2502 = PRODUCT('H2','H2','',(#2503));
#2503 = PRODUCT_CONTEXT('',#2,'mechanical');
#2504 = PRODUCT_DEFINITION_CONTEXT('part definition',#2,'design');
#2505 = ADVANCED_BREP_SHAPE_REPRESENTATION('',(#11,#2506),#2518);
#2506 = MANIFOLD_SOLID_BREP('',#2507);
#2507 = CLOSED_SHELL('',(#2508));
#2508 = ADVANCED_FACE('',(#2509),#2513,.T.);
#2509 = FACE_BOUND('',#2510,.T.);
#2510 = VERTEX_LOOP('',#2511);
#2511 = VERTEX_POINT('',#2512);
#2512 = CARTESIAN_POINT('',(0.,0.,-0.175));
#2513 = SPHERICAL_SURFACE('',#2514,0.175);
#2514 = AXIS2_PLACEMENT_3D('',#2515,#2516,#2517);
#2515 = CARTESIAN_POINT('',(0.,0.,0.));
#2516 = DIRECTION('',(0.,0.,1.));
#2517 = DIRECTION('',(1.,0.,-0.));
#2518 = ( GEOMETRIC_REPRESENTATION_CONTEXT(3) 
GLOBAL_UNCERTAINTY_ASSIGNED_CONTEXT((#2522)) 
GLOBAL_UNIT_ASSIGNED_CONTEXT((#2519,#2520,#2521)) REPRESENTATION_CONTEXT
('Context #1','3D Context with UNIT and UNCERTAINTY') );
#2519 = ( LENGTH_UNIT() NAMED_UNIT(*) SI_UNIT(.MILLI.,.METRE.) );
#2520 = ( NAMED_UNIT(*) PLANE_ANGLE_UNIT() SI_UNIT($,.RADIAN.) );
#2521 = ( NAMED_UNIT(*) SI_UNIT($,.STERADIAN.) SOLID_ANGLE_UNIT() );
#2522 = UNCERTAINTY_MEASURE_WITH_UNIT(LENGTH_MEASURE(1.E-07),#2519,
  'distance_accuracy_value','confusion accuracy');
#2523 = CONTEXT_DEPENDENT_SHAPE_REPRESENTATION(#2524,#2526);
#2524 = ( REPRESENTATION_RELATIONSHIP('','',#2505,#112) 
REPRESENTATION_RELATIONSHIP_WITH_TRANSFORMATION(#2525) 
SHAPE_REPRESENTATION_RELATIONSHIP() );
#2525 = ITEM_DEFINED_TRANSFORMATION('','',#11,#233);
#2526 = PRODUCT_DEFINITION_SHAPE('Placement','Placement of an item',
  #2527);
#2527 = NEXT_ASSEMBLY_USAGE_OCCURRENCE('1594','H2','',#107,#2500,$);
#2528 = PRODUCT_RELATED_PRODUCT_CATEGORY('part',$,(#2502));
#2529 = SHAPE_DEFINITION_REPRESENTATION(#2530,#2536);
#2530 = PRODUCT_DEFINITION_SHAPE('','',#2531);
#2531 = PRODUCT_DEFINITION('design','',#2532,#2535);
#2532 = PRODUCT_DEFINITION_FORMATION('','',#2533);
#2533 = PRODUCT('G2','G2','',(#2534));
#2534 = PRODUCT_CONTEXT('',#2,'mechanical');
#2535 = PRODUCT_DEFINITION_CONTEXT('part definition',#2,'design');
#2536 = ADVANCED_BREP_SHAPE_REPRESENTATION('',(#11,#2537),#2549);
#2537 = MANIFOLD_SOLID_BREP('',#2538);
#2538 = CLOSED_SHELL('',(#2539));
#2539 = ADVANCED_FACE('',(#2540),#2544,.T.);
#2540 = FACE_BOUND('',#2541,.T.);
#2541 = VERTEX_LOOP('',#2542);
#2542 = VERTEX_POINT('',#2543);
#2543 = CARTESIAN_POINT('',(0.,0.,-0.175));
#2544 = SPHERICAL_SURFACE('',#2545,0.175);
#2545 = AXIS2_PLACEMENT_3D('',#2546,#2547,#2548);
#2546 = CARTESIAN_POINT('',(0.,0.,0.));
#2547 = DIRECTION('',(0.,0.,1.));
#2548 = DIRECTION('',(1.,0.,-0.));
#2549 = ( GEOMETRIC_REPRESENTATION_CONTEXT(3) 
GLOBAL_UNCERTAINTY_ASSIGNED_CONTEXT((#2553)) 
GLOBAL_UNIT_ASSIGNED_CONTEXT((#2550,#2551,#2552)) REPRESENTATION_CONTEXT
('Context #1','3D Context with UNIT and UNCERTAINTY') );
#2550 = ( LENGTH_UNIT() NAMED_UNIT(*) SI_UNIT(.MILLI.,.METRE.) );
#2551 = ( NAMED_UNIT(*) PLANE_ANGLE_UNIT() SI_UNIT($,.RADIAN.) );
#2552 = ( NAMED_UNIT(*) SI_UNIT($,.STERADIAN.) SOLID_ANGLE_UNIT() );
#2553 = UNCERTAINTY_MEASURE_WITH_UNIT(LENGTH_MEASURE(1.E-07),#2550,
  'distance_accuracy_value','confusion accuracy');
#2554 = CONTEXT_DEPENDENT_SHAPE_REPRESENTATION(#2555,#2557);
#2555 = ( REPRESENTATION_RELATIONSHIP('','',#2536,#112) 
REPRESENTATION_RELATIONSHIP_WITH_TRANSFORMATION(#2556) 
SHAPE_REPRESENTATION_RELATIONSHIP() );
#2556 = ITEM_DEFINED_TRANSFORMATION('','',#11,#237);
#2557 = PRODUCT_DEFINITION_SHAPE('Placement','Placement of an item',
  #2558);
#2558 = NEXT_ASSEMBLY_USAGE_OCCURRENCE('1595','G2','',#107,#2531,$);
#2559 = PRODUCT_RELATED_PRODUCT_CATEGORY('part',$,(#2533));
#2560 = SHAPE_DEFINITION_REPRESENTATION(#2561,#2567);
#2561 = PRODUCT_DEFINITION_SHAPE('','',#2562);
#2562 = PRODUCT_DEFINITION('design','',#2563,#2566);
#2563 = PRODUCT_DEFINITION_FORMATION('','',#2564);
#2564 = PRODUCT('F2','F2','',(#2565));
#2565 = PRODUCT_CONTEXT('',#2,'mechanical');
#2566 = PRODUCT_DEFINITION_CONTEXT('part definition',#2,'design');
#2567 = ADVANCED_BREP_SHAPE_REPRESENTATION('',(#11,#2568),#2580);
#2568 = MANIFOLD_SOLID_BREP('',#2569);
#2569 = CLOSED_SHELL('',(#2570));
#2570 = ADVANCED_FACE('',(#2571),#2575,.T.);
#2571 = FACE_BOUND('',#2572,.T.);
#2572 = VERTEX_LOOP('',#2573);
#2573 = VERTEX_POINT('',#2574);
#2574 = CARTESIAN_POINT('',(0.,0.,-0.175));
#2575 = SPHERICAL_SURFACE('',#2576,0.175);
#2576 = AXIS2_PLACEMENT_3D('',#2577,#2578,#2579);
#2577 = CARTESIAN_POINT('',(0.,0.,0.));
#2578 = DIRECTION('',(0.,0.,1.));
#2579 = DIRECTION('',(1.,0.,-0.));
#2580 = ( GEOMETRIC_REPRESENTATION_CONTEXT(3) 
GLOBAL_UNCERTAINTY_ASSIGNED_CONTEXT((#2584)) 
GLOBAL_UNIT_ASSIGNED_CONTEXT((#2581,#2582,#2583)) REPRESENTATION_CONTEXT
('Context #1','3D Context with UNIT and UNCERTAINTY') );
#2581 = ( LENGTH_UNIT() NAMED_UNIT(*) SI_UNIT(.MILLI.,.METRE.) );
#2582 = ( NAMED_UNIT(*) PLANE_ANGLE_UNIT() SI_UNIT($,.RADIAN.) );
#2583 = ( NAMED_UNIT(*) SI_UNIT($,.STERADIAN.) SOLID_ANGLE_UNIT() );
#2584 = UNCERTAINTY_MEASURE_WITH_UNIT(LENGTH_MEASURE(1.E-07),#2581,
  'distance_accuracy_value','confusion accuracy');
#2585 = CONTEXT_DEPENDENT_SHAPE_REPRESENTATION(#2586,#2588);
#2586 = ( REPRESENTATION_RELATIONSHIP('','',#2567,#112) 
REPRESENTATION_RELATIONSHIP_WITH_TRANSFORMATION(#2587) 
SHAPE_REPRESENTATION_RELATIONSHIP() );
#2587 = ITEM_DEFINED_TRANSFORMATION('','',#11,#241);
#2588 = PRODUCT_DEFINITION_SHAPE('Placement','Placement of an item',
  #2589);
#2589 = NEXT_ASSEMBLY_USAGE_OCCURRENCE('1596','F2','',#107,#2562,$);
#2590 = PRODUCT_RELATED_PRODUCT_CATEGORY('part',$,(#2564));
#2591 = SHAPE_DEFINITION_REPRESENTATION(#2592,#2598);
#2592 = PRODUCT_DEFINITION_SHAPE('','',#2593);
#2593 = PRODUCT_DEFINITION('design','',#2594,#2597);
#2594 = PRODUCT_DEFINITION_FORMATION('','',#2595);
#2595 = PRODUCT('E2','E2','',(#2596));
#2596 = PRODUCT_CONTEXT('',#2,'mechanical');
#2597 = PRODUCT_DEFINITION_CONTEXT('part definition',#2,'design');
#2598 = ADVANCED_BREP_SHAPE_REPRESENTATION('',(#11,#2599),#2611);
#2599 = MANIFOLD_SOLID_BREP('',#2600);
#2600 = CLOSED_SHELL('',(#2601));
#2601 = ADVANCED_FACE('',(#2602),#2606,.T.);
#2602 = FACE_BOUND('',#2603,.T.);
#2603 = VERTEX_LOOP('',#2604);
#2604 = VERTEX_POINT('',#2605);
#2605 = CARTESIAN_POINT('',(0.,0.,-0.175));
#2606 = SPHERICAL_SURFACE('',#2607,0.175);
#2607 = AXIS2_PLACEMENT_3D('',#2608,#2609,#2610);
#2608 = CARTESIAN_POINT('',(0.,0.,0.));
#2609 = DIRECTION('',(0.,0.,1.));
#2610 = DIRECTION('',(1.,0.,-0.));
#2611 = ( GEOMETRIC_REPRESENTATION_CONTEXT(3) 
GLOBAL_UNCERTAINTY_ASSIGNED_CONTEXT((#2615)) 
GLOBAL_UNIT_ASSIGNED_CONTEXT((#2612,#2613,#2614)) REPRESENTATION_CONTEXT
('Context #1','3D Context with UNIT and UNCERTAINTY') );
#2612 = ( LENGTH_UNIT() NAMED_UNIT(*) SI_UNIT(.MILLI.,.METRE.) );
#2613 = ( NAMED_UNIT(*) PLANE_ANGLE_UNIT() SI_UNIT($,.RADIAN.) );
#2614 = ( NAMED_UNIT(*) SI_UNIT($,.STERADIAN.) SOLID_ANGLE_UNIT() );
#2615 = UNCERTAINTY_MEASURE_WITH_UNIT(LENGTH_MEASURE(1.E-07),#2612,
  'distance_accuracy_value','confusion accuracy');
#2616 = CONTEXT_DEPENDENT_SHAPE_REPRESENTATION(#2617,#2619);
#2617 = ( REPRESENTATION_RELATIONSHIP('','',#2598,#112) 
REPRESENTATION_RELATIONSHIP_WITH_TRANSFORMATION(#2618) 
SHAPE_REPRESENTATION_RELATIONSHIP() );
#2618 = ITEM_DEFINED_TRANSFORMATION('','',#11,#245);
#2619 = PRODUCT_DEFINITION_SHAPE('Placement','Placement of an item',
  #2620);
#2620 = NEXT_ASSEMBLY_USAGE_OCCURRENCE('1597','E2','',#107,#2593,$);
#2621 = PRODUCT_RELATED_PRODUCT_CATEGORY('part',$,(#2595));
#2622 = SHAPE_DEFINITION_REPRESENTATION(#2623,#2629);
#2623 = PRODUCT_DEFINITION_SHAPE('','',#2624);
#2624 = PRODUCT_DEFINITION('design','',#2625,#2628);
#2625 = PRODUCT_DEFINITION_FORMATION('','',#2626);
#2626 = PRODUCT('D2','D2','',(#2627));
#2627 = PRODUCT_CONTEXT('',#2,'mechanical');
#2628 = PRODUCT_DEFINITION_CONTEXT('part definition',#2,'design');
#2629 = ADVANCED_BREP_SHAPE_REPRESENTATION('',(#11,#2630),#2642);
#2630 = MANIFOLD_SOLID_BREP('',#2631);
#2631 = CLOSED_SHELL('',(#2632));
#2632 = ADVANCED_FACE('',(#2633),#2637,.T.);
#2633 = FACE_BOUND('',#2634,.T.);
#2634 = VERTEX_LOOP('',#2635);
#2635 = VERTEX_POINT('',#2636);
#2636 = CARTESIAN_POINT('',(0.,0.,-0.175));
#2637 = SPHERICAL_SURFACE('',#2638,0.175);
#2638 = AXIS2_PLACEMENT_3D('',#2639,#2640,#2641);
#2639 = CARTESIAN_POINT('',(0.,0.,0.));
#2640 = DIRECTION('',(0.,0.,1.));
#2641 = DIRECTION('',(1.,0.,-0.));
#2642 = ( GEOMETRIC_REPRESENTATION_CONTEXT(3) 
GLOBAL_UNCERTAINTY_ASSIGNED_CONTEXT((#2646)) 
GLOBAL_UNIT_ASSIGNED_CONTEXT((#2643,#2644,#2645)) REPRESENTATION_CONTEXT
('Context #1','3D Context with UNIT and UNCERTAINTY') );
#2643 = ( LENGTH_UNIT() NAMED_UNIT(*) SI_UNIT(.MILLI.,.METRE.) );
#2644 = ( NAMED_UNIT(*) PLANE_ANGLE_UNIT() SI_UNIT($,.RADIAN.) );
#2645 = ( NAMED_UNIT(*) SI_UNIT($,.STERADIAN.) SOLID_ANGLE_UNIT() );
#2646 = UNCERTAINTY_MEASURE_WITH_UNIT(LENGTH_MEASURE(1.E-07),#2643,
  'distance_accuracy_value','confusion accuracy');
#2647 = CONTEXT_DEPENDENT_SHAPE_REPRESENTATION(#2648,#2650);
#2648 = ( REPRESENTATION_RELATIONSHIP('','',#2629,#112) 
REPRESENTATION_RELATIONSHIP_WITH_TRANSFORMATION(#2649) 
SHAPE_REPRESENTATION_RELATIONSHIP() );
#2649 = ITEM_DEFINED_TRANSFORMATION('','',#11,#249);
#2650 = PRODUCT_DEFINITION_SHAPE('Placement','Placement of an item',
  #2651);
#2651 = NEXT_ASSEMBLY_USAGE_OCCURRENCE('1598','D2','',#107,#2624,$);
#2652 = PRODUCT_RELATED_PRODUCT_CATEGORY('part',$,(#2626));
#2653 = SHAPE_DEFINITION_REPRESENTATION(#2654,#2660);
#2654 = PRODUCT_DEFINITION_SHAPE('','',#2655);
#2655 = PRODUCT_DEFINITION('design','',#2656,#2659);
#2656 = PRODUCT_DEFINITION_FORMATION('','',#2657);
#2657 = PRODUCT('C2','C2','',(#2658));
#2658 = PRODUCT_CONTEXT('',#2,'mechanical');
#2659 = PRODUCT_DEFINITION_CONTEXT('part definition',#2,'design');
#2660 = ADVANCED_BREP_SHAPE_REPRESENTATION('',(#11,#2661),#2673);
#2661 = MANIFOLD_SOLID_BREP('',#2662);
#2662 = CLOSED_SHELL('',(#2663));
#2663 = ADVANCED_FACE('',(#2664),#2668,.T.);
#2664 = FACE_BOUND('',#2665,.T.);
#2665 = VERTEX_LOOP('',#2666);
#2666 = VERTEX_POINT('',#2667);
#2667 = CARTESIAN_POINT('',(0.,0.,-0.175));
#2668 = SPHERICAL_SURFACE('',#2669,0.175);
#2669 = AXIS2_PLACEMENT_3D('',#2670,#2671,#2672);
#2670 = CARTESIAN_POINT('',(0.,0.,0.));
#2671 = DIRECTION('',(0.,0.,1.));
#2672 = DIRECTION('',(1.,0.,-0.));
#2673 = ( GEOMETRIC_REPRESENTATION_CONTEXT(3) 
GLOBAL_UNCERTAINTY_ASSIGNED_CONTEXT((#2677)) 
GLOBAL_UNIT_ASSIGNED_CONTEXT((#2674,#2675,#2676)) REPRESENTATION_CONTEXT
('Context #1','3D Context with UNIT and UNCERTAINTY') );
#2674 = ( LENGTH_UNIT() NAMED_UNIT(*) SI_UNIT(.MILLI.,.METRE.) );
#2675 = ( NAMED_UNIT(*) PLANE_ANGLE_UNIT() SI_UNIT($,.RADIAN.) );
#2676 = ( NAMED_UNIT(*) SI_UNIT($,.STERADIAN.) SOLID_ANGLE_UNIT() );
#2677 = UNCERTAINTY_MEASURE_WITH_UNIT(LENGTH_MEASURE(1.E-07),#2674,
  'distance_accuracy_value','confusion accuracy');
#2678 = CONTEXT_DEPENDENT_SHAPE_REPRESENTATION(#2679,#2681);
#2679 = ( REPRESENTATION_RELATIONSHIP('','',#2660,#112) 
REPRESENTATION_RELATIONSHIP_WITH_TRANSFORMATION(#2680) 
SHAPE_REPRESENTATION_RELATIONSHIP() );
#2680 = ITEM_DEFINED_TRANSFORMATION('','',#11,#253);
#2681 = PRODUCT_DEFINITION_SHAPE('Placement','Placement of an item',
  #2682);
#2682 = NEXT_ASSEMBLY_USAGE_OCCURRENCE('1599','C2','',#107,#2655,$);
#2683 = PRODUCT_RELATED_PRODUCT_CATEGORY('part',$,(#2657));
#2684 = SHAPE_DEFINITION_REPRESENTATION(#2685,#2691);
#2685 = PRODUCT_DEFINITION_SHAPE('','',#2686);
#2686 = PRODUCT_DEFINITION('design','',#2687,#2690);
#2687 = PRODUCT_DEFINITION_FORMATION('','',#2688);
#2688 = PRODUCT('B2','B2','',(#2689));
#2689 = PRODUCT_CONTEXT('',#2,'mechanical');
#2690 = PRODUCT_DEFINITION_CONTEXT('part definition',#2,'design');
#2691 = ADVANCED_BREP_SHAPE_REPRESENTATION('',(#11,#2692),#2704);
#2692 = MANIFOLD_SOLID_BREP('',#2693);
#2693 = CLOSED_SHELL('',(#2694));
#2694 = ADVANCED_FACE('',(#2695),#2699,.T.);
#2695 = FACE_BOUND('',#2696,.T.);
#2696 = VERTEX_LOOP('',#2697);
#2697 = VERTEX_POINT('',#2698);
#2698 = CARTESIAN_POINT('',(0.,0.,-0.175));
#2699 = SPHERICAL_SURFACE('',#2700,0.175);
#2700 = AXIS2_PLACEMENT_3D('',#2701,#2702,#2703);
#2701 = CARTESIAN_POINT('',(0.,0.,0.));
#2702 = DIRECTION('',(0.,0.,1.));
#2703 = DIRECTION('',(1.,0.,-0.));
#2704 = ( GEOMETRIC_REPRESENTATION_CONTEXT(3) 
GLOBAL_UNCERTAINTY_ASSIGNED_CONTEXT((#2708)) 
GLOBAL_UNIT_ASSIGNED_CONTEXT((#2705,#2706,#2707)) REPRESENTATION_CONTEXT
('Context #1','3D Context with UNIT and UNCERTAINTY') );
#2705 = ( LENGTH_UNIT() NAMED_UNIT(*) SI_UNIT(.MILLI.,.METRE.) );
#2706 = ( NAMED_UNIT(*) PLANE_ANGLE_UNIT() SI_UNIT($,.RADIAN.) );
#2707 = ( NAMED_UNIT(*) SI_UNIT($,.STERADIAN.) SOLID_ANGLE_UNIT() );
#2708 = UNCERTAINTY_MEASURE_WITH_UNIT(LENGTH_MEASURE(1.E-07),#2705,
  'distance_accuracy_value','confusion accuracy');
#2709 = CONTEXT_DEPENDENT_SHAPE_REPRESENTATION(#2710,#2712);
#2710 = ( REPRESENTATION_RELATIONSHIP('','',#2691,#112) 
REPRESENTATION_RELATIONSHIP_WITH_TRANSFORMATION(#2711) 
SHAPE_REPRESENTATION_RELATIONSHIP() );
#2711 = ITEM_DEFINED_TRANSFORMATION('','',#11,#257);
#2712 = PRODUCT_DEFINITION_SHAPE('Placement','Placement of an item',
  #2713);
#2713 = NEXT_ASSEMBLY_USAGE_OCCURRENCE('1600','B2','',#107,#2686,$);
#2714 = PRODUCT_RELATED_PRODUCT_CATEGORY('part',$,(#2688));
#2715 = SHAPE_DEFINITION_REPRESENTATION(#2716,#2722);
#2716 = PRODUCT_DEFINITION_SHAPE('','',#2717);
#2717 = PRODUCT_DEFINITION('design','',#2718,#2721);
#2718 = PRODUCT_DEFINITION_FORMATION('','',#2719);
#2719 = PRODUCT('A2','A2','',(#2720));
#2720 = PRODUCT_CONTEXT('',#2,'mechanical');
#2721 = PRODUCT_DEFINITION_CONTEXT('part definition',#2,'design');
#2722 = ADVANCED_BREP_SHAPE_REPRESENTATION('',(#11,#2723),#2735);
#2723 = MANIFOLD_SOLID_BREP('',#2724);
#2724 = CLOSED_SHELL('',(#2725));
#2725 = ADVANCED_FACE('',(#2726),#2730,.T.);
#2726 = FACE_BOUND('',#2727,.T.);
#2727 = VERTEX_LOOP('',#2728);
#2728 = VERTEX_POINT('',#2729);
#2729 = CARTESIAN_POINT('',(0.,0.,-0.175));
#2730 = SPHERICAL_SURFACE('',#2731,0.175);
#2731 = AXIS2_PLACEMENT_3D('',#2732,#2733,#2734);
#2732 = CARTESIAN_POINT('',(0.,0.,0.));
#2733 = DIRECTION('',(0.,0.,1.));
#2734 = DIRECTION('',(1.,0.,-0.));
#2735 = ( GEOMETRIC_REPRESENTATION_CONTEXT(3) 
GLOBAL_UNCERTAINTY_ASSIGNED_CONTEXT((#2739)) 
GLOBAL_UNIT_ASSIGNED_CONTEXT((#2736,#2737,#2738)) REPRESENTATION_CONTEXT
('Context #1','3D Context with UNIT and UNCERTAINTY') );
#2736 = ( LENGTH_UNIT() NAMED_UNIT(*) SI_UNIT(.MILLI.,.METRE.) );
#2737 = ( NAMED_UNIT(*) PLANE_ANGLE_UNIT() SI_UNIT($,.RADIAN.) );
#2738 = ( NAMED_UNIT(*) SI_UNIT($,.STERADIAN.) SOLID_ANGLE_UNIT() );
#2739 = UNCERTAINTY_MEASURE_WITH_UNIT(LENGTH_MEASURE(1.E-07),#2736,
  'distance_accuracy_value','confusion accuracy');
#2740 = CONTEXT_DEPENDENT_SHAPE_REPRESENTATION(#2741,#2743);
#2741 = ( REPRESENTATION_RELATIONSHIP('','',#2722,#112) 
REPRESENTATION_RELATIONSHIP_WITH_TRANSFORMATION(#2742) 
SHAPE_REPRESENTATION_RELATIONSHIP() );
#2742 = ITEM_DEFINED_TRANSFORMATION('','',#11,#261);
#2743 = PRODUCT_DEFINITION_SHAPE('Placement','Placement of an item',
  #2744);
#2744 = NEXT_ASSEMBLY_USAGE_OCCURRENCE('1601','A2','',#107,#2717,$);
#2745 = PRODUCT_RELATED_PRODUCT_CATEGORY('part',$,(#2719));
#2746 = SHAPE_DEFINITION_REPRESENTATION(#2747,#2753);
#2747 = PRODUCT_DEFINITION_SHAPE('','',#2748);
#2748 = PRODUCT_DEFINITION('design','',#2749,#2752);
#2749 = PRODUCT_DEFINITION_FORMATION('','',#2750);
#2750 = PRODUCT('W3','W3','',(#2751));
#2751 = PRODUCT_CONTEXT('',#2,'mechanical');
#2752 = PRODUCT_DEFINITION_CONTEXT('part definition',#2,'design');
#2753 = ADVANCED_BREP_SHAPE_REPRESENTATION('',(#11,#2754),#2766);
#2754 = MANIFOLD_SOLID_BREP('',#2755);
#2755 = CLOSED_SHELL('',(#2756));
#2756 = ADVANCED_FACE('',(#2757),#2761,.T.);
#2757 = FACE_BOUND('',#2758,.T.);
#2758 = VERTEX_LOOP('',#2759);
#2759 = VERTEX_POINT('',#2760);
#2760 = CARTESIAN_POINT('',(0.,0.,-0.175));
#2761 = SPHERICAL_SURFACE('',#2762,0.175);
#2762 = AXIS2_PLACEMENT_3D('',#2763,#2764,#2765);
#2763 = CARTESIAN_POINT('',(0.,0.,0.));
#2764 = DIRECTION('',(0.,0.,1.));
#2765 = DIRECTION('',(1.,0.,-0.));
#2766 = ( GEOMETRIC_REPRESENTATION_CONTEXT(3) 
GLOBAL_UNCERTAINTY_ASSIGNED_CONTEXT((#2770)) 
GLOBAL_UNIT_ASSIGNED_CONTEXT((#2767,#2768,#2769)) REPRESENTATION_CONTEXT
('Context #1','3D Context with UNIT and UNCERTAINTY') );
#2767 = ( LENGTH_UNIT() NAMED_UNIT(*) SI_UNIT(.MILLI.,.METRE.) );
#2768 = ( NAMED_UNIT(*) PLANE_ANGLE_UNIT() SI_UNIT($,.RADIAN.) );
#2769 = ( NAMED_UNIT(*) SI_UNIT($,.STERADIAN.) SOLID_ANGLE_UNIT() );
#2770 = UNCERTAINTY_MEASURE_WITH_UNIT(LENGTH_MEASURE(1.E-07),#2767,
  'distance_accuracy_value','confusion accuracy');
#2771 = CONTEXT_DEPENDENT_SHAPE_REPRESENTATION(#2772,#2774);
#2772 = ( REPRESENTATION_RELATIONSHIP('','',#2753,#112) 
REPRESENTATION_RELATIONSHIP_WITH_TRANSFORMATION(#2773) 
SHAPE_REPRESENTATION_RELATIONSHIP() );
#2773 = ITEM_DEFINED_TRANSFORMATION('','',#11,#265);
#2774 = PRODUCT_DEFINITION_SHAPE('Placement','Placement of an item',
  #2775);
#2775 = NEXT_ASSEMBLY_USAGE_OCCURRENCE('1602','W3','',#107,#2748,$);
#2776 = PRODUCT_RELATED_PRODUCT_CATEGORY('part',$,(#2750));
#2777 = SHAPE_DEFINITION_REPRESENTATION(#2778,#2784);
#2778 = PRODUCT_DEFINITION_SHAPE('','',#2779);
#2779 = PRODUCT_DEFINITION('design','',#2780,#2783);
#2780 = PRODUCT_DEFINITION_FORMATION('','',#2781);
#2781 = PRODUCT('V3','V3','',(#2782));
#2782 = PRODUCT_CONTEXT('',#2,'mechanical');
#2783 = PRODUCT_DEFINITION_CONTEXT('part definition',#2,'design');
#2784 = ADVANCED_BREP_SHAPE_REPRESENTATION('',(#11,#2785),#2797);
#2785 = MANIFOLD_SOLID_BREP('',#2786);
#2786 = CLOSED_SHELL('',(#2787));
#2787 = ADVANCED_FACE('',(#2788),#2792,.T.);
#2788 = FACE_BOUND('',#2789,.T.);
#2789 = VERTEX_LOOP('',#2790);
#2790 = VERTEX_POINT('',#2791);
#2791 = CARTESIAN_POINT('',(0.,0.,-0.175));
#2792 = SPHERICAL_SURFACE('',#2793,0.175);
#2793 = AXIS2_PLACEMENT_3D('',#2794,#2795,#2796);
#2794 = CARTESIAN_POINT('',(0.,0.,0.));
#2795 = DIRECTION('',(0.,0.,1.));
#2796 = DIRECTION('',(1.,0.,-0.));
#2797 = ( GEOMETRIC_REPRESENTATION_CONTEXT(3) 
GLOBAL_UNCERTAINTY_ASSIGNED_CONTEXT((#2801)) 
GLOBAL_UNIT_ASSIGNED_CONTEXT((#2798,#2799,#2800)) REPRESENTATION_CONTEXT
('Context #1','3D Context with UNIT and UNCERTAINTY') );
#2798 = ( LENGTH_UNIT() NAMED_UNIT(*) SI_UNIT(.MILLI.,.METRE.) );
#2799 = ( NAMED_UNIT(*) PLANE_ANGLE_UNIT() SI_UNIT($,.RADIAN.) );
#2800 = ( NAMED_UNIT(*) SI_UNIT($,.STERADIAN.) SOLID_ANGLE_UNIT() );
#2801 = UNCERTAINTY_MEASURE_WITH_UNIT(LENGTH_MEASURE(1.E-07),#2798,
  'distance_accuracy_value','confusion accuracy');
#2802 = CONTEXT_DEPENDENT_SHAPE_REPRESENTATION(#2803,#2805);
#2803 = ( REPRESENTATION_RELATIONSHIP('','',#2784,#112) 
REPRESENTATION_RELATIONSHIP_WITH_TRANSFORMATION(#2804) 
SHAPE_REPRESENTATION_RELATIONSHIP() );
#2804 = ITEM_DEFINED_TRANSFORMATION('','',#11,#269);
#2805 = PRODUCT_DEFINITION_SHAPE('Placement','Placement of an item',
  #2806);
#2806 = NEXT_ASSEMBLY_USAGE_OCCURRENCE('1603','V3','',#107,#2779,$);
#2807 = PRODUCT_RELATED_PRODUCT_CATEGORY('part',$,(#2781));
#2808 = SHAPE_DEFINITION_REPRESENTATION(#2809,#2815);
#2809 = PRODUCT_DEFINITION_SHAPE('','',#2810);
#2810 = PRODUCT_DEFINITION('design','',#2811,#2814);
#2811 = PRODUCT_DEFINITION_FORMATION('','',#2812);
#2812 = PRODUCT('U3','U3','',(#2813));
#2813 = PRODUCT_CONTEXT('',#2,'mechanical');
#2814 = PRODUCT_DEFINITION_CONTEXT('part definition',#2,'design');
#2815 = ADVANCED_BREP_SHAPE_REPRESENTATION('',(#11,#2816),#2828);
#2816 = MANIFOLD_SOLID_BREP('',#2817);
#2817 = CLOSED_SHELL('',(#2818));
#2818 = ADVANCED_FACE('',(#2819),#2823,.T.);
#2819 = FACE_BOUND('',#2820,.T.);
#2820 = VERTEX_LOOP('',#2821);
#2821 = VERTEX_POINT('',#2822);
#2822 = CARTESIAN_POINT('',(0.,0.,-0.175));
#2823 = SPHERICAL_SURFACE('',#2824,0.175);
#2824 = AXIS2_PLACEMENT_3D('',#2825,#2826,#2827);
#2825 = CARTESIAN_POINT('',(0.,0.,0.));
#2826 = DIRECTION('',(0.,0.,1.));
#2827 = DIRECTION('',(1.,0.,-0.));
#2828 = ( GEOMETRIC_REPRESENTATION_CONTEXT(3) 
GLOBAL_UNCERTAINTY_ASSIGNED_CONTEXT((#2832)) 
GLOBAL_UNIT_ASSIGNED_CONTEXT((#2829,#2830,#2831)) REPRESENTATION_CONTEXT
('Context #1','3D Context with UNIT and UNCERTAINTY') );
#2829 = ( LENGTH_UNIT() NAMED_UNIT(*) SI_UNIT(.MILLI.,.METRE.) );
#2830 = ( NAMED_UNIT(*) PLANE_ANGLE_UNIT() SI_UNIT($,.RADIAN.) );
#2831 = ( NAMED_UNIT(*) SI_UNIT($,.STERADIAN.) SOLID_ANGLE_UNIT() );
#2832 = UNCERTAINTY_MEASURE_WITH_UNIT(LENGTH_MEASURE(1.E-07),#2829,
  'distance_accuracy_value','confusion accuracy');
#2833 = CONTEXT_DEPENDENT_SHAPE_REPRESENTATION(#2834,#2836);
#2834 = ( REPRESENTATION_RELATIONSHIP('','',#2815,#112) 
REPRESENTATION_RELATIONSHIP_WITH_TRANSFORMATION(#2835) 
SHAPE_REPRESENTATION_RELATIONSHIP() );
#2835 = ITEM_DEFINED_TRANSFORMATION('','',#11,#273);
#2836 = PRODUCT_DEFINITION_SHAPE('Placement','Placement of an item',
  #2837);
#2837 = NEXT_ASSEMBLY_USAGE_OCCURRENCE('1604','U3','',#107,#2810,$);
#2838 = PRODUCT_RELATED_PRODUCT_CATEGORY('part',$,(#2812));
#2839 = SHAPE_DEFINITION_REPRESENTATION(#2840,#2846);
#2840 = PRODUCT_DEFINITION_SHAPE('','',#2841);
#2841 = PRODUCT_DEFINITION('design','',#2842,#2845);
#2842 = PRODUCT_DEFINITION_FORMATION('','',#2843);
#2843 = PRODUCT('T3','T3','',(#2844));
#2844 = PRODUCT_CONTEXT('',#2,'mechanical');
#2845 = PRODUCT_DEFINITION_CONTEXT('part definition',#2,'design');
#2846 = ADVANCED_BREP_SHAPE_REPRESENTATION('',(#11,#2847),#2859);
#2847 = MANIFOLD_SOLID_BREP('',#2848);
#2848 = CLOSED_SHELL('',(#2849));
#2849 = ADVANCED_FACE('',(#2850),#2854,.T.);
#2850 = FACE_BOUND('',#2851,.T.);
#2851 = VERTEX_LOOP('',#2852);
#2852 = VERTEX_POINT('',#2853);
#2853 = CARTESIAN_POINT('',(0.,0.,-0.175));
#2854 = SPHERICAL_SURFACE('',#2855,0.175);
#2855 = AXIS2_PLACEMENT_3D('',#2856,#2857,#2858);
#2856 = CARTESIAN_POINT('',(0.,0.,0.));
#2857 = DIRECTION('',(0.,0.,1.));
#2858 = DIRECTION('',(1.,0.,-0.));
#2859 = ( GEOMETRIC_REPRESENTATION_CONTEXT(3) 
GLOBAL_UNCERTAINTY_ASSIGNED_CONTEXT((#2863)) 
GLOBAL_UNIT_ASSIGNED_CONTEXT((#2860,#2861,#2862)) REPRESENTATION_CONTEXT
('Context #1','3D Context with UNIT and UNCERTAINTY') );
#2860 = ( LENGTH_UNIT() NAMED_UNIT(*) SI_UNIT(.MILLI.,.METRE.) );
#2861 = ( NAMED_UNIT(*) PLANE_ANGLE_UNIT() SI_UNIT($,.RADIAN.) );
#2862 = ( NAMED_UNIT(*) SI_UNIT($,.STERADIAN.) SOLID_ANGLE_UNIT() );
#2863 = UNCERTAINTY_MEASURE_WITH_UNIT(LENGTH_MEASURE(1.E-07),#2860,
  'distance_accuracy_value','confusion accuracy');
#2864 = CONTEXT_DEPENDENT_SHAPE_REPRESENTATION(#2865,#2867);
#2865 = ( REPRESENTATION_RELATIONSHIP('','',#2846,#112) 
REPRESENTATION_RELATIONSHIP_WITH_TRANSFORMATION(#2866) 
SHAPE_REPRESENTATION_RELATIONSHIP() );
#2866 = ITEM_DEFINED_TRANSFORMATION('','',#11,#277);
#2867 = PRODUCT_DEFINITION_SHAPE('Placement','Placement of an item',
  #2868);
#2868 = NEXT_ASSEMBLY_USAGE_OCCURRENCE('1605','T3','',#107,#2841,$);
#2869 = PRODUCT_RELATED_PRODUCT_CATEGORY('part',$,(#2843));
#2870 = SHAPE_DEFINITION_REPRESENTATION(#2871,#2877);
#2871 = PRODUCT_DEFINITION_SHAPE('','',#2872);
#2872 = PRODUCT_DEFINITION('design','',#2873,#2876);
#2873 = PRODUCT_DEFINITION_FORMATION('','',#2874);
#2874 = PRODUCT('R3','R3','',(#2875));
#2875 = PRODUCT_CONTEXT('',#2,'mechanical');
#2876 = PRODUCT_DEFINITION_CONTEXT('part definition',#2,'design');
#2877 = ADVANCED_BREP_SHAPE_REPRESENTATION('',(#11,#2878),#2890);
#2878 = MANIFOLD_SOLID_BREP('',#2879);
#2879 = CLOSED_SHELL('',(#2880));
#2880 = ADVANCED_FACE('',(#2881),#2885,.T.);
#2881 = FACE_BOUND('',#2882,.T.);
#2882 = VERTEX_LOOP('',#2883);
#2883 = VERTEX_POINT('',#2884);
#2884 = CARTESIAN_POINT('',(0.,0.,-0.175));
#2885 = SPHERICAL_SURFACE('',#2886,0.175);
#2886 = AXIS2_PLACEMENT_3D('',#2887,#2888,#2889);
#2887 = CARTESIAN_POINT('',(0.,0.,0.));
#2888 = DIRECTION('',(0.,0.,1.));
#2889 = DIRECTION('',(1.,0.,-0.));
#2890 = ( GEOMETRIC_REPRESENTATION_CONTEXT(3) 
GLOBAL_UNCERTAINTY_ASSIGNED_CONTEXT((#2894)) 
GLOBAL_UNIT_ASSIGNED_CONTEXT((#2891,#2892,#2893)) REPRESENTATION_CONTEXT
('Context #1','3D Context with UNIT and UNCERTAINTY') );
#2891 = ( LENGTH_UNIT() NAMED_UNIT(*) SI_UNIT(.MILLI.,.METRE.) );
#2892 = ( NAMED_UNIT(*) PLANE_ANGLE_UNIT() SI_UNIT($,.RADIAN.) );
#2893 = ( NAMED_UNIT(*) SI_UNIT($,.STERADIAN.) SOLID_ANGLE_UNIT() );
#2894 = UNCERTAINTY_MEASURE_WITH_UNIT(LENGTH_MEASURE(1.E-07),#2891,
  'distance_accuracy_value','confusion accuracy');
#2895 = CONTEXT_DEPENDENT_SHAPE_REPRESENTATION(#2896,#2898);
#2896 = ( REPRESENTATION_RELATIONSHIP('','',#2877,#112) 
REPRESENTATION_RELATIONSHIP_WITH_TRANSFORMATION(#2897) 
SHAPE_REPRESENTATION_RELATIONSHIP() );
#2897 = ITEM_DEFINED_TRANSFORMATION('','',#11,#281);
#2898 = PRODUCT_DEFINITION_SHAPE('Placement','Placement of an item',
  #2899);
#2899 = NEXT_ASSEMBLY_USAGE_OCCURRENCE('1606','R3','',#107,#2872,$);
#2900 = PRODUCT_RELATED_PRODUCT_CATEGORY('part',$,(#2874));
#2901 = SHAPE_DEFINITION_REPRESENTATION(#2902,#2908);
#2902 = PRODUCT_DEFINITION_SHAPE('','',#2903);
#2903 = PRODUCT_DEFINITION('design','',#2904,#2907);
#2904 = PRODUCT_DEFINITION_FORMATION('','',#2905);
#2905 = PRODUCT('P3','P3','',(#2906));
#2906 = PRODUCT_CONTEXT('',#2,'mechanical');
#2907 = PRODUCT_DEFINITION_CONTEXT('part definition',#2,'design');
#2908 = ADVANCED_BREP_SHAPE_REPRESENTATION('',(#11,#2909),#2921);
#2909 = MANIFOLD_SOLID_BREP('',#2910);
#2910 = CLOSED_SHELL('',(#2911));
#2911 = ADVANCED_FACE('',(#2912),#2916,.T.);
#2912 = FACE_BOUND('',#2913,.T.);
#2913 = VERTEX_LOOP('',#2914);
#2914 = VERTEX_POINT('',#2915);
#2915 = CARTESIAN_POINT('',(0.,0.,-0.175));
#2916 = SPHERICAL_SURFACE('',#2917,0.175);
#2917 = AXIS2_PLACEMENT_3D('',#2918,#2919,#2920);
#2918 = CARTESIAN_POINT('',(0.,0.,0.));
#2919 = DIRECTION('',(0.,0.,1.));
#2920 = DIRECTION('',(1.,0.,-0.));
#2921 = ( GEOMETRIC_REPRESENTATION_CONTEXT(3) 
GLOBAL_UNCERTAINTY_ASSIGNED_CONTEXT((#2925)) 
GLOBAL_UNIT_ASSIGNED_CONTEXT((#2922,#2923,#2924)) REPRESENTATION_CONTEXT
('Context #1','3D Context with UNIT and UNCERTAINTY') );
#2922 = ( LENGTH_UNIT() NAMED_UNIT(*) SI_UNIT(.MILLI.,.METRE.) );
#2923 = ( NAMED_UNIT(*) PLANE_ANGLE_UNIT() SI_UNIT($,.RADIAN.) );
#2924 = ( NAMED_UNIT(*) SI_UNIT($,.STERADIAN.) SOLID_ANGLE_UNIT() );
#2925 = UNCERTAINTY_MEASURE_WITH_UNIT(LENGTH_MEASURE(1.E-07),#2922,
  'distance_accuracy_value','confusion accuracy');
#2926 = CONTEXT_DEPENDENT_SHAPE_REPRESENTATION(#2927,#2929);
#2927 = ( REPRESENTATION_RELATIONSHIP('','',#2908,#112) 
REPRESENTATION_RELATIONSHIP_WITH_TRANSFORMATION(#2928) 
SHAPE_REPRESENTATION_RELATIONSHIP() );
#2928 = ITEM_DEFINED_TRANSFORMATION('','',#11,#285);
#2929 = PRODUCT_DEFINITION_SHAPE('Placement','Placement of an item',
  #2930);
#2930 = NEXT_ASSEMBLY_USAGE_OCCURRENCE('1607','P3','',#107,#2903,$);
#2931 = PRODUCT_RELATED_PRODUCT_CATEGORY('part',$,(#2905));
#2932 = SHAPE_DEFINITION_REPRESENTATION(#2933,#2939);
#2933 = PRODUCT_DEFINITION_SHAPE('','',#2934);
#2934 = PRODUCT_DEFINITION('design','',#2935,#2938);
#2935 = PRODUCT_DEFINITION_FORMATION('','',#2936);
#2936 = PRODUCT('N3','N3','',(#2937));
#2937 = PRODUCT_CONTEXT('',#2,'mechanical');
#2938 = PRODUCT_DEFINITION_CONTEXT('part definition',#2,'design');
#2939 = ADVANCED_BREP_SHAPE_REPRESENTATION('',(#11,#2940),#2952);
#2940 = MANIFOLD_SOLID_BREP('',#2941);
#2941 = CLOSED_SHELL('',(#2942));
#2942 = ADVANCED_FACE('',(#2943),#2947,.T.);
#2943 = FACE_BOUND('',#2944,.T.);
#2944 = VERTEX_LOOP('',#2945);
#2945 = VERTEX_POINT('',#2946);
#2946 = CARTESIAN_POINT('',(0.,0.,-0.175));
#2947 = SPHERICAL_SURFACE('',#2948,0.175);
#2948 = AXIS2_PLACEMENT_3D('',#2949,#2950,#2951);
#2949 = CARTESIAN_POINT('',(0.,0.,0.));
#2950 = DIRECTION('',(0.,0.,1.));
#2951 = DIRECTION('',(1.,0.,-0.));
#2952 = ( GEOMETRIC_REPRESENTATION_CONTEXT(3) 
GLOBAL_UNCERTAINTY_ASSIGNED_CONTEXT((#2956)) 
GLOBAL_UNIT_ASSIGNED_CONTEXT((#2953,#2954,#2955)) REPRESENTATION_CONTEXT
('Context #1','3D Context with UNIT and UNCERTAINTY') );
#2953 = ( LENGTH_UNIT() NAMED_UNIT(*) SI_UNIT(.MILLI.,.METRE.) );
#2954 = ( NAMED_UNIT(*) PLANE_ANGLE_UNIT() SI_UNIT($,.RADIAN.) );
#2955 = ( NAMED_UNIT(*) SI_UNIT($,.STERADIAN.) SOLID_ANGLE_UNIT() );
#2956 = UNCERTAINTY_MEASURE_WITH_UNIT(LENGTH_MEASURE(1.E-07),#2953,
  'distance_accuracy_value','confusion accuracy');
#2957 = CONTEXT_DEPENDENT_SHAPE_REPRESENTATION(#2958,#2960);
#2958 = ( REPRESENTATION_RELATIONSHIP('','',#2939,#112) 
REPRESENTATION_RELATIONSHIP_WITH_TRANSFORMATION(#2959) 
SHAPE_REPRESENTATION_RELATIONSHIP() );
#2959 = ITEM_DEFINED_TRANSFORMATION('','',#11,#289);
#2960 = PRODUCT_DEFINITION_SHAPE('Placement','Placement of an item',
  #2961);
#2961 = NEXT_ASSEMBLY_USAGE_OCCURRENCE('1608','N3','',#107,#2934,$);
#2962 = PRODUCT_RELATED_PRODUCT_CATEGORY('part',$,(#2936));
#2963 = SHAPE_DEFINITION_REPRESENTATION(#2964,#2970);
#2964 = PRODUCT_DEFINITION_SHAPE('','',#2965);
#2965 = PRODUCT_DEFINITION('design','',#2966,#2969);
#2966 = PRODUCT_DEFINITION_FORMATION('','',#2967);
#2967 = PRODUCT('M3','M3','',(#2968));
#2968 = PRODUCT_CONTEXT('',#2,'mechanical');
#2969 = PRODUCT_DEFINITION_CONTEXT('part definition',#2,'design');
#2970 = ADVANCED_BREP_SHAPE_REPRESENTATION('',(#11,#2971),#2983);
#2971 = MANIFOLD_SOLID_BREP('',#2972);
#2972 = CLOSED_SHELL('',(#2973));
#2973 = ADVANCED_FACE('',(#2974),#2978,.T.);
#2974 = FACE_BOUND('',#2975,.T.);
#2975 = VERTEX_LOOP('',#2976);
#2976 = VERTEX_POINT('',#2977);
#2977 = CARTESIAN_POINT('',(0.,0.,-0.175));
#2978 = SPHERICAL_SURFACE('',#2979,0.175);
#2979 = AXIS2_PLACEMENT_3D('',#2980,#2981,#2982);
#2980 = CARTESIAN_POINT('',(0.,0.,0.));
#2981 = DIRECTION('',(0.,0.,1.));
#2982 = DIRECTION('',(1.,0.,-0.));
#2983 = ( GEOMETRIC_REPRESENTATION_CONTEXT(3) 
GLOBAL_UNCERTAINTY_ASSIGNED_CONTEXT((#2987)) 
GLOBAL_UNIT_ASSIGNED_CONTEXT((#2984,#2985,#2986)) REPRESENTATION_CONTEXT
('Context #1','3D Context with UNIT and UNCERTAINTY') );
#2984 = ( LENGTH_UNIT() NAMED_UNIT(*) SI_UNIT(.MILLI.,.METRE.) );
#2985 = ( NAMED_UNIT(*) PLANE_ANGLE_UNIT() SI_UNIT($,.RADIAN.) );
#2986 = ( NAMED_UNIT(*) SI_UNIT($,.STERADIAN.) SOLID_ANGLE_UNIT() );
#2987 = UNCERTAINTY_MEASURE_WITH_UNIT(LENGTH_MEASURE(1.E-07),#2984,
  'distance_accuracy_value','confusion accuracy');
#2988 = CONTEXT_DEPENDENT_SHAPE_REPRESENTATION(#2989,#2991);
#2989 = ( REPRESENTATION_RELATIONSHIP('','',#2970,#112) 
REPRESENTATION_RELATIONSHIP_WITH_TRANSFORMATION(#2990) 
SHAPE_REPRESENTATION_RELATIONSHIP() );
#2990 = ITEM_DEFINED_TRANSFORMATION('','',#11,#293);
#2991 = PRODUCT_DEFINITION_SHAPE('Placement','Placement of an item',
  #2992);
#2992 = NEXT_ASSEMBLY_USAGE_OCCURRENCE('1609','M3','',#107,#2965,$);
#2993 = PRODUCT_RELATED_PRODUCT_CATEGORY('part',$,(#2967));
#2994 = SHAPE_DEFINITION_REPRESENTATION(#2995,#3001);
#2995 = PRODUCT_DEFINITION_SHAPE('','',#2996);
#2996 = PRODUCT_DEFINITION('design','',#2997,#3000);
#2997 = PRODUCT_DEFINITION_FORMATION('','',#2998);
#2998 = PRODUCT('L3','L3','',(#2999));
#2999 = PRODUCT_CONTEXT('',#2,'mechanical');
#3000 = PRODUCT_DEFINITION_CONTEXT('part definition',#2,'design');
#3001 = ADVANCED_BREP_SHAPE_REPRESENTATION('',(#11,#3002),#3014);
#3002 = MANIFOLD_SOLID_BREP('',#3003);
#3003 = CLOSED_SHELL('',(#3004));
#3004 = ADVANCED_FACE('',(#3005),#3009,.T.);
#3005 = FACE_BOUND('',#3006,.T.);
#3006 = VERTEX_LOOP('',#3007);
#3007 = VERTEX_POINT('',#3008);
#3008 = CARTESIAN_POINT('',(0.,0.,-0.175));
#3009 = SPHERICAL_SURFACE('',#3010,0.175);
#3010 = AXIS2_PLACEMENT_3D('',#3011,#3012,#3013);
#3011 = CARTESIAN_POINT('',(0.,0.,0.));
#3012 = DIRECTION('',(0.,0.,1.));
#3013 = DIRECTION('',(1.,0.,-0.));
#3014 = ( GEOMETRIC_REPRESENTATION_CONTEXT(3) 
GLOBAL_UNCERTAINTY_ASSIGNED_CONTEXT((#3018)) 
GLOBAL_UNIT_ASSIGNED_CONTEXT((#3015,#3016,#3017)) REPRESENTATION_CONTEXT
('Context #1','3D Context with UNIT and UNCERTAINTY') );
#3015 = ( LENGTH_UNIT() NAMED_UNIT(*) SI_UNIT(.MILLI.,.METRE.) );
#3016 = ( NAMED_UNIT(*) PLANE_ANGLE_UNIT() SI_UNIT($,.RADIAN.) );
#3017 = ( NAMED_UNIT(*) SI_UNIT($,.STERADIAN.) SOLID_ANGLE_UNIT() );
#3018 = UNCERTAINTY_MEASURE_WITH_UNIT(LENGTH_MEASURE(1.E-07),#3015,
  'distance_accuracy_value','confusion accuracy');
#3019 = CONTEXT_DEPENDENT_SHAPE_REPRESENTATION(#3020,#3022);
#3020 = ( REPRESENTATION_RELATIONSHIP('','',#3001,#112) 
REPRESENTATION_RELATIONSHIP_WITH_TRANSFORMATION(#3021) 
SHAPE_REPRESENTATION_RELATIONSHIP() );
#3021 = ITEM_DEFINED_TRANSFORMATION('','',#11,#297);
#3022 = PRODUCT_DEFINITION_SHAPE('Placement','Placement of an item',
  #3023);
#3023 = NEXT_ASSEMBLY_USAGE_OCCURRENCE('1610','L3','',#107,#2996,$);
#3024 = PRODUCT_RELATED_PRODUCT_CATEGORY('part',$,(#2998));
#3025 = SHAPE_DEFINITION_REPRESENTATION(#3026,#3032);
#3026 = PRODUCT_DEFINITION_SHAPE('','',#3027);
#3027 = PRODUCT_DEFINITION('design','',#3028,#3031);
#3028 = PRODUCT_DEFINITION_FORMATION('','',#3029);
#3029 = PRODUCT('K3','K3','',(#3030));
#3030 = PRODUCT_CONTEXT('',#2,'mechanical');
#3031 = PRODUCT_DEFINITION_CONTEXT('part definition',#2,'design');
#3032 = ADVANCED_BREP_SHAPE_REPRESENTATION('',(#11,#3033),#3045);
#3033 = MANIFOLD_SOLID_BREP('',#3034);
#3034 = CLOSED_SHELL('',(#3035));
#3035 = ADVANCED_FACE('',(#3036),#3040,.T.);
#3036 = FACE_BOUND('',#3037,.T.);
#3037 = VERTEX_LOOP('',#3038);
#3038 = VERTEX_POINT('',#3039);
#3039 = CARTESIAN_POINT('',(0.,0.,-0.175));
#3040 = SPHERICAL_SURFACE('',#3041,0.175);
#3041 = AXIS2_PLACEMENT_3D('',#3042,#3043,#3044);
#3042 = CARTESIAN_POINT('',(0.,0.,0.));
#3043 = DIRECTION('',(0.,0.,1.));
#3044 = DIRECTION('',(1.,0.,-0.));
#3045 = ( GEOMETRIC_REPRESENTATION_CONTEXT(3) 
GLOBAL_UNCERTAINTY_ASSIGNED_CONTEXT((#3049)) 
GLOBAL_UNIT_ASSIGNED_CONTEXT((#3046,#3047,#3048)) REPRESENTATION_CONTEXT
('Context #1','3D Context with UNIT and UNCERTAINTY') );
#3046 = ( LENGTH_UNIT() NAMED_UNIT(*) SI_UNIT(.MILLI.,.METRE.) );
#3047 = ( NAMED_UNIT(*) PLANE_ANGLE_UNIT() SI_UNIT($,.RADIAN.) );
#3048 = ( NAMED_UNIT(*) SI_UNIT($,.STERADIAN.) SOLID_ANGLE_UNIT() );
#3049 = UNCERTAINTY_MEASURE_WITH_UNIT(LENGTH_MEASURE(1.E-07),#3046,
  'distance_accuracy_value','confusion accuracy');
#3050 = CONTEXT_DEPENDENT_SHAPE_REPRESENTATION(#3051,#3053);
#3051 = ( REPRESENTATION_RELATIONSHIP('','',#3032,#112) 
REPRESENTATION_RELATIONSHIP_WITH_TRANSFORMATION(#3052) 
SHAPE_REPRESENTATION_RELATIONSHIP() );
#3052 = ITEM_DEFINED_TRANSFORMATION('','',#11,#301);
#3053 = PRODUCT_DEFINITION_SHAPE('Placement','Placement of an item',
  #3054);
#3054 = NEXT_ASSEMBLY_USAGE_OCCURRENCE('1611','K3','',#107,#3027,$);
#3055 = PRODUCT_RELATED_PRODUCT_CATEGORY('part',$,(#3029));
#3056 = SHAPE_DEFINITION_REPRESENTATION(#3057,#3063);
#3057 = PRODUCT_DEFINITION_SHAPE('','',#3058);
#3058 = PRODUCT_DEFINITION('design','',#3059,#3062);
#3059 = PRODUCT_DEFINITION_FORMATION('','',#3060);
#3060 = PRODUCT('J3','J3','',(#3061));
#3061 = PRODUCT_CONTEXT('',#2,'mechanical');
#3062 = PRODUCT_DEFINITION_CONTEXT('part definition',#2,'design');
#3063 = ADVANCED_BREP_SHAPE_REPRESENTATION('',(#11,#3064),#3076);
#3064 = MANIFOLD_SOLID_BREP('',#3065);
#3065 = CLOSED_SHELL('',(#3066));
#3066 = ADVANCED_FACE('',(#3067),#3071,.T.);
#3067 = FACE_BOUND('',#3068,.T.);
#3068 = VERTEX_LOOP('',#3069);
#3069 = VERTEX_POINT('',#3070);
#3070 = CARTESIAN_POINT('',(0.,0.,-0.175));
#3071 = SPHERICAL_SURFACE('',#3072,0.175);
#3072 = AXIS2_PLACEMENT_3D('',#3073,#3074,#3075);
#3073 = CARTESIAN_POINT('',(0.,0.,0.));
#3074 = DIRECTION('',(0.,0.,1.));
#3075 = DIRECTION('',(1.,0.,-0.));
#3076 = ( GEOMETRIC_REPRESENTATION_CONTEXT(3) 
GLOBAL_UNCERTAINTY_ASSIGNED_CONTEXT((#3080)) 
GLOBAL_UNIT_ASSIGNED_CONTEXT((#3077,#3078,#3079)) REPRESENTATION_CONTEXT
('Context #1','3D Context with UNIT and UNCERTAINTY') );
#3077 = ( LENGTH_UNIT() NAMED_UNIT(*) SI_UNIT(.MILLI.,.METRE.) );
#3078 = ( NAMED_UNIT(*) PLANE_ANGLE_UNIT() SI_UNIT($,.RADIAN.) );
#3079 = ( NAMED_UNIT(*) SI_UNIT($,.STERADIAN.) SOLID_ANGLE_UNIT() );
#3080 = UNCERTAINTY_MEASURE_WITH_UNIT(LENGTH_MEASURE(1.E-07),#3077,
  'distance_accuracy_value','confusion accuracy');
#3081 = CONTEXT_DEPENDENT_SHAPE_REPRESENTATION(#3082,#3084);
#3082 = ( REPRESENTATION_RELATIONSHIP('','',#3063,#112) 
REPRESENTATION_RELATIONSHIP_WITH_TRANSFORMATION(#3083) 
SHAPE_REPRESENTATION_RELATIONSHIP() );
#3083 = ITEM_DEFINED_TRANSFORMATION('','',#11,#305);
#3084 = PRODUCT_DEFINITION_SHAPE('Placement','Placement of an item',
  #3085);
#3085 = NEXT_ASSEMBLY_USAGE_OCCURRENCE('1612','J3','',#107,#3058,$);
#3086 = PRODUCT_RELATED_PRODUCT_CATEGORY('part',$,(#3060));
#3087 = SHAPE_DEFINITION_REPRESENTATION(#3088,#3094);
#3088 = PRODUCT_DEFINITION_SHAPE('','',#3089);
#3089 = PRODUCT_DEFINITION('design','',#3090,#3093);
#3090 = PRODUCT_DEFINITION_FORMATION('','',#3091);
#3091 = PRODUCT('H3','H3','',(#3092));
#3092 = PRODUCT_CONTEXT('',#2,'mechanical');
#3093 = PRODUCT_DEFINITION_CONTEXT('part definition',#2,'design');
#3094 = ADVANCED_BREP_SHAPE_REPRESENTATION('',(#11,#3095),#3107);
#3095 = MANIFOLD_SOLID_BREP('',#3096);
#3096 = CLOSED_SHELL('',(#3097));
#3097 = ADVANCED_FACE('',(#3098),#3102,.T.);
#3098 = FACE_BOUND('',#3099,.T.);
#3099 = VERTEX_LOOP('',#3100);
#3100 = VERTEX_POINT('',#3101);
#3101 = CARTESIAN_POINT('',(0.,0.,-0.175));
#3102 = SPHERICAL_SURFACE('',#3103,0.175);
#3103 = AXIS2_PLACEMENT_3D('',#3104,#3105,#3106);
#3104 = CARTESIAN_POINT('',(0.,0.,0.));
#3105 = DIRECTION('',(0.,0.,1.));
#3106 = DIRECTION('',(1.,0.,-0.));
#3107 = ( GEOMETRIC_REPRESENTATION_CONTEXT(3) 
GLOBAL_UNCERTAINTY_ASSIGNED_CONTEXT((#3111)) 
GLOBAL_UNIT_ASSIGNED_CONTEXT((#3108,#3109,#3110)) REPRESENTATION_CONTEXT
('Context #1','3D Context with UNIT and UNCERTAINTY') );
#3108 = ( LENGTH_UNIT() NAMED_UNIT(*) SI_UNIT(.MILLI.,.METRE.) );
#3109 = ( NAMED_UNIT(*) PLANE_ANGLE_UNIT() SI_UNIT($,.RADIAN.) );
#3110 = ( NAMED_UNIT(*) SI_UNIT($,.STERADIAN.) SOLID_ANGLE_UNIT() );
#3111 = UNCERTAINTY_MEASURE_WITH_UNIT(LENGTH_MEASURE(1.E-07),#3108,
  'distance_accuracy_value','confusion accuracy');
#3112 = CONTEXT_DEPENDENT_SHAPE_REPRESENTATION(#3113,#3115);
#3113 = ( REPRESENTATION_RELATIONSHIP('','',#3094,#112) 
REPRESENTATION_RELATIONSHIP_WITH_TRANSFORMATION(#3114) 
SHAPE_REPRESENTATION_RELATIONSHIP() );
#3114 = ITEM_DEFINED_TRANSFORMATION('','',#11,#309);
#3115 = PRODUCT_DEFINITION_SHAPE('Placement','Placement of an item',
  #3116);
#3116 = NEXT_ASSEMBLY_USAGE_OCCURRENCE('1613','H3','',#107,#3089,$);
#3117 = PRODUCT_RELATED_PRODUCT_CATEGORY('part',$,(#3091));
#3118 = SHAPE_DEFINITION_REPRESENTATION(#3119,#3125);
#3119 = PRODUCT_DEFINITION_SHAPE('','',#3120);
#3120 = PRODUCT_DEFINITION('design','',#3121,#3124);
#3121 = PRODUCT_DEFINITION_FORMATION('','',#3122);
#3122 = PRODUCT('G3','G3','',(#3123));
#3123 = PRODUCT_CONTEXT('',#2,'mechanical');
#3124 = PRODUCT_DEFINITION_CONTEXT('part definition',#2,'design');
#3125 = ADVANCED_BREP_SHAPE_REPRESENTATION('',(#11,#3126),#3138);
#3126 = MANIFOLD_SOLID_BREP('',#3127);
#3127 = CLOSED_SHELL('',(#3128));
#3128 = ADVANCED_FACE('',(#3129),#3133,.T.);
#3129 = FACE_BOUND('',#3130,.T.);
#3130 = VERTEX_LOOP('',#3131);
#3131 = VERTEX_POINT('',#3132);
#3132 = CARTESIAN_POINT('',(0.,0.,-0.175));
#3133 = SPHERICAL_SURFACE('',#3134,0.175);
#3134 = AXIS2_PLACEMENT_3D('',#3135,#3136,#3137);
#3135 = CARTESIAN_POINT('',(0.,0.,0.));
#3136 = DIRECTION('',(0.,0.,1.));
#3137 = DIRECTION('',(1.,0.,-0.));
#3138 = ( GEOMETRIC_REPRESENTATION_CONTEXT(3) 
GLOBAL_UNCERTAINTY_ASSIGNED_CONTEXT((#3142)) 
GLOBAL_UNIT_ASSIGNED_CONTEXT((#3139,#3140,#3141)) REPRESENTATION_CONTEXT
('Context #1','3D Context with UNIT and UNCERTAINTY') );
#3139 = ( LENGTH_UNIT() NAMED_UNIT(*) SI_UNIT(.MILLI.,.METRE.) );
#3140 = ( NAMED_UNIT(*) PLANE_ANGLE_UNIT() SI_UNIT($,.RADIAN.) );
#3141 = ( NAMED_UNIT(*) SI_UNIT($,.STERADIAN.) SOLID_ANGLE_UNIT() );
#3142 = UNCERTAINTY_MEASURE_WITH_UNIT(LENGTH_MEASURE(1.E-07),#3139,
  'distance_accuracy_value','confusion accuracy');
#3143 = CONTEXT_DEPENDENT_SHAPE_REPRESENTATION(#3144,#3146);
#3144 = ( REPRESENTATION_RELATIONSHIP('','',#3125,#112) 
REPRESENTATION_RELATIONSHIP_WITH_TRANSFORMATION(#3145) 
SHAPE_REPRESENTATION_RELATIONSHIP() );
#3145 = ITEM_DEFINED_TRANSFORMATION('','',#11,#313);
#3146 = PRODUCT_DEFINITION_SHAPE('Placement','Placement of an item',
  #3147);
#3147 = NEXT_ASSEMBLY_USAGE_OCCURRENCE('1614','G3','',#107,#3120,$);
#3148 = PRODUCT_RELATED_PRODUCT_CATEGORY('part',$,(#3122));
#3149 = SHAPE_DEFINITION_REPRESENTATION(#3150,#3156);
#3150 = PRODUCT_DEFINITION_SHAPE('','',#3151);
#3151 = PRODUCT_DEFINITION('design','',#3152,#3155);
#3152 = PRODUCT_DEFINITION_FORMATION('','',#3153);
#3153 = PRODUCT('F3','F3','',(#3154));
#3154 = PRODUCT_CONTEXT('',#2,'mechanical');
#3155 = PRODUCT_DEFINITION_CONTEXT('part definition',#2,'design');
#3156 = ADVANCED_BREP_SHAPE_REPRESENTATION('',(#11,#3157),#3169);
#3157 = MANIFOLD_SOLID_BREP('',#3158);
#3158 = CLOSED_SHELL('',(#3159));
#3159 = ADVANCED_FACE('',(#3160),#3164,.T.);
#3160 = FACE_BOUND('',#3161,.T.);
#3161 = VERTEX_LOOP('',#3162);
#3162 = VERTEX_POINT('',#3163);
#3163 = CARTESIAN_POINT('',(0.,0.,-0.175));
#3164 = SPHERICAL_SURFACE('',#3165,0.175);
#3165 = AXIS2_PLACEMENT_3D('',#3166,#3167,#3168);
#3166 = CARTESIAN_POINT('',(0.,0.,0.));
#3167 = DIRECTION('',(0.,0.,1.));
#3168 = DIRECTION('',(1.,0.,-0.));
#3169 = ( GEOMETRIC_REPRESENTATION_CONTEXT(3) 
GLOBAL_UNCERTAINTY_ASSIGNED_CONTEXT((#3173)) 
GLOBAL_UNIT_ASSIGNED_CONTEXT((#3170,#3171,#3172)) REPRESENTATION_CONTEXT
('Context #1','3D Context with UNIT and UNCERTAINTY') );
#3170 = ( LENGTH_UNIT() NAMED_UNIT(*) SI_UNIT(.MILLI.,.METRE.) );
#3171 = ( NAMED_UNIT(*) PLANE_ANGLE_UNIT() SI_UNIT($,.RADIAN.) );
#3172 = ( NAMED_UNIT(*) SI_UNIT($,.STERADIAN.) SOLID_ANGLE_UNIT() );
#3173 = UNCERTAINTY_MEASURE_WITH_UNIT(LENGTH_MEASURE(1.E-07),#3170,
  'distance_accuracy_value','confusion accuracy');
#3174 = CONTEXT_DEPENDENT_SHAPE_REPRESENTATION(#3175,#3177);
#3175 = ( REPRESENTATION_RELATIONSHIP('','',#3156,#112) 
REPRESENTATION_RELATIONSHIP_WITH_TRANSFORMATION(#3176) 
SHAPE_REPRESENTATION_RELATIONSHIP() );
#3176 = ITEM_DEFINED_TRANSFORMATION('','',#11,#317);
#3177 = PRODUCT_DEFINITION_SHAPE('Placement','Placement of an item',
  #3178);
#3178 = NEXT_ASSEMBLY_USAGE_OCCURRENCE('1615','F3','',#107,#3151,$);
#3179 = PRODUCT_RELATED_PRODUCT_CATEGORY('part',$,(#3153));
#3180 = SHAPE_DEFINITION_REPRESENTATION(#3181,#3187);
#3181 = PRODUCT_DEFINITION_SHAPE('','',#3182);
#3182 = PRODUCT_DEFINITION('design','',#3183,#3186);
#3183 = PRODUCT_DEFINITION_FORMATION('','',#3184);
#3184 = PRODUCT('E3','E3','',(#3185));
#3185 = PRODUCT_CONTEXT('',#2,'mechanical');
#3186 = PRODUCT_DEFINITION_CONTEXT('part definition',#2,'design');
#3187 = ADVANCED_BREP_SHAPE_REPRESENTATION('',(#11,#3188),#3200);
#3188 = MANIFOLD_SOLID_BREP('',#3189);
#3189 = CLOSED_SHELL('',(#3190));
#3190 = ADVANCED_FACE('',(#3191),#3195,.T.);
#3191 = FACE_BOUND('',#3192,.T.);
#3192 = VERTEX_LOOP('',#3193);
#3193 = VERTEX_POINT('',#3194);
#3194 = CARTESIAN_POINT('',(0.,0.,-0.175));
#3195 = SPHERICAL_SURFACE('',#3196,0.175);
#3196 = AXIS2_PLACEMENT_3D('',#3197,#3198,#3199);
#3197 = CARTESIAN_POINT('',(0.,0.,0.));
#3198 = DIRECTION('',(0.,0.,1.));
#3199 = DIRECTION('',(1.,0.,-0.));
#3200 = ( GEOMETRIC_REPRESENTATION_CONTEXT(3) 
GLOBAL_UNCERTAINTY_ASSIGNED_CONTEXT((#3204)) 
GLOBAL_UNIT_ASSIGNED_CONTEXT((#3201,#3202,#3203)) REPRESENTATION_CONTEXT
('Context #1','3D Context with UNIT and UNCERTAINTY') );
#3201 = ( LENGTH_UNIT() NAMED_UNIT(*) SI_UNIT(.MILLI.,.METRE.) );
#3202 = ( NAMED_UNIT(*) PLANE_ANGLE_UNIT() SI_UNIT($,.RADIAN.) );
#3203 = ( NAMED_UNIT(*) SI_UNIT($,.STERADIAN.) SOLID_ANGLE_UNIT() );
#3204 = UNCERTAINTY_MEASURE_WITH_UNIT(LENGTH_MEASURE(1.E-07),#3201,
  'distance_accuracy_value','confusion accuracy');
#3205 = CONTEXT_DEPENDENT_SHAPE_REPRESENTATION(#3206,#3208);
#3206 = ( REPRESENTATION_RELATIONSHIP('','',#3187,#112) 
REPRESENTATION_RELATIONSHIP_WITH_TRANSFORMATION(#3207) 
SHAPE_REPRESENTATION_RELATIONSHIP() );
#3207 = ITEM_DEFINED_TRANSFORMATION('','',#11,#321);
#3208 = PRODUCT_DEFINITION_SHAPE('Placement','Placement of an item',
  #3209);
#3209 = NEXT_ASSEMBLY_USAGE_OCCURRENCE('1616','E3','',#107,#3182,$);
#3210 = PRODUCT_RELATED_PRODUCT_CATEGORY('part',$,(#3184));
#3211 = SHAPE_DEFINITION_REPRESENTATION(#3212,#3218);
#3212 = PRODUCT_DEFINITION_SHAPE('','',#3213);
#3213 = PRODUCT_DEFINITION('design','',#3214,#3217);
#3214 = PRODUCT_DEFINITION_FORMATION('','',#3215);
#3215 = PRODUCT('D3','D3','',(#3216));
#3216 = PRODUCT_CONTEXT('',#2,'mechanical');
#3217 = PRODUCT_DEFINITION_CONTEXT('part definition',#2,'design');
#3218 = ADVANCED_BREP_SHAPE_REPRESENTATION('',(#11,#3219),#3231);
#3219 = MANIFOLD_SOLID_BREP('',#3220);
#3220 = CLOSED_SHELL('',(#3221));
#3221 = ADVANCED_FACE('',(#3222),#3226,.T.);
#3222 = FACE_BOUND('',#3223,.T.);
#3223 = VERTEX_LOOP('',#3224);
#3224 = VERTEX_POINT('',#3225);
#3225 = CARTESIAN_POINT('',(0.,0.,-0.175));
#3226 = SPHERICAL_SURFACE('',#3227,0.175);
#3227 = AXIS2_PLACEMENT_3D('',#3228,#3229,#3230);
#3228 = CARTESIAN_POINT('',(0.,0.,0.));
#3229 = DIRECTION('',(0.,0.,1.));
#3230 = DIRECTION('',(1.,0.,-0.));
#3231 = ( GEOMETRIC_REPRESENTATION_CONTEXT(3) 
GLOBAL_UNCERTAINTY_ASSIGNED_CONTEXT((#3235)) 
GLOBAL_UNIT_ASSIGNED_CONTEXT((#3232,#3233,#3234)) REPRESENTATION_CONTEXT
('Context #1','3D Context with UNIT and UNCERTAINTY') );
#3232 = ( LENGTH_UNIT() NAMED_UNIT(*) SI_UNIT(.MILLI.,.METRE.) );
#3233 = ( NAMED_UNIT(*) PLANE_ANGLE_UNIT() SI_UNIT($,.RADIAN.) );
#3234 = ( NAMED_UNIT(*) SI_UNIT($,.STERADIAN.) SOLID_ANGLE_UNIT() );
#3235 = UNCERTAINTY_MEASURE_WITH_UNIT(LENGTH_MEASURE(1.E-07),#3232,
  'distance_accuracy_value','confusion accuracy');
#3236 = CONTEXT_DEPENDENT_SHAPE_REPRESENTATION(#3237,#3239);
#3237 = ( REPRESENTATION_RELATIONSHIP('','',#3218,#112) 
REPRESENTATION_RELATIONSHIP_WITH_TRANSFORMATION(#3238) 
SHAPE_REPRESENTATION_RELATIONSHIP() );
#3238 = ITEM_DEFINED_TRANSFORMATION('','',#11,#325);
#3239 = PRODUCT_DEFINITION_SHAPE('Placement','Placement of an item',
  #3240);
#3240 = NEXT_ASSEMBLY_USAGE_OCCURRENCE('1617','D3','',#107,#3213,$);
#3241 = PRODUCT_RELATED_PRODUCT_CATEGORY('part',$,(#3215));
#3242 = SHAPE_DEFINITION_REPRESENTATION(#3243,#3249);
#3243 = PRODUCT_DEFINITION_SHAPE('','',#3244);
#3244 = PRODUCT_DEFINITION('design','',#3245,#3248);
#3245 = PRODUCT_DEFINITION_FORMATION('','',#3246);
#3246 = PRODUCT('C3','C3','',(#3247));
#3247 = PRODUCT_CONTEXT('',#2,'mechanical');
#3248 = PRODUCT_DEFINITION_CONTEXT('part definition',#2,'design');
#3249 = ADVANCED_BREP_SHAPE_REPRESENTATION('',(#11,#3250),#3262);
#3250 = MANIFOLD_SOLID_BREP('',#3251);
#3251 = CLOSED_SHELL('',(#3252));
#3252 = ADVANCED_FACE('',(#3253),#3257,.T.);
#3253 = FACE_BOUND('',#3254,.T.);
#3254 = VERTEX_LOOP('',#3255);
#3255 = VERTEX_POINT('',#3256);
#3256 = CARTESIAN_POINT('',(0.,0.,-0.175));
#3257 = SPHERICAL_SURFACE('',#3258,0.175);
#3258 = AXIS2_PLACEMENT_3D('',#3259,#3260,#3261);
#3259 = CARTESIAN_POINT('',(0.,0.,0.));
#3260 = DIRECTION('',(0.,0.,1.));
#3261 = DIRECTION('',(1.,0.,-0.));
#3262 = ( GEOMETRIC_REPRESENTATION_CONTEXT(3) 
GLOBAL_UNCERTAINTY_ASSIGNED_CONTEXT((#3266)) 
GLOBAL_UNIT_ASSIGNED_CONTEXT((#3263,#3264,#3265)) REPRESENTATION_CONTEXT
('Context #1','3D Context with UNIT and UNCERTAINTY') );
#3263 = ( LENGTH_UNIT() NAMED_UNIT(*) SI_UNIT(.MILLI.,.METRE.) );
#3264 = ( NAMED_UNIT(*) PLANE_ANGLE_UNIT() SI_UNIT($,.RADIAN.) );
#3265 = ( NAMED_UNIT(*) SI_UNIT($,.STERADIAN.) SOLID_ANGLE_UNIT() );
#3266 = UNCERTAINTY_MEASURE_WITH_UNIT(LENGTH_MEASURE(1.E-07),#3263,
  'distance_accuracy_value','confusion accuracy');
#3267 = CONTEXT_DEPENDENT_SHAPE_REPRESENTATION(#3268,#3270);
#3268 = ( REPRESENTATION_RELATIONSHIP('','',#3249,#112) 
REPRESENTATION_RELATIONSHIP_WITH_TRANSFORMATION(#3269) 
SHAPE_REPRESENTATION_RELATIONSHIP() );
#3269 = ITEM_DEFINED_TRANSFORMATION('','',#11,#329);
#3270 = PRODUCT_DEFINITION_SHAPE('Placement','Placement of an item',
  #3271);
#3271 = NEXT_ASSEMBLY_USAGE_OCCURRENCE('1618','C3','',#107,#3244,$);
#3272 = PRODUCT_RELATED_PRODUCT_CATEGORY('part',$,(#3246));
#3273 = SHAPE_DEFINITION_REPRESENTATION(#3274,#3280);
#3274 = PRODUCT_DEFINITION_SHAPE('','',#3275);
#3275 = PRODUCT_DEFINITION('design','',#3276,#3279);
#3276 = PRODUCT_DEFINITION_FORMATION('','',#3277);
#3277 = PRODUCT('B3','B3','',(#3278));
#3278 = PRODUCT_CONTEXT('',#2,'mechanical');
#3279 = PRODUCT_DEFINITION_CONTEXT('part definition',#2,'design');
#3280 = ADVANCED_BREP_SHAPE_REPRESENTATION('',(#11,#3281),#3293);
#3281 = MANIFOLD_SOLID_BREP('',#3282);
#3282 = CLOSED_SHELL('',(#3283));
#3283 = ADVANCED_FACE('',(#3284),#3288,.T.);
#3284 = FACE_BOUND('',#3285,.T.);
#3285 = VERTEX_LOOP('',#3286);
#3286 = VERTEX_POINT('',#3287);
#3287 = CARTESIAN_POINT('',(0.,0.,-0.175));
#3288 = SPHERICAL_SURFACE('',#3289,0.175);
#3289 = AXIS2_PLACEMENT_3D('',#3290,#3291,#3292);
#3290 = CARTESIAN_POINT('',(0.,0.,0.));
#3291 = DIRECTION('',(0.,0.,1.));
#3292 = DIRECTION('',(1.,0.,-0.));
#3293 = ( GEOMETRIC_REPRESENTATION_CONTEXT(3) 
GLOBAL_UNCERTAINTY_ASSIGNED_CONTEXT((#3297)) 
GLOBAL_UNIT_ASSIGNED_CONTEXT((#3294,#3295,#3296)) REPRESENTATION_CONTEXT
('Context #1','3D Context with UNIT and UNCERTAINTY') );
#3294 = ( LENGTH_UNIT() NAMED_UNIT(*) SI_UNIT(.MILLI.,.METRE.) );
#3295 = ( NAMED_UNIT(*) PLANE_ANGLE_UNIT() SI_UNIT($,.RADIAN.) );
#3296 = ( NAMED_UNIT(*) SI_UNIT($,.STERADIAN.) SOLID_ANGLE_UNIT() );
#3297 = UNCERTAINTY_MEASURE_WITH_UNIT(LENGTH_MEASURE(1.E-07),#3294,
  'distance_accuracy_value','confusion accuracy');
#3298 = CONTEXT_DEPENDENT_SHAPE_REPRESENTATION(#3299,#3301);
#3299 = ( REPRESENTATION_RELATIONSHIP('','',#3280,#112) 
REPRESENTATION_RELATIONSHIP_WITH_TRANSFORMATION(#3300) 
SHAPE_REPRESENTATION_RELATIONSHIP() );
#3300 = ITEM_DEFINED_TRANSFORMATION('','',#11,#333);
#3301 = PRODUCT_DEFINITION_SHAPE('Placement','Placement of an item',
  #3302);
#3302 = NEXT_ASSEMBLY_USAGE_OCCURRENCE('1619','B3','',#107,#3275,$);
#3303 = PRODUCT_RELATED_PRODUCT_CATEGORY('part',$,(#3277));
#3304 = SHAPE_DEFINITION_REPRESENTATION(#3305,#3311);
#3305 = PRODUCT_DEFINITION_SHAPE('','',#3306);
#3306 = PRODUCT_DEFINITION('design','',#3307,#3310);
#3307 = PRODUCT_DEFINITION_FORMATION('','',#3308);
#3308 = PRODUCT('A3','A3','',(#3309));
#3309 = PRODUCT_CONTEXT('',#2,'mechanical');
#3310 = PRODUCT_DEFINITION_CONTEXT('part definition',#2,'design');
#3311 = ADVANCED_BREP_SHAPE_REPRESENTATION('',(#11,#3312),#3324);
#3312 = MANIFOLD_SOLID_BREP('',#3313);
#3313 = CLOSED_SHELL('',(#3314));
#3314 = ADVANCED_FACE('',(#3315),#3319,.T.);
#3315 = FACE_BOUND('',#3316,.T.);
#3316 = VERTEX_LOOP('',#3317);
#3317 = VERTEX_POINT('',#3318);
#3318 = CARTESIAN_POINT('',(0.,0.,-0.175));
#3319 = SPHERICAL_SURFACE('',#3320,0.175);
#3320 = AXIS2_PLACEMENT_3D('',#3321,#3322,#3323);
#3321 = CARTESIAN_POINT('',(0.,0.,0.));
#3322 = DIRECTION('',(0.,0.,1.));
#3323 = DIRECTION('',(1.,0.,-0.));
#3324 = ( GEOMETRIC_REPRESENTATION_CONTEXT(3) 
GLOBAL_UNCERTAINTY_ASSIGNED_CONTEXT((#3328)) 
GLOBAL_UNIT_ASSIGNED_CONTEXT((#3325,#3326,#3327)) REPRESENTATION_CONTEXT
('Context #1','3D Context with UNIT and UNCERTAINTY') );
#3325 = ( LENGTH_UNIT() NAMED_UNIT(*) SI_UNIT(.MILLI.,.METRE.) );
#3326 = ( NAMED_UNIT(*) PLANE_ANGLE_UNIT() SI_UNIT($,.RADIAN.) );
#3327 = ( NAMED_UNIT(*) SI_UNIT($,.STERADIAN.) SOLID_ANGLE_UNIT() );
#3328 = UNCERTAINTY_MEASURE_WITH_UNIT(LENGTH_MEASURE(1.E-07),#3325,
  'distance_accuracy_value','confusion accuracy');
#3329 = CONTEXT_DEPENDENT_SHAPE_REPRESENTATION(#3330,#3332);
#3330 = ( REPRESENTATION_RELATIONSHIP('','',#3311,#112) 
REPRESENTATION_RELATIONSHIP_WITH_TRANSFORMATION(#3331) 
SHAPE_REPRESENTATION_RELATIONSHIP() );
#3331 = ITEM_DEFINED_TRANSFORMATION('','',#11,#337);
#3332 = PRODUCT_DEFINITION_SHAPE('Placement','Placement of an item',
  #3333);
#3333 = NEXT_ASSEMBLY_USAGE_OCCURRENCE('1620','A3','',#107,#3306,$);
#3334 = PRODUCT_RELATED_PRODUCT_CATEGORY('part',$,(#3308));
#3335 = SHAPE_DEFINITION_REPRESENTATION(#3336,#3342);
#3336 = PRODUCT_DEFINITION_SHAPE('','',#3337);
#3337 = PRODUCT_DEFINITION('design','',#3338,#3341);
#3338 = PRODUCT_DEFINITION_FORMATION('','',#3339);
#3339 = PRODUCT('W4','W4','',(#3340));
#3340 = PRODUCT_CONTEXT('',#2,'mechanical');
#3341 = PRODUCT_DEFINITION_CONTEXT('part definition',#2,'design');
#3342 = ADVANCED_BREP_SHAPE_REPRESENTATION('',(#11,#3343),#3355);
#3343 = MANIFOLD_SOLID_BREP('',#3344);
#3344 = CLOSED_SHELL('',(#3345));
#3345 = ADVANCED_FACE('',(#3346),#3350,.T.);
#3346 = FACE_BOUND('',#3347,.T.);
#3347 = VERTEX_LOOP('',#3348);
#3348 = VERTEX_POINT('',#3349);
#3349 = CARTESIAN_POINT('',(0.,0.,-0.175));
#3350 = SPHERICAL_SURFACE('',#3351,0.175);
#3351 = AXIS2_PLACEMENT_3D('',#3352,#3353,#3354);
#3352 = CARTESIAN_POINT('',(0.,0.,0.));
#3353 = DIRECTION('',(0.,0.,1.));
#3354 = DIRECTION('',(1.,0.,-0.));
#3355 = ( GEOMETRIC_REPRESENTATION_CONTEXT(3) 
GLOBAL_UNCERTAINTY_ASSIGNED_CONTEXT((#3359)) 
GLOBAL_UNIT_ASSIGNED_CONTEXT((#3356,#3357,#3358)) REPRESENTATION_CONTEXT
('Context #1','3D Context with UNIT and UNCERTAINTY') );
#3356 = ( LENGTH_UNIT() NAMED_UNIT(*) SI_UNIT(.MILLI.,.METRE.) );
#3357 = ( NAMED_UNIT(*) PLANE_ANGLE_UNIT() SI_UNIT($,.RADIAN.) );
#3358 = ( NAMED_UNIT(*) SI_UNIT($,.STERADIAN.) SOLID_ANGLE_UNIT() );
#3359 = UNCERTAINTY_MEASURE_WITH_UNIT(LENGTH_MEASURE(1.E-07),#3356,
  'distance_accuracy_value','confusion accuracy');
#3360 = CONTEXT_DEPENDENT_SHAPE_REPRESENTATION(#3361,#3363);
#3361 = ( REPRESENTATION_RELATIONSHIP('','',#3342,#112) 
REPRESENTATION_RELATIONSHIP_WITH_TRANSFORMATION(#3362) 
SHAPE_REPRESENTATION_RELATIONSHIP() );
#3362 = ITEM_DEFINED_TRANSFORMATION('','',#11,#341);
#3363 = PRODUCT_DEFINITION_SHAPE('Placement','Placement of an item',
  #3364);
#3364 = NEXT_ASSEMBLY_USAGE_OCCURRENCE('1621','W4','',#107,#3337,$);
#3365 = PRODUCT_RELATED_PRODUCT_CATEGORY('part',$,(#3339));
#3366 = SHAPE_DEFINITION_REPRESENTATION(#3367,#3373);
#3367 = PRODUCT_DEFINITION_SHAPE('','',#3368);
#3368 = PRODUCT_DEFINITION('design','',#3369,#3372);
#3369 = PRODUCT_DEFINITION_FORMATION('','',#3370);
#3370 = PRODUCT('V4','V4','',(#3371));
#3371 = PRODUCT_CONTEXT('',#2,'mechanical');
#3372 = PRODUCT_DEFINITION_CONTEXT('part definition',#2,'design');
#3373 = ADVANCED_BREP_SHAPE_REPRESENTATION('',(#11,#3374),#3386);
#3374 = MANIFOLD_SOLID_BREP('',#3375);
#3375 = CLOSED_SHELL('',(#3376));
#3376 = ADVANCED_FACE('',(#3377),#3381,.T.);
#3377 = FACE_BOUND('',#3378,.T.);
#3378 = VERTEX_LOOP('',#3379);
#3379 = VERTEX_POINT('',#3380);
#3380 = CARTESIAN_POINT('',(0.,0.,-0.175));
#3381 = SPHERICAL_SURFACE('',#3382,0.175);
#3382 = AXIS2_PLACEMENT_3D('',#3383,#3384,#3385);
#3383 = CARTESIAN_POINT('',(0.,0.,0.));
#3384 = DIRECTION('',(0.,0.,1.));
#3385 = DIRECTION('',(1.,0.,-0.));
#3386 = ( GEOMETRIC_REPRESENTATION_CONTEXT(3) 
GLOBAL_UNCERTAINTY_ASSIGNED_CONTEXT((#3390)) 
GLOBAL_UNIT_ASSIGNED_CONTEXT((#3387,#3388,#3389)) REPRESENTATION_CONTEXT
('Context #1','3D Context with UNIT and UNCERTAINTY') );
#3387 = ( LENGTH_UNIT() NAMED_UNIT(*) SI_UNIT(.MILLI.,.METRE.) );
#3388 = ( NAMED_UNIT(*) PLANE_ANGLE_UNIT() SI_UNIT($,.RADIAN.) );
#3389 = ( NAMED_UNIT(*) SI_UNIT($,.STERADIAN.) SOLID_ANGLE_UNIT() );
#3390 = UNCERTAINTY_MEASURE_WITH_UNIT(LENGTH_MEASURE(1.E-07),#3387,
  'distance_accuracy_value','confusion accuracy');
#3391 = CONTEXT_DEPENDENT_SHAPE_REPRESENTATION(#3392,#3394);
#3392 = ( REPRESENTATION_RELATIONSHIP('','',#3373,#112) 
REPRESENTATION_RELATIONSHIP_WITH_TRANSFORMATION(#3393) 
SHAPE_REPRESENTATION_RELATIONSHIP() );
#3393 = ITEM_DEFINED_TRANSFORMATION('','',#11,#345);
#3394 = PRODUCT_DEFINITION_SHAPE('Placement','Placement of an item',
  #3395);
#3395 = NEXT_ASSEMBLY_USAGE_OCCURRENCE('1622','V4','',#107,#3368,$);
#3396 = PRODUCT_RELATED_PRODUCT_CATEGORY('part',$,(#3370));
#3397 = SHAPE_DEFINITION_REPRESENTATION(#3398,#3404);
#3398 = PRODUCT_DEFINITION_SHAPE('','',#3399);
#3399 = PRODUCT_DEFINITION('design','',#3400,#3403);
#3400 = PRODUCT_DEFINITION_FORMATION('','',#3401);
#3401 = PRODUCT('U4','U4','',(#3402));
#3402 = PRODUCT_CONTEXT('',#2,'mechanical');
#3403 = PRODUCT_DEFINITION_CONTEXT('part definition',#2,'design');
#3404 = ADVANCED_BREP_SHAPE_REPRESENTATION('',(#11,#3405),#3417);
#3405 = MANIFOLD_SOLID_BREP('',#3406);
#3406 = CLOSED_SHELL('',(#3407));
#3407 = ADVANCED_FACE('',(#3408),#3412,.T.);
#3408 = FACE_BOUND('',#3409,.T.);
#3409 = VERTEX_LOOP('',#3410);
#3410 = VERTEX_POINT('',#3411);
#3411 = CARTESIAN_POINT('',(0.,0.,-0.175));
#3412 = SPHERICAL_SURFACE('',#3413,0.175);
#3413 = AXIS2_PLACEMENT_3D('',#3414,#3415,#3416);
#3414 = CARTESIAN_POINT('',(0.,0.,0.));
#3415 = DIRECTION('',(0.,0.,1.));
#3416 = DIRECTION('',(1.,0.,-0.));
#3417 = ( GEOMETRIC_REPRESENTATION_CONTEXT(3) 
GLOBAL_UNCERTAINTY_ASSIGNED_CONTEXT((#3421)) 
GLOBAL_UNIT_ASSIGNED_CONTEXT((#3418,#3419,#3420)) REPRESENTATION_CONTEXT
('Context #1','3D Context with UNIT and UNCERTAINTY') );
#3418 = ( LENGTH_UNIT() NAMED_UNIT(*) SI_UNIT(.MILLI.,.METRE.) );
#3419 = ( NAMED_UNIT(*) PLANE_ANGLE_UNIT() SI_UNIT($,.RADIAN.) );
#3420 = ( NAMED_UNIT(*) SI_UNIT($,.STERADIAN.) SOLID_ANGLE_UNIT() );
#3421 = UNCERTAINTY_MEASURE_WITH_UNIT(LENGTH_MEASURE(1.E-07),#3418,
  'distance_accuracy_value','confusion accuracy');
#3422 = CONTEXT_DEPENDENT_SHAPE_REPRESENTATION(#3423,#3425);
#3423 = ( REPRESENTATION_RELATIONSHIP('','',#3404,#112) 
REPRESENTATION_RELATIONSHIP_WITH_TRANSFORMATION(#3424) 
SHAPE_REPRESENTATION_RELATIONSHIP() );
#3424 = ITEM_DEFINED_TRANSFORMATION('','',#11,#349);
#3425 = PRODUCT_DEFINITION_SHAPE('Placement','Placement of an item',
  #3426);
#3426 = NEXT_ASSEMBLY_USAGE_OCCURRENCE('1623','U4','',#107,#3399,$);
#3427 = PRODUCT_RELATED_PRODUCT_CATEGORY('part',$,(#3401));
#3428 = SHAPE_DEFINITION_REPRESENTATION(#3429,#3435);
#3429 = PRODUCT_DEFINITION_SHAPE('','',#3430);
#3430 = PRODUCT_DEFINITION('design','',#3431,#3434);
#3431 = PRODUCT_DEFINITION_FORMATION('','',#3432);
#3432 = PRODUCT('T4','T4','',(#3433));
#3433 = PRODUCT_CONTEXT('',#2,'mechanical');
#3434 = PRODUCT_DEFINITION_CONTEXT('part definition',#2,'design');
#3435 = ADVANCED_BREP_SHAPE_REPRESENTATION('',(#11,#3436),#3448);
#3436 = MANIFOLD_SOLID_BREP('',#3437);
#3437 = CLOSED_SHELL('',(#3438));
#3438 = ADVANCED_FACE('',(#3439),#3443,.T.);
#3439 = FACE_BOUND('',#3440,.T.);
#3440 = VERTEX_LOOP('',#3441);
#3441 = VERTEX_POINT('',#3442);
#3442 = CARTESIAN_POINT('',(0.,0.,-0.175));
#3443 = SPHERICAL_SURFACE('',#3444,0.175);
#3444 = AXIS2_PLACEMENT_3D('',#3445,#3446,#3447);
#3445 = CARTESIAN_POINT('',(0.,0.,0.));
#3446 = DIRECTION('',(0.,0.,1.));
#3447 = DIRECTION('',(1.,0.,-0.));
#3448 = ( GEOMETRIC_REPRESENTATION_CONTEXT(3) 
GLOBAL_UNCERTAINTY_ASSIGNED_CONTEXT((#3452)) 
GLOBAL_UNIT_ASSIGNED_CONTEXT((#3449,#3450,#3451)) REPRESENTATION_CONTEXT
('Context #1','3D Context with UNIT and UNCERTAINTY') );
#3449 = ( LENGTH_UNIT() NAMED_UNIT(*) SI_UNIT(.MILLI.,.METRE.) );
#3450 = ( NAMED_UNIT(*) PLANE_ANGLE_UNIT() SI_UNIT($,.RADIAN.) );
#3451 = ( NAMED_UNIT(*) SI_UNIT($,.STERADIAN.) SOLID_ANGLE_UNIT() );
#3452 = UNCERTAINTY_MEASURE_WITH_UNIT(LENGTH_MEASURE(1.E-07),#3449,
  'distance_accuracy_value','confusion accuracy');
#3453 = CONTEXT_DEPENDENT_SHAPE_REPRESENTATION(#3454,#3456);
#3454 = ( REPRESENTATION_RELATIONSHIP('','',#3435,#112) 
REPRESENTATION_RELATIONSHIP_WITH_TRANSFORMATION(#3455) 
SHAPE_REPRESENTATION_RELATIONSHIP() );
#3455 = ITEM_DEFINED_TRANSFORMATION('','',#11,#353);
#3456 = PRODUCT_DEFINITION_SHAPE('Placement','Placement of an item',
  #3457);
#3457 = NEXT_ASSEMBLY_USAGE_OCCURRENCE('1624','T4','',#107,#3430,$);
#3458 = PRODUCT_RELATED_PRODUCT_CATEGORY('part',$,(#3432));
#3459 = SHAPE_DEFINITION_REPRESENTATION(#3460,#3466);
#3460 = PRODUCT_DEFINITION_SHAPE('','',#3461);
#3461 = PRODUCT_DEFINITION('design','',#3462,#3465);
#3462 = PRODUCT_DEFINITION_FORMATION('','',#3463);
#3463 = PRODUCT('R4','R4','',(#3464));
#3464 = PRODUCT_CONTEXT('',#2,'mechanical');
#3465 = PRODUCT_DEFINITION_CONTEXT('part definition',#2,'design');
#3466 = ADVANCED_BREP_SHAPE_REPRESENTATION('',(#11,#3467),#3479);
#3467 = MANIFOLD_SOLID_BREP('',#3468);
#3468 = CLOSED_SHELL('',(#3469));
#3469 = ADVANCED_FACE('',(#3470),#3474,.T.);
#3470 = FACE_BOUND('',#3471,.T.);
#3471 = VERTEX_LOOP('',#3472);
#3472 = VERTEX_POINT('',#3473);
#3473 = CARTESIAN_POINT('',(0.,0.,-0.175));
#3474 = SPHERICAL_SURFACE('',#3475,0.175);
#3475 = AXIS2_PLACEMENT_3D('',#3476,#3477,#3478);
#3476 = CARTESIAN_POINT('',(0.,0.,0.));
#3477 = DIRECTION('',(0.,0.,1.));
#3478 = DIRECTION('',(1.,0.,-0.));
#3479 = ( GEOMETRIC_REPRESENTATION_CONTEXT(3) 
GLOBAL_UNCERTAINTY_ASSIGNED_CONTEXT((#3483)) 
GLOBAL_UNIT_ASSIGNED_CONTEXT((#3480,#3481,#3482)) REPRESENTATION_CONTEXT
('Context #1','3D Context with UNIT and UNCERTAINTY') );
#3480 = ( LENGTH_UNIT() NAMED_UNIT(*) SI_UNIT(.MILLI.,.METRE.) );
#3481 = ( NAMED_UNIT(*) PLANE_ANGLE_UNIT() SI_UNIT($,.RADIAN.) );
#3482 = ( NAMED_UNIT(*) SI_UNIT($,.STERADIAN.) SOLID_ANGLE_UNIT() );
#3483 = UNCERTAINTY_MEASURE_WITH_UNIT(LENGTH_MEASURE(1.E-07),#3480,
  'distance_accuracy_value','confusion accuracy');
#3484 = CONTEXT_DEPENDENT_SHAPE_REPRESENTATION(#3485,#3487);
#3485 = ( REPRESENTATION_RELATIONSHIP('','',#3466,#112) 
REPRESENTATION_RELATIONSHIP_WITH_TRANSFORMATION(#3486) 
SHAPE_REPRESENTATION_RELATIONSHIP() );
#3486 = ITEM_DEFINED_TRANSFORMATION('','',#11,#357);
#3487 = PRODUCT_DEFINITION_SHAPE('Placement','Placement of an item',
  #3488);
#3488 = NEXT_ASSEMBLY_USAGE_OCCURRENCE('1625','R4','',#107,#3461,$);
#3489 = PRODUCT_RELATED_PRODUCT_CATEGORY('part',$,(#3463));
#3490 = SHAPE_DEFINITION_REPRESENTATION(#3491,#3497);
#3491 = PRODUCT_DEFINITION_SHAPE('','',#3492);
#3492 = PRODUCT_DEFINITION('design','',#3493,#3496);
#3493 = PRODUCT_DEFINITION_FORMATION('','',#3494);
#3494 = PRODUCT('P4','P4','',(#3495));
#3495 = PRODUCT_CONTEXT('',#2,'mechanical');
#3496 = PRODUCT_DEFINITION_CONTEXT('part definition',#2,'design');
#3497 = ADVANCED_BREP_SHAPE_REPRESENTATION('',(#11,#3498),#3510);
#3498 = MANIFOLD_SOLID_BREP('',#3499);
#3499 = CLOSED_SHELL('',(#3500));
#3500 = ADVANCED_FACE('',(#3501),#3505,.T.);
#3501 = FACE_BOUND('',#3502,.T.);
#3502 = VERTEX_LOOP('',#3503);
#3503 = VERTEX_POINT('',#3504);
#3504 = CARTESIAN_POINT('',(0.,0.,-0.175));
#3505 = SPHERICAL_SURFACE('',#3506,0.175);
#3506 = AXIS2_PLACEMENT_3D('',#3507,#3508,#3509);
#3507 = CARTESIAN_POINT('',(0.,0.,0.));
#3508 = DIRECTION('',(0.,0.,1.));
#3509 = DIRECTION('',(1.,0.,-0.));
#3510 = ( GEOMETRIC_REPRESENTATION_CONTEXT(3) 
GLOBAL_UNCERTAINTY_ASSIGNED_CONTEXT((#3514)) 
GLOBAL_UNIT_ASSIGNED_CONTEXT((#3511,#3512,#3513)) REPRESENTATION_CONTEXT
('Context #1','3D Context with UNIT and UNCERTAINTY') );
#3511 = ( LENGTH_UNIT() NAMED_UNIT(*) SI_UNIT(.MILLI.,.METRE.) );
#3512 = ( NAMED_UNIT(*) PLANE_ANGLE_UNIT() SI_UNIT($,.RADIAN.) );
#3513 = ( NAMED_UNIT(*) SI_UNIT($,.STERADIAN.) SOLID_ANGLE_UNIT() );
#3514 = UNCERTAINTY_MEASURE_WITH_UNIT(LENGTH_MEASURE(1.E-07),#3511,
  'distance_accuracy_value','confusion accuracy');
#3515 = CONTEXT_DEPENDENT_SHAPE_REPRESENTATION(#3516,#3518);
#3516 = ( REPRESENTATION_RELATIONSHIP('','',#3497,#112) 
REPRESENTATION_RELATIONSHIP_WITH_TRANSFORMATION(#3517) 
SHAPE_REPRESENTATION_RELATIONSHIP() );
#3517 = ITEM_DEFINED_TRANSFORMATION('','',#11,#361);
#3518 = PRODUCT_DEFINITION_SHAPE('Placement','Placement of an item',
  #3519);
#3519 = NEXT_ASSEMBLY_USAGE_OCCURRENCE('1626','P4','',#107,#3492,$);
#3520 = PRODUCT_RELATED_PRODUCT_CATEGORY('part',$,(#3494));
#3521 = SHAPE_DEFINITION_REPRESENTATION(#3522,#3528);
#3522 = PRODUCT_DEFINITION_SHAPE('','',#3523);
#3523 = PRODUCT_DEFINITION('design','',#3524,#3527);
#3524 = PRODUCT_DEFINITION_FORMATION('','',#3525);
#3525 = PRODUCT('N4','N4','',(#3526));
#3526 = PRODUCT_CONTEXT('',#2,'mechanical');
#3527 = PRODUCT_DEFINITION_CONTEXT('part definition',#2,'design');
#3528 = ADVANCED_BREP_SHAPE_REPRESENTATION('',(#11,#3529),#3541);
#3529 = MANIFOLD_SOLID_BREP('',#3530);
#3530 = CLOSED_SHELL('',(#3531));
#3531 = ADVANCED_FACE('',(#3532),#3536,.T.);
#3532 = FACE_BOUND('',#3533,.T.);
#3533 = VERTEX_LOOP('',#3534);
#3534 = VERTEX_POINT('',#3535);
#3535 = CARTESIAN_POINT('',(0.,0.,-0.175));
#3536 = SPHERICAL_SURFACE('',#3537,0.175);
#3537 = AXIS2_PLACEMENT_3D('',#3538,#3539,#3540);
#3538 = CARTESIAN_POINT('',(0.,0.,0.));
#3539 = DIRECTION('',(0.,0.,1.));
#3540 = DIRECTION('',(1.,0.,-0.));
#3541 = ( GEOMETRIC_REPRESENTATION_CONTEXT(3) 
GLOBAL_UNCERTAINTY_ASSIGNED_CONTEXT((#3545)) 
GLOBAL_UNIT_ASSIGNED_CONTEXT((#3542,#3543,#3544)) REPRESENTATION_CONTEXT
('Context #1','3D Context with UNIT and UNCERTAINTY') );
#3542 = ( LENGTH_UNIT() NAMED_UNIT(*) SI_UNIT(.MILLI.,.METRE.) );
#3543 = ( NAMED_UNIT(*) PLANE_ANGLE_UNIT() SI_UNIT($,.RADIAN.) );
#3544 = ( NAMED_UNIT(*) SI_UNIT($,.STERADIAN.) SOLID_ANGLE_UNIT() );
#3545 = UNCERTAINTY_MEASURE_WITH_UNIT(LENGTH_MEASURE(1.E-07),#3542,
  'distance_accuracy_value','confusion accuracy');
#3546 = CONTEXT_DEPENDENT_SHAPE_REPRESENTATION(#3547,#3549);
#3547 = ( REPRESENTATION_RELATIONSHIP('','',#3528,#112) 
REPRESENTATION_RELATIONSHIP_WITH_TRANSFORMATION(#3548) 
SHAPE_REPRESENTATION_RELATIONSHIP() );
#3548 = ITEM_DEFINED_TRANSFORMATION('','',#11,#365);
#3549 = PRODUCT_DEFINITION_SHAPE('Placement','Placement of an item',
  #3550);
#3550 = NEXT_ASSEMBLY_USAGE_OCCURRENCE('1627','N4','',#107,#3523,$);
#3551 = PRODUCT_RELATED_PRODUCT_CATEGORY('part',$,(#3525));
#3552 = SHAPE_DEFINITION_REPRESENTATION(#3553,#3559);
#3553 = PRODUCT_DEFINITION_SHAPE('','',#3554);
#3554 = PRODUCT_DEFINITION('design','',#3555,#3558);
#3555 = PRODUCT_DEFINITION_FORMATION('','',#3556);
#3556 = PRODUCT('M4','M4','',(#3557));
#3557 = PRODUCT_CONTEXT('',#2,'mechanical');
#3558 = PRODUCT_DEFINITION_CONTEXT('part definition',#2,'design');
#3559 = ADVANCED_BREP_SHAPE_REPRESENTATION('',(#11,#3560),#3572);
#3560 = MANIFOLD_SOLID_BREP('',#3561);
#3561 = CLOSED_SHELL('',(#3562));
#3562 = ADVANCED_FACE('',(#3563),#3567,.T.);
#3563 = FACE_BOUND('',#3564,.T.);
#3564 = VERTEX_LOOP('',#3565);
#3565 = VERTEX_POINT('',#3566);
#3566 = CARTESIAN_POINT('',(0.,0.,-0.175));
#3567 = SPHERICAL_SURFACE('',#3568,0.175);
#3568 = AXIS2_PLACEMENT_3D('',#3569,#3570,#3571);
#3569 = CARTESIAN_POINT('',(0.,0.,0.));
#3570 = DIRECTION('',(0.,0.,1.));
#3571 = DIRECTION('',(1.,0.,-0.));
#3572 = ( GEOMETRIC_REPRESENTATION_CONTEXT(3) 
GLOBAL_UNCERTAINTY_ASSIGNED_CONTEXT((#3576)) 
GLOBAL_UNIT_ASSIGNED_CONTEXT((#3573,#3574,#3575)) REPRESENTATION_CONTEXT
('Context #1','3D Context with UNIT and UNCERTAINTY') );
#3573 = ( LENGTH_UNIT() NAMED_UNIT(*) SI_UNIT(.MILLI.,.METRE.) );
#3574 = ( NAMED_UNIT(*) PLANE_ANGLE_UNIT() SI_UNIT($,.RADIAN.) );
#3575 = ( NAMED_UNIT(*) SI_UNIT($,.STERADIAN.) SOLID_ANGLE_UNIT() );
#3576 = UNCERTAINTY_MEASURE_WITH_UNIT(LENGTH_MEASURE(1.E-07),#3573,
  'distance_accuracy_value','confusion accuracy');
#3577 = CONTEXT_DEPENDENT_SHAPE_REPRESENTATION(#3578,#3580);
#3578 = ( REPRESENTATION_RELATIONSHIP('','',#3559,#112) 
REPRESENTATION_RELATIONSHIP_WITH_TRANSFORMATION(#3579) 
SHAPE_REPRESENTATION_RELATIONSHIP() );
#3579 = ITEM_DEFINED_TRANSFORMATION('','',#11,#369);
#3580 = PRODUCT_DEFINITION_SHAPE('Placement','Placement of an item',
  #3581);
#3581 = NEXT_ASSEMBLY_USAGE_OCCURRENCE('1628','M4','',#107,#3554,$);
#3582 = PRODUCT_RELATED_PRODUCT_CATEGORY('part',$,(#3556));
#3583 = SHAPE_DEFINITION_REPRESENTATION(#3584,#3590);
#3584 = PRODUCT_DEFINITION_SHAPE('','',#3585);
#3585 = PRODUCT_DEFINITION('design','',#3586,#3589);
#3586 = PRODUCT_DEFINITION_FORMATION('','',#3587);
#3587 = PRODUCT('L4','L4','',(#3588));
#3588 = PRODUCT_CONTEXT('',#2,'mechanical');
#3589 = PRODUCT_DEFINITION_CONTEXT('part definition',#2,'design');
#3590 = ADVANCED_BREP_SHAPE_REPRESENTATION('',(#11,#3591),#3603);
#3591 = MANIFOLD_SOLID_BREP('',#3592);
#3592 = CLOSED_SHELL('',(#3593));
#3593 = ADVANCED_FACE('',(#3594),#3598,.T.);
#3594 = FACE_BOUND('',#3595,.T.);
#3595 = VERTEX_LOOP('',#3596);
#3596 = VERTEX_POINT('',#3597);
#3597 = CARTESIAN_POINT('',(0.,0.,-0.175));
#3598 = SPHERICAL_SURFACE('',#3599,0.175);
#3599 = AXIS2_PLACEMENT_3D('',#3600,#3601,#3602);
#3600 = CARTESIAN_POINT('',(0.,0.,0.));
#3601 = DIRECTION('',(0.,0.,1.));
#3602 = DIRECTION('',(1.,0.,-0.));
#3603 = ( GEOMETRIC_REPRESENTATION_CONTEXT(3) 
GLOBAL_UNCERTAINTY_ASSIGNED_CONTEXT((#3607)) 
GLOBAL_UNIT_ASSIGNED_CONTEXT((#3604,#3605,#3606)) REPRESENTATION_CONTEXT
('Context #1','3D Context with UNIT and UNCERTAINTY') );
#3604 = ( LENGTH_UNIT() NAMED_UNIT(*) SI_UNIT(.MILLI.,.METRE.) );
#3605 = ( NAMED_UNIT(*) PLANE_ANGLE_UNIT() SI_UNIT($,.RADIAN.) );
#3606 = ( NAMED_UNIT(*) SI_UNIT($,.STERADIAN.) SOLID_ANGLE_UNIT() );
#3607 = UNCERTAINTY_MEASURE_WITH_UNIT(LENGTH_MEASURE(1.E-07),#3604,
  'distance_accuracy_value','confusion accuracy');
#3608 = CONTEXT_DEPENDENT_SHAPE_REPRESENTATION(#3609,#3611);
#3609 = ( REPRESENTATION_RELATIONSHIP('','',#3590,#112) 
REPRESENTATION_RELATIONSHIP_WITH_TRANSFORMATION(#3610) 
SHAPE_REPRESENTATION_RELATIONSHIP() );
#3610 = ITEM_DEFINED_TRANSFORMATION('','',#11,#373);
#3611 = PRODUCT_DEFINITION_SHAPE('Placement','Placement of an item',
  #3612);
#3612 = NEXT_ASSEMBLY_USAGE_OCCURRENCE('1629','L4','',#107,#3585,$);
#3613 = PRODUCT_RELATED_PRODUCT_CATEGORY('part',$,(#3587));
#3614 = SHAPE_DEFINITION_REPRESENTATION(#3615,#3621);
#3615 = PRODUCT_DEFINITION_SHAPE('','',#3616);
#3616 = PRODUCT_DEFINITION('design','',#3617,#3620);
#3617 = PRODUCT_DEFINITION_FORMATION('','',#3618);
#3618 = PRODUCT('K4','K4','',(#3619));
#3619 = PRODUCT_CONTEXT('',#2,'mechanical');
#3620 = PRODUCT_DEFINITION_CONTEXT('part definition',#2,'design');
#3621 = ADVANCED_BREP_SHAPE_REPRESENTATION('',(#11,#3622),#3634);
#3622 = MANIFOLD_SOLID_BREP('',#3623);
#3623 = CLOSED_SHELL('',(#3624));
#3624 = ADVANCED_FACE('',(#3625),#3629,.T.);
#3625 = FACE_BOUND('',#3626,.T.);
#3626 = VERTEX_LOOP('',#3627);
#3627 = VERTEX_POINT('',#3628);
#3628 = CARTESIAN_POINT('',(0.,0.,-0.175));
#3629 = SPHERICAL_SURFACE('',#3630,0.175);
#3630 = AXIS2_PLACEMENT_3D('',#3631,#3632,#3633);
#3631 = CARTESIAN_POINT('',(0.,0.,0.));
#3632 = DIRECTION('',(0.,0.,1.));
#3633 = DIRECTION('',(1.,0.,-0.));
#3634 = ( GEOMETRIC_REPRESENTATION_CONTEXT(3) 
GLOBAL_UNCERTAINTY_ASSIGNED_CONTEXT((#3638)) 
GLOBAL_UNIT_ASSIGNED_CONTEXT((#3635,#3636,#3637)) REPRESENTATION_CONTEXT
('Context #1','3D Context with UNIT and UNCERTAINTY') );
#3635 = ( LENGTH_UNIT() NAMED_UNIT(*) SI_UNIT(.MILLI.,.METRE.) );
#3636 = ( NAMED_UNIT(*) PLANE_ANGLE_UNIT() SI_UNIT($,.RADIAN.) );
#3637 = ( NAMED_UNIT(*) SI_UNIT($,.STERADIAN.) SOLID_ANGLE_UNIT() );
#3638 = UNCERTAINTY_MEASURE_WITH_UNIT(LENGTH_MEASURE(1.E-07),#3635,
  'distance_accuracy_value','confusion accuracy');
#3639 = CONTEXT_DEPENDENT_SHAPE_REPRESENTATION(#3640,#3642);
#3640 = ( REPRESENTATION_RELATIONSHIP('','',#3621,#112) 
REPRESENTATION_RELATIONSHIP_WITH_TRANSFORMATION(#3641) 
SHAPE_REPRESENTATION_RELATIONSHIP() );
#3641 = ITEM_DEFINED_TRANSFORMATION('','',#11,#377);
#3642 = PRODUCT_DEFINITION_SHAPE('Placement','Placement of an item',
  #3643);
#3643 = NEXT_ASSEMBLY_USAGE_OCCURRENCE('1630','K4','',#107,#3616,$);
#3644 = PRODUCT_RELATED_PRODUCT_CATEGORY('part',$,(#3618));
#3645 = SHAPE_DEFINITION_REPRESENTATION(#3646,#3652);
#3646 = PRODUCT_DEFINITION_SHAPE('','',#3647);
#3647 = PRODUCT_DEFINITION('design','',#3648,#3651);
#3648 = PRODUCT_DEFINITION_FORMATION('','',#3649);
#3649 = PRODUCT('J4','J4','',(#3650));
#3650 = PRODUCT_CONTEXT('',#2,'mechanical');
#3651 = PRODUCT_DEFINITION_CONTEXT('part definition',#2,'design');
#3652 = ADVANCED_BREP_SHAPE_REPRESENTATION('',(#11,#3653),#3665);
#3653 = MANIFOLD_SOLID_BREP('',#3654);
#3654 = CLOSED_SHELL('',(#3655));
#3655 = ADVANCED_FACE('',(#3656),#3660,.T.);
#3656 = FACE_BOUND('',#3657,.T.);
#3657 = VERTEX_LOOP('',#3658);
#3658 = VERTEX_POINT('',#3659);
#3659 = CARTESIAN_POINT('',(0.,0.,-0.175));
#3660 = SPHERICAL_SURFACE('',#3661,0.175);
#3661 = AXIS2_PLACEMENT_3D('',#3662,#3663,#3664);
#3662 = CARTESIAN_POINT('',(0.,0.,0.));
#3663 = DIRECTION('',(0.,0.,1.));
#3664 = DIRECTION('',(1.,0.,-0.));
#3665 = ( GEOMETRIC_REPRESENTATION_CONTEXT(3) 
GLOBAL_UNCERTAINTY_ASSIGNED_CONTEXT((#3669)) 
GLOBAL_UNIT_ASSIGNED_CONTEXT((#3666,#3667,#3668)) REPRESENTATION_CONTEXT
('Context #1','3D Context with UNIT and UNCERTAINTY') );
#3666 = ( LENGTH_UNIT() NAMED_UNIT(*) SI_UNIT(.MILLI.,.METRE.) );
#3667 = ( NAMED_UNIT(*) PLANE_ANGLE_UNIT() SI_UNIT($,.RADIAN.) );
#3668 = ( NAMED_UNIT(*) SI_UNIT($,.STERADIAN.) SOLID_ANGLE_UNIT() );
#3669 = UNCERTAINTY_MEASURE_WITH_UNIT(LENGTH_MEASURE(1.E-07),#3666,
  'distance_accuracy_value','confusion accuracy');
#3670 = CONTEXT_DEPENDENT_SHAPE_REPRESENTATION(#3671,#3673);
#3671 = ( REPRESENTATION_RELATIONSHIP('','',#3652,#112) 
REPRESENTATION_RELATIONSHIP_WITH_TRANSFORMATION(#3672) 
SHAPE_REPRESENTATION_RELATIONSHIP() );
#3672 = ITEM_DEFINED_TRANSFORMATION('','',#11,#381);
#3673 = PRODUCT_DEFINITION_SHAPE('Placement','Placement of an item',
  #3674);
#3674 = NEXT_ASSEMBLY_USAGE_OCCURRENCE('1631','J4','',#107,#3647,$);
#3675 = PRODUCT_RELATED_PRODUCT_CATEGORY('part',$,(#3649));
#3676 = SHAPE_DEFINITION_REPRESENTATION(#3677,#3683);
#3677 = PRODUCT_DEFINITION_SHAPE('','',#3678);
#3678 = PRODUCT_DEFINITION('design','',#3679,#3682);
#3679 = PRODUCT_DEFINITION_FORMATION('','',#3680);
#3680 = PRODUCT('H4','H4','',(#3681));
#3681 = PRODUCT_CONTEXT('',#2,'mechanical');
#3682 = PRODUCT_DEFINITION_CONTEXT('part definition',#2,'design');
#3683 = ADVANCED_BREP_SHAPE_REPRESENTATION('',(#11,#3684),#3696);
#3684 = MANIFOLD_SOLID_BREP('',#3685);
#3685 = CLOSED_SHELL('',(#3686));
#3686 = ADVANCED_FACE('',(#3687),#3691,.T.);
#3687 = FACE_BOUND('',#3688,.T.);
#3688 = VERTEX_LOOP('',#3689);
#3689 = VERTEX_POINT('',#3690);
#3690 = CARTESIAN_POINT('',(0.,0.,-0.175));
#3691 = SPHERICAL_SURFACE('',#3692,0.175);
#3692 = AXIS2_PLACEMENT_3D('',#3693,#3694,#3695);
#3693 = CARTESIAN_POINT('',(0.,0.,0.));
#3694 = DIRECTION('',(0.,0.,1.));
#3695 = DIRECTION('',(1.,0.,-0.));
#3696 = ( GEOMETRIC_REPRESENTATION_CONTEXT(3) 
GLOBAL_UNCERTAINTY_ASSIGNED_CONTEXT((#3700)) 
GLOBAL_UNIT_ASSIGNED_CONTEXT((#3697,#3698,#3699)) REPRESENTATION_CONTEXT
('Context #1','3D Context with UNIT and UNCERTAINTY') );
#3697 = ( LENGTH_UNIT() NAMED_UNIT(*) SI_UNIT(.MILLI.,.METRE.) );
#3698 = ( NAMED_UNIT(*) PLANE_ANGLE_UNIT() SI_UNIT($,.RADIAN.) );
#3699 = ( NAMED_UNIT(*) SI_UNIT($,.STERADIAN.) SOLID_ANGLE_UNIT() );
#3700 = UNCERTAINTY_MEASURE_WITH_UNIT(LENGTH_MEASURE(1.E-07),#3697,
  'distance_accuracy_value','confusion accuracy');
#3701 = CONTEXT_DEPENDENT_SHAPE_REPRESENTATION(#3702,#3704);
#3702 = ( REPRESENTATION_RELATIONSHIP('','',#3683,#112) 
REPRESENTATION_RELATIONSHIP_WITH_TRANSFORMATION(#3703) 
SHAPE_REPRESENTATION_RELATIONSHIP() );
#3703 = ITEM_DEFINED_TRANSFORMATION('','',#11,#385);
#3704 = PRODUCT_DEFINITION_SHAPE('Placement','Placement of an item',
  #3705);
#3705 = NEXT_ASSEMBLY_USAGE_OCCURRENCE('1632','H4','',#107,#3678,$);
#3706 = PRODUCT_RELATED_PRODUCT_CATEGORY('part',$,(#3680));
#3707 = SHAPE_DEFINITION_REPRESENTATION(#3708,#3714);
#3708 = PRODUCT_DEFINITION_SHAPE('','',#3709);
#3709 = PRODUCT_DEFINITION('design','',#3710,#3713);
#3710 = PRODUCT_DEFINITION_FORMATION('','',#3711);
#3711 = PRODUCT('G4','G4','',(#3712));
#3712 = PRODUCT_CONTEXT('',#2,'mechanical');
#3713 = PRODUCT_DEFINITION_CONTEXT('part definition',#2,'design');
#3714 = ADVANCED_BREP_SHAPE_REPRESENTATION('',(#11,#3715),#3727);
#3715 = MANIFOLD_SOLID_BREP('',#3716);
#3716 = CLOSED_SHELL('',(#3717));
#3717 = ADVANCED_FACE('',(#3718),#3722,.T.);
#3718 = FACE_BOUND('',#3719,.T.);
#3719 = VERTEX_LOOP('',#3720);
#3720 = VERTEX_POINT('',#3721);
#3721 = CARTESIAN_POINT('',(0.,0.,-0.175));
#3722 = SPHERICAL_SURFACE('',#3723,0.175);
#3723 = AXIS2_PLACEMENT_3D('',#3724,#3725,#3726);
#3724 = CARTESIAN_POINT('',(0.,0.,0.));
#3725 = DIRECTION('',(0.,0.,1.));
#3726 = DIRECTION('',(1.,0.,-0.));
#3727 = ( GEOMETRIC_REPRESENTATION_CONTEXT(3) 
GLOBAL_UNCERTAINTY_ASSIGNED_CONTEXT((#3731)) 
GLOBAL_UNIT_ASSIGNED_CONTEXT((#3728,#3729,#3730)) REPRESENTATION_CONTEXT
('Context #1','3D Context with UNIT and UNCERTAINTY') );
#3728 = ( LENGTH_UNIT() NAMED_UNIT(*) SI_UNIT(.MILLI.,.METRE.) );
#3729 = ( NAMED_UNIT(*) PLANE_ANGLE_UNIT() SI_UNIT($,.RADIAN.) );
#3730 = ( NAMED_UNIT(*) SI_UNIT($,.STERADIAN.) SOLID_ANGLE_UNIT() );
#3731 = UNCERTAINTY_MEASURE_WITH_UNIT(LENGTH_MEASURE(1.E-07),#3728,
  'distance_accuracy_value','confusion accuracy');
#3732 = CONTEXT_DEPENDENT_SHAPE_REPRESENTATION(#3733,#3735);
#3733 = ( REPRESENTATION_RELATIONSHIP('','',#3714,#112) 
REPRESENTATION_RELATIONSHIP_WITH_TRANSFORMATION(#3734) 
SHAPE_REPRESENTATION_RELATIONSHIP() );
#3734 = ITEM_DEFINED_TRANSFORMATION('','',#11,#389);
#3735 = PRODUCT_DEFINITION_SHAPE('Placement','Placement of an item',
  #3736);
#3736 = NEXT_ASSEMBLY_USAGE_OCCURRENCE('1633','G4','',#107,#3709,$);
#3737 = PRODUCT_RELATED_PRODUCT_CATEGORY('part',$,(#3711));
#3738 = SHAPE_DEFINITION_REPRESENTATION(#3739,#3745);
#3739 = PRODUCT_DEFINITION_SHAPE('','',#3740);
#3740 = PRODUCT_DEFINITION('design','',#3741,#3744);
#3741 = PRODUCT_DEFINITION_FORMATION('','',#3742);
#3742 = PRODUCT('F4','F4','',(#3743));
#3743 = PRODUCT_CONTEXT('',#2,'mechanical');
#3744 = PRODUCT_DEFINITION_CONTEXT('part definition',#2,'design');
#3745 = ADVANCED_BREP_SHAPE_REPRESENTATION('',(#11,#3746),#3758);
#3746 = MANIFOLD_SOLID_BREP('',#3747);
#3747 = CLOSED_SHELL('',(#3748));
#3748 = ADVANCED_FACE('',(#3749),#3753,.T.);
#3749 = FACE_BOUND('',#3750,.T.);
#3750 = VERTEX_LOOP('',#3751);
#3751 = VERTEX_POINT('',#3752);
#3752 = CARTESIAN_POINT('',(0.,0.,-0.175));
#3753 = SPHERICAL_SURFACE('',#3754,0.175);
#3754 = AXIS2_PLACEMENT_3D('',#3755,#3756,#3757);
#3755 = CARTESIAN_POINT('',(0.,0.,0.));
#3756 = DIRECTION('',(0.,0.,1.));
#3757 = DIRECTION('',(1.,0.,-0.));
#3758 = ( GEOMETRIC_REPRESENTATION_CONTEXT(3) 
GLOBAL_UNCERTAINTY_ASSIGNED_CONTEXT((#3762)) 
GLOBAL_UNIT_ASSIGNED_CONTEXT((#3759,#3760,#3761)) REPRESENTATION_CONTEXT
('Context #1','3D Context with UNIT and UNCERTAINTY') );
#3759 = ( LENGTH_UNIT() NAMED_UNIT(*) SI_UNIT(.MILLI.,.METRE.) );
#3760 = ( NAMED_UNIT(*) PLANE_ANGLE_UNIT() SI_UNIT($,.RADIAN.) );
#3761 = ( NAMED_UNIT(*) SI_UNIT($,.STERADIAN.) SOLID_ANGLE_UNIT() );
#3762 = UNCERTAINTY_MEASURE_WITH_UNIT(LENGTH_MEASURE(1.E-07),#3759,
  'distance_accuracy_value','confusion accuracy');
#3763 = CONTEXT_DEPENDENT_SHAPE_REPRESENTATION(#3764,#3766);
#3764 = ( REPRESENTATION_RELATIONSHIP('','',#3745,#112) 
REPRESENTATION_RELATIONSHIP_WITH_TRANSFORMATION(#3765) 
SHAPE_REPRESENTATION_RELATIONSHIP() );
#3765 = ITEM_DEFINED_TRANSFORMATION('','',#11,#393);
#3766 = PRODUCT_DEFINITION_SHAPE('Placement','Placement of an item',
  #3767);
#3767 = NEXT_ASSEMBLY_USAGE_OCCURRENCE('1634','F4','',#107,#3740,$);
#3768 = PRODUCT_RELATED_PRODUCT_CATEGORY('part',$,(#3742));
#3769 = SHAPE_DEFINITION_REPRESENTATION(#3770,#3776);
#3770 = PRODUCT_DEFINITION_SHAPE('','',#3771);
#3771 = PRODUCT_DEFINITION('design','',#3772,#3775);
#3772 = PRODUCT_DEFINITION_FORMATION('','',#3773);
#3773 = PRODUCT('E4','E4','',(#3774));
#3774 = PRODUCT_CONTEXT('',#2,'mechanical');
#3775 = PRODUCT_DEFINITION_CONTEXT('part definition',#2,'design');
#3776 = ADVANCED_BREP_SHAPE_REPRESENTATION('',(#11,#3777),#3789);
#3777 = MANIFOLD_SOLID_BREP('',#3778);
#3778 = CLOSED_SHELL('',(#3779));
#3779 = ADVANCED_FACE('',(#3780),#3784,.T.);
#3780 = FACE_BOUND('',#3781,.T.);
#3781 = VERTEX_LOOP('',#3782);
#3782 = VERTEX_POINT('',#3783);
#3783 = CARTESIAN_POINT('',(0.,0.,-0.175));
#3784 = SPHERICAL_SURFACE('',#3785,0.175);
#3785 = AXIS2_PLACEMENT_3D('',#3786,#3787,#3788);
#3786 = CARTESIAN_POINT('',(0.,0.,0.));
#3787 = DIRECTION('',(0.,0.,1.));
#3788 = DIRECTION('',(1.,0.,-0.));
#3789 = ( GEOMETRIC_REPRESENTATION_CONTEXT(3) 
GLOBAL_UNCERTAINTY_ASSIGNED_CONTEXT((#3793)) 
GLOBAL_UNIT_ASSIGNED_CONTEXT((#3790,#3791,#3792)) REPRESENTATION_CONTEXT
('Context #1','3D Context with UNIT and UNCERTAINTY') );
#3790 = ( LENGTH_UNIT() NAMED_UNIT(*) SI_UNIT(.MILLI.,.METRE.) );
#3791 = ( NAMED_UNIT(*) PLANE_ANGLE_UNIT() SI_UNIT($,.RADIAN.) );
#3792 = ( NAMED_UNIT(*) SI_UNIT($,.STERADIAN.) SOLID_ANGLE_UNIT() );
#3793 = UNCERTAINTY_MEASURE_WITH_UNIT(LENGTH_MEASURE(1.E-07),#3790,
  'distance_accuracy_value','confusion accuracy');
#3794 = CONTEXT_DEPENDENT_SHAPE_REPRESENTATION(#3795,#3797);
#3795 = ( REPRESENTATION_RELATIONSHIP('','',#3776,#112) 
REPRESENTATION_RELATIONSHIP_WITH_TRANSFORMATION(#3796) 
SHAPE_REPRESENTATION_RELATIONSHIP() );
#3796 = ITEM_DEFINED_TRANSFORMATION('','',#11,#397);
#3797 = PRODUCT_DEFINITION_SHAPE('Placement','Placement of an item',
  #3798);
#3798 = NEXT_ASSEMBLY_USAGE_OCCURRENCE('1635','E4','',#107,#3771,$);
#3799 = PRODUCT_RELATED_PRODUCT_CATEGORY('part',$,(#3773));
#3800 = SHAPE_DEFINITION_REPRESENTATION(#3801,#3807);
#3801 = PRODUCT_DEFINITION_SHAPE('','',#3802);
#3802 = PRODUCT_DEFINITION('design','',#3803,#3806);
#3803 = PRODUCT_DEFINITION_FORMATION('','',#3804);
#3804 = PRODUCT('D4','D4','',(#3805));
#3805 = PRODUCT_CONTEXT('',#2,'mechanical');
#3806 = PRODUCT_DEFINITION_CONTEXT('part definition',#2,'design');
#3807 = ADVANCED_BREP_SHAPE_REPRESENTATION('',(#11,#3808),#3820);
#3808 = MANIFOLD_SOLID_BREP('',#3809);
#3809 = CLOSED_SHELL('',(#3810));
#3810 = ADVANCED_FACE('',(#3811),#3815,.T.);
#3811 = FACE_BOUND('',#3812,.T.);
#3812 = VERTEX_LOOP('',#3813);
#3813 = VERTEX_POINT('',#3814);
#3814 = CARTESIAN_POINT('',(0.,0.,-0.175));
#3815 = SPHERICAL_SURFACE('',#3816,0.175);
#3816 = AXIS2_PLACEMENT_3D('',#3817,#3818,#3819);
#3817 = CARTESIAN_POINT('',(0.,0.,0.));
#3818 = DIRECTION('',(0.,0.,1.));
#3819 = DIRECTION('',(1.,0.,-0.));
#3820 = ( GEOMETRIC_REPRESENTATION_CONTEXT(3) 
GLOBAL_UNCERTAINTY_ASSIGNED_CONTEXT((#3824)) 
GLOBAL_UNIT_ASSIGNED_CONTEXT((#3821,#3822,#3823)) REPRESENTATION_CONTEXT
('Context #1','3D Context with UNIT and UNCERTAINTY') );
#3821 = ( LENGTH_UNIT() NAMED_UNIT(*) SI_UNIT(.MILLI.,.METRE.) );
#3822 = ( NAMED_UNIT(*) PLANE_ANGLE_UNIT() SI_UNIT($,.RADIAN.) );
#3823 = ( NAMED_UNIT(*) SI_UNIT($,.STERADIAN.) SOLID_ANGLE_UNIT() );
#3824 = UNCERTAINTY_MEASURE_WITH_UNIT(LENGTH_MEASURE(1.E-07),#3821,
  'distance_accuracy_value','confusion accuracy');
#3825 = CONTEXT_DEPENDENT_SHAPE_REPRESENTATION(#3826,#3828);
#3826 = ( REPRESENTATION_RELATIONSHIP('','',#3807,#112) 
REPRESENTATION_RELATIONSHIP_WITH_TRANSFORMATION(#3827) 
SHAPE_REPRESENTATION_RELATIONSHIP() );
#3827 = ITEM_DEFINED_TRANSFORMATION('','',#11,#401);
#3828 = PRODUCT_DEFINITION_SHAPE('Placement','Placement of an item',
  #3829);
#3829 = NEXT_ASSEMBLY_USAGE_OCCURRENCE('1636','D4','',#107,#3802,$);
#3830 = PRODUCT_RELATED_PRODUCT_CATEGORY('part',$,(#3804));
#3831 = SHAPE_DEFINITION_REPRESENTATION(#3832,#3838);
#3832 = PRODUCT_DEFINITION_SHAPE('','',#3833);
#3833 = PRODUCT_DEFINITION('design','',#3834,#3837);
#3834 = PRODUCT_DEFINITION_FORMATION('','',#3835);
#3835 = PRODUCT('C4','C4','',(#3836));
#3836 = PRODUCT_CONTEXT('',#2,'mechanical');
#3837 = PRODUCT_DEFINITION_CONTEXT('part definition',#2,'design');
#3838 = ADVANCED_BREP_SHAPE_REPRESENTATION('',(#11,#3839),#3851);
#3839 = MANIFOLD_SOLID_BREP('',#3840);
#3840 = CLOSED_SHELL('',(#3841));
#3841 = ADVANCED_FACE('',(#3842),#3846,.T.);
#3842 = FACE_BOUND('',#3843,.T.);
#3843 = VERTEX_LOOP('',#3844);
#3844 = VERTEX_POINT('',#3845);
#3845 = CARTESIAN_POINT('',(0.,0.,-0.175));
#3846 = SPHERICAL_SURFACE('',#3847,0.175);
#3847 = AXIS2_PLACEMENT_3D('',#3848,#3849,#3850);
#3848 = CARTESIAN_POINT('',(0.,0.,0.));
#3849 = DIRECTION('',(0.,0.,1.));
#3850 = DIRECTION('',(1.,0.,-0.));
#3851 = ( GEOMETRIC_REPRESENTATION_CONTEXT(3) 
GLOBAL_UNCERTAINTY_ASSIGNED_CONTEXT((#3855)) 
GLOBAL_UNIT_ASSIGNED_CONTEXT((#3852,#3853,#3854)) REPRESENTATION_CONTEXT
('Context #1','3D Context with UNIT and UNCERTAINTY') );
#3852 = ( LENGTH_UNIT() NAMED_UNIT(*) SI_UNIT(.MILLI.,.METRE.) );
#3853 = ( NAMED_UNIT(*) PLANE_ANGLE_UNIT() SI_UNIT($,.RADIAN.) );
#3854 = ( NAMED_UNIT(*) SI_UNIT($,.STERADIAN.) SOLID_ANGLE_UNIT() );
#3855 = UNCERTAINTY_MEASURE_WITH_UNIT(LENGTH_MEASURE(1.E-07),#3852,
  'distance_accuracy_value','confusion accuracy');
#3856 = CONTEXT_DEPENDENT_SHAPE_REPRESENTATION(#3857,#3859);
#3857 = ( REPRESENTATION_RELATIONSHIP('','',#3838,#112) 
REPRESENTATION_RELATIONSHIP_WITH_TRANSFORMATION(#3858) 
SHAPE_REPRESENTATION_RELATIONSHIP() );
#3858 = ITEM_DEFINED_TRANSFORMATION('','',#11,#405);
#3859 = PRODUCT_DEFINITION_SHAPE('Placement','Placement of an item',
  #3860);
#3860 = NEXT_ASSEMBLY_USAGE_OCCURRENCE('1637','C4','',#107,#3833,$);
#3861 = PRODUCT_RELATED_PRODUCT_CATEGORY('part',$,(#3835));
#3862 = SHAPE_DEFINITION_REPRESENTATION(#3863,#3869);
#3863 = PRODUCT_DEFINITION_SHAPE('','',#3864);
#3864 = PRODUCT_DEFINITION('design','',#3865,#3868);
#3865 = PRODUCT_DEFINITION_FORMATION('','',#3866);
#3866 = PRODUCT('B4','B4','',(#3867));
#3867 = PRODUCT_CONTEXT('',#2,'mechanical');
#3868 = PRODUCT_DEFINITION_CONTEXT('part definition',#2,'design');
#3869 = ADVANCED_BREP_SHAPE_REPRESENTATION('',(#11,#3870),#3882);
#3870 = MANIFOLD_SOLID_BREP('',#3871);
#3871 = CLOSED_SHELL('',(#3872));
#3872 = ADVANCED_FACE('',(#3873),#3877,.T.);
#3873 = FACE_BOUND('',#3874,.T.);
#3874 = VERTEX_LOOP('',#3875);
#3875 = VERTEX_POINT('',#3876);
#3876 = CARTESIAN_POINT('',(0.,0.,-0.175));
#3877 = SPHERICAL_SURFACE('',#3878,0.175);
#3878 = AXIS2_PLACEMENT_3D('',#3879,#3880,#3881);
#3879 = CARTESIAN_POINT('',(0.,0.,0.));
#3880 = DIRECTION('',(0.,0.,1.));
#3881 = DIRECTION('',(1.,0.,-0.));
#3882 = ( GEOMETRIC_REPRESENTATION_CONTEXT(3) 
GLOBAL_UNCERTAINTY_ASSIGNED_CONTEXT((#3886)) 
GLOBAL_UNIT_ASSIGNED_CONTEXT((#3883,#3884,#3885)) REPRESENTATION_CONTEXT
('Context #1','3D Context with UNIT and UNCERTAINTY') );
#3883 = ( LENGTH_UNIT() NAMED_UNIT(*) SI_UNIT(.MILLI.,.METRE.) );
#3884 = ( NAMED_UNIT(*) PLANE_ANGLE_UNIT() SI_UNIT($,.RADIAN.) );
#3885 = ( NAMED_UNIT(*) SI_UNIT($,.STERADIAN.) SOLID_ANGLE_UNIT() );
#3886 = UNCERTAINTY_MEASURE_WITH_UNIT(LENGTH_MEASURE(1.E-07),#3883,
  'distance_accuracy_value','confusion accuracy');
#3887 = CONTEXT_DEPENDENT_SHAPE_REPRESENTATION(#3888,#3890);
#3888 = ( REPRESENTATION_RELATIONSHIP('','',#3869,#112) 
REPRESENTATION_RELATIONSHIP_WITH_TRANSFORMATION(#3889) 
SHAPE_REPRESENTATION_RELATIONSHIP() );
#3889 = ITEM_DEFINED_TRANSFORMATION('','',#11,#409);
#3890 = PRODUCT_DEFINITION_SHAPE('Placement','Placement of an item',
  #3891);
#3891 = NEXT_ASSEMBLY_USAGE_OCCURRENCE('1638','B4','',#107,#3864,$);
#3892 = PRODUCT_RELATED_PRODUCT_CATEGORY('part',$,(#3866));
#3893 = SHAPE_DEFINITION_REPRESENTATION(#3894,#3900);
#3894 = PRODUCT_DEFINITION_SHAPE('','',#3895);
#3895 = PRODUCT_DEFINITION('design','',#3896,#3899);
#3896 = PRODUCT_DEFINITION_FORMATION('','',#3897);
#3897 = PRODUCT('A4','A4','',(#3898));
#3898 = PRODUCT_CONTEXT('',#2,'mechanical');
#3899 = PRODUCT_DEFINITION_CONTEXT('part definition',#2,'design');
#3900 = ADVANCED_BREP_SHAPE_REPRESENTATION('',(#11,#3901),#3913);
#3901 = MANIFOLD_SOLID_BREP('',#3902);
#3902 = CLOSED_SHELL('',(#3903));
#3903 = ADVANCED_FACE('',(#3904),#3908,.T.);
#3904 = FACE_BOUND('',#3905,.T.);
#3905 = VERTEX_LOOP('',#3906);
#3906 = VERTEX_POINT('',#3907);
#3907 = CARTESIAN_POINT('',(0.,0.,-0.175));
#3908 = SPHERICAL_SURFACE('',#3909,0.175);
#3909 = AXIS2_PLACEMENT_3D('',#3910,#3911,#3912);
#3910 = CARTESIAN_POINT('',(0.,0.,0.));
#3911 = DIRECTION('',(0.,0.,1.));
#3912 = DIRECTION('',(1.,0.,-0.));
#3913 = ( GEOMETRIC_REPRESENTATION_CONTEXT(3) 
GLOBAL_UNCERTAINTY_ASSIGNED_CONTEXT((#3917)) 
GLOBAL_UNIT_ASSIGNED_CONTEXT((#3914,#3915,#3916)) REPRESENTATION_CONTEXT
('Context #1','3D Context with UNIT and UNCERTAINTY') );
#3914 = ( LENGTH_UNIT() NAMED_UNIT(*) SI_UNIT(.MILLI.,.METRE.) );
#3915 = ( NAMED_UNIT(*) PLANE_ANGLE_UNIT() SI_UNIT($,.RADIAN.) );
#3916 = ( NAMED_UNIT(*) SI_UNIT($,.STERADIAN.) SOLID_ANGLE_UNIT() );
#3917 = UNCERTAINTY_MEASURE_WITH_UNIT(LENGTH_MEASURE(1.E-07),#3914,
  'distance_accuracy_value','confusion accuracy');
#3918 = CONTEXT_DEPENDENT_SHAPE_REPRESENTATION(#3919,#3921);
#3919 = ( REPRESENTATION_RELATIONSHIP('','',#3900,#112) 
REPRESENTATION_RELATIONSHIP_WITH_TRANSFORMATION(#3920) 
SHAPE_REPRESENTATION_RELATIONSHIP() );
#3920 = ITEM_DEFINED_TRANSFORMATION('','',#11,#413);
#3921 = PRODUCT_DEFINITION_SHAPE('Placement','Placement of an item',
  #3922);
#3922 = NEXT_ASSEMBLY_USAGE_OCCURRENCE('1639','A4','',#107,#3895,$);
#3923 = PRODUCT_RELATED_PRODUCT_CATEGORY('part',$,(#3897));
#3924 = SHAPE_DEFINITION_REPRESENTATION(#3925,#3931);
#3925 = PRODUCT_DEFINITION_SHAPE('','',#3926);
#3926 = PRODUCT_DEFINITION('design','',#3927,#3930);
#3927 = PRODUCT_DEFINITION_FORMATION('','',#3928);
#3928 = PRODUCT('W5','W5','',(#3929));
#3929 = PRODUCT_CONTEXT('',#2,'mechanical');
#3930 = PRODUCT_DEFINITION_CONTEXT('part definition',#2,'design');
#3931 = ADVANCED_BREP_SHAPE_REPRESENTATION('',(#11,#3932),#3944);
#3932 = MANIFOLD_SOLID_BREP('',#3933);
#3933 = CLOSED_SHELL('',(#3934));
#3934 = ADVANCED_FACE('',(#3935),#3939,.T.);
#3935 = FACE_BOUND('',#3936,.T.);
#3936 = VERTEX_LOOP('',#3937);
#3937 = VERTEX_POINT('',#3938);
#3938 = CARTESIAN_POINT('',(0.,0.,-0.175));
#3939 = SPHERICAL_SURFACE('',#3940,0.175);
#3940 = AXIS2_PLACEMENT_3D('',#3941,#3942,#3943);
#3941 = CARTESIAN_POINT('',(0.,0.,0.));
#3942 = DIRECTION('',(0.,0.,1.));
#3943 = DIRECTION('',(1.,0.,-0.));
#3944 = ( GEOMETRIC_REPRESENTATION_CONTEXT(3) 
GLOBAL_UNCERTAINTY_ASSIGNED_CONTEXT((#3948)) 
GLOBAL_UNIT_ASSIGNED_CONTEXT((#3945,#3946,#3947)) REPRESENTATION_CONTEXT
('Context #1','3D Context with UNIT and UNCERTAINTY') );
#3945 = ( LENGTH_UNIT() NAMED_UNIT(*) SI_UNIT(.MILLI.,.METRE.) );
#3946 = ( NAMED_UNIT(*) PLANE_ANGLE_UNIT() SI_UNIT($,.RADIAN.) );
#3947 = ( NAMED_UNIT(*) SI_UNIT($,.STERADIAN.) SOLID_ANGLE_UNIT() );
#3948 = UNCERTAINTY_MEASURE_WITH_UNIT(LENGTH_MEASURE(1.E-07),#3945,
  'distance_accuracy_value','confusion accuracy');
#3949 = CONTEXT_DEPENDENT_SHAPE_REPRESENTATION(#3950,#3952);
#3950 = ( REPRESENTATION_RELATIONSHIP('','',#3931,#112) 
REPRESENTATION_RELATIONSHIP_WITH_TRANSFORMATION(#3951) 
SHAPE_REPRESENTATION_RELATIONSHIP() );
#3951 = ITEM_DEFINED_TRANSFORMATION('','',#11,#417);
#3952 = PRODUCT_DEFINITION_SHAPE('Placement','Placement of an item',
  #3953);
#3953 = NEXT_ASSEMBLY_USAGE_OCCURRENCE('1640','W5','',#107,#3926,$);
#3954 = PRODUCT_RELATED_PRODUCT_CATEGORY('part',$,(#3928));
#3955 = SHAPE_DEFINITION_REPRESENTATION(#3956,#3962);
#3956 = PRODUCT_DEFINITION_SHAPE('','',#3957);
#3957 = PRODUCT_DEFINITION('design','',#3958,#3961);
#3958 = PRODUCT_DEFINITION_FORMATION('','',#3959);
#3959 = PRODUCT('V5','V5','',(#3960));
#3960 = PRODUCT_CONTEXT('',#2,'mechanical');
#3961 = PRODUCT_DEFINITION_CONTEXT('part definition',#2,'design');
#3962 = ADVANCED_BREP_SHAPE_REPRESENTATION('',(#11,#3963),#3975);
#3963 = MANIFOLD_SOLID_BREP('',#3964);
#3964 = CLOSED_SHELL('',(#3965));
#3965 = ADVANCED_FACE('',(#3966),#3970,.T.);
#3966 = FACE_BOUND('',#3967,.T.);
#3967 = VERTEX_LOOP('',#3968);
#3968 = VERTEX_POINT('',#3969);
#3969 = CARTESIAN_POINT('',(0.,0.,-0.175));
#3970 = SPHERICAL_SURFACE('',#3971,0.175);
#3971 = AXIS2_PLACEMENT_3D('',#3972,#3973,#3974);
#3972 = CARTESIAN_POINT('',(0.,0.,0.));
#3973 = DIRECTION('',(0.,0.,1.));
#3974 = DIRECTION('',(1.,0.,-0.));
#3975 = ( GEOMETRIC_REPRESENTATION_CONTEXT(3) 
GLOBAL_UNCERTAINTY_ASSIGNED_CONTEXT((#3979)) 
GLOBAL_UNIT_ASSIGNED_CONTEXT((#3976,#3977,#3978)) REPRESENTATION_CONTEXT
('Context #1','3D Context with UNIT and UNCERTAINTY') );
#3976 = ( LENGTH_UNIT() NAMED_UNIT(*) SI_UNIT(.MILLI.,.METRE.) );
#3977 = ( NAMED_UNIT(*) PLANE_ANGLE_UNIT() SI_UNIT($,.RADIAN.) );
#3978 = ( NAMED_UNIT(*) SI_UNIT($,.STERADIAN.) SOLID_ANGLE_UNIT() );
#3979 = UNCERTAINTY_MEASURE_WITH_UNIT(LENGTH_MEASURE(1.E-07),#3976,
  'distance_accuracy_value','confusion accuracy');
#3980 = CONTEXT_DEPENDENT_SHAPE_REPRESENTATION(#3981,#3983);
#3981 = ( REPRESENTATION_RELATIONSHIP('','',#3962,#112) 
REPRESENTATION_RELATIONSHIP_WITH_TRANSFORMATION(#3982) 
SHAPE_REPRESENTATION_RELATIONSHIP() );
#3982 = ITEM_DEFINED_TRANSFORMATION('','',#11,#421);
#3983 = PRODUCT_DEFINITION_SHAPE('Placement','Placement of an item',
  #3984);
#3984 = NEXT_ASSEMBLY_USAGE_OCCURRENCE('1641','V5','',#107,#3957,$);
#3985 = PRODUCT_RELATED_PRODUCT_CATEGORY('part',$,(#3959));
#3986 = SHAPE_DEFINITION_REPRESENTATION(#3987,#3993);
#3987 = PRODUCT_DEFINITION_SHAPE('','',#3988);
#3988 = PRODUCT_DEFINITION('design','',#3989,#3992);
#3989 = PRODUCT_DEFINITION_FORMATION('','',#3990);
#3990 = PRODUCT('U5','U5','',(#3991));
#3991 = PRODUCT_CONTEXT('',#2,'mechanical');
#3992 = PRODUCT_DEFINITION_CONTEXT('part definition',#2,'design');
#3993 = ADVANCED_BREP_SHAPE_REPRESENTATION('',(#11,#3994),#4006);
#3994 = MANIFOLD_SOLID_BREP('',#3995);
#3995 = CLOSED_SHELL('',(#3996));
#3996 = ADVANCED_FACE('',(#3997),#4001,.T.);
#3997 = FACE_BOUND('',#3998,.T.);
#3998 = VERTEX_LOOP('',#3999);
#3999 = VERTEX_POINT('',#4000);
#4000 = CARTESIAN_POINT('',(0.,0.,-0.175));
#4001 = SPHERICAL_SURFACE('',#4002,0.175);
#4002 = AXIS2_PLACEMENT_3D('',#4003,#4004,#4005);
#4003 = CARTESIAN_POINT('',(0.,0.,0.));
#4004 = DIRECTION('',(0.,0.,1.));
#4005 = DIRECTION('',(1.,0.,-0.));
#4006 = ( GEOMETRIC_REPRESENTATION_CONTEXT(3) 
GLOBAL_UNCERTAINTY_ASSIGNED_CONTEXT((#4010)) 
GLOBAL_UNIT_ASSIGNED_CONTEXT((#4007,#4008,#4009)) REPRESENTATION_CONTEXT
('Context #1','3D Context with UNIT and UNCERTAINTY') );
#4007 = ( LENGTH_UNIT() NAMED_UNIT(*) SI_UNIT(.MILLI.,.METRE.) );
#4008 = ( NAMED_UNIT(*) PLANE_ANGLE_UNIT() SI_UNIT($,.RADIAN.) );
#4009 = ( NAMED_UNIT(*) SI_UNIT($,.STERADIAN.) SOLID_ANGLE_UNIT() );
#4010 = UNCERTAINTY_MEASURE_WITH_UNIT(LENGTH_MEASURE(1.E-07),#4007,
  'distance_accuracy_value','confusion accuracy');
#4011 = CONTEXT_DEPENDENT_SHAPE_REPRESENTATION(#4012,#4014);
#4012 = ( REPRESENTATION_RELATIONSHIP('','',#3993,#112) 
REPRESENTATION_RELATIONSHIP_WITH_TRANSFORMATION(#4013) 
SHAPE_REPRESENTATION_RELATIONSHIP() );
#4013 = ITEM_DEFINED_TRANSFORMATION('','',#11,#425);
#4014 = PRODUCT_DEFINITION_SHAPE('Placement','Placement of an item',
  #4015);
#4015 = NEXT_ASSEMBLY_USAGE_OCCURRENCE('1642','U5','',#107,#3988,$);
#4016 = PRODUCT_RELATED_PRODUCT_CATEGORY('part',$,(#3990));
#4017 = SHAPE_DEFINITION_REPRESENTATION(#4018,#4024);
#4018 = PRODUCT_DEFINITION_SHAPE('','',#4019);
#4019 = PRODUCT_DEFINITION('design','',#4020,#4023);
#4020 = PRODUCT_DEFINITION_FORMATION('','',#4021);
#4021 = PRODUCT('T5','T5','',(#4022));
#4022 = PRODUCT_CONTEXT('',#2,'mechanical');
#4023 = PRODUCT_DEFINITION_CONTEXT('part definition',#2,'design');
#4024 = ADVANCED_BREP_SHAPE_REPRESENTATION('',(#11,#4025),#4037);
#4025 = MANIFOLD_SOLID_BREP('',#4026);
#4026 = CLOSED_SHELL('',(#4027));
#4027 = ADVANCED_FACE('',(#4028),#4032,.T.);
#4028 = FACE_BOUND('',#4029,.T.);
#4029 = VERTEX_LOOP('',#4030);
#4030 = VERTEX_POINT('',#4031);
#4031 = CARTESIAN_POINT('',(0.,0.,-0.175));
#4032 = SPHERICAL_SURFACE('',#4033,0.175);
#4033 = AXIS2_PLACEMENT_3D('',#4034,#4035,#4036);
#4034 = CARTESIAN_POINT('',(0.,0.,0.));
#4035 = DIRECTION('',(0.,0.,1.));
#4036 = DIRECTION('',(1.,0.,-0.));
#4037 = ( GEOMETRIC_REPRESENTATION_CONTEXT(3) 
GLOBAL_UNCERTAINTY_ASSIGNED_CONTEXT((#4041)) 
GLOBAL_UNIT_ASSIGNED_CONTEXT((#4038,#4039,#4040)) REPRESENTATION_CONTEXT
('Context #1','3D Context with UNIT and UNCERTAINTY') );
#4038 = ( LENGTH_UNIT() NAMED_UNIT(*) SI_UNIT(.MILLI.,.METRE.) );
#4039 = ( NAMED_UNIT(*) PLANE_ANGLE_UNIT() SI_UNIT($,.RADIAN.) );
#4040 = ( NAMED_UNIT(*) SI_UNIT($,.STERADIAN.) SOLID_ANGLE_UNIT() );
#4041 = UNCERTAINTY_MEASURE_WITH_UNIT(LENGTH_MEASURE(1.E-07),#4038,
  'distance_accuracy_value','confusion accuracy');
#4042 = CONTEXT_DEPENDENT_SHAPE_REPRESENTATION(#4043,#4045);
#4043 = ( REPRESENTATION_RELATIONSHIP('','',#4024,#112) 
REPRESENTATION_RELATIONSHIP_WITH_TRANSFORMATION(#4044) 
SHAPE_REPRESENTATION_RELATIONSHIP() );
#4044 = ITEM_DEFINED_TRANSFORMATION('','',#11,#429);
#4045 = PRODUCT_DEFINITION_SHAPE('Placement','Placement of an item',
  #4046);
#4046 = NEXT_ASSEMBLY_USAGE_OCCURRENCE('1643','T5','',#107,#4019,$);
#4047 = PRODUCT_RELATED_PRODUCT_CATEGORY('part',$,(#4021));
#4048 = SHAPE_DEFINITION_REPRESENTATION(#4049,#4055);
#4049 = PRODUCT_DEFINITION_SHAPE('','',#4050);
#4050 = PRODUCT_DEFINITION('design','',#4051,#4054);
#4051 = PRODUCT_DEFINITION_FORMATION('','',#4052);
#4052 = PRODUCT('R5','R5','',(#4053));
#4053 = PRODUCT_CONTEXT('',#2,'mechanical');
#4054 = PRODUCT_DEFINITION_CONTEXT('part definition',#2,'design');
#4055 = ADVANCED_BREP_SHAPE_REPRESENTATION('',(#11,#4056),#4068);
#4056 = MANIFOLD_SOLID_BREP('',#4057);
#4057 = CLOSED_SHELL('',(#4058));
#4058 = ADVANCED_FACE('',(#4059),#4063,.T.);
#4059 = FACE_BOUND('',#4060,.T.);
#4060 = VERTEX_LOOP('',#4061);
#4061 = VERTEX_POINT('',#4062);
#4062 = CARTESIAN_POINT('',(0.,0.,-0.175));
#4063 = SPHERICAL_SURFACE('',#4064,0.175);
#4064 = AXIS2_PLACEMENT_3D('',#4065,#4066,#4067);
#4065 = CARTESIAN_POINT('',(0.,0.,0.));
#4066 = DIRECTION('',(0.,0.,1.));
#4067 = DIRECTION('',(1.,0.,-0.));
#4068 = ( GEOMETRIC_REPRESENTATION_CONTEXT(3) 
GLOBAL_UNCERTAINTY_ASSIGNED_CONTEXT((#4072)) 
GLOBAL_UNIT_ASSIGNED_CONTEXT((#4069,#4070,#4071)) REPRESENTATION_CONTEXT
('Context #1','3D Context with UNIT and UNCERTAINTY') );
#4069 = ( LENGTH_UNIT() NAMED_UNIT(*) SI_UNIT(.MILLI.,.METRE.) );
#4070 = ( NAMED_UNIT(*) PLANE_ANGLE_UNIT() SI_UNIT($,.RADIAN.) );
#4071 = ( NAMED_UNIT(*) SI_UNIT($,.STERADIAN.) SOLID_ANGLE_UNIT() );
#4072 = UNCERTAINTY_MEASURE_WITH_UNIT(LENGTH_MEASURE(1.E-07),#4069,
  'distance_accuracy_value','confusion accuracy');
#4073 = CONTEXT_DEPENDENT_SHAPE_REPRESENTATION(#4074,#4076);
#4074 = ( REPRESENTATION_RELATIONSHIP('','',#4055,#112) 
REPRESENTATION_RELATIONSHIP_WITH_TRANSFORMATION(#4075) 
SHAPE_REPRESENTATION_RELATIONSHIP() );
#4075 = ITEM_DEFINED_TRANSFORMATION('','',#11,#433);
#4076 = PRODUCT_DEFINITION_SHAPE('Placement','Placement of an item',
  #4077);
#4077 = NEXT_ASSEMBLY_USAGE_OCCURRENCE('1644','R5','',#107,#4050,$);
#4078 = PRODUCT_RELATED_PRODUCT_CATEGORY('part',$,(#4052));
#4079 = SHAPE_DEFINITION_REPRESENTATION(#4080,#4086);
#4080 = PRODUCT_DEFINITION_SHAPE('','',#4081);
#4081 = PRODUCT_DEFINITION('design','',#4082,#4085);
#4082 = PRODUCT_DEFINITION_FORMATION('','',#4083);
#4083 = PRODUCT('P5','P5','',(#4084));
#4084 = PRODUCT_CONTEXT('',#2,'mechanical');
#4085 = PRODUCT_DEFINITION_CONTEXT('part definition',#2,'design');
#4086 = ADVANCED_BREP_SHAPE_REPRESENTATION('',(#11,#4087),#4099);
#4087 = MANIFOLD_SOLID_BREP('',#4088);
#4088 = CLOSED_SHELL('',(#4089));
#4089 = ADVANCED_FACE('',(#4090),#4094,.T.);
#4090 = FACE_BOUND('',#4091,.T.);
#4091 = VERTEX_LOOP('',#4092);
#4092 = VERTEX_POINT('',#4093);
#4093 = CARTESIAN_POINT('',(0.,0.,-0.175));
#4094 = SPHERICAL_SURFACE('',#4095,0.175);
#4095 = AXIS2_PLACEMENT_3D('',#4096,#4097,#4098);
#4096 = CARTESIAN_POINT('',(0.,0.,0.));
#4097 = DIRECTION('',(0.,0.,1.));
#4098 = DIRECTION('',(1.,0.,-0.));
#4099 = ( GEOMETRIC_REPRESENTATION_CONTEXT(3) 
GLOBAL_UNCERTAINTY_ASSIGNED_CONTEXT((#4103)) 
GLOBAL_UNIT_ASSIGNED_CONTEXT((#4100,#4101,#4102)) REPRESENTATION_CONTEXT
('Context #1','3D Context with UNIT and UNCERTAINTY') );
#4100 = ( LENGTH_UNIT() NAMED_UNIT(*) SI_UNIT(.MILLI.,.METRE.) );
#4101 = ( NAMED_UNIT(*) PLANE_ANGLE_UNIT() SI_UNIT($,.RADIAN.) );
#4102 = ( NAMED_UNIT(*) SI_UNIT($,.STERADIAN.) SOLID_ANGLE_UNIT() );
#4103 = UNCERTAINTY_MEASURE_WITH_UNIT(LENGTH_MEASURE(1.E-07),#4100,
  'distance_accuracy_value','confusion accuracy');
#4104 = CONTEXT_DEPENDENT_SHAPE_REPRESENTATION(#4105,#4107);
#4105 = ( REPRESENTATION_RELATIONSHIP('','',#4086,#112) 
REPRESENTATION_RELATIONSHIP_WITH_TRANSFORMATION(#4106) 
SHAPE_REPRESENTATION_RELATIONSHIP() );
#4106 = ITEM_DEFINED_TRANSFORMATION('','',#11,#437);
#4107 = PRODUCT_DEFINITION_SHAPE('Placement','Placement of an item',
  #4108);
#4108 = NEXT_ASSEMBLY_USAGE_OCCURRENCE('1645','P5','',#107,#4081,$);
#4109 = PRODUCT_RELATED_PRODUCT_CATEGORY('part',$,(#4083));
#4110 = SHAPE_DEFINITION_REPRESENTATION(#4111,#4117);
#4111 = PRODUCT_DEFINITION_SHAPE('','',#4112);
#4112 = PRODUCT_DEFINITION('design','',#4113,#4116);
#4113 = PRODUCT_DEFINITION_FORMATION('','',#4114);
#4114 = PRODUCT('N5','N5','',(#4115));
#4115 = PRODUCT_CONTEXT('',#2,'mechanical');
#4116 = PRODUCT_DEFINITION_CONTEXT('part definition',#2,'design');
#4117 = ADVANCED_BREP_SHAPE_REPRESENTATION('',(#11,#4118),#4130);
#4118 = MANIFOLD_SOLID_BREP('',#4119);
#4119 = CLOSED_SHELL('',(#4120));
#4120 = ADVANCED_FACE('',(#4121),#4125,.T.);
#4121 = FACE_BOUND('',#4122,.T.);
#4122 = VERTEX_LOOP('',#4123);
#4123 = VERTEX_POINT('',#4124);
#4124 = CARTESIAN_POINT('',(0.,0.,-0.175));
#4125 = SPHERICAL_SURFACE('',#4126,0.175);
#4126 = AXIS2_PLACEMENT_3D('',#4127,#4128,#4129);
#4127 = CARTESIAN_POINT('',(0.,0.,0.));
#4128 = DIRECTION('',(0.,0.,1.));
#4129 = DIRECTION('',(1.,0.,-0.));
#4130 = ( GEOMETRIC_REPRESENTATION_CONTEXT(3) 
GLOBAL_UNCERTAINTY_ASSIGNED_CONTEXT((#4134)) 
GLOBAL_UNIT_ASSIGNED_CONTEXT((#4131,#4132,#4133)) REPRESENTATION_CONTEXT
('Context #1','3D Context with UNIT and UNCERTAINTY') );
#4131 = ( LENGTH_UNIT() NAMED_UNIT(*) SI_UNIT(.MILLI.,.METRE.) );
#4132 = ( NAMED_UNIT(*) PLANE_ANGLE_UNIT() SI_UNIT($,.RADIAN.) );
#4133 = ( NAMED_UNIT(*) SI_UNIT($,.STERADIAN.) SOLID_ANGLE_UNIT() );
#4134 = UNCERTAINTY_MEASURE_WITH_UNIT(LENGTH_MEASURE(1.E-07),#4131,
  'distance_accuracy_value','confusion accuracy');
#4135 = CONTEXT_DEPENDENT_SHAPE_REPRESENTATION(#4136,#4138);
#4136 = ( REPRESENTATION_RELATIONSHIP('','',#4117,#112) 
REPRESENTATION_RELATIONSHIP_WITH_TRANSFORMATION(#4137) 
SHAPE_REPRESENTATION_RELATIONSHIP() );
#4137 = ITEM_DEFINED_TRANSFORMATION('','',#11,#441);
#4138 = PRODUCT_DEFINITION_SHAPE('Placement','Placement of an item',
  #4139);
#4139 = NEXT_ASSEMBLY_USAGE_OCCURRENCE('1646','N5','',#107,#4112,$);
#4140 = PRODUCT_RELATED_PRODUCT_CATEGORY('part',$,(#4114));
#4141 = SHAPE_DEFINITION_REPRESENTATION(#4142,#4148);
#4142 = PRODUCT_DEFINITION_SHAPE('','',#4143);
#4143 = PRODUCT_DEFINITION('design','',#4144,#4147);
#4144 = PRODUCT_DEFINITION_FORMATION('','',#4145);
#4145 = PRODUCT('M5','M5','',(#4146));
#4146 = PRODUCT_CONTEXT('',#2,'mechanical');
#4147 = PRODUCT_DEFINITION_CONTEXT('part definition',#2,'design');
#4148 = ADVANCED_BREP_SHAPE_REPRESENTATION('',(#11,#4149),#4161);
#4149 = MANIFOLD_SOLID_BREP('',#4150);
#4150 = CLOSED_SHELL('',(#4151));
#4151 = ADVANCED_FACE('',(#4152),#4156,.T.);
#4152 = FACE_BOUND('',#4153,.T.);
#4153 = VERTEX_LOOP('',#4154);
#4154 = VERTEX_POINT('',#4155);
#4155 = CARTESIAN_POINT('',(0.,0.,-0.175));
#4156 = SPHERICAL_SURFACE('',#4157,0.175);
#4157 = AXIS2_PLACEMENT_3D('',#4158,#4159,#4160);
#4158 = CARTESIAN_POINT('',(0.,0.,0.));
#4159 = DIRECTION('',(0.,0.,1.));
#4160 = DIRECTION('',(1.,0.,-0.));
#4161 = ( GEOMETRIC_REPRESENTATION_CONTEXT(3) 
GLOBAL_UNCERTAINTY_ASSIGNED_CONTEXT((#4165)) 
GLOBAL_UNIT_ASSIGNED_CONTEXT((#4162,#4163,#4164)) REPRESENTATION_CONTEXT
('Context #1','3D Context with UNIT and UNCERTAINTY') );
#4162 = ( LENGTH_UNIT() NAMED_UNIT(*) SI_UNIT(.MILLI.,.METRE.) );
#4163 = ( NAMED_UNIT(*) PLANE_ANGLE_UNIT() SI_UNIT($,.RADIAN.) );
#4164 = ( NAMED_UNIT(*) SI_UNIT($,.STERADIAN.) SOLID_ANGLE_UNIT() );
#4165 = UNCERTAINTY_MEASURE_WITH_UNIT(LENGTH_MEASURE(1.E-07),#4162,
  'distance_accuracy_value','confusion accuracy');
#4166 = CONTEXT_DEPENDENT_SHAPE_REPRESENTATION(#4167,#4169);
#4167 = ( REPRESENTATION_RELATIONSHIP('','',#4148,#112) 
REPRESENTATION_RELATIONSHIP_WITH_TRANSFORMATION(#4168) 
SHAPE_REPRESENTATION_RELATIONSHIP() );
#4168 = ITEM_DEFINED_TRANSFORMATION('','',#11,#445);
#4169 = PRODUCT_DEFINITION_SHAPE('Placement','Placement of an item',
  #4170);
#4170 = NEXT_ASSEMBLY_USAGE_OCCURRENCE('1647','M5','',#107,#4143,$);
#4171 = PRODUCT_RELATED_PRODUCT_CATEGORY('part',$,(#4145));
#4172 = SHAPE_DEFINITION_REPRESENTATION(#4173,#4179);
#4173 = PRODUCT_DEFINITION_SHAPE('','',#4174);
#4174 = PRODUCT_DEFINITION('design','',#4175,#4178);
#4175 = PRODUCT_DEFINITION_FORMATION('','',#4176);
#4176 = PRODUCT('L5','L5','',(#4177));
#4177 = PRODUCT_CONTEXT('',#2,'mechanical');
#4178 = PRODUCT_DEFINITION_CONTEXT('part definition',#2,'design');
#4179 = ADVANCED_BREP_SHAPE_REPRESENTATION('',(#11,#4180),#4192);
#4180 = MANIFOLD_SOLID_BREP('',#4181);
#4181 = CLOSED_SHELL('',(#4182));
#4182 = ADVANCED_FACE('',(#4183),#4187,.T.);
#4183 = FACE_BOUND('',#4184,.T.);
#4184 = VERTEX_LOOP('',#4185);
#4185 = VERTEX_POINT('',#4186);
#4186 = CARTESIAN_POINT('',(0.,0.,-0.175));
#4187 = SPHERICAL_SURFACE('',#4188,0.175);
#4188 = AXIS2_PLACEMENT_3D('',#4189,#4190,#4191);
#4189 = CARTESIAN_POINT('',(0.,0.,0.));
#4190 = DIRECTION('',(0.,0.,1.));
#4191 = DIRECTION('',(1.,0.,-0.));
#4192 = ( GEOMETRIC_REPRESENTATION_CONTEXT(3) 
GLOBAL_UNCERTAINTY_ASSIGNED_CONTEXT((#4196)) 
GLOBAL_UNIT_ASSIGNED_CONTEXT((#4193,#4194,#4195)) REPRESENTATION_CONTEXT
('Context #1','3D Context with UNIT and UNCERTAINTY') );
#4193 = ( LENGTH_UNIT() NAMED_UNIT(*) SI_UNIT(.MILLI.,.METRE.) );
#4194 = ( NAMED_UNIT(*) PLANE_ANGLE_UNIT() SI_UNIT($,.RADIAN.) );
#4195 = ( NAMED_UNIT(*) SI_UNIT($,.STERADIAN.) SOLID_ANGLE_UNIT() );
#4196 = UNCERTAINTY_MEASURE_WITH_UNIT(LENGTH_MEASURE(1.E-07),#4193,
  'distance_accuracy_value','confusion accuracy');
#4197 = CONTEXT_DEPENDENT_SHAPE_REPRESENTATION(#4198,#4200);
#4198 = ( REPRESENTATION_RELATIONSHIP('','',#4179,#112) 
REPRESENTATION_RELATIONSHIP_WITH_TRANSFORMATION(#4199) 
SHAPE_REPRESENTATION_RELATIONSHIP() );
#4199 = ITEM_DEFINED_TRANSFORMATION('','',#11,#449);
#4200 = PRODUCT_DEFINITION_SHAPE('Placement','Placement of an item',
  #4201);
#4201 = NEXT_ASSEMBLY_USAGE_OCCURRENCE('1648','L5','',#107,#4174,$);
#4202 = PRODUCT_RELATED_PRODUCT_CATEGORY('part',$,(#4176));
#4203 = SHAPE_DEFINITION_REPRESENTATION(#4204,#4210);
#4204 = PRODUCT_DEFINITION_SHAPE('','',#4205);
#4205 = PRODUCT_DEFINITION('design','',#4206,#4209);
#4206 = PRODUCT_DEFINITION_FORMATION('','',#4207);
#4207 = PRODUCT('K5','K5','',(#4208));
#4208 = PRODUCT_CONTEXT('',#2,'mechanical');
#4209 = PRODUCT_DEFINITION_CONTEXT('part definition',#2,'design');
#4210 = ADVANCED_BREP_SHAPE_REPRESENTATION('',(#11,#4211),#4223);
#4211 = MANIFOLD_SOLID_BREP('',#4212);
#4212 = CLOSED_SHELL('',(#4213));
#4213 = ADVANCED_FACE('',(#4214),#4218,.T.);
#4214 = FACE_BOUND('',#4215,.T.);
#4215 = VERTEX_LOOP('',#4216);
#4216 = VERTEX_POINT('',#4217);
#4217 = CARTESIAN_POINT('',(0.,0.,-0.175));
#4218 = SPHERICAL_SURFACE('',#4219,0.175);
#4219 = AXIS2_PLACEMENT_3D('',#4220,#4221,#4222);
#4220 = CARTESIAN_POINT('',(0.,0.,0.));
#4221 = DIRECTION('',(0.,0.,1.));
#4222 = DIRECTION('',(1.,0.,-0.));
#4223 = ( GEOMETRIC_REPRESENTATION_CONTEXT(3) 
GLOBAL_UNCERTAINTY_ASSIGNED_CONTEXT((#4227)) 
GLOBAL_UNIT_ASSIGNED_CONTEXT((#4224,#4225,#4226)) REPRESENTATION_CONTEXT
('Context #1','3D Context with UNIT and UNCERTAINTY') );
#4224 = ( LENGTH_UNIT() NAMED_UNIT(*) SI_UNIT(.MILLI.,.METRE.) );
#4225 = ( NAMED_UNIT(*) PLANE_ANGLE_UNIT() SI_UNIT($,.RADIAN.) );
#4226 = ( NAMED_UNIT(*) SI_UNIT($,.STERADIAN.) SOLID_ANGLE_UNIT() );
#4227 = UNCERTAINTY_MEASURE_WITH_UNIT(LENGTH_MEASURE(1.E-07),#4224,
  'distance_accuracy_value','confusion accuracy');
#4228 = CONTEXT_DEPENDENT_SHAPE_REPRESENTATION(#4229,#4231);
#4229 = ( REPRESENTATION_RELATIONSHIP('','',#4210,#112) 
REPRESENTATION_RELATIONSHIP_WITH_TRANSFORMATION(#4230) 
SHAPE_REPRESENTATION_RELATIONSHIP() );
#4230 = ITEM_DEFINED_TRANSFORMATION('','',#11,#453);
#4231 = PRODUCT_DEFINITION_SHAPE('Placement','Placement of an item',
  #4232);
#4232 = NEXT_ASSEMBLY_USAGE_OCCURRENCE('1649','K5','',#107,#4205,$);
#4233 = PRODUCT_RELATED_PRODUCT_CATEGORY('part',$,(#4207));
#4234 = SHAPE_DEFINITION_REPRESENTATION(#4235,#4241);
#4235 = PRODUCT_DEFINITION_SHAPE('','',#4236);
#4236 = PRODUCT_DEFINITION('design','',#4237,#4240);
#4237 = PRODUCT_DEFINITION_FORMATION('','',#4238);
#4238 = PRODUCT('J5','J5','',(#4239));
#4239 = PRODUCT_CONTEXT('',#2,'mechanical');
#4240 = PRODUCT_DEFINITION_CONTEXT('part definition',#2,'design');
#4241 = ADVANCED_BREP_SHAPE_REPRESENTATION('',(#11,#4242),#4254);
#4242 = MANIFOLD_SOLID_BREP('',#4243);
#4243 = CLOSED_SHELL('',(#4244));
#4244 = ADVANCED_FACE('',(#4245),#4249,.T.);
#4245 = FACE_BOUND('',#4246,.T.);
#4246 = VERTEX_LOOP('',#4247);
#4247 = VERTEX_POINT('',#4248);
#4248 = CARTESIAN_POINT('',(0.,0.,-0.175));
#4249 = SPHERICAL_SURFACE('',#4250,0.175);
#4250 = AXIS2_PLACEMENT_3D('',#4251,#4252,#4253);
#4251 = CARTESIAN_POINT('',(0.,0.,0.));
#4252 = DIRECTION('',(0.,0.,1.));
#4253 = DIRECTION('',(1.,0.,-0.));
#4254 = ( GEOMETRIC_REPRESENTATION_CONTEXT(3) 
GLOBAL_UNCERTAINTY_ASSIGNED_CONTEXT((#4258)) 
GLOBAL_UNIT_ASSIGNED_CONTEXT((#4255,#4256,#4257)) REPRESENTATION_CONTEXT
('Context #1','3D Context with UNIT and UNCERTAINTY') );
#4255 = ( LENGTH_UNIT() NAMED_UNIT(*) SI_UNIT(.MILLI.,.METRE.) );
#4256 = ( NAMED_UNIT(*) PLANE_ANGLE_UNIT() SI_UNIT($,.RADIAN.) );
#4257 = ( NAMED_UNIT(*) SI_UNIT($,.STERADIAN.) SOLID_ANGLE_UNIT() );
#4258 = UNCERTAINTY_MEASURE_WITH_UNIT(LENGTH_MEASURE(1.E-07),#4255,
  'distance_accuracy_value','confusion accuracy');
#4259 = CONTEXT_DEPENDENT_SHAPE_REPRESENTATION(#4260,#4262);
#4260 = ( REPRESENTATION_RELATIONSHIP('','',#4241,#112) 
REPRESENTATION_RELATIONSHIP_WITH_TRANSFORMATION(#4261) 
SHAPE_REPRESENTATION_RELATIONSHIP() );
#4261 = ITEM_DEFINED_TRANSFORMATION('','',#11,#457);
#4262 = PRODUCT_DEFINITION_SHAPE('Placement','Placement of an item',
  #4263);
#4263 = NEXT_ASSEMBLY_USAGE_OCCURRENCE('1650','J5','',#107,#4236,$);
#4264 = PRODUCT_RELATED_PRODUCT_CATEGORY('part',$,(#4238));
#4265 = SHAPE_DEFINITION_REPRESENTATION(#4266,#4272);
#4266 = PRODUCT_DEFINITION_SHAPE('','',#4267);
#4267 = PRODUCT_DEFINITION('design','',#4268,#4271);
#4268 = PRODUCT_DEFINITION_FORMATION('','',#4269);
#4269 = PRODUCT('H5','H5','',(#4270));
#4270 = PRODUCT_CONTEXT('',#2,'mechanical');
#4271 = PRODUCT_DEFINITION_CONTEXT('part definition',#2,'design');
#4272 = ADVANCED_BREP_SHAPE_REPRESENTATION('',(#11,#4273),#4285);
#4273 = MANIFOLD_SOLID_BREP('',#4274);
#4274 = CLOSED_SHELL('',(#4275));
#4275 = ADVANCED_FACE('',(#4276),#4280,.T.);
#4276 = FACE_BOUND('',#4277,.T.);
#4277 = VERTEX_LOOP('',#4278);
#4278 = VERTEX_POINT('',#4279);
#4279 = CARTESIAN_POINT('',(0.,0.,-0.175));
#4280 = SPHERICAL_SURFACE('',#4281,0.175);
#4281 = AXIS2_PLACEMENT_3D('',#4282,#4283,#4284);
#4282 = CARTESIAN_POINT('',(0.,0.,0.));
#4283 = DIRECTION('',(0.,0.,1.));
#4284 = DIRECTION('',(1.,0.,-0.));
#4285 = ( GEOMETRIC_REPRESENTATION_CONTEXT(3) 
GLOBAL_UNCERTAINTY_ASSIGNED_CONTEXT((#4289)) 
GLOBAL_UNIT_ASSIGNED_CONTEXT((#4286,#4287,#4288)) REPRESENTATION_CONTEXT
('Context #1','3D Context with UNIT and UNCERTAINTY') );
#4286 = ( LENGTH_UNIT() NAMED_UNIT(*) SI_UNIT(.MILLI.,.METRE.) );
#4287 = ( NAMED_UNIT(*) PLANE_ANGLE_UNIT() SI_UNIT($,.RADIAN.) );
#4288 = ( NAMED_UNIT(*) SI_UNIT($,.STERADIAN.) SOLID_ANGLE_UNIT() );
#4289 = UNCERTAINTY_MEASURE_WITH_UNIT(LENGTH_MEASURE(1.E-07),#4286,
  'distance_accuracy_value','confusion accuracy');
#4290 = CONTEXT_DEPENDENT_SHAPE_REPRESENTATION(#4291,#4293);
#4291 = ( REPRESENTATION_RELATIONSHIP('','',#4272,#112) 
REPRESENTATION_RELATIONSHIP_WITH_TRANSFORMATION(#4292) 
SHAPE_REPRESENTATION_RELATIONSHIP() );
#4292 = ITEM_DEFINED_TRANSFORMATION('','',#11,#461);
#4293 = PRODUCT_DEFINITION_SHAPE('Placement','Placement of an item',
  #4294);
#4294 = NEXT_ASSEMBLY_USAGE_OCCURRENCE('1651','H5','',#107,#4267,$);
#4295 = PRODUCT_RELATED_PRODUCT_CATEGORY('part',$,(#4269));
#4296 = SHAPE_DEFINITION_REPRESENTATION(#4297,#4303);
#4297 = PRODUCT_DEFINITION_SHAPE('','',#4298);
#4298 = PRODUCT_DEFINITION('design','',#4299,#4302);
#4299 = PRODUCT_DEFINITION_FORMATION('','',#4300);
#4300 = PRODUCT('G5','G5','',(#4301));
#4301 = PRODUCT_CONTEXT('',#2,'mechanical');
#4302 = PRODUCT_DEFINITION_CONTEXT('part definition',#2,'design');
#4303 = ADVANCED_BREP_SHAPE_REPRESENTATION('',(#11,#4304),#4316);
#4304 = MANIFOLD_SOLID_BREP('',#4305);
#4305 = CLOSED_SHELL('',(#4306));
#4306 = ADVANCED_FACE('',(#4307),#4311,.T.);
#4307 = FACE_BOUND('',#4308,.T.);
#4308 = VERTEX_LOOP('',#4309);
#4309 = VERTEX_POINT('',#4310);
#4310 = CARTESIAN_POINT('',(0.,0.,-0.175));
#4311 = SPHERICAL_SURFACE('',#4312,0.175);
#4312 = AXIS2_PLACEMENT_3D('',#4313,#4314,#4315);
#4313 = CARTESIAN_POINT('',(0.,0.,0.));
#4314 = DIRECTION('',(0.,0.,1.));
#4315 = DIRECTION('',(1.,0.,-0.));
#4316 = ( GEOMETRIC_REPRESENTATION_CONTEXT(3) 
GLOBAL_UNCERTAINTY_ASSIGNED_CONTEXT((#4320)) 
GLOBAL_UNIT_ASSIGNED_CONTEXT((#4317,#4318,#4319)) REPRESENTATION_CONTEXT
('Context #1','3D Context with UNIT and UNCERTAINTY') );
#4317 = ( LENGTH_UNIT() NAMED_UNIT(*) SI_UNIT(.MILLI.,.METRE.) );
#4318 = ( NAMED_UNIT(*) PLANE_ANGLE_UNIT() SI_UNIT($,.RADIAN.) );
#4319 = ( NAMED_UNIT(*) SI_UNIT($,.STERADIAN.) SOLID_ANGLE_UNIT() );
#4320 = UNCERTAINTY_MEASURE_WITH_UNIT(LENGTH_MEASURE(1.E-07),#4317,
  'distance_accuracy_value','confusion accuracy');
#4321 = CONTEXT_DEPENDENT_SHAPE_REPRESENTATION(#4322,#4324);
#4322 = ( REPRESENTATION_RELATIONSHIP('','',#4303,#112) 
REPRESENTATION_RELATIONSHIP_WITH_TRANSFORMATION(#4323) 
SHAPE_REPRESENTATION_RELATIONSHIP() );
#4323 = ITEM_DEFINED_TRANSFORMATION('','',#11,#465);
#4324 = PRODUCT_DEFINITION_SHAPE('Placement','Placement of an item',
  #4325);
#4325 = NEXT_ASSEMBLY_USAGE_OCCURRENCE('1652','G5','',#107,#4298,$);
#4326 = PRODUCT_RELATED_PRODUCT_CATEGORY('part',$,(#4300));
#4327 = SHAPE_DEFINITION_REPRESENTATION(#4328,#4334);
#4328 = PRODUCT_DEFINITION_SHAPE('','',#4329);
#4329 = PRODUCT_DEFINITION('design','',#4330,#4333);
#4330 = PRODUCT_DEFINITION_FORMATION('','',#4331);
#4331 = PRODUCT('F5','F5','',(#4332));
#4332 = PRODUCT_CONTEXT('',#2,'mechanical');
#4333 = PRODUCT_DEFINITION_CONTEXT('part definition',#2,'design');
#4334 = ADVANCED_BREP_SHAPE_REPRESENTATION('',(#11,#4335),#4347);
#4335 = MANIFOLD_SOLID_BREP('',#4336);
#4336 = CLOSED_SHELL('',(#4337));
#4337 = ADVANCED_FACE('',(#4338),#4342,.T.);
#4338 = FACE_BOUND('',#4339,.T.);
#4339 = VERTEX_LOOP('',#4340);
#4340 = VERTEX_POINT('',#4341);
#4341 = CARTESIAN_POINT('',(0.,0.,-0.175));
#4342 = SPHERICAL_SURFACE('',#4343,0.175);
#4343 = AXIS2_PLACEMENT_3D('',#4344,#4345,#4346);
#4344 = CARTESIAN_POINT('',(0.,0.,0.));
#4345 = DIRECTION('',(0.,0.,1.));
#4346 = DIRECTION('',(1.,0.,-0.));
#4347 = ( GEOMETRIC_REPRESENTATION_CONTEXT(3) 
GLOBAL_UNCERTAINTY_ASSIGNED_CONTEXT((#4351)) 
GLOBAL_UNIT_ASSIGNED_CONTEXT((#4348,#4349,#4350)) REPRESENTATION_CONTEXT
('Context #1','3D Context with UNIT and UNCERTAINTY') );
#4348 = ( LENGTH_UNIT() NAMED_UNIT(*) SI_UNIT(.MILLI.,.METRE.) );
#4349 = ( NAMED_UNIT(*) PLANE_ANGLE_UNIT() SI_UNIT($,.RADIAN.) );
#4350 = ( NAMED_UNIT(*) SI_UNIT($,.STERADIAN.) SOLID_ANGLE_UNIT() );
#4351 = UNCERTAINTY_MEASURE_WITH_UNIT(LENGTH_MEASURE(1.E-07),#4348,
  'distance_accuracy_value','confusion accuracy');
#4352 = CONTEXT_DEPENDENT_SHAPE_REPRESENTATION(#4353,#4355);
#4353 = ( REPRESENTATION_RELATIONSHIP('','',#4334,#112) 
REPRESENTATION_RELATIONSHIP_WITH_TRANSFORMATION(#4354) 
SHAPE_REPRESENTATION_RELATIONSHIP() );
#4354 = ITEM_DEFINED_TRANSFORMATION('','',#11,#469);
#4355 = PRODUCT_DEFINITION_SHAPE('Placement','Placement of an item',
  #4356);
#4356 = NEXT_ASSEMBLY_USAGE_OCCURRENCE('1653','F5','',#107,#4329,$);
#4357 = PRODUCT_RELATED_PRODUCT_CATEGORY('part',$,(#4331));
#4358 = SHAPE_DEFINITION_REPRESENTATION(#4359,#4365);
#4359 = PRODUCT_DEFINITION_SHAPE('','',#4360);
#4360 = PRODUCT_DEFINITION('design','',#4361,#4364);
#4361 = PRODUCT_DEFINITION_FORMATION('','',#4362);
#4362 = PRODUCT('E5','E5','',(#4363));
#4363 = PRODUCT_CONTEXT('',#2,'mechanical');
#4364 = PRODUCT_DEFINITION_CONTEXT('part definition',#2,'design');
#4365 = ADVANCED_BREP_SHAPE_REPRESENTATION('',(#11,#4366),#4378);
#4366 = MANIFOLD_SOLID_BREP('',#4367);
#4367 = CLOSED_SHELL('',(#4368));
#4368 = ADVANCED_FACE('',(#4369),#4373,.T.);
#4369 = FACE_BOUND('',#4370,.T.);
#4370 = VERTEX_LOOP('',#4371);
#4371 = VERTEX_POINT('',#4372);
#4372 = CARTESIAN_POINT('',(0.,0.,-0.175));
#4373 = SPHERICAL_SURFACE('',#4374,0.175);
#4374 = AXIS2_PLACEMENT_3D('',#4375,#4376,#4377);
#4375 = CARTESIAN_POINT('',(0.,0.,0.));
#4376 = DIRECTION('',(0.,0.,1.));
#4377 = DIRECTION('',(1.,0.,-0.));
#4378 = ( GEOMETRIC_REPRESENTATION_CONTEXT(3) 
GLOBAL_UNCERTAINTY_ASSIGNED_CONTEXT((#4382)) 
GLOBAL_UNIT_ASSIGNED_CONTEXT((#4379,#4380,#4381)) REPRESENTATION_CONTEXT
('Context #1','3D Context with UNIT and UNCERTAINTY') );
#4379 = ( LENGTH_UNIT() NAMED_UNIT(*) SI_UNIT(.MILLI.,.METRE.) );
#4380 = ( NAMED_UNIT(*) PLANE_ANGLE_UNIT() SI_UNIT($,.RADIAN.) );
#4381 = ( NAMED_UNIT(*) SI_UNIT($,.STERADIAN.) SOLID_ANGLE_UNIT() );
#4382 = UNCERTAINTY_MEASURE_WITH_UNIT(LENGTH_MEASURE(1.E-07),#4379,
  'distance_accuracy_value','confusion accuracy');
#4383 = CONTEXT_DEPENDENT_SHAPE_REPRESENTATION(#4384,#4386);
#4384 = ( REPRESENTATION_RELATIONSHIP('','',#4365,#112) 
REPRESENTATION_RELATIONSHIP_WITH_TRANSFORMATION(#4385) 
SHAPE_REPRESENTATION_RELATIONSHIP() );
#4385 = ITEM_DEFINED_TRANSFORMATION('','',#11,#473);
#4386 = PRODUCT_DEFINITION_SHAPE('Placement','Placement of an item',
  #4387);
#4387 = NEXT_ASSEMBLY_USAGE_OCCURRENCE('1654','E5','',#107,#4360,$);
#4388 = PRODUCT_RELATED_PRODUCT_CATEGORY('part',$,(#4362));
#4389 = SHAPE_DEFINITION_REPRESENTATION(#4390,#4396);
#4390 = PRODUCT_DEFINITION_SHAPE('','',#4391);
#4391 = PRODUCT_DEFINITION('design','',#4392,#4395);
#4392 = PRODUCT_DEFINITION_FORMATION('','',#4393);
#4393 = PRODUCT('D5','D5','',(#4394));
#4394 = PRODUCT_CONTEXT('',#2,'mechanical');
#4395 = PRODUCT_DEFINITION_CONTEXT('part definition',#2,'design');
#4396 = ADVANCED_BREP_SHAPE_REPRESENTATION('',(#11,#4397),#4409);
#4397 = MANIFOLD_SOLID_BREP('',#4398);
#4398 = CLOSED_SHELL('',(#4399));
#4399 = ADVANCED_FACE('',(#4400),#4404,.T.);
#4400 = FACE_BOUND('',#4401,.T.);
#4401 = VERTEX_LOOP('',#4402);
#4402 = VERTEX_POINT('',#4403);
#4403 = CARTESIAN_POINT('',(0.,0.,-0.175));
#4404 = SPHERICAL_SURFACE('',#4405,0.175);
#4405 = AXIS2_PLACEMENT_3D('',#4406,#4407,#4408);
#4406 = CARTESIAN_POINT('',(0.,0.,0.));
#4407 = DIRECTION('',(0.,0.,1.));
#4408 = DIRECTION('',(1.,0.,-0.));
#4409 = ( GEOMETRIC_REPRESENTATION_CONTEXT(3) 
GLOBAL_UNCERTAINTY_ASSIGNED_CONTEXT((#4413)) 
GLOBAL_UNIT_ASSIGNED_CONTEXT((#4410,#4411,#4412)) REPRESENTATION_CONTEXT
('Context #1','3D Context with UNIT and UNCERTAINTY') );
#4410 = ( LENGTH_UNIT() NAMED_UNIT(*) SI_UNIT(.MILLI.,.METRE.) );
#4411 = ( NAMED_UNIT(*) PLANE_ANGLE_UNIT() SI_UNIT($,.RADIAN.) );
#4412 = ( NAMED_UNIT(*) SI_UNIT($,.STERADIAN.) SOLID_ANGLE_UNIT() );
#4413 = UNCERTAINTY_MEASURE_WITH_UNIT(LENGTH_MEASURE(1.E-07),#4410,
  'distance_accuracy_value','confusion accuracy');
#4414 = CONTEXT_DEPENDENT_SHAPE_REPRESENTATION(#4415,#4417);
#4415 = ( REPRESENTATION_RELATIONSHIP('','',#4396,#112) 
REPRESENTATION_RELATIONSHIP_WITH_TRANSFORMATION(#4416) 
SHAPE_REPRESENTATION_RELATIONSHIP() );
#4416 = ITEM_DEFINED_TRANSFORMATION('','',#11,#477);
#4417 = PRODUCT_DEFINITION_SHAPE('Placement','Placement of an item',
  #4418);
#4418 = NEXT_ASSEMBLY_USAGE_OCCURRENCE('1655','D5','',#107,#4391,$);
#4419 = PRODUCT_RELATED_PRODUCT_CATEGORY('part',$,(#4393));
#4420 = SHAPE_DEFINITION_REPRESENTATION(#4421,#4427);
#4421 = PRODUCT_DEFINITION_SHAPE('','',#4422);
#4422 = PRODUCT_DEFINITION('design','',#4423,#4426);
#4423 = PRODUCT_DEFINITION_FORMATION('','',#4424);
#4424 = PRODUCT('C5','C5','',(#4425));
#4425 = PRODUCT_CONTEXT('',#2,'mechanical');
#4426 = PRODUCT_DEFINITION_CONTEXT('part definition',#2,'design');
#4427 = ADVANCED_BREP_SHAPE_REPRESENTATION('',(#11,#4428),#4440);
#4428 = MANIFOLD_SOLID_BREP('',#4429);
#4429 = CLOSED_SHELL('',(#4430));
#4430 = ADVANCED_FACE('',(#4431),#4435,.T.);
#4431 = FACE_BOUND('',#4432,.T.);
#4432 = VERTEX_LOOP('',#4433);
#4433 = VERTEX_POINT('',#4434);
#4434 = CARTESIAN_POINT('',(0.,0.,-0.175));
#4435 = SPHERICAL_SURFACE('',#4436,0.175);
#4436 = AXIS2_PLACEMENT_3D('',#4437,#4438,#4439);
#4437 = CARTESIAN_POINT('',(0.,0.,0.));
#4438 = DIRECTION('',(0.,0.,1.));
#4439 = DIRECTION('',(1.,0.,-0.));
#4440 = ( GEOMETRIC_REPRESENTATION_CONTEXT(3) 
GLOBAL_UNCERTAINTY_ASSIGNED_CONTEXT((#4444)) 
GLOBAL_UNIT_ASSIGNED_CONTEXT((#4441,#4442,#4443)) REPRESENTATION_CONTEXT
('Context #1','3D Context with UNIT and UNCERTAINTY') );
#4441 = ( LENGTH_UNIT() NAMED_UNIT(*) SI_UNIT(.MILLI.,.METRE.) );
#4442 = ( NAMED_UNIT(*) PLANE_ANGLE_UNIT() SI_UNIT($,.RADIAN.) );
#4443 = ( NAMED_UNIT(*) SI_UNIT($,.STERADIAN.) SOLID_ANGLE_UNIT() );
#4444 = UNCERTAINTY_MEASURE_WITH_UNIT(LENGTH_MEASURE(1.E-07),#4441,
  'distance_accuracy_value','confusion accuracy');
#4445 = CONTEXT_DEPENDENT_SHAPE_REPRESENTATION(#4446,#4448);
#4446 = ( REPRESENTATION_RELATIONSHIP('','',#4427,#112) 
REPRESENTATION_RELATIONSHIP_WITH_TRANSFORMATION(#4447) 
SHAPE_REPRESENTATION_RELATIONSHIP() );
#4447 = ITEM_DEFINED_TRANSFORMATION('','',#11,#481);
#4448 = PRODUCT_DEFINITION_SHAPE('Placement','Placement of an item',
  #4449);
#4449 = NEXT_ASSEMBLY_USAGE_OCCURRENCE('1656','C5','',#107,#4422,$);
#4450 = PRODUCT_RELATED_PRODUCT_CATEGORY('part',$,(#4424));
#4451 = SHAPE_DEFINITION_REPRESENTATION(#4452,#4458);
#4452 = PRODUCT_DEFINITION_SHAPE('','',#4453);
#4453 = PRODUCT_DEFINITION('design','',#4454,#4457);
#4454 = PRODUCT_DEFINITION_FORMATION('','',#4455);
#4455 = PRODUCT('B5','B5','',(#4456));
#4456 = PRODUCT_CONTEXT('',#2,'mechanical');
#4457 = PRODUCT_DEFINITION_CONTEXT('part definition',#2,'design');
#4458 = ADVANCED_BREP_SHAPE_REPRESENTATION('',(#11,#4459),#4471);
#4459 = MANIFOLD_SOLID_BREP('',#4460);
#4460 = CLOSED_SHELL('',(#4461));
#4461 = ADVANCED_FACE('',(#4462),#4466,.T.);
#4462 = FACE_BOUND('',#4463,.T.);
#4463 = VERTEX_LOOP('',#4464);
#4464 = VERTEX_POINT('',#4465);
#4465 = CARTESIAN_POINT('',(0.,0.,-0.175));
#4466 = SPHERICAL_SURFACE('',#4467,0.175);
#4467 = AXIS2_PLACEMENT_3D('',#4468,#4469,#4470);
#4468 = CARTESIAN_POINT('',(0.,0.,0.));
#4469 = DIRECTION('',(0.,0.,1.));
#4470 = DIRECTION('',(1.,0.,-0.));
#4471 = ( GEOMETRIC_REPRESENTATION_CONTEXT(3) 
GLOBAL_UNCERTAINTY_ASSIGNED_CONTEXT((#4475)) 
GLOBAL_UNIT_ASSIGNED_CONTEXT((#4472,#4473,#4474)) REPRESENTATION_CONTEXT
('Context #1','3D Context with UNIT and UNCERTAINTY') );
#4472 = ( LENGTH_UNIT() NAMED_UNIT(*) SI_UNIT(.MILLI.,.METRE.) );
#4473 = ( NAMED_UNIT(*) PLANE_ANGLE_UNIT() SI_UNIT($,.RADIAN.) );
#4474 = ( NAMED_UNIT(*) SI_UNIT($,.STERADIAN.) SOLID_ANGLE_UNIT() );
#4475 = UNCERTAINTY_MEASURE_WITH_UNIT(LENGTH_MEASURE(1.E-07),#4472,
  'distance_accuracy_value','confusion accuracy');
#4476 = CONTEXT_DEPENDENT_SHAPE_REPRESENTATION(#4477,#4479);
#4477 = ( REPRESENTATION_RELATIONSHIP('','',#4458,#112) 
REPRESENTATION_RELATIONSHIP_WITH_TRANSFORMATION(#4478) 
SHAPE_REPRESENTATION_RELATIONSHIP() );
#4478 = ITEM_DEFINED_TRANSFORMATION('','',#11,#485);
#4479 = PRODUCT_DEFINITION_SHAPE('Placement','Placement of an item',
  #4480);
#4480 = NEXT_ASSEMBLY_USAGE_OCCURRENCE('1657','B5','',#107,#4453,$);
#4481 = PRODUCT_RELATED_PRODUCT_CATEGORY('part',$,(#4455));
#4482 = SHAPE_DEFINITION_REPRESENTATION(#4483,#4489);
#4483 = PRODUCT_DEFINITION_SHAPE('','',#4484);
#4484 = PRODUCT_DEFINITION('design','',#4485,#4488);
#4485 = PRODUCT_DEFINITION_FORMATION('','',#4486);
#4486 = PRODUCT('A5','A5','',(#4487));
#4487 = PRODUCT_CONTEXT('',#2,'mechanical');
#4488 = PRODUCT_DEFINITION_CONTEXT('part definition',#2,'design');
#4489 = ADVANCED_BREP_SHAPE_REPRESENTATION('',(#11,#4490),#4502);
#4490 = MANIFOLD_SOLID_BREP('',#4491);
#4491 = CLOSED_SHELL('',(#4492));
#4492 = ADVANCED_FACE('',(#4493),#4497,.T.);
#4493 = FACE_BOUND('',#4494,.T.);
#4494 = VERTEX_LOOP('',#4495);
#4495 = VERTEX_POINT('',#4496);
#4496 = CARTESIAN_POINT('',(0.,0.,-0.175));
#4497 = SPHERICAL_SURFACE('',#4498,0.175);
#4498 = AXIS2_PLACEMENT_3D('',#4499,#4500,#4501);
#4499 = CARTESIAN_POINT('',(0.,0.,0.));
#4500 = DIRECTION('',(0.,0.,1.));
#4501 = DIRECTION('',(1.,0.,-0.));
#4502 = ( GEOMETRIC_REPRESENTATION_CONTEXT(3) 
GLOBAL_UNCERTAINTY_ASSIGNED_CONTEXT((#4506)) 
GLOBAL_UNIT_ASSIGNED_CONTEXT((#4503,#4504,#4505)) REPRESENTATION_CONTEXT
('Context #1','3D Context with UNIT and UNCERTAINTY') );
#4503 = ( LENGTH_UNIT() NAMED_UNIT(*) SI_UNIT(.MILLI.,.METRE.) );
#4504 = ( NAMED_UNIT(*) PLANE_ANGLE_UNIT() SI_UNIT($,.RADIAN.) );
#4505 = ( NAMED_UNIT(*) SI_UNIT($,.STERADIAN.) SOLID_ANGLE_UNIT() );
#4506 = UNCERTAINTY_MEASURE_WITH_UNIT(LENGTH_MEASURE(1.E-07),#4503,
  'distance_accuracy_value','confusion accuracy');
#4507 = CONTEXT_DEPENDENT_SHAPE_REPRESENTATION(#4508,#4510);
#4508 = ( REPRESENTATION_RELATIONSHIP('','',#4489,#112) 
REPRESENTATION_RELATIONSHIP_WITH_TRANSFORMATION(#4509) 
SHAPE_REPRESENTATION_RELATIONSHIP() );
#4509 = ITEM_DEFINED_TRANSFORMATION('','',#11,#489);
#4510 = PRODUCT_DEFINITION_SHAPE('Placement','Placement of an item',
  #4511);
#4511 = NEXT_ASSEMBLY_USAGE_OCCURRENCE('1658','A5','',#107,#4484,$);
#4512 = PRODUCT_RELATED_PRODUCT_CATEGORY('part',$,(#4486));
#4513 = SHAPE_DEFINITION_REPRESENTATION(#4514,#4520);
#4514 = PRODUCT_DEFINITION_SHAPE('','',#4515);
#4515 = PRODUCT_DEFINITION('design','',#4516,#4519);
#4516 = PRODUCT_DEFINITION_FORMATION('','',#4517);
#4517 = PRODUCT('W6','W6','',(#4518));
#4518 = PRODUCT_CONTEXT('',#2,'mechanical');
#4519 = PRODUCT_DEFINITION_CONTEXT('part definition',#2,'design');
#4520 = ADVANCED_BREP_SHAPE_REPRESENTATION('',(#11,#4521),#4533);
#4521 = MANIFOLD_SOLID_BREP('',#4522);
#4522 = CLOSED_SHELL('',(#4523));
#4523 = ADVANCED_FACE('',(#4524),#4528,.T.);
#4524 = FACE_BOUND('',#4525,.T.);
#4525 = VERTEX_LOOP('',#4526);
#4526 = VERTEX_POINT('',#4527);
#4527 = CARTESIAN_POINT('',(0.,0.,-0.175));
#4528 = SPHERICAL_SURFACE('',#4529,0.175);
#4529 = AXIS2_PLACEMENT_3D('',#4530,#4531,#4532);
#4530 = CARTESIAN_POINT('',(0.,0.,0.));
#4531 = DIRECTION('',(0.,0.,1.));
#4532 = DIRECTION('',(1.,0.,-0.));
#4533 = ( GEOMETRIC_REPRESENTATION_CONTEXT(3) 
GLOBAL_UNCERTAINTY_ASSIGNED_CONTEXT((#4537)) 
GLOBAL_UNIT_ASSIGNED_CONTEXT((#4534,#4535,#4536)) REPRESENTATION_CONTEXT
('Context #1','3D Context with UNIT and UNCERTAINTY') );
#4534 = ( LENGTH_UNIT() NAMED_UNIT(*) SI_UNIT(.MILLI.,.METRE.) );
#4535 = ( NAMED_UNIT(*) PLANE_ANGLE_UNIT() SI_UNIT($,.RADIAN.) );
#4536 = ( NAMED_UNIT(*) SI_UNIT($,.STERADIAN.) SOLID_ANGLE_UNIT() );
#4537 = UNCERTAINTY_MEASURE_WITH_UNIT(LENGTH_MEASURE(1.E-07),#4534,
  'distance_accuracy_value','confusion accuracy');
#4538 = CONTEXT_DEPENDENT_SHAPE_REPRESENTATION(#4539,#4541);
#4539 = ( REPRESENTATION_RELATIONSHIP('','',#4520,#112) 
REPRESENTATION_RELATIONSHIP_WITH_TRANSFORMATION(#4540) 
SHAPE_REPRESENTATION_RELATIONSHIP() );
#4540 = ITEM_DEFINED_TRANSFORMATION('','',#11,#493);
#4541 = PRODUCT_DEFINITION_SHAPE('Placement','Placement of an item',
  #4542);
#4542 = NEXT_ASSEMBLY_USAGE_OCCURRENCE('1659','W6','',#107,#4515,$);
#4543 = PRODUCT_RELATED_PRODUCT_CATEGORY('part',$,(#4517));
#4544 = SHAPE_DEFINITION_REPRESENTATION(#4545,#4551);
#4545 = PRODUCT_DEFINITION_SHAPE('','',#4546);
#4546 = PRODUCT_DEFINITION('design','',#4547,#4550);
#4547 = PRODUCT_DEFINITION_FORMATION('','',#4548);
#4548 = PRODUCT('V6','V6','',(#4549));
#4549 = PRODUCT_CONTEXT('',#2,'mechanical');
#4550 = PRODUCT_DEFINITION_CONTEXT('part definition',#2,'design');
#4551 = ADVANCED_BREP_SHAPE_REPRESENTATION('',(#11,#4552),#4564);
#4552 = MANIFOLD_SOLID_BREP('',#4553);
#4553 = CLOSED_SHELL('',(#4554));
#4554 = ADVANCED_FACE('',(#4555),#4559,.T.);
#4555 = FACE_BOUND('',#4556,.T.);
#4556 = VERTEX_LOOP('',#4557);
#4557 = VERTEX_POINT('',#4558);
#4558 = CARTESIAN_POINT('',(0.,0.,-0.175));
#4559 = SPHERICAL_SURFACE('',#4560,0.175);
#4560 = AXIS2_PLACEMENT_3D('',#4561,#4562,#4563);
#4561 = CARTESIAN_POINT('',(0.,0.,0.));
#4562 = DIRECTION('',(0.,0.,1.));
#4563 = DIRECTION('',(1.,0.,-0.));
#4564 = ( GEOMETRIC_REPRESENTATION_CONTEXT(3) 
GLOBAL_UNCERTAINTY_ASSIGNED_CONTEXT((#4568)) 
GLOBAL_UNIT_ASSIGNED_CONTEXT((#4565,#4566,#4567)) REPRESENTATION_CONTEXT
('Context #1','3D Context with UNIT and UNCERTAINTY') );
#4565 = ( LENGTH_UNIT() NAMED_UNIT(*) SI_UNIT(.MILLI.,.METRE.) );
#4566 = ( NAMED_UNIT(*) PLANE_ANGLE_UNIT() SI_UNIT($,.RADIAN.) );
#4567 = ( NAMED_UNIT(*) SI_UNIT($,.STERADIAN.) SOLID_ANGLE_UNIT() );
#4568 = UNCERTAINTY_MEASURE_WITH_UNIT(LENGTH_MEASURE(1.E-07),#4565,
  'distance_accuracy_value','confusion accuracy');
#4569 = CONTEXT_DEPENDENT_SHAPE_REPRESENTATION(#4570,#4572);
#4570 = ( REPRESENTATION_RELATIONSHIP('','',#4551,#112) 
REPRESENTATION_RELATIONSHIP_WITH_TRANSFORMATION(#4571) 
SHAPE_REPRESENTATION_RELATIONSHIP() );
#4571 = ITEM_DEFINED_TRANSFORMATION('','',#11,#497);
#4572 = PRODUCT_DEFINITION_SHAPE('Placement','Placement of an item',
  #4573);
#4573 = NEXT_ASSEMBLY_USAGE_OCCURRENCE('1660','V6','',#107,#4546,$);
#4574 = PRODUCT_RELATED_PRODUCT_CATEGORY('part',$,(#4548));
#4575 = SHAPE_DEFINITION_REPRESENTATION(#4576,#4582);
#4576 = PRODUCT_DEFINITION_SHAPE('','',#4577);
#4577 = PRODUCT_DEFINITION('design','',#4578,#4581);
#4578 = PRODUCT_DEFINITION_FORMATION('','',#4579);
#4579 = PRODUCT('U6','U6','',(#4580));
#4580 = PRODUCT_CONTEXT('',#2,'mechanical');
#4581 = PRODUCT_DEFINITION_CONTEXT('part definition',#2,'design');
#4582 = ADVANCED_BREP_SHAPE_REPRESENTATION('',(#11,#4583),#4595);
#4583 = MANIFOLD_SOLID_BREP('',#4584);
#4584 = CLOSED_SHELL('',(#4585));
#4585 = ADVANCED_FACE('',(#4586),#4590,.T.);
#4586 = FACE_BOUND('',#4587,.T.);
#4587 = VERTEX_LOOP('',#4588);
#4588 = VERTEX_POINT('',#4589);
#4589 = CARTESIAN_POINT('',(0.,0.,-0.175));
#4590 = SPHERICAL_SURFACE('',#4591,0.175);
#4591 = AXIS2_PLACEMENT_3D('',#4592,#4593,#4594);
#4592 = CARTESIAN_POINT('',(0.,0.,0.));
#4593 = DIRECTION('',(0.,0.,1.));
#4594 = DIRECTION('',(1.,0.,-0.));
#4595 = ( GEOMETRIC_REPRESENTATION_CONTEXT(3) 
GLOBAL_UNCERTAINTY_ASSIGNED_CONTEXT((#4599)) 
GLOBAL_UNIT_ASSIGNED_CONTEXT((#4596,#4597,#4598)) REPRESENTATION_CONTEXT
('Context #1','3D Context with UNIT and UNCERTAINTY') );
#4596 = ( LENGTH_UNIT() NAMED_UNIT(*) SI_UNIT(.MILLI.,.METRE.) );
#4597 = ( NAMED_UNIT(*) PLANE_ANGLE_UNIT() SI_UNIT($,.RADIAN.) );
#4598 = ( NAMED_UNIT(*) SI_UNIT($,.STERADIAN.) SOLID_ANGLE_UNIT() );
#4599 = UNCERTAINTY_MEASURE_WITH_UNIT(LENGTH_MEASURE(1.E-07),#4596,
  'distance_accuracy_value','confusion accuracy');
#4600 = CONTEXT_DEPENDENT_SHAPE_REPRESENTATION(#4601,#4603);
#4601 = ( REPRESENTATION_RELATIONSHIP('','',#4582,#112) 
REPRESENTATION_RELATIONSHIP_WITH_TRANSFORMATION(#4602) 
SHAPE_REPRESENTATION_RELATIONSHIP() );
#4602 = ITEM_DEFINED_TRANSFORMATION('','',#11,#501);
#4603 = PRODUCT_DEFINITION_SHAPE('Placement','Placement of an item',
  #4604);
#4604 = NEXT_ASSEMBLY_USAGE_OCCURRENCE('1661','U6','',#107,#4577,$);
#4605 = PRODUCT_RELATED_PRODUCT_CATEGORY('part',$,(#4579));
#4606 = SHAPE_DEFINITION_REPRESENTATION(#4607,#4613);
#4607 = PRODUCT_DEFINITION_SHAPE('','',#4608);
#4608 = PRODUCT_DEFINITION('design','',#4609,#4612);
#4609 = PRODUCT_DEFINITION_FORMATION('','',#4610);
#4610 = PRODUCT('T6','T6','',(#4611));
#4611 = PRODUCT_CONTEXT('',#2,'mechanical');
#4612 = PRODUCT_DEFINITION_CONTEXT('part definition',#2,'design');
#4613 = ADVANCED_BREP_SHAPE_REPRESENTATION('',(#11,#4614),#4626);
#4614 = MANIFOLD_SOLID_BREP('',#4615);
#4615 = CLOSED_SHELL('',(#4616));
#4616 = ADVANCED_FACE('',(#4617),#4621,.T.);
#4617 = FACE_BOUND('',#4618,.T.);
#4618 = VERTEX_LOOP('',#4619);
#4619 = VERTEX_POINT('',#4620);
#4620 = CARTESIAN_POINT('',(0.,0.,-0.175));
#4621 = SPHERICAL_SURFACE('',#4622,0.175);
#4622 = AXIS2_PLACEMENT_3D('',#4623,#4624,#4625);
#4623 = CARTESIAN_POINT('',(0.,0.,0.));
#4624 = DIRECTION('',(0.,0.,1.));
#4625 = DIRECTION('',(1.,0.,-0.));
#4626 = ( GEOMETRIC_REPRESENTATION_CONTEXT(3) 
GLOBAL_UNCERTAINTY_ASSIGNED_CONTEXT((#4630)) 
GLOBAL_UNIT_ASSIGNED_CONTEXT((#4627,#4628,#4629)) REPRESENTATION_CONTEXT
('Context #1','3D Context with UNIT and UNCERTAINTY') );
#4627 = ( LENGTH_UNIT() NAMED_UNIT(*) SI_UNIT(.MILLI.,.METRE.) );
#4628 = ( NAMED_UNIT(*) PLANE_ANGLE_UNIT() SI_UNIT($,.RADIAN.) );
#4629 = ( NAMED_UNIT(*) SI_UNIT($,.STERADIAN.) SOLID_ANGLE_UNIT() );
#4630 = UNCERTAINTY_MEASURE_WITH_UNIT(LENGTH_MEASURE(1.E-07),#4627,
  'distance_accuracy_value','confusion accuracy');
#4631 = CONTEXT_DEPENDENT_SHAPE_REPRESENTATION(#4632,#4634);
#4632 = ( REPRESENTATION_RELATIONSHIP('','',#4613,#112) 
REPRESENTATION_RELATIONSHIP_WITH_TRANSFORMATION(#4633) 
SHAPE_REPRESENTATION_RELATIONSHIP() );
#4633 = ITEM_DEFINED_TRANSFORMATION('','',#11,#505);
#4634 = PRODUCT_DEFINITION_SHAPE('Placement','Placement of an item',
  #4635);
#4635 = NEXT_ASSEMBLY_USAGE_OCCURRENCE('1662','T6','',#107,#4608,$);
#4636 = PRODUCT_RELATED_PRODUCT_CATEGORY('part',$,(#4610));
#4637 = SHAPE_DEFINITION_REPRESENTATION(#4638,#4644);
#4638 = PRODUCT_DEFINITION_SHAPE('','',#4639);
#4639 = PRODUCT_DEFINITION('design','',#4640,#4643);
#4640 = PRODUCT_DEFINITION_FORMATION('','',#4641);
#4641 = PRODUCT('R6','R6','',(#4642));
#4642 = PRODUCT_CONTEXT('',#2,'mechanical');
#4643 = PRODUCT_DEFINITION_CONTEXT('part definition',#2,'design');
#4644 = ADVANCED_BREP_SHAPE_REPRESENTATION('',(#11,#4645),#4657);
#4645 = MANIFOLD_SOLID_BREP('',#4646);
#4646 = CLOSED_SHELL('',(#4647));
#4647 = ADVANCED_FACE('',(#4648),#4652,.T.);
#4648 = FACE_BOUND('',#4649,.T.);
#4649 = VERTEX_LOOP('',#4650);
#4650 = VERTEX_POINT('',#4651);
#4651 = CARTESIAN_POINT('',(0.,0.,-0.175));
#4652 = SPHERICAL_SURFACE('',#4653,0.175);
#4653 = AXIS2_PLACEMENT_3D('',#4654,#4655,#4656);
#4654 = CARTESIAN_POINT('',(0.,0.,0.));
#4655 = DIRECTION('',(0.,0.,1.));
#4656 = DIRECTION('',(1.,0.,-0.));
#4657 = ( GEOMETRIC_REPRESENTATION_CONTEXT(3) 
GLOBAL_UNCERTAINTY_ASSIGNED_CONTEXT((#4661)) 
GLOBAL_UNIT_ASSIGNED_CONTEXT((#4658,#4659,#4660)) REPRESENTATION_CONTEXT
('Context #1','3D Context with UNIT and UNCERTAINTY') );
#4658 = ( LENGTH_UNIT() NAMED_UNIT(*) SI_UNIT(.MILLI.,.METRE.) );
#4659 = ( NAMED_UNIT(*) PLANE_ANGLE_UNIT() SI_UNIT($,.RADIAN.) );
#4660 = ( NAMED_UNIT(*) SI_UNIT($,.STERADIAN.) SOLID_ANGLE_UNIT() );
#4661 = UNCERTAINTY_MEASURE_WITH_UNIT(LENGTH_MEASURE(1.E-07),#4658,
  'distance_accuracy_value','confusion accuracy');
#4662 = CONTEXT_DEPENDENT_SHAPE_REPRESENTATION(#4663,#4665);
#4663 = ( REPRESENTATION_RELATIONSHIP('','',#4644,#112) 
REPRESENTATION_RELATIONSHIP_WITH_TRANSFORMATION(#4664) 
SHAPE_REPRESENTATION_RELATIONSHIP() );
#4664 = ITEM_DEFINED_TRANSFORMATION('','',#11,#509);
#4665 = PRODUCT_DEFINITION_SHAPE('Placement','Placement of an item',
  #4666);
#4666 = NEXT_ASSEMBLY_USAGE_OCCURRENCE('1663','R6','',#107,#4639,$);
#4667 = PRODUCT_RELATED_PRODUCT_CATEGORY('part',$,(#4641));
#4668 = SHAPE_DEFINITION_REPRESENTATION(#4669,#4675);
#4669 = PRODUCT_DEFINITION_SHAPE('','',#4670);
#4670 = PRODUCT_DEFINITION('design','',#4671,#4674);
#4671 = PRODUCT_DEFINITION_FORMATION('','',#4672);
#4672 = PRODUCT('P6','P6','',(#4673));
#4673 = PRODUCT_CONTEXT('',#2,'mechanical');
#4674 = PRODUCT_DEFINITION_CONTEXT('part definition',#2,'design');
#4675 = ADVANCED_BREP_SHAPE_REPRESENTATION('',(#11,#4676),#4688);
#4676 = MANIFOLD_SOLID_BREP('',#4677);
#4677 = CLOSED_SHELL('',(#4678));
#4678 = ADVANCED_FACE('',(#4679),#4683,.T.);
#4679 = FACE_BOUND('',#4680,.T.);
#4680 = VERTEX_LOOP('',#4681);
#4681 = VERTEX_POINT('',#4682);
#4682 = CARTESIAN_POINT('',(0.,0.,-0.175));
#4683 = SPHERICAL_SURFACE('',#4684,0.175);
#4684 = AXIS2_PLACEMENT_3D('',#4685,#4686,#4687);
#4685 = CARTESIAN_POINT('',(0.,0.,0.));
#4686 = DIRECTION('',(0.,0.,1.));
#4687 = DIRECTION('',(1.,0.,-0.));
#4688 = ( GEOMETRIC_REPRESENTATION_CONTEXT(3) 
GLOBAL_UNCERTAINTY_ASSIGNED_CONTEXT((#4692)) 
GLOBAL_UNIT_ASSIGNED_CONTEXT((#4689,#4690,#4691)) REPRESENTATION_CONTEXT
('Context #1','3D Context with UNIT and UNCERTAINTY') );
#4689 = ( LENGTH_UNIT() NAMED_UNIT(*) SI_UNIT(.MILLI.,.METRE.) );
#4690 = ( NAMED_UNIT(*) PLANE_ANGLE_UNIT() SI_UNIT($,.RADIAN.) );
#4691 = ( NAMED_UNIT(*) SI_UNIT($,.STERADIAN.) SOLID_ANGLE_UNIT() );
#4692 = UNCERTAINTY_MEASURE_WITH_UNIT(LENGTH_MEASURE(1.E-07),#4689,
  'distance_accuracy_value','confusion accuracy');
#4693 = CONTEXT_DEPENDENT_SHAPE_REPRESENTATION(#4694,#4696);
#4694 = ( REPRESENTATION_RELATIONSHIP('','',#4675,#112) 
REPRESENTATION_RELATIONSHIP_WITH_TRANSFORMATION(#4695) 
SHAPE_REPRESENTATION_RELATIONSHIP() );
#4695 = ITEM_DEFINED_TRANSFORMATION('','',#11,#513);
#4696 = PRODUCT_DEFINITION_SHAPE('Placement','Placement of an item',
  #4697);
#4697 = NEXT_ASSEMBLY_USAGE_OCCURRENCE('1664','P6','',#107,#4670,$);
#4698 = PRODUCT_RELATED_PRODUCT_CATEGORY('part',$,(#4672));
#4699 = SHAPE_DEFINITION_REPRESENTATION(#4700,#4706);
#4700 = PRODUCT_DEFINITION_SHAPE('','',#4701);
#4701 = PRODUCT_DEFINITION('design','',#4702,#4705);
#4702 = PRODUCT_DEFINITION_FORMATION('','',#4703);
#4703 = PRODUCT('N6','N6','',(#4704));
#4704 = PRODUCT_CONTEXT('',#2,'mechanical');
#4705 = PRODUCT_DEFINITION_CONTEXT('part definition',#2,'design');
#4706 = ADVANCED_BREP_SHAPE_REPRESENTATION('',(#11,#4707),#4719);
#4707 = MANIFOLD_SOLID_BREP('',#4708);
#4708 = CLOSED_SHELL('',(#4709));
#4709 = ADVANCED_FACE('',(#4710),#4714,.T.);
#4710 = FACE_BOUND('',#4711,.T.);
#4711 = VERTEX_LOOP('',#4712);
#4712 = VERTEX_POINT('',#4713);
#4713 = CARTESIAN_POINT('',(0.,0.,-0.175));
#4714 = SPHERICAL_SURFACE('',#4715,0.175);
#4715 = AXIS2_PLACEMENT_3D('',#4716,#4717,#4718);
#4716 = CARTESIAN_POINT('',(0.,0.,0.));
#4717 = DIRECTION('',(0.,0.,1.));
#4718 = DIRECTION('',(1.,0.,-0.));
#4719 = ( GEOMETRIC_REPRESENTATION_CONTEXT(3) 
GLOBAL_UNCERTAINTY_ASSIGNED_CONTEXT((#4723)) 
GLOBAL_UNIT_ASSIGNED_CONTEXT((#4720,#4721,#4722)) REPRESENTATION_CONTEXT
('Context #1','3D Context with UNIT and UNCERTAINTY') );
#4720 = ( LENGTH_UNIT() NAMED_UNIT(*) SI_UNIT(.MILLI.,.METRE.) );
#4721 = ( NAMED_UNIT(*) PLANE_ANGLE_UNIT() SI_UNIT($,.RADIAN.) );
#4722 = ( NAMED_UNIT(*) SI_UNIT($,.STERADIAN.) SOLID_ANGLE_UNIT() );
#4723 = UNCERTAINTY_MEASURE_WITH_UNIT(LENGTH_MEASURE(1.E-07),#4720,
  'distance_accuracy_value','confusion accuracy');
#4724 = CONTEXT_DEPENDENT_SHAPE_REPRESENTATION(#4725,#4727);
#4725 = ( REPRESENTATION_RELATIONSHIP('','',#4706,#112) 
REPRESENTATION_RELATIONSHIP_WITH_TRANSFORMATION(#4726) 
SHAPE_REPRESENTATION_RELATIONSHIP() );
#4726 = ITEM_DEFINED_TRANSFORMATION('','',#11,#517);
#4727 = PRODUCT_DEFINITION_SHAPE('Placement','Placement of an item',
  #4728);
#4728 = NEXT_ASSEMBLY_USAGE_OCCURRENCE('1665','N6','',#107,#4701,$);
#4729 = PRODUCT_RELATED_PRODUCT_CATEGORY('part',$,(#4703));
#4730 = SHAPE_DEFINITION_REPRESENTATION(#4731,#4737);
#4731 = PRODUCT_DEFINITION_SHAPE('','',#4732);
#4732 = PRODUCT_DEFINITION('design','',#4733,#4736);
#4733 = PRODUCT_DEFINITION_FORMATION('','',#4734);
#4734 = PRODUCT('M6','M6','',(#4735));
#4735 = PRODUCT_CONTEXT('',#2,'mechanical');
#4736 = PRODUCT_DEFINITION_CONTEXT('part definition',#2,'design');
#4737 = ADVANCED_BREP_SHAPE_REPRESENTATION('',(#11,#4738),#4750);
#4738 = MANIFOLD_SOLID_BREP('',#4739);
#4739 = CLOSED_SHELL('',(#4740));
#4740 = ADVANCED_FACE('',(#4741),#4745,.T.);
#4741 = FACE_BOUND('',#4742,.T.);
#4742 = VERTEX_LOOP('',#4743);
#4743 = VERTEX_POINT('',#4744);
#4744 = CARTESIAN_POINT('',(0.,0.,-0.175));
#4745 = SPHERICAL_SURFACE('',#4746,0.175);
#4746 = AXIS2_PLACEMENT_3D('',#4747,#4748,#4749);
#4747 = CARTESIAN_POINT('',(0.,0.,0.));
#4748 = DIRECTION('',(0.,0.,1.));
#4749 = DIRECTION('',(1.,0.,-0.));
#4750 = ( GEOMETRIC_REPRESENTATION_CONTEXT(3) 
GLOBAL_UNCERTAINTY_ASSIGNED_CONTEXT((#4754)) 
GLOBAL_UNIT_ASSIGNED_CONTEXT((#4751,#4752,#4753)) REPRESENTATION_CONTEXT
('Context #1','3D Context with UNIT and UNCERTAINTY') );
#4751 = ( LENGTH_UNIT() NAMED_UNIT(*) SI_UNIT(.MILLI.,.METRE.) );
#4752 = ( NAMED_UNIT(*) PLANE_ANGLE_UNIT() SI_UNIT($,.RADIAN.) );
#4753 = ( NAMED_UNIT(*) SI_UNIT($,.STERADIAN.) SOLID_ANGLE_UNIT() );
#4754 = UNCERTAINTY_MEASURE_WITH_UNIT(LENGTH_MEASURE(1.E-07),#4751,
  'distance_accuracy_value','confusion accuracy');
#4755 = CONTEXT_DEPENDENT_SHAPE_REPRESENTATION(#4756,#4758);
#4756 = ( REPRESENTATION_RELATIONSHIP('','',#4737,#112) 
REPRESENTATION_RELATIONSHIP_WITH_TRANSFORMATION(#4757) 
SHAPE_REPRESENTATION_RELATIONSHIP() );
#4757 = ITEM_DEFINED_TRANSFORMATION('','',#11,#521);
#4758 = PRODUCT_DEFINITION_SHAPE('Placement','Placement of an item',
  #4759);
#4759 = NEXT_ASSEMBLY_USAGE_OCCURRENCE('1666','M6','',#107,#4732,$);
#4760 = PRODUCT_RELATED_PRODUCT_CATEGORY('part',$,(#4734));
#4761 = SHAPE_DEFINITION_REPRESENTATION(#4762,#4768);
#4762 = PRODUCT_DEFINITION_SHAPE('','',#4763);
#4763 = PRODUCT_DEFINITION('design','',#4764,#4767);
#4764 = PRODUCT_DEFINITION_FORMATION('','',#4765);
#4765 = PRODUCT('L6','L6','',(#4766));
#4766 = PRODUCT_CONTEXT('',#2,'mechanical');
#4767 = PRODUCT_DEFINITION_CONTEXT('part definition',#2,'design');
#4768 = ADVANCED_BREP_SHAPE_REPRESENTATION('',(#11,#4769),#4781);
#4769 = MANIFOLD_SOLID_BREP('',#4770);
#4770 = CLOSED_SHELL('',(#4771));
#4771 = ADVANCED_FACE('',(#4772),#4776,.T.);
#4772 = FACE_BOUND('',#4773,.T.);
#4773 = VERTEX_LOOP('',#4774);
#4774 = VERTEX_POINT('',#4775);
#4775 = CARTESIAN_POINT('',(0.,0.,-0.175));
#4776 = SPHERICAL_SURFACE('',#4777,0.175);
#4777 = AXIS2_PLACEMENT_3D('',#4778,#4779,#4780);
#4778 = CARTESIAN_POINT('',(0.,0.,0.));
#4779 = DIRECTION('',(0.,0.,1.));
#4780 = DIRECTION('',(1.,0.,-0.));
#4781 = ( GEOMETRIC_REPRESENTATION_CONTEXT(3) 
GLOBAL_UNCERTAINTY_ASSIGNED_CONTEXT((#4785)) 
GLOBAL_UNIT_ASSIGNED_CONTEXT((#4782,#4783,#4784)) REPRESENTATION_CONTEXT
('Context #1','3D Context with UNIT and UNCERTAINTY') );
#4782 = ( LENGTH_UNIT() NAMED_UNIT(*) SI_UNIT(.MILLI.,.METRE.) );
#4783 = ( NAMED_UNIT(*) PLANE_ANGLE_UNIT() SI_UNIT($,.RADIAN.) );
#4784 = ( NAMED_UNIT(*) SI_UNIT($,.STERADIAN.) SOLID_ANGLE_UNIT() );
#4785 = UNCERTAINTY_MEASURE_WITH_UNIT(LENGTH_MEASURE(1.E-07),#4782,
  'distance_accuracy_value','confusion accuracy');
#4786 = CONTEXT_DEPENDENT_SHAPE_REPRESENTATION(#4787,#4789);
#4787 = ( REPRESENTATION_RELATIONSHIP('','',#4768,#112) 
REPRESENTATION_RELATIONSHIP_WITH_TRANSFORMATION(#4788) 
SHAPE_REPRESENTATION_RELATIONSHIP() );
#4788 = ITEM_DEFINED_TRANSFORMATION('','',#11,#525);
#4789 = PRODUCT_DEFINITION_SHAPE('Placement','Placement of an item',
  #4790);
#4790 = NEXT_ASSEMBLY_USAGE_OCCURRENCE('1667','L6','',#107,#4763,$);
#4791 = PRODUCT_RELATED_PRODUCT_CATEGORY('part',$,(#4765));
#4792 = SHAPE_DEFINITION_REPRESENTATION(#4793,#4799);
#4793 = PRODUCT_DEFINITION_SHAPE('','',#4794);
#4794 = PRODUCT_DEFINITION('design','',#4795,#4798);
#4795 = PRODUCT_DEFINITION_FORMATION('','',#4796);
#4796 = PRODUCT('K6','K6','',(#4797));
#4797 = PRODUCT_CONTEXT('',#2,'mechanical');
#4798 = PRODUCT_DEFINITION_CONTEXT('part definition',#2,'design');
#4799 = ADVANCED_BREP_SHAPE_REPRESENTATION('',(#11,#4800),#4812);
#4800 = MANIFOLD_SOLID_BREP('',#4801);
#4801 = CLOSED_SHELL('',(#4802));
#4802 = ADVANCED_FACE('',(#4803),#4807,.T.);
#4803 = FACE_BOUND('',#4804,.T.);
#4804 = VERTEX_LOOP('',#4805);
#4805 = VERTEX_POINT('',#4806);
#4806 = CARTESIAN_POINT('',(0.,0.,-0.175));
#4807 = SPHERICAL_SURFACE('',#4808,0.175);
#4808 = AXIS2_PLACEMENT_3D('',#4809,#4810,#4811);
#4809 = CARTESIAN_POINT('',(0.,0.,0.));
#4810 = DIRECTION('',(0.,0.,1.));
#4811 = DIRECTION('',(1.,0.,-0.));
#4812 = ( GEOMETRIC_REPRESENTATION_CONTEXT(3) 
GLOBAL_UNCERTAINTY_ASSIGNED_CONTEXT((#4816)) 
GLOBAL_UNIT_ASSIGNED_CONTEXT((#4813,#4814,#4815)) REPRESENTATION_CONTEXT
('Context #1','3D Context with UNIT and UNCERTAINTY') );
#4813 = ( LENGTH_UNIT() NAMED_UNIT(*) SI_UNIT(.MILLI.,.METRE.) );
#4814 = ( NAMED_UNIT(*) PLANE_ANGLE_UNIT() SI_UNIT($,.RADIAN.) );
#4815 = ( NAMED_UNIT(*) SI_UNIT($,.STERADIAN.) SOLID_ANGLE_UNIT() );
#4816 = UNCERTAINTY_MEASURE_WITH_UNIT(LENGTH_MEASURE(1.E-07),#4813,
  'distance_accuracy_value','confusion accuracy');
#4817 = CONTEXT_DEPENDENT_SHAPE_REPRESENTATION(#4818,#4820);
#4818 = ( REPRESENTATION_RELATIONSHIP('','',#4799,#112) 
REPRESENTATION_RELATIONSHIP_WITH_TRANSFORMATION(#4819) 
SHAPE_REPRESENTATION_RELATIONSHIP() );
#4819 = ITEM_DEFINED_TRANSFORMATION('','',#11,#529);
#4820 = PRODUCT_DEFINITION_SHAPE('Placement','Placement of an item',
  #4821);
#4821 = NEXT_ASSEMBLY_USAGE_OCCURRENCE('1668','K6','',#107,#4794,$);
#4822 = PRODUCT_RELATED_PRODUCT_CATEGORY('part',$,(#4796));
#4823 = SHAPE_DEFINITION_REPRESENTATION(#4824,#4830);
#4824 = PRODUCT_DEFINITION_SHAPE('','',#4825);
#4825 = PRODUCT_DEFINITION('design','',#4826,#4829);
#4826 = PRODUCT_DEFINITION_FORMATION('','',#4827);
#4827 = PRODUCT('J6','J6','',(#4828));
#4828 = PRODUCT_CONTEXT('',#2,'mechanical');
#4829 = PRODUCT_DEFINITION_CONTEXT('part definition',#2,'design');
#4830 = ADVANCED_BREP_SHAPE_REPRESENTATION('',(#11,#4831),#4843);
#4831 = MANIFOLD_SOLID_BREP('',#4832);
#4832 = CLOSED_SHELL('',(#4833));
#4833 = ADVANCED_FACE('',(#4834),#4838,.T.);
#4834 = FACE_BOUND('',#4835,.T.);
#4835 = VERTEX_LOOP('',#4836);
#4836 = VERTEX_POINT('',#4837);
#4837 = CARTESIAN_POINT('',(0.,0.,-0.175));
#4838 = SPHERICAL_SURFACE('',#4839,0.175);
#4839 = AXIS2_PLACEMENT_3D('',#4840,#4841,#4842);
#4840 = CARTESIAN_POINT('',(0.,0.,0.));
#4841 = DIRECTION('',(0.,0.,1.));
#4842 = DIRECTION('',(1.,0.,-0.));
#4843 = ( GEOMETRIC_REPRESENTATION_CONTEXT(3) 
GLOBAL_UNCERTAINTY_ASSIGNED_CONTEXT((#4847)) 
GLOBAL_UNIT_ASSIGNED_CONTEXT((#4844,#4845,#4846)) REPRESENTATION_CONTEXT
('Context #1','3D Context with UNIT and UNCERTAINTY') );
#4844 = ( LENGTH_UNIT() NAMED_UNIT(*) SI_UNIT(.MILLI.,.METRE.) );
#4845 = ( NAMED_UNIT(*) PLANE_ANGLE_UNIT() SI_UNIT($,.RADIAN.) );
#4846 = ( NAMED_UNIT(*) SI_UNIT($,.STERADIAN.) SOLID_ANGLE_UNIT() );
#4847 = UNCERTAINTY_MEASURE_WITH_UNIT(LENGTH_MEASURE(1.E-07),#4844,
  'distance_accuracy_value','confusion accuracy');
#4848 = CONTEXT_DEPENDENT_SHAPE_REPRESENTATION(#4849,#4851);
#4849 = ( REPRESENTATION_RELATIONSHIP('','',#4830,#112) 
REPRESENTATION_RELATIONSHIP_WITH_TRANSFORMATION(#4850) 
SHAPE_REPRESENTATION_RELATIONSHIP() );
#4850 = ITEM_DEFINED_TRANSFORMATION('','',#11,#533);
#4851 = PRODUCT_DEFINITION_SHAPE('Placement','Placement of an item',
  #4852);
#4852 = NEXT_ASSEMBLY_USAGE_OCCURRENCE('1669','J6','',#107,#4825,$);
#4853 = PRODUCT_RELATED_PRODUCT_CATEGORY('part',$,(#4827));
#4854 = SHAPE_DEFINITION_REPRESENTATION(#4855,#4861);
#4855 = PRODUCT_DEFINITION_SHAPE('','',#4856);
#4856 = PRODUCT_DEFINITION('design','',#4857,#4860);
#4857 = PRODUCT_DEFINITION_FORMATION('','',#4858);
#4858 = PRODUCT('H6','H6','',(#4859));
#4859 = PRODUCT_CONTEXT('',#2,'mechanical');
#4860 = PRODUCT_DEFINITION_CONTEXT('part definition',#2,'design');
#4861 = ADVANCED_BREP_SHAPE_REPRESENTATION('',(#11,#4862),#4874);
#4862 = MANIFOLD_SOLID_BREP('',#4863);
#4863 = CLOSED_SHELL('',(#4864));
#4864 = ADVANCED_FACE('',(#4865),#4869,.T.);
#4865 = FACE_BOUND('',#4866,.T.);
#4866 = VERTEX_LOOP('',#4867);
#4867 = VERTEX_POINT('',#4868);
#4868 = CARTESIAN_POINT('',(0.,0.,-0.175));
#4869 = SPHERICAL_SURFACE('',#4870,0.175);
#4870 = AXIS2_PLACEMENT_3D('',#4871,#4872,#4873);
#4871 = CARTESIAN_POINT('',(0.,0.,0.));
#4872 = DIRECTION('',(0.,0.,1.));
#4873 = DIRECTION('',(1.,0.,-0.));
#4874 = ( GEOMETRIC_REPRESENTATION_CONTEXT(3) 
GLOBAL_UNCERTAINTY_ASSIGNED_CONTEXT((#4878)) 
GLOBAL_UNIT_ASSIGNED_CONTEXT((#4875,#4876,#4877)) REPRESENTATION_CONTEXT
('Context #1','3D Context with UNIT and UNCERTAINTY') );
#4875 = ( LENGTH_UNIT() NAMED_UNIT(*) SI_UNIT(.MILLI.,.METRE.) );
#4876 = ( NAMED_UNIT(*) PLANE_ANGLE_UNIT() SI_UNIT($,.RADIAN.) );
#4877 = ( NAMED_UNIT(*) SI_UNIT($,.STERADIAN.) SOLID_ANGLE_UNIT() );
#4878 = UNCERTAINTY_MEASURE_WITH_UNIT(LENGTH_MEASURE(1.E-07),#4875,
  'distance_accuracy_value','confusion accuracy');
#4879 = CONTEXT_DEPENDENT_SHAPE_REPRESENTATION(#4880,#4882);
#4880 = ( REPRESENTATION_RELATIONSHIP('','',#4861,#112) 
REPRESENTATION_RELATIONSHIP_WITH_TRANSFORMATION(#4881) 
SHAPE_REPRESENTATION_RELATIONSHIP() );
#4881 = ITEM_DEFINED_TRANSFORMATION('','',#11,#537);
#4882 = PRODUCT_DEFINITION_SHAPE('Placement','Placement of an item',
  #4883);
#4883 = NEXT_ASSEMBLY_USAGE_OCCURRENCE('1670','H6','',#107,#4856,$);
#4884 = PRODUCT_RELATED_PRODUCT_CATEGORY('part',$,(#4858));
#4885 = SHAPE_DEFINITION_REPRESENTATION(#4886,#4892);
#4886 = PRODUCT_DEFINITION_SHAPE('','',#4887);
#4887 = PRODUCT_DEFINITION('design','',#4888,#4891);
#4888 = PRODUCT_DEFINITION_FORMATION('','',#4889);
#4889 = PRODUCT('G6','G6','',(#4890));
#4890 = PRODUCT_CONTEXT('',#2,'mechanical');
#4891 = PRODUCT_DEFINITION_CONTEXT('part definition',#2,'design');
#4892 = ADVANCED_BREP_SHAPE_REPRESENTATION('',(#11,#4893),#4905);
#4893 = MANIFOLD_SOLID_BREP('',#4894);
#4894 = CLOSED_SHELL('',(#4895));
#4895 = ADVANCED_FACE('',(#4896),#4900,.T.);
#4896 = FACE_BOUND('',#4897,.T.);
#4897 = VERTEX_LOOP('',#4898);
#4898 = VERTEX_POINT('',#4899);
#4899 = CARTESIAN_POINT('',(0.,0.,-0.175));
#4900 = SPHERICAL_SURFACE('',#4901,0.175);
#4901 = AXIS2_PLACEMENT_3D('',#4902,#4903,#4904);
#4902 = CARTESIAN_POINT('',(0.,0.,0.));
#4903 = DIRECTION('',(0.,0.,1.));
#4904 = DIRECTION('',(1.,0.,-0.));
#4905 = ( GEOMETRIC_REPRESENTATION_CONTEXT(3) 
GLOBAL_UNCERTAINTY_ASSIGNED_CONTEXT((#4909)) 
GLOBAL_UNIT_ASSIGNED_CONTEXT((#4906,#4907,#4908)) REPRESENTATION_CONTEXT
('Context #1','3D Context with UNIT and UNCERTAINTY') );
#4906 = ( LENGTH_UNIT() NAMED_UNIT(*) SI_UNIT(.MILLI.,.METRE.) );
#4907 = ( NAMED_UNIT(*) PLANE_ANGLE_UNIT() SI_UNIT($,.RADIAN.) );
#4908 = ( NAMED_UNIT(*) SI_UNIT($,.STERADIAN.) SOLID_ANGLE_UNIT() );
#4909 = UNCERTAINTY_MEASURE_WITH_UNIT(LENGTH_MEASURE(1.E-07),#4906,
  'distance_accuracy_value','confusion accuracy');
#4910 = CONTEXT_DEPENDENT_SHAPE_REPRESENTATION(#4911,#4913);
#4911 = ( REPRESENTATION_RELATIONSHIP('','',#4892,#112) 
REPRESENTATION_RELATIONSHIP_WITH_TRANSFORMATION(#4912) 
SHAPE_REPRESENTATION_RELATIONSHIP() );
#4912 = ITEM_DEFINED_TRANSFORMATION('','',#11,#541);
#4913 = PRODUCT_DEFINITION_SHAPE('Placement','Placement of an item',
  #4914);
#4914 = NEXT_ASSEMBLY_USAGE_OCCURRENCE('1671','G6','',#107,#4887,$);
#4915 = PRODUCT_RELATED_PRODUCT_CATEGORY('part',$,(#4889));
#4916 = SHAPE_DEFINITION_REPRESENTATION(#4917,#4923);
#4917 = PRODUCT_DEFINITION_SHAPE('','',#4918);
#4918 = PRODUCT_DEFINITION('design','',#4919,#4922);
#4919 = PRODUCT_DEFINITION_FORMATION('','',#4920);
#4920 = PRODUCT('F6','F6','',(#4921));
#4921 = PRODUCT_CONTEXT('',#2,'mechanical');
#4922 = PRODUCT_DEFINITION_CONTEXT('part definition',#2,'design');
#4923 = ADVANCED_BREP_SHAPE_REPRESENTATION('',(#11,#4924),#4936);
#4924 = MANIFOLD_SOLID_BREP('',#4925);
#4925 = CLOSED_SHELL('',(#4926));
#4926 = ADVANCED_FACE('',(#4927),#4931,.T.);
#4927 = FACE_BOUND('',#4928,.T.);
#4928 = VERTEX_LOOP('',#4929);
#4929 = VERTEX_POINT('',#4930);
#4930 = CARTESIAN_POINT('',(0.,0.,-0.175));
#4931 = SPHERICAL_SURFACE('',#4932,0.175);
#4932 = AXIS2_PLACEMENT_3D('',#4933,#4934,#4935);
#4933 = CARTESIAN_POINT('',(0.,0.,0.));
#4934 = DIRECTION('',(0.,0.,1.));
#4935 = DIRECTION('',(1.,0.,-0.));
#4936 = ( GEOMETRIC_REPRESENTATION_CONTEXT(3) 
GLOBAL_UNCERTAINTY_ASSIGNED_CONTEXT((#4940)) 
GLOBAL_UNIT_ASSIGNED_CONTEXT((#4937,#4938,#4939)) REPRESENTATION_CONTEXT
('Context #1','3D Context with UNIT and UNCERTAINTY') );
#4937 = ( LENGTH_UNIT() NAMED_UNIT(*) SI_UNIT(.MILLI.,.METRE.) );
#4938 = ( NAMED_UNIT(*) PLANE_ANGLE_UNIT() SI_UNIT($,.RADIAN.) );
#4939 = ( NAMED_UNIT(*) SI_UNIT($,.STERADIAN.) SOLID_ANGLE_UNIT() );
#4940 = UNCERTAINTY_MEASURE_WITH_UNIT(LENGTH_MEASURE(1.E-07),#4937,
  'distance_accuracy_value','confusion accuracy');
#4941 = CONTEXT_DEPENDENT_SHAPE_REPRESENTATION(#4942,#4944);
#4942 = ( REPRESENTATION_RELATIONSHIP('','',#4923,#112) 
REPRESENTATION_RELATIONSHIP_WITH_TRANSFORMATION(#4943) 
SHAPE_REPRESENTATION_RELATIONSHIP() );
#4943 = ITEM_DEFINED_TRANSFORMATION('','',#11,#545);
#4944 = PRODUCT_DEFINITION_SHAPE('Placement','Placement of an item',
  #4945);
#4945 = NEXT_ASSEMBLY_USAGE_OCCURRENCE('1672','F6','',#107,#4918,$);
#4946 = PRODUCT_RELATED_PRODUCT_CATEGORY('part',$,(#4920));
#4947 = SHAPE_DEFINITION_REPRESENTATION(#4948,#4954);
#4948 = PRODUCT_DEFINITION_SHAPE('','',#4949);
#4949 = PRODUCT_DEFINITION('design','',#4950,#4953);
#4950 = PRODUCT_DEFINITION_FORMATION('','',#4951);
#4951 = PRODUCT('E6','E6','',(#4952));
#4952 = PRODUCT_CONTEXT('',#2,'mechanical');
#4953 = PRODUCT_DEFINITION_CONTEXT('part definition',#2,'design');
#4954 = ADVANCED_BREP_SHAPE_REPRESENTATION('',(#11,#4955),#4967);
#4955 = MANIFOLD_SOLID_BREP('',#4956);
#4956 = CLOSED_SHELL('',(#4957));
#4957 = ADVANCED_FACE('',(#4958),#4962,.T.);
#4958 = FACE_BOUND('',#4959,.T.);
#4959 = VERTEX_LOOP('',#4960);
#4960 = VERTEX_POINT('',#4961);
#4961 = CARTESIAN_POINT('',(0.,0.,-0.175));
#4962 = SPHERICAL_SURFACE('',#4963,0.175);
#4963 = AXIS2_PLACEMENT_3D('',#4964,#4965,#4966);
#4964 = CARTESIAN_POINT('',(0.,0.,0.));
#4965 = DIRECTION('',(0.,0.,1.));
#4966 = DIRECTION('',(1.,0.,-0.));
#4967 = ( GEOMETRIC_REPRESENTATION_CONTEXT(3) 
GLOBAL_UNCERTAINTY_ASSIGNED_CONTEXT((#4971)) 
GLOBAL_UNIT_ASSIGNED_CONTEXT((#4968,#4969,#4970)) REPRESENTATION_CONTEXT
('Context #1','3D Context with UNIT and UNCERTAINTY') );
#4968 = ( LENGTH_UNIT() NAMED_UNIT(*) SI_UNIT(.MILLI.,.METRE.) );
#4969 = ( NAMED_UNIT(*) PLANE_ANGLE_UNIT() SI_UNIT($,.RADIAN.) );
#4970 = ( NAMED_UNIT(*) SI_UNIT($,.STERADIAN.) SOLID_ANGLE_UNIT() );
#4971 = UNCERTAINTY_MEASURE_WITH_UNIT(LENGTH_MEASURE(1.E-07),#4968,
  'distance_accuracy_value','confusion accuracy');
#4972 = CONTEXT_DEPENDENT_SHAPE_REPRESENTATION(#4973,#4975);
#4973 = ( REPRESENTATION_RELATIONSHIP('','',#4954,#112) 
REPRESENTATION_RELATIONSHIP_WITH_TRANSFORMATION(#4974) 
SHAPE_REPRESENTATION_RELATIONSHIP() );
#4974 = ITEM_DEFINED_TRANSFORMATION('','',#11,#549);
#4975 = PRODUCT_DEFINITION_SHAPE('Placement','Placement of an item',
  #4976);
#4976 = NEXT_ASSEMBLY_USAGE_OCCURRENCE('1673','E6','',#107,#4949,$);
#4977 = PRODUCT_RELATED_PRODUCT_CATEGORY('part',$,(#4951));
#4978 = SHAPE_DEFINITION_REPRESENTATION(#4979,#4985);
#4979 = PRODUCT_DEFINITION_SHAPE('','',#4980);
#4980 = PRODUCT_DEFINITION('design','',#4981,#4984);
#4981 = PRODUCT_DEFINITION_FORMATION('','',#4982);
#4982 = PRODUCT('D6','D6','',(#4983));
#4983 = PRODUCT_CONTEXT('',#2,'mechanical');
#4984 = PRODUCT_DEFINITION_CONTEXT('part definition',#2,'design');
#4985 = ADVANCED_BREP_SHAPE_REPRESENTATION('',(#11,#4986),#4998);
#4986 = MANIFOLD_SOLID_BREP('',#4987);
#4987 = CLOSED_SHELL('',(#4988));
#4988 = ADVANCED_FACE('',(#4989),#4993,.T.);
#4989 = FACE_BOUND('',#4990,.T.);
#4990 = VERTEX_LOOP('',#4991);
#4991 = VERTEX_POINT('',#4992);
#4992 = CARTESIAN_POINT('',(0.,0.,-0.175));
#4993 = SPHERICAL_SURFACE('',#4994,0.175);
#4994 = AXIS2_PLACEMENT_3D('',#4995,#4996,#4997);
#4995 = CARTESIAN_POINT('',(0.,0.,0.));
#4996 = DIRECTION('',(0.,0.,1.));
#4997 = DIRECTION('',(1.,0.,-0.));
#4998 = ( GEOMETRIC_REPRESENTATION_CONTEXT(3) 
GLOBAL_UNCERTAINTY_ASSIGNED_CONTEXT((#5002)) 
GLOBAL_UNIT_ASSIGNED_CONTEXT((#4999,#5000,#5001)) REPRESENTATION_CONTEXT
('Context #1','3D Context with UNIT and UNCERTAINTY') );
#4999 = ( LENGTH_UNIT() NAMED_UNIT(*) SI_UNIT(.MILLI.,.METRE.) );
#5000 = ( NAMED_UNIT(*) PLANE_ANGLE_UNIT() SI_UNIT($,.RADIAN.) );
#5001 = ( NAMED_UNIT(*) SI_UNIT($,.STERADIAN.) SOLID_ANGLE_UNIT() );
#5002 = UNCERTAINTY_MEASURE_WITH_UNIT(LENGTH_MEASURE(1.E-07),#4999,
  'distance_accuracy_value','confusion accuracy');
#5003 = CONTEXT_DEPENDENT_SHAPE_REPRESENTATION(#5004,#5006);
#5004 = ( REPRESENTATION_RELATIONSHIP('','',#4985,#112) 
REPRESENTATION_RELATIONSHIP_WITH_TRANSFORMATION(#5005) 
SHAPE_REPRESENTATION_RELATIONSHIP() );
#5005 = ITEM_DEFINED_TRANSFORMATION('','',#11,#553);
#5006 = PRODUCT_DEFINITION_SHAPE('Placement','Placement of an item',
  #5007);
#5007 = NEXT_ASSEMBLY_USAGE_OCCURRENCE('1674','D6','',#107,#4980,$);
#5008 = PRODUCT_RELATED_PRODUCT_CATEGORY('part',$,(#4982));
#5009 = SHAPE_DEFINITION_REPRESENTATION(#5010,#5016);
#5010 = PRODUCT_DEFINITION_SHAPE('','',#5011);
#5011 = PRODUCT_DEFINITION('design','',#5012,#5015);
#5012 = PRODUCT_DEFINITION_FORMATION('','',#5013);
#5013 = PRODUCT('C6','C6','',(#5014));
#5014 = PRODUCT_CONTEXT('',#2,'mechanical');
#5015 = PRODUCT_DEFINITION_CONTEXT('part definition',#2,'design');
#5016 = ADVANCED_BREP_SHAPE_REPRESENTATION('',(#11,#5017),#5029);
#5017 = MANIFOLD_SOLID_BREP('',#5018);
#5018 = CLOSED_SHELL('',(#5019));
#5019 = ADVANCED_FACE('',(#5020),#5024,.T.);
#5020 = FACE_BOUND('',#5021,.T.);
#5021 = VERTEX_LOOP('',#5022);
#5022 = VERTEX_POINT('',#5023);
#5023 = CARTESIAN_POINT('',(0.,0.,-0.175));
#5024 = SPHERICAL_SURFACE('',#5025,0.175);
#5025 = AXIS2_PLACEMENT_3D('',#5026,#5027,#5028);
#5026 = CARTESIAN_POINT('',(0.,0.,0.));
#5027 = DIRECTION('',(0.,0.,1.));
#5028 = DIRECTION('',(1.,0.,-0.));
#5029 = ( GEOMETRIC_REPRESENTATION_CONTEXT(3) 
GLOBAL_UNCERTAINTY_ASSIGNED_CONTEXT((#5033)) 
GLOBAL_UNIT_ASSIGNED_CONTEXT((#5030,#5031,#5032)) REPRESENTATION_CONTEXT
('Context #1','3D Context with UNIT and UNCERTAINTY') );
#5030 = ( LENGTH_UNIT() NAMED_UNIT(*) SI_UNIT(.MILLI.,.METRE.) );
#5031 = ( NAMED_UNIT(*) PLANE_ANGLE_UNIT() SI_UNIT($,.RADIAN.) );
#5032 = ( NAMED_UNIT(*) SI_UNIT($,.STERADIAN.) SOLID_ANGLE_UNIT() );
#5033 = UNCERTAINTY_MEASURE_WITH_UNIT(LENGTH_MEASURE(1.E-07),#5030,
  'distance_accuracy_value','confusion accuracy');
#5034 = CONTEXT_DEPENDENT_SHAPE_REPRESENTATION(#5035,#5037);
#5035 = ( REPRESENTATION_RELATIONSHIP('','',#5016,#112) 
REPRESENTATION_RELATIONSHIP_WITH_TRANSFORMATION(#5036) 
SHAPE_REPRESENTATION_RELATIONSHIP() );
#5036 = ITEM_DEFINED_TRANSFORMATION('','',#11,#557);
#5037 = PRODUCT_DEFINITION_SHAPE('Placement','Placement of an item',
  #5038);
#5038 = NEXT_ASSEMBLY_USAGE_OCCURRENCE('1675','C6','',#107,#5011,$);
#5039 = PRODUCT_RELATED_PRODUCT_CATEGORY('part',$,(#5013));
#5040 = SHAPE_DEFINITION_REPRESENTATION(#5041,#5047);
#5041 = PRODUCT_DEFINITION_SHAPE('','',#5042);
#5042 = PRODUCT_DEFINITION('design','',#5043,#5046);
#5043 = PRODUCT_DEFINITION_FORMATION('','',#5044);
#5044 = PRODUCT('B6','B6','',(#5045));
#5045 = PRODUCT_CONTEXT('',#2,'mechanical');
#5046 = PRODUCT_DEFINITION_CONTEXT('part definition',#2,'design');
#5047 = ADVANCED_BREP_SHAPE_REPRESENTATION('',(#11,#5048),#5060);
#5048 = MANIFOLD_SOLID_BREP('',#5049);
#5049 = CLOSED_SHELL('',(#5050));
#5050 = ADVANCED_FACE('',(#5051),#5055,.T.);
#5051 = FACE_BOUND('',#5052,.T.);
#5052 = VERTEX_LOOP('',#5053);
#5053 = VERTEX_POINT('',#5054);
#5054 = CARTESIAN_POINT('',(0.,0.,-0.175));
#5055 = SPHERICAL_SURFACE('',#5056,0.175);
#5056 = AXIS2_PLACEMENT_3D('',#5057,#5058,#5059);
#5057 = CARTESIAN_POINT('',(0.,0.,0.));
#5058 = DIRECTION('',(0.,0.,1.));
#5059 = DIRECTION('',(1.,0.,-0.));
#5060 = ( GEOMETRIC_REPRESENTATION_CONTEXT(3) 
GLOBAL_UNCERTAINTY_ASSIGNED_CONTEXT((#5064)) 
GLOBAL_UNIT_ASSIGNED_CONTEXT((#5061,#5062,#5063)) REPRESENTATION_CONTEXT
('Context #1','3D Context with UNIT and UNCERTAINTY') );
#5061 = ( LENGTH_UNIT() NAMED_UNIT(*) SI_UNIT(.MILLI.,.METRE.) );
#5062 = ( NAMED_UNIT(*) PLANE_ANGLE_UNIT() SI_UNIT($,.RADIAN.) );
#5063 = ( NAMED_UNIT(*) SI_UNIT($,.STERADIAN.) SOLID_ANGLE_UNIT() );
#5064 = UNCERTAINTY_MEASURE_WITH_UNIT(LENGTH_MEASURE(1.E-07),#5061,
  'distance_accuracy_value','confusion accuracy');
#5065 = CONTEXT_DEPENDENT_SHAPE_REPRESENTATION(#5066,#5068);
#5066 = ( REPRESENTATION_RELATIONSHIP('','',#5047,#112) 
REPRESENTATION_RELATIONSHIP_WITH_TRANSFORMATION(#5067) 
SHAPE_REPRESENTATION_RELATIONSHIP() );
#5067 = ITEM_DEFINED_TRANSFORMATION('','',#11,#561);
#5068 = PRODUCT_DEFINITION_SHAPE('Placement','Placement of an item',
  #5069);
#5069 = NEXT_ASSEMBLY_USAGE_OCCURRENCE('1676','B6','',#107,#5042,$);
#5070 = PRODUCT_RELATED_PRODUCT_CATEGORY('part',$,(#5044));
#5071 = SHAPE_DEFINITION_REPRESENTATION(#5072,#5078);
#5072 = PRODUCT_DEFINITION_SHAPE('','',#5073);
#5073 = PRODUCT_DEFINITION('design','',#5074,#5077);
#5074 = PRODUCT_DEFINITION_FORMATION('','',#5075);
#5075 = PRODUCT('A6','A6','',(#5076));
#5076 = PRODUCT_CONTEXT('',#2,'mechanical');
#5077 = PRODUCT_DEFINITION_CONTEXT('part definition',#2,'design');
#5078 = ADVANCED_BREP_SHAPE_REPRESENTATION('',(#11,#5079),#5091);
#5079 = MANIFOLD_SOLID_BREP('',#5080);
#5080 = CLOSED_SHELL('',(#5081));
#5081 = ADVANCED_FACE('',(#5082),#5086,.T.);
#5082 = FACE_BOUND('',#5083,.T.);
#5083 = VERTEX_LOOP('',#5084);
#5084 = VERTEX_POINT('',#5085);
#5085 = CARTESIAN_POINT('',(0.,0.,-0.175));
#5086 = SPHERICAL_SURFACE('',#5087,0.175);
#5087 = AXIS2_PLACEMENT_3D('',#5088,#5089,#5090);
#5088 = CARTESIAN_POINT('',(0.,0.,0.));
#5089 = DIRECTION('',(0.,0.,1.));
#5090 = DIRECTION('',(1.,0.,-0.));
#5091 = ( GEOMETRIC_REPRESENTATION_CONTEXT(3) 
GLOBAL_UNCERTAINTY_ASSIGNED_CONTEXT((#5095)) 
GLOBAL_UNIT_ASSIGNED_CONTEXT((#5092,#5093,#5094)) REPRESENTATION_CONTEXT
('Context #1','3D Context with UNIT and UNCERTAINTY') );
#5092 = ( LENGTH_UNIT() NAMED_UNIT(*) SI_UNIT(.MILLI.,.METRE.) );
#5093 = ( NAMED_UNIT(*) PLANE_ANGLE_UNIT() SI_UNIT($,.RADIAN.) );
#5094 = ( NAMED_UNIT(*) SI_UNIT($,.STERADIAN.) SOLID_ANGLE_UNIT() );
#5095 = UNCERTAINTY_MEASURE_WITH_UNIT(LENGTH_MEASURE(1.E-07),#5092,
  'distance_accuracy_value','confusion accuracy');
#5096 = CONTEXT_DEPENDENT_SHAPE_REPRESENTATION(#5097,#5099);
#5097 = ( REPRESENTATION_RELATIONSHIP('','',#5078,#112) 
REPRESENTATION_RELATIONSHIP_WITH_TRANSFORMATION(#5098) 
SHAPE_REPRESENTATION_RELATIONSHIP() );
#5098 = ITEM_DEFINED_TRANSFORMATION('','',#11,#565);
#5099 = PRODUCT_DEFINITION_SHAPE('Placement','Placement of an item',
  #5100);
#5100 = NEXT_ASSEMBLY_USAGE_OCCURRENCE('1677','A6','',#107,#5073,$);
#5101 = PRODUCT_RELATED_PRODUCT_CATEGORY('part',$,(#5075));
#5102 = SHAPE_DEFINITION_REPRESENTATION(#5103,#5109);
#5103 = PRODUCT_DEFINITION_SHAPE('','',#5104);
#5104 = PRODUCT_DEFINITION('design','',#5105,#5108);
#5105 = PRODUCT_DEFINITION_FORMATION('','',#5106);
#5106 = PRODUCT('W7','W7','',(#5107));
#5107 = PRODUCT_CONTEXT('',#2,'mechanical');
#5108 = PRODUCT_DEFINITION_CONTEXT('part definition',#2,'design');
#5109 = ADVANCED_BREP_SHAPE_REPRESENTATION('',(#11,#5110),#5122);
#5110 = MANIFOLD_SOLID_BREP('',#5111);
#5111 = CLOSED_SHELL('',(#5112));
#5112 = ADVANCED_FACE('',(#5113),#5117,.T.);
#5113 = FACE_BOUND('',#5114,.T.);
#5114 = VERTEX_LOOP('',#5115);
#5115 = VERTEX_POINT('',#5116);
#5116 = CARTESIAN_POINT('',(0.,0.,-0.175));
#5117 = SPHERICAL_SURFACE('',#5118,0.175);
#5118 = AXIS2_PLACEMENT_3D('',#5119,#5120,#5121);
#5119 = CARTESIAN_POINT('',(0.,0.,0.));
#5120 = DIRECTION('',(0.,0.,1.));
#5121 = DIRECTION('',(1.,0.,-0.));
#5122 = ( GEOMETRIC_REPRESENTATION_CONTEXT(3) 
GLOBAL_UNCERTAINTY_ASSIGNED_CONTEXT((#5126)) 
GLOBAL_UNIT_ASSIGNED_CONTEXT((#5123,#5124,#5125)) REPRESENTATION_CONTEXT
('Context #1','3D Context with UNIT and UNCERTAINTY') );
#5123 = ( LENGTH_UNIT() NAMED_UNIT(*) SI_UNIT(.MILLI.,.METRE.) );
#5124 = ( NAMED_UNIT(*) PLANE_ANGLE_UNIT() SI_UNIT($,.RADIAN.) );
#5125 = ( NAMED_UNIT(*) SI_UNIT($,.STERADIAN.) SOLID_ANGLE_UNIT() );
#5126 = UNCERTAINTY_MEASURE_WITH_UNIT(LENGTH_MEASURE(1.E-07),#5123,
  'distance_accuracy_value','confusion accuracy');
#5127 = CONTEXT_DEPENDENT_SHAPE_REPRESENTATION(#5128,#5130);
#5128 = ( REPRESENTATION_RELATIONSHIP('','',#5109,#112) 
REPRESENTATION_RELATIONSHIP_WITH_TRANSFORMATION(#5129) 
SHAPE_REPRESENTATION_RELATIONSHIP() );
#5129 = ITEM_DEFINED_TRANSFORMATION('','',#11,#569);
#5130 = PRODUCT_DEFINITION_SHAPE('Placement','Placement of an item',
  #5131);
#5131 = NEXT_ASSEMBLY_USAGE_OCCURRENCE('1678','W7','',#107,#5104,$);
#5132 = PRODUCT_RELATED_PRODUCT_CATEGORY('part',$,(#5106));
#5133 = SHAPE_DEFINITION_REPRESENTATION(#5134,#5140);
#5134 = PRODUCT_DEFINITION_SHAPE('','',#5135);
#5135 = PRODUCT_DEFINITION('design','',#5136,#5139);
#5136 = PRODUCT_DEFINITION_FORMATION('','',#5137);
#5137 = PRODUCT('V7','V7','',(#5138));
#5138 = PRODUCT_CONTEXT('',#2,'mechanical');
#5139 = PRODUCT_DEFINITION_CONTEXT('part definition',#2,'design');
#5140 = ADVANCED_BREP_SHAPE_REPRESENTATION('',(#11,#5141),#5153);
#5141 = MANIFOLD_SOLID_BREP('',#5142);
#5142 = CLOSED_SHELL('',(#5143));
#5143 = ADVANCED_FACE('',(#5144),#5148,.T.);
#5144 = FACE_BOUND('',#5145,.T.);
#5145 = VERTEX_LOOP('',#5146);
#5146 = VERTEX_POINT('',#5147);
#5147 = CARTESIAN_POINT('',(0.,0.,-0.175));
#5148 = SPHERICAL_SURFACE('',#5149,0.175);
#5149 = AXIS2_PLACEMENT_3D('',#5150,#5151,#5152);
#5150 = CARTESIAN_POINT('',(0.,0.,0.));
#5151 = DIRECTION('',(0.,0.,1.));
#5152 = DIRECTION('',(1.,0.,-0.));
#5153 = ( GEOMETRIC_REPRESENTATION_CONTEXT(3) 
GLOBAL_UNCERTAINTY_ASSIGNED_CONTEXT((#5157)) 
GLOBAL_UNIT_ASSIGNED_CONTEXT((#5154,#5155,#5156)) REPRESENTATION_CONTEXT
('Context #1','3D Context with UNIT and UNCERTAINTY') );
#5154 = ( LENGTH_UNIT() NAMED_UNIT(*) SI_UNIT(.MILLI.,.METRE.) );
#5155 = ( NAMED_UNIT(*) PLANE_ANGLE_UNIT() SI_UNIT($,.RADIAN.) );
#5156 = ( NAMED_UNIT(*) SI_UNIT($,.STERADIAN.) SOLID_ANGLE_UNIT() );
#5157 = UNCERTAINTY_MEASURE_WITH_UNIT(LENGTH_MEASURE(1.E-07),#5154,
  'distance_accuracy_value','confusion accuracy');
#5158 = CONTEXT_DEPENDENT_SHAPE_REPRESENTATION(#5159,#5161);
#5159 = ( REPRESENTATION_RELATIONSHIP('','',#5140,#112) 
REPRESENTATION_RELATIONSHIP_WITH_TRANSFORMATION(#5160) 
SHAPE_REPRESENTATION_RELATIONSHIP() );
#5160 = ITEM_DEFINED_TRANSFORMATION('','',#11,#573);
#5161 = PRODUCT_DEFINITION_SHAPE('Placement','Placement of an item',
  #5162);
#5162 = NEXT_ASSEMBLY_USAGE_OCCURRENCE('1679','V7','',#107,#5135,$);
#5163 = PRODUCT_RELATED_PRODUCT_CATEGORY('part',$,(#5137));
#5164 = SHAPE_DEFINITION_REPRESENTATION(#5165,#5171);
#5165 = PRODUCT_DEFINITION_SHAPE('','',#5166);
#5166 = PRODUCT_DEFINITION('design','',#5167,#5170);
#5167 = PRODUCT_DEFINITION_FORMATION('','',#5168);
#5168 = PRODUCT('U7','U7','',(#5169));
#5169 = PRODUCT_CONTEXT('',#2,'mechanical');
#5170 = PRODUCT_DEFINITION_CONTEXT('part definition',#2,'design');
#5171 = ADVANCED_BREP_SHAPE_REPRESENTATION('',(#11,#5172),#5184);
#5172 = MANIFOLD_SOLID_BREP('',#5173);
#5173 = CLOSED_SHELL('',(#5174));
#5174 = ADVANCED_FACE('',(#5175),#5179,.T.);
#5175 = FACE_BOUND('',#5176,.T.);
#5176 = VERTEX_LOOP('',#5177);
#5177 = VERTEX_POINT('',#5178);
#5178 = CARTESIAN_POINT('',(0.,0.,-0.175));
#5179 = SPHERICAL_SURFACE('',#5180,0.175);
#5180 = AXIS2_PLACEMENT_3D('',#5181,#5182,#5183);
#5181 = CARTESIAN_POINT('',(0.,0.,0.));
#5182 = DIRECTION('',(0.,0.,1.));
#5183 = DIRECTION('',(1.,0.,-0.));
#5184 = ( GEOMETRIC_REPRESENTATION_CONTEXT(3) 
GLOBAL_UNCERTAINTY_ASSIGNED_CONTEXT((#5188)) 
GLOBAL_UNIT_ASSIGNED_CONTEXT((#5185,#5186,#5187)) REPRESENTATION_CONTEXT
('Context #1','3D Context with UNIT and UNCERTAINTY') );
#5185 = ( LENGTH_UNIT() NAMED_UNIT(*) SI_UNIT(.MILLI.,.METRE.) );
#5186 = ( NAMED_UNIT(*) PLANE_ANGLE_UNIT() SI_UNIT($,.RADIAN.) );
#5187 = ( NAMED_UNIT(*) SI_UNIT($,.STERADIAN.) SOLID_ANGLE_UNIT() );
#5188 = UNCERTAINTY_MEASURE_WITH_UNIT(LENGTH_MEASURE(1.E-07),#5185,
  'distance_accuracy_value','confusion accuracy');
#5189 = CONTEXT_DEPENDENT_SHAPE_REPRESENTATION(#5190,#5192);
#5190 = ( REPRESENTATION_RELATIONSHIP('','',#5171,#112) 
REPRESENTATION_RELATIONSHIP_WITH_TRANSFORMATION(#5191) 
SHAPE_REPRESENTATION_RELATIONSHIP() );
#5191 = ITEM_DEFINED_TRANSFORMATION('','',#11,#577);
#5192 = PRODUCT_DEFINITION_SHAPE('Placement','Placement of an item',
  #5193);
#5193 = NEXT_ASSEMBLY_USAGE_OCCURRENCE('1680','U7','',#107,#5166,$);
#5194 = PRODUCT_RELATED_PRODUCT_CATEGORY('part',$,(#5168));
#5195 = SHAPE_DEFINITION_REPRESENTATION(#5196,#5202);
#5196 = PRODUCT_DEFINITION_SHAPE('','',#5197);
#5197 = PRODUCT_DEFINITION('design','',#5198,#5201);
#5198 = PRODUCT_DEFINITION_FORMATION('','',#5199);
#5199 = PRODUCT('T7','T7','',(#5200));
#5200 = PRODUCT_CONTEXT('',#2,'mechanical');
#5201 = PRODUCT_DEFINITION_CONTEXT('part definition',#2,'design');
#5202 = ADVANCED_BREP_SHAPE_REPRESENTATION('',(#11,#5203),#5215);
#5203 = MANIFOLD_SOLID_BREP('',#5204);
#5204 = CLOSED_SHELL('',(#5205));
#5205 = ADVANCED_FACE('',(#5206),#5210,.T.);
#5206 = FACE_BOUND('',#5207,.T.);
#5207 = VERTEX_LOOP('',#5208);
#5208 = VERTEX_POINT('',#5209);
#5209 = CARTESIAN_POINT('',(0.,0.,-0.175));
#5210 = SPHERICAL_SURFACE('',#5211,0.175);
#5211 = AXIS2_PLACEMENT_3D('',#5212,#5213,#5214);
#5212 = CARTESIAN_POINT('',(0.,0.,0.));
#5213 = DIRECTION('',(0.,0.,1.));
#5214 = DIRECTION('',(1.,0.,-0.));
#5215 = ( GEOMETRIC_REPRESENTATION_CONTEXT(3) 
GLOBAL_UNCERTAINTY_ASSIGNED_CONTEXT((#5219)) 
GLOBAL_UNIT_ASSIGNED_CONTEXT((#5216,#5217,#5218)) REPRESENTATION_CONTEXT
('Context #1','3D Context with UNIT and UNCERTAINTY') );
#5216 = ( LENGTH_UNIT() NAMED_UNIT(*) SI_UNIT(.MILLI.,.METRE.) );
#5217 = ( NAMED_UNIT(*) PLANE_ANGLE_UNIT() SI_UNIT($,.RADIAN.) );
#5218 = ( NAMED_UNIT(*) SI_UNIT($,.STERADIAN.) SOLID_ANGLE_UNIT() );
#5219 = UNCERTAINTY_MEASURE_WITH_UNIT(LENGTH_MEASURE(1.E-07),#5216,
  'distance_accuracy_value','confusion accuracy');
#5220 = CONTEXT_DEPENDENT_SHAPE_REPRESENTATION(#5221,#5223);
#5221 = ( REPRESENTATION_RELATIONSHIP('','',#5202,#112) 
REPRESENTATION_RELATIONSHIP_WITH_TRANSFORMATION(#5222) 
SHAPE_REPRESENTATION_RELATIONSHIP() );
#5222 = ITEM_DEFINED_TRANSFORMATION('','',#11,#581);
#5223 = PRODUCT_DEFINITION_SHAPE('Placement','Placement of an item',
  #5224);
#5224 = NEXT_ASSEMBLY_USAGE_OCCURRENCE('1681','T7','',#107,#5197,$);
#5225 = PRODUCT_RELATED_PRODUCT_CATEGORY('part',$,(#5199));
#5226 = SHAPE_DEFINITION_REPRESENTATION(#5227,#5233);
#5227 = PRODUCT_DEFINITION_SHAPE('','',#5228);
#5228 = PRODUCT_DEFINITION('design','',#5229,#5232);
#5229 = PRODUCT_DEFINITION_FORMATION('','',#5230);
#5230 = PRODUCT('R7','R7','',(#5231));
#5231 = PRODUCT_CONTEXT('',#2,'mechanical');
#5232 = PRODUCT_DEFINITION_CONTEXT('part definition',#2,'design');
#5233 = ADVANCED_BREP_SHAPE_REPRESENTATION('',(#11,#5234),#5246);
#5234 = MANIFOLD_SOLID_BREP('',#5235);
#5235 = CLOSED_SHELL('',(#5236));
#5236 = ADVANCED_FACE('',(#5237),#5241,.T.);
#5237 = FACE_BOUND('',#5238,.T.);
#5238 = VERTEX_LOOP('',#5239);
#5239 = VERTEX_POINT('',#5240);
#5240 = CARTESIAN_POINT('',(0.,0.,-0.175));
#5241 = SPHERICAL_SURFACE('',#5242,0.175);
#5242 = AXIS2_PLACEMENT_3D('',#5243,#5244,#5245);
#5243 = CARTESIAN_POINT('',(0.,0.,0.));
#5244 = DIRECTION('',(0.,0.,1.));
#5245 = DIRECTION('',(1.,0.,-0.));
#5246 = ( GEOMETRIC_REPRESENTATION_CONTEXT(3) 
GLOBAL_UNCERTAINTY_ASSIGNED_CONTEXT((#5250)) 
GLOBAL_UNIT_ASSIGNED_CONTEXT((#5247,#5248,#5249)) REPRESENTATION_CONTEXT
('Context #1','3D Context with UNIT and UNCERTAINTY') );
#5247 = ( LENGTH_UNIT() NAMED_UNIT(*) SI_UNIT(.MILLI.,.METRE.) );
#5248 = ( NAMED_UNIT(*) PLANE_ANGLE_UNIT() SI_UNIT($,.RADIAN.) );
#5249 = ( NAMED_UNIT(*) SI_UNIT($,.STERADIAN.) SOLID_ANGLE_UNIT() );
#5250 = UNCERTAINTY_MEASURE_WITH_UNIT(LENGTH_MEASURE(1.E-07),#5247,
  'distance_accuracy_value','confusion accuracy');
#5251 = CONTEXT_DEPENDENT_SHAPE_REPRESENTATION(#5252,#5254);
#5252 = ( REPRESENTATION_RELATIONSHIP('','',#5233,#112) 
REPRESENTATION_RELATIONSHIP_WITH_TRANSFORMATION(#5253) 
SHAPE_REPRESENTATION_RELATIONSHIP() );
#5253 = ITEM_DEFINED_TRANSFORMATION('','',#11,#585);
#5254 = PRODUCT_DEFINITION_SHAPE('Placement','Placement of an item',
  #5255);
#5255 = NEXT_ASSEMBLY_USAGE_OCCURRENCE('1682','R7','',#107,#5228,$);
#5256 = PRODUCT_RELATED_PRODUCT_CATEGORY('part',$,(#5230));
#5257 = SHAPE_DEFINITION_REPRESENTATION(#5258,#5264);
#5258 = PRODUCT_DEFINITION_SHAPE('','',#5259);
#5259 = PRODUCT_DEFINITION('design','',#5260,#5263);
#5260 = PRODUCT_DEFINITION_FORMATION('','',#5261);
#5261 = PRODUCT('P7','P7','',(#5262));
#5262 = PRODUCT_CONTEXT('',#2,'mechanical');
#5263 = PRODUCT_DEFINITION_CONTEXT('part definition',#2,'design');
#5264 = ADVANCED_BREP_SHAPE_REPRESENTATION('',(#11,#5265),#5277);
#5265 = MANIFOLD_SOLID_BREP('',#5266);
#5266 = CLOSED_SHELL('',(#5267));
#5267 = ADVANCED_FACE('',(#5268),#5272,.T.);
#5268 = FACE_BOUND('',#5269,.T.);
#5269 = VERTEX_LOOP('',#5270);
#5270 = VERTEX_POINT('',#5271);
#5271 = CARTESIAN_POINT('',(0.,0.,-0.175));
#5272 = SPHERICAL_SURFACE('',#5273,0.175);
#5273 = AXIS2_PLACEMENT_3D('',#5274,#5275,#5276);
#5274 = CARTESIAN_POINT('',(0.,0.,0.));
#5275 = DIRECTION('',(0.,0.,1.));
#5276 = DIRECTION('',(1.,0.,-0.));
#5277 = ( GEOMETRIC_REPRESENTATION_CONTEXT(3) 
GLOBAL_UNCERTAINTY_ASSIGNED_CONTEXT((#5281)) 
GLOBAL_UNIT_ASSIGNED_CONTEXT((#5278,#5279,#5280)) REPRESENTATION_CONTEXT
('Context #1','3D Context with UNIT and UNCERTAINTY') );
#5278 = ( LENGTH_UNIT() NAMED_UNIT(*) SI_UNIT(.MILLI.,.METRE.) );
#5279 = ( NAMED_UNIT(*) PLANE_ANGLE_UNIT() SI_UNIT($,.RADIAN.) );
#5280 = ( NAMED_UNIT(*) SI_UNIT($,.STERADIAN.) SOLID_ANGLE_UNIT() );
#5281 = UNCERTAINTY_MEASURE_WITH_UNIT(LENGTH_MEASURE(1.E-07),#5278,
  'distance_accuracy_value','confusion accuracy');
#5282 = CONTEXT_DEPENDENT_SHAPE_REPRESENTATION(#5283,#5285);
#5283 = ( REPRESENTATION_RELATIONSHIP('','',#5264,#112) 
REPRESENTATION_RELATIONSHIP_WITH_TRANSFORMATION(#5284) 
SHAPE_REPRESENTATION_RELATIONSHIP() );
#5284 = ITEM_DEFINED_TRANSFORMATION('','',#11,#589);
#5285 = PRODUCT_DEFINITION_SHAPE('Placement','Placement of an item',
  #5286);
#5286 = NEXT_ASSEMBLY_USAGE_OCCURRENCE('1683','P7','',#107,#5259,$);
#5287 = PRODUCT_RELATED_PRODUCT_CATEGORY('part',$,(#5261));
#5288 = SHAPE_DEFINITION_REPRESENTATION(#5289,#5295);
#5289 = PRODUCT_DEFINITION_SHAPE('','',#5290);
#5290 = PRODUCT_DEFINITION('design','',#5291,#5294);
#5291 = PRODUCT_DEFINITION_FORMATION('','',#5292);
#5292 = PRODUCT('N7','N7','',(#5293));
#5293 = PRODUCT_CONTEXT('',#2,'mechanical');
#5294 = PRODUCT_DEFINITION_CONTEXT('part definition',#2,'design');
#5295 = ADVANCED_BREP_SHAPE_REPRESENTATION('',(#11,#5296),#5308);
#5296 = MANIFOLD_SOLID_BREP('',#5297);
#5297 = CLOSED_SHELL('',(#5298));
#5298 = ADVANCED_FACE('',(#5299),#5303,.T.);
#5299 = FACE_BOUND('',#5300,.T.);
#5300 = VERTEX_LOOP('',#5301);
#5301 = VERTEX_POINT('',#5302);
#5302 = CARTESIAN_POINT('',(0.,0.,-0.175));
#5303 = SPHERICAL_SURFACE('',#5304,0.175);
#5304 = AXIS2_PLACEMENT_3D('',#5305,#5306,#5307);
#5305 = CARTESIAN_POINT('',(0.,0.,0.));
#5306 = DIRECTION('',(0.,0.,1.));
#5307 = DIRECTION('',(1.,0.,-0.));
#5308 = ( GEOMETRIC_REPRESENTATION_CONTEXT(3) 
GLOBAL_UNCERTAINTY_ASSIGNED_CONTEXT((#5312)) 
GLOBAL_UNIT_ASSIGNED_CONTEXT((#5309,#5310,#5311)) REPRESENTATION_CONTEXT
('Context #1','3D Context with UNIT and UNCERTAINTY') );
#5309 = ( LENGTH_UNIT() NAMED_UNIT(*) SI_UNIT(.MILLI.,.METRE.) );
#5310 = ( NAMED_UNIT(*) PLANE_ANGLE_UNIT() SI_UNIT($,.RADIAN.) );
#5311 = ( NAMED_UNIT(*) SI_UNIT($,.STERADIAN.) SOLID_ANGLE_UNIT() );
#5312 = UNCERTAINTY_MEASURE_WITH_UNIT(LENGTH_MEASURE(1.E-07),#5309,
  'distance_accuracy_value','confusion accuracy');
#5313 = CONTEXT_DEPENDENT_SHAPE_REPRESENTATION(#5314,#5316);
#5314 = ( REPRESENTATION_RELATIONSHIP('','',#5295,#112) 
REPRESENTATION_RELATIONSHIP_WITH_TRANSFORMATION(#5315) 
SHAPE_REPRESENTATION_RELATIONSHIP() );
#5315 = ITEM_DEFINED_TRANSFORMATION('','',#11,#593);
#5316 = PRODUCT_DEFINITION_SHAPE('Placement','Placement of an item',
  #5317);
#5317 = NEXT_ASSEMBLY_USAGE_OCCURRENCE('1684','N7','',#107,#5290,$);
#5318 = PRODUCT_RELATED_PRODUCT_CATEGORY('part',$,(#5292));
#5319 = SHAPE_DEFINITION_REPRESENTATION(#5320,#5326);
#5320 = PRODUCT_DEFINITION_SHAPE('','',#5321);
#5321 = PRODUCT_DEFINITION('design','',#5322,#5325);
#5322 = PRODUCT_DEFINITION_FORMATION('','',#5323);
#5323 = PRODUCT('M7','M7','',(#5324));
#5324 = PRODUCT_CONTEXT('',#2,'mechanical');
#5325 = PRODUCT_DEFINITION_CONTEXT('part definition',#2,'design');
#5326 = ADVANCED_BREP_SHAPE_REPRESENTATION('',(#11,#5327),#5339);
#5327 = MANIFOLD_SOLID_BREP('',#5328);
#5328 = CLOSED_SHELL('',(#5329));
#5329 = ADVANCED_FACE('',(#5330),#5334,.T.);
#5330 = FACE_BOUND('',#5331,.T.);
#5331 = VERTEX_LOOP('',#5332);
#5332 = VERTEX_POINT('',#5333);
#5333 = CARTESIAN_POINT('',(0.,0.,-0.175));
#5334 = SPHERICAL_SURFACE('',#5335,0.175);
#5335 = AXIS2_PLACEMENT_3D('',#5336,#5337,#5338);
#5336 = CARTESIAN_POINT('',(0.,0.,0.));
#5337 = DIRECTION('',(0.,0.,1.));
#5338 = DIRECTION('',(1.,0.,-0.));
#5339 = ( GEOMETRIC_REPRESENTATION_CONTEXT(3) 
GLOBAL_UNCERTAINTY_ASSIGNED_CONTEXT((#5343)) 
GLOBAL_UNIT_ASSIGNED_CONTEXT((#5340,#5341,#5342)) REPRESENTATION_CONTEXT
('Context #1','3D Context with UNIT and UNCERTAINTY') );
#5340 = ( LENGTH_UNIT() NAMED_UNIT(*) SI_UNIT(.MILLI.,.METRE.) );
#5341 = ( NAMED_UNIT(*) PLANE_ANGLE_UNIT() SI_UNIT($,.RADIAN.) );
#5342 = ( NAMED_UNIT(*) SI_UNIT($,.STERADIAN.) SOLID_ANGLE_UNIT() );
#5343 = UNCERTAINTY_MEASURE_WITH_UNIT(LENGTH_MEASURE(1.E-07),#5340,
  'distance_accuracy_value','confusion accuracy');
#5344 = CONTEXT_DEPENDENT_SHAPE_REPRESENTATION(#5345,#5347);
#5345 = ( REPRESENTATION_RELATIONSHIP('','',#5326,#112) 
REPRESENTATION_RELATIONSHIP_WITH_TRANSFORMATION(#5346) 
SHAPE_REPRESENTATION_RELATIONSHIP() );
#5346 = ITEM_DEFINED_TRANSFORMATION('','',#11,#597);
#5347 = PRODUCT_DEFINITION_SHAPE('Placement','Placement of an item',
  #5348);
#5348 = NEXT_ASSEMBLY_USAGE_OCCURRENCE('1685','M7','',#107,#5321,$);
#5349 = PRODUCT_RELATED_PRODUCT_CATEGORY('part',$,(#5323));
#5350 = SHAPE_DEFINITION_REPRESENTATION(#5351,#5357);
#5351 = PRODUCT_DEFINITION_SHAPE('','',#5352);
#5352 = PRODUCT_DEFINITION('design','',#5353,#5356);
#5353 = PRODUCT_DEFINITION_FORMATION('','',#5354);
#5354 = PRODUCT('L7','L7','',(#5355));
#5355 = PRODUCT_CONTEXT('',#2,'mechanical');
#5356 = PRODUCT_DEFINITION_CONTEXT('part definition',#2,'design');
#5357 = ADVANCED_BREP_SHAPE_REPRESENTATION('',(#11,#5358),#5370);
#5358 = MANIFOLD_SOLID_BREP('',#5359);
#5359 = CLOSED_SHELL('',(#5360));
#5360 = ADVANCED_FACE('',(#5361),#5365,.T.);
#5361 = FACE_BOUND('',#5362,.T.);
#5362 = VERTEX_LOOP('',#5363);
#5363 = VERTEX_POINT('',#5364);
#5364 = CARTESIAN_POINT('',(0.,0.,-0.175));
#5365 = SPHERICAL_SURFACE('',#5366,0.175);
#5366 = AXIS2_PLACEMENT_3D('',#5367,#5368,#5369);
#5367 = CARTESIAN_POINT('',(0.,0.,0.));
#5368 = DIRECTION('',(0.,0.,1.));
#5369 = DIRECTION('',(1.,0.,-0.));
#5370 = ( GEOMETRIC_REPRESENTATION_CONTEXT(3) 
GLOBAL_UNCERTAINTY_ASSIGNED_CONTEXT((#5374)) 
GLOBAL_UNIT_ASSIGNED_CONTEXT((#5371,#5372,#5373)) REPRESENTATION_CONTEXT
('Context #1','3D Context with UNIT and UNCERTAINTY') );
#5371 = ( LENGTH_UNIT() NAMED_UNIT(*) SI_UNIT(.MILLI.,.METRE.) );
#5372 = ( NAMED_UNIT(*) PLANE_ANGLE_UNIT() SI_UNIT($,.RADIAN.) );
#5373 = ( NAMED_UNIT(*) SI_UNIT($,.STERADIAN.) SOLID_ANGLE_UNIT() );
#5374 = UNCERTAINTY_MEASURE_WITH_UNIT(LENGTH_MEASURE(1.E-07),#5371,
  'distance_accuracy_value','confusion accuracy');
#5375 = CONTEXT_DEPENDENT_SHAPE_REPRESENTATION(#5376,#5378);
#5376 = ( REPRESENTATION_RELATIONSHIP('','',#5357,#112) 
REPRESENTATION_RELATIONSHIP_WITH_TRANSFORMATION(#5377) 
SHAPE_REPRESENTATION_RELATIONSHIP() );
#5377 = ITEM_DEFINED_TRANSFORMATION('','',#11,#601);
#5378 = PRODUCT_DEFINITION_SHAPE('Placement','Placement of an item',
  #5379);
#5379 = NEXT_ASSEMBLY_USAGE_OCCURRENCE('1686','L7','',#107,#5352,$);
#5380 = PRODUCT_RELATED_PRODUCT_CATEGORY('part',$,(#5354));
#5381 = SHAPE_DEFINITION_REPRESENTATION(#5382,#5388);
#5382 = PRODUCT_DEFINITION_SHAPE('','',#5383);
#5383 = PRODUCT_DEFINITION('design','',#5384,#5387);
#5384 = PRODUCT_DEFINITION_FORMATION('','',#5385);
#5385 = PRODUCT('K7','K7','',(#5386));
#5386 = PRODUCT_CONTEXT('',#2,'mechanical');
#5387 = PRODUCT_DEFINITION_CONTEXT('part definition',#2,'design');
#5388 = ADVANCED_BREP_SHAPE_REPRESENTATION('',(#11,#5389),#5401);
#5389 = MANIFOLD_SOLID_BREP('',#5390);
#5390 = CLOSED_SHELL('',(#5391));
#5391 = ADVANCED_FACE('',(#5392),#5396,.T.);
#5392 = FACE_BOUND('',#5393,.T.);
#5393 = VERTEX_LOOP('',#5394);
#5394 = VERTEX_POINT('',#5395);
#5395 = CARTESIAN_POINT('',(0.,0.,-0.175));
#5396 = SPHERICAL_SURFACE('',#5397,0.175);
#5397 = AXIS2_PLACEMENT_3D('',#5398,#5399,#5400);
#5398 = CARTESIAN_POINT('',(0.,0.,0.));
#5399 = DIRECTION('',(0.,0.,1.));
#5400 = DIRECTION('',(1.,0.,-0.));
#5401 = ( GEOMETRIC_REPRESENTATION_CONTEXT(3) 
GLOBAL_UNCERTAINTY_ASSIGNED_CONTEXT((#5405)) 
GLOBAL_UNIT_ASSIGNED_CONTEXT((#5402,#5403,#5404)) REPRESENTATION_CONTEXT
('Context #1','3D Context with UNIT and UNCERTAINTY') );
#5402 = ( LENGTH_UNIT() NAMED_UNIT(*) SI_UNIT(.MILLI.,.METRE.) );
#5403 = ( NAMED_UNIT(*) PLANE_ANGLE_UNIT() SI_UNIT($,.RADIAN.) );
#5404 = ( NAMED_UNIT(*) SI_UNIT($,.STERADIAN.) SOLID_ANGLE_UNIT() );
#5405 = UNCERTAINTY_MEASURE_WITH_UNIT(LENGTH_MEASURE(1.E-07),#5402,
  'distance_accuracy_value','confusion accuracy');
#5406 = CONTEXT_DEPENDENT_SHAPE_REPRESENTATION(#5407,#5409);
#5407 = ( REPRESENTATION_RELATIONSHIP('','',#5388,#112) 
REPRESENTATION_RELATIONSHIP_WITH_TRANSFORMATION(#5408) 
SHAPE_REPRESENTATION_RELATIONSHIP() );
#5408 = ITEM_DEFINED_TRANSFORMATION('','',#11,#605);
#5409 = PRODUCT_DEFINITION_SHAPE('Placement','Placement of an item',
  #5410);
#5410 = NEXT_ASSEMBLY_USAGE_OCCURRENCE('1687','K7','',#107,#5383,$);
#5411 = PRODUCT_RELATED_PRODUCT_CATEGORY('part',$,(#5385));
#5412 = SHAPE_DEFINITION_REPRESENTATION(#5413,#5419);
#5413 = PRODUCT_DEFINITION_SHAPE('','',#5414);
#5414 = PRODUCT_DEFINITION('design','',#5415,#5418);
#5415 = PRODUCT_DEFINITION_FORMATION('','',#5416);
#5416 = PRODUCT('J7','J7','',(#5417));
#5417 = PRODUCT_CONTEXT('',#2,'mechanical');
#5418 = PRODUCT_DEFINITION_CONTEXT('part definition',#2,'design');
#5419 = ADVANCED_BREP_SHAPE_REPRESENTATION('',(#11,#5420),#5432);
#5420 = MANIFOLD_SOLID_BREP('',#5421);
#5421 = CLOSED_SHELL('',(#5422));
#5422 = ADVANCED_FACE('',(#5423),#5427,.T.);
#5423 = FACE_BOUND('',#5424,.T.);
#5424 = VERTEX_LOOP('',#5425);
#5425 = VERTEX_POINT('',#5426);
#5426 = CARTESIAN_POINT('',(0.,0.,-0.175));
#5427 = SPHERICAL_SURFACE('',#5428,0.175);
#5428 = AXIS2_PLACEMENT_3D('',#5429,#5430,#5431);
#5429 = CARTESIAN_POINT('',(0.,0.,0.));
#5430 = DIRECTION('',(0.,0.,1.));
#5431 = DIRECTION('',(1.,0.,-0.));
#5432 = ( GEOMETRIC_REPRESENTATION_CONTEXT(3) 
GLOBAL_UNCERTAINTY_ASSIGNED_CONTEXT((#5436)) 
GLOBAL_UNIT_ASSIGNED_CONTEXT((#5433,#5434,#5435)) REPRESENTATION_CONTEXT
('Context #1','3D Context with UNIT and UNCERTAINTY') );
#5433 = ( LENGTH_UNIT() NAMED_UNIT(*) SI_UNIT(.MILLI.,.METRE.) );
#5434 = ( NAMED_UNIT(*) PLANE_ANGLE_UNIT() SI_UNIT($,.RADIAN.) );
#5435 = ( NAMED_UNIT(*) SI_UNIT($,.STERADIAN.) SOLID_ANGLE_UNIT() );
#5436 = UNCERTAINTY_MEASURE_WITH_UNIT(LENGTH_MEASURE(1.E-07),#5433,
  'distance_accuracy_value','confusion accuracy');
#5437 = CONTEXT_DEPENDENT_SHAPE_REPRESENTATION(#5438,#5440);
#5438 = ( REPRESENTATION_RELATIONSHIP('','',#5419,#112) 
REPRESENTATION_RELATIONSHIP_WITH_TRANSFORMATION(#5439) 
SHAPE_REPRESENTATION_RELATIONSHIP() );
#5439 = ITEM_DEFINED_TRANSFORMATION('','',#11,#609);
#5440 = PRODUCT_DEFINITION_SHAPE('Placement','Placement of an item',
  #5441);
#5441 = NEXT_ASSEMBLY_USAGE_OCCURRENCE('1688','J7','',#107,#5414,$);
#5442 = PRODUCT_RELATED_PRODUCT_CATEGORY('part',$,(#5416));
#5443 = SHAPE_DEFINITION_REPRESENTATION(#5444,#5450);
#5444 = PRODUCT_DEFINITION_SHAPE('','',#5445);
#5445 = PRODUCT_DEFINITION('design','',#5446,#5449);
#5446 = PRODUCT_DEFINITION_FORMATION('','',#5447);
#5447 = PRODUCT('H7','H7','',(#5448));
#5448 = PRODUCT_CONTEXT('',#2,'mechanical');
#5449 = PRODUCT_DEFINITION_CONTEXT('part definition',#2,'design');
#5450 = ADVANCED_BREP_SHAPE_REPRESENTATION('',(#11,#5451),#5463);
#5451 = MANIFOLD_SOLID_BREP('',#5452);
#5452 = CLOSED_SHELL('',(#5453));
#5453 = ADVANCED_FACE('',(#5454),#5458,.T.);
#5454 = FACE_BOUND('',#5455,.T.);
#5455 = VERTEX_LOOP('',#5456);
#5456 = VERTEX_POINT('',#5457);
#5457 = CARTESIAN_POINT('',(0.,0.,-0.175));
#5458 = SPHERICAL_SURFACE('',#5459,0.175);
#5459 = AXIS2_PLACEMENT_3D('',#5460,#5461,#5462);
#5460 = CARTESIAN_POINT('',(0.,0.,0.));
#5461 = DIRECTION('',(0.,0.,1.));
#5462 = DIRECTION('',(1.,0.,-0.));
#5463 = ( GEOMETRIC_REPRESENTATION_CONTEXT(3) 
GLOBAL_UNCERTAINTY_ASSIGNED_CONTEXT((#5467)) 
GLOBAL_UNIT_ASSIGNED_CONTEXT((#5464,#5465,#5466)) REPRESENTATION_CONTEXT
('Context #1','3D Context with UNIT and UNCERTAINTY') );
#5464 = ( LENGTH_UNIT() NAMED_UNIT(*) SI_UNIT(.MILLI.,.METRE.) );
#5465 = ( NAMED_UNIT(*) PLANE_ANGLE_UNIT() SI_UNIT($,.RADIAN.) );
#5466 = ( NAMED_UNIT(*) SI_UNIT($,.STERADIAN.) SOLID_ANGLE_UNIT() );
#5467 = UNCERTAINTY_MEASURE_WITH_UNIT(LENGTH_MEASURE(1.E-07),#5464,
  'distance_accuracy_value','confusion accuracy');
#5468 = CONTEXT_DEPENDENT_SHAPE_REPRESENTATION(#5469,#5471);
#5469 = ( REPRESENTATION_RELATIONSHIP('','',#5450,#112) 
REPRESENTATION_RELATIONSHIP_WITH_TRANSFORMATION(#5470) 
SHAPE_REPRESENTATION_RELATIONSHIP() );
#5470 = ITEM_DEFINED_TRANSFORMATION('','',#11,#613);
#5471 = PRODUCT_DEFINITION_SHAPE('Placement','Placement of an item',
  #5472);
#5472 = NEXT_ASSEMBLY_USAGE_OCCURRENCE('1689','H7','',#107,#5445,$);
#5473 = PRODUCT_RELATED_PRODUCT_CATEGORY('part',$,(#5447));
#5474 = SHAPE_DEFINITION_REPRESENTATION(#5475,#5481);
#5475 = PRODUCT_DEFINITION_SHAPE('','',#5476);
#5476 = PRODUCT_DEFINITION('design','',#5477,#5480);
#5477 = PRODUCT_DEFINITION_FORMATION('','',#5478);
#5478 = PRODUCT('G7','G7','',(#5479));
#5479 = PRODUCT_CONTEXT('',#2,'mechanical');
#5480 = PRODUCT_DEFINITION_CONTEXT('part definition',#2,'design');
#5481 = ADVANCED_BREP_SHAPE_REPRESENTATION('',(#11,#5482),#5494);
#5482 = MANIFOLD_SOLID_BREP('',#5483);
#5483 = CLOSED_SHELL('',(#5484));
#5484 = ADVANCED_FACE('',(#5485),#5489,.T.);
#5485 = FACE_BOUND('',#5486,.T.);
#5486 = VERTEX_LOOP('',#5487);
#5487 = VERTEX_POINT('',#5488);
#5488 = CARTESIAN_POINT('',(0.,0.,-0.175));
#5489 = SPHERICAL_SURFACE('',#5490,0.175);
#5490 = AXIS2_PLACEMENT_3D('',#5491,#5492,#5493);
#5491 = CARTESIAN_POINT('',(0.,0.,0.));
#5492 = DIRECTION('',(0.,0.,1.));
#5493 = DIRECTION('',(1.,0.,-0.));
#5494 = ( GEOMETRIC_REPRESENTATION_CONTEXT(3) 
GLOBAL_UNCERTAINTY_ASSIGNED_CONTEXT((#5498)) 
GLOBAL_UNIT_ASSIGNED_CONTEXT((#5495,#5496,#5497)) REPRESENTATION_CONTEXT
('Context #1','3D Context with UNIT and UNCERTAINTY') );
#5495 = ( LENGTH_UNIT() NAMED_UNIT(*) SI_UNIT(.MILLI.,.METRE.) );
#5496 = ( NAMED_UNIT(*) PLANE_ANGLE_UNIT() SI_UNIT($,.RADIAN.) );
#5497 = ( NAMED_UNIT(*) SI_UNIT($,.STERADIAN.) SOLID_ANGLE_UNIT() );
#5498 = UNCERTAINTY_MEASURE_WITH_UNIT(LENGTH_MEASURE(1.E-07),#5495,
  'distance_accuracy_value','confusion accuracy');
#5499 = CONTEXT_DEPENDENT_SHAPE_REPRESENTATION(#5500,#5502);
#5500 = ( REPRESENTATION_RELATIONSHIP('','',#5481,#112) 
REPRESENTATION_RELATIONSHIP_WITH_TRANSFORMATION(#5501) 
SHAPE_REPRESENTATION_RELATIONSHIP() );
#5501 = ITEM_DEFINED_TRANSFORMATION('','',#11,#617);
#5502 = PRODUCT_DEFINITION_SHAPE('Placement','Placement of an item',
  #5503);
#5503 = NEXT_ASSEMBLY_USAGE_OCCURRENCE('1690','G7','',#107,#5476,$);
#5504 = PRODUCT_RELATED_PRODUCT_CATEGORY('part',$,(#5478));
#5505 = SHAPE_DEFINITION_REPRESENTATION(#5506,#5512);
#5506 = PRODUCT_DEFINITION_SHAPE('','',#5507);
#5507 = PRODUCT_DEFINITION('design','',#5508,#5511);
#5508 = PRODUCT_DEFINITION_FORMATION('','',#5509);
#5509 = PRODUCT('F7','F7','',(#5510));
#5510 = PRODUCT_CONTEXT('',#2,'mechanical');
#5511 = PRODUCT_DEFINITION_CONTEXT('part definition',#2,'design');
#5512 = ADVANCED_BREP_SHAPE_REPRESENTATION('',(#11,#5513),#5525);
#5513 = MANIFOLD_SOLID_BREP('',#5514);
#5514 = CLOSED_SHELL('',(#5515));
#5515 = ADVANCED_FACE('',(#5516),#5520,.T.);
#5516 = FACE_BOUND('',#5517,.T.);
#5517 = VERTEX_LOOP('',#5518);
#5518 = VERTEX_POINT('',#5519);
#5519 = CARTESIAN_POINT('',(0.,0.,-0.175));
#5520 = SPHERICAL_SURFACE('',#5521,0.175);
#5521 = AXIS2_PLACEMENT_3D('',#5522,#5523,#5524);
#5522 = CARTESIAN_POINT('',(0.,0.,0.));
#5523 = DIRECTION('',(0.,0.,1.));
#5524 = DIRECTION('',(1.,0.,-0.));
#5525 = ( GEOMETRIC_REPRESENTATION_CONTEXT(3) 
GLOBAL_UNCERTAINTY_ASSIGNED_CONTEXT((#5529)) 
GLOBAL_UNIT_ASSIGNED_CONTEXT((#5526,#5527,#5528)) REPRESENTATION_CONTEXT
('Context #1','3D Context with UNIT and UNCERTAINTY') );
#5526 = ( LENGTH_UNIT() NAMED_UNIT(*) SI_UNIT(.MILLI.,.METRE.) );
#5527 = ( NAMED_UNIT(*) PLANE_ANGLE_UNIT() SI_UNIT($,.RADIAN.) );
#5528 = ( NAMED_UNIT(*) SI_UNIT($,.STERADIAN.) SOLID_ANGLE_UNIT() );
#5529 = UNCERTAINTY_MEASURE_WITH_UNIT(LENGTH_MEASURE(1.E-07),#5526,
  'distance_accuracy_value','confusion accuracy');
#5530 = CONTEXT_DEPENDENT_SHAPE_REPRESENTATION(#5531,#5533);
#5531 = ( REPRESENTATION_RELATIONSHIP('','',#5512,#112) 
REPRESENTATION_RELATIONSHIP_WITH_TRANSFORMATION(#5532) 
SHAPE_REPRESENTATION_RELATIONSHIP() );
#5532 = ITEM_DEFINED_TRANSFORMATION('','',#11,#621);
#5533 = PRODUCT_DEFINITION_SHAPE('Placement','Placement of an item',
  #5534);
#5534 = NEXT_ASSEMBLY_USAGE_OCCURRENCE('1691','F7','',#107,#5507,$);
#5535 = PRODUCT_RELATED_PRODUCT_CATEGORY('part',$,(#5509));
#5536 = SHAPE_DEFINITION_REPRESENTATION(#5537,#5543);
#5537 = PRODUCT_DEFINITION_SHAPE('','',#5538);
#5538 = PRODUCT_DEFINITION('design','',#5539,#5542);
#5539 = PRODUCT_DEFINITION_FORMATION('','',#5540);
#5540 = PRODUCT('E7','E7','',(#5541));
#5541 = PRODUCT_CONTEXT('',#2,'mechanical');
#5542 = PRODUCT_DEFINITION_CONTEXT('part definition',#2,'design');
#5543 = ADVANCED_BREP_SHAPE_REPRESENTATION('',(#11,#5544),#5556);
#5544 = MANIFOLD_SOLID_BREP('',#5545);
#5545 = CLOSED_SHELL('',(#5546));
#5546 = ADVANCED_FACE('',(#5547),#5551,.T.);
#5547 = FACE_BOUND('',#5548,.T.);
#5548 = VERTEX_LOOP('',#5549);
#5549 = VERTEX_POINT('',#5550);
#5550 = CARTESIAN_POINT('',(0.,0.,-0.175));
#5551 = SPHERICAL_SURFACE('',#5552,0.175);
#5552 = AXIS2_PLACEMENT_3D('',#5553,#5554,#5555);
#5553 = CARTESIAN_POINT('',(0.,0.,0.));
#5554 = DIRECTION('',(0.,0.,1.));
#5555 = DIRECTION('',(1.,0.,-0.));
#5556 = ( GEOMETRIC_REPRESENTATION_CONTEXT(3) 
GLOBAL_UNCERTAINTY_ASSIGNED_CONTEXT((#5560)) 
GLOBAL_UNIT_ASSIGNED_CONTEXT((#5557,#5558,#5559)) REPRESENTATION_CONTEXT
('Context #1','3D Context with UNIT and UNCERTAINTY') );
#5557 = ( LENGTH_UNIT() NAMED_UNIT(*) SI_UNIT(.MILLI.,.METRE.) );
#5558 = ( NAMED_UNIT(*) PLANE_ANGLE_UNIT() SI_UNIT($,.RADIAN.) );
#5559 = ( NAMED_UNIT(*) SI_UNIT($,.STERADIAN.) SOLID_ANGLE_UNIT() );
#5560 = UNCERTAINTY_MEASURE_WITH_UNIT(LENGTH_MEASURE(1.E-07),#5557,
  'distance_accuracy_value','confusion accuracy');
#5561 = CONTEXT_DEPENDENT_SHAPE_REPRESENTATION(#5562,#5564);
#5562 = ( REPRESENTATION_RELATIONSHIP('','',#5543,#112) 
REPRESENTATION_RELATIONSHIP_WITH_TRANSFORMATION(#5563) 
SHAPE_REPRESENTATION_RELATIONSHIP() );
#5563 = ITEM_DEFINED_TRANSFORMATION('','',#11,#625);
#5564 = PRODUCT_DEFINITION_SHAPE('Placement','Placement of an item',
  #5565);
#5565 = NEXT_ASSEMBLY_USAGE_OCCURRENCE('1692','E7','',#107,#5538,$);
#5566 = PRODUCT_RELATED_PRODUCT_CATEGORY('part',$,(#5540));
#5567 = SHAPE_DEFINITION_REPRESENTATION(#5568,#5574);
#5568 = PRODUCT_DEFINITION_SHAPE('','',#5569);
#5569 = PRODUCT_DEFINITION('design','',#5570,#5573);
#5570 = PRODUCT_DEFINITION_FORMATION('','',#5571);
#5571 = PRODUCT('D7','D7','',(#5572));
#5572 = PRODUCT_CONTEXT('',#2,'mechanical');
#5573 = PRODUCT_DEFINITION_CONTEXT('part definition',#2,'design');
#5574 = ADVANCED_BREP_SHAPE_REPRESENTATION('',(#11,#5575),#5587);
#5575 = MANIFOLD_SOLID_BREP('',#5576);
#5576 = CLOSED_SHELL('',(#5577));
#5577 = ADVANCED_FACE('',(#5578),#5582,.T.);
#5578 = FACE_BOUND('',#5579,.T.);
#5579 = VERTEX_LOOP('',#5580);
#5580 = VERTEX_POINT('',#5581);
#5581 = CARTESIAN_POINT('',(0.,0.,-0.175));
#5582 = SPHERICAL_SURFACE('',#5583,0.175);
#5583 = AXIS2_PLACEMENT_3D('',#5584,#5585,#5586);
#5584 = CARTESIAN_POINT('',(0.,0.,0.));
#5585 = DIRECTION('',(0.,0.,1.));
#5586 = DIRECTION('',(1.,0.,-0.));
#5587 = ( GEOMETRIC_REPRESENTATION_CONTEXT(3) 
GLOBAL_UNCERTAINTY_ASSIGNED_CONTEXT((#5591)) 
GLOBAL_UNIT_ASSIGNED_CONTEXT((#5588,#5589,#5590)) REPRESENTATION_CONTEXT
('Context #1','3D Context with UNIT and UNCERTAINTY') );
#5588 = ( LENGTH_UNIT() NAMED_UNIT(*) SI_UNIT(.MILLI.,.METRE.) );
#5589 = ( NAMED_UNIT(*) PLANE_ANGLE_UNIT() SI_UNIT($,.RADIAN.) );
#5590 = ( NAMED_UNIT(*) SI_UNIT($,.STERADIAN.) SOLID_ANGLE_UNIT() );
#5591 = UNCERTAINTY_MEASURE_WITH_UNIT(LENGTH_MEASURE(1.E-07),#5588,
  'distance_accuracy_value','confusion accuracy');
#5592 = CONTEXT_DEPENDENT_SHAPE_REPRESENTATION(#5593,#5595);
#5593 = ( REPRESENTATION_RELATIONSHIP('','',#5574,#112) 
REPRESENTATION_RELATIONSHIP_WITH_TRANSFORMATION(#5594) 
SHAPE_REPRESENTATION_RELATIONSHIP() );
#5594 = ITEM_DEFINED_TRANSFORMATION('','',#11,#629);
#5595 = PRODUCT_DEFINITION_SHAPE('Placement','Placement of an item',
  #5596);
#5596 = NEXT_ASSEMBLY_USAGE_OCCURRENCE('1693','D7','',#107,#5569,$);
#5597 = PRODUCT_RELATED_PRODUCT_CATEGORY('part',$,(#5571));
#5598 = SHAPE_DEFINITION_REPRESENTATION(#5599,#5605);
#5599 = PRODUCT_DEFINITION_SHAPE('','',#5600);
#5600 = PRODUCT_DEFINITION('design','',#5601,#5604);
#5601 = PRODUCT_DEFINITION_FORMATION('','',#5602);
#5602 = PRODUCT('C7','C7','',(#5603));
#5603 = PRODUCT_CONTEXT('',#2,'mechanical');
#5604 = PRODUCT_DEFINITION_CONTEXT('part definition',#2,'design');
#5605 = ADVANCED_BREP_SHAPE_REPRESENTATION('',(#11,#5606),#5618);
#5606 = MANIFOLD_SOLID_BREP('',#5607);
#5607 = CLOSED_SHELL('',(#5608));
#5608 = ADVANCED_FACE('',(#5609),#5613,.T.);
#5609 = FACE_BOUND('',#5610,.T.);
#5610 = VERTEX_LOOP('',#5611);
#5611 = VERTEX_POINT('',#5612);
#5612 = CARTESIAN_POINT('',(0.,0.,-0.175));
#5613 = SPHERICAL_SURFACE('',#5614,0.175);
#5614 = AXIS2_PLACEMENT_3D('',#5615,#5616,#5617);
#5615 = CARTESIAN_POINT('',(0.,0.,0.));
#5616 = DIRECTION('',(0.,0.,1.));
#5617 = DIRECTION('',(1.,0.,-0.));
#5618 = ( GEOMETRIC_REPRESENTATION_CONTEXT(3) 
GLOBAL_UNCERTAINTY_ASSIGNED_CONTEXT((#5622)) 
GLOBAL_UNIT_ASSIGNED_CONTEXT((#5619,#5620,#5621)) REPRESENTATION_CONTEXT
('Context #1','3D Context with UNIT and UNCERTAINTY') );
#5619 = ( LENGTH_UNIT() NAMED_UNIT(*) SI_UNIT(.MILLI.,.METRE.) );
#5620 = ( NAMED_UNIT(*) PLANE_ANGLE_UNIT() SI_UNIT($,.RADIAN.) );
#5621 = ( NAMED_UNIT(*) SI_UNIT($,.STERADIAN.) SOLID_ANGLE_UNIT() );
#5622 = UNCERTAINTY_MEASURE_WITH_UNIT(LENGTH_MEASURE(1.E-07),#5619,
  'distance_accuracy_value','confusion accuracy');
#5623 = CONTEXT_DEPENDENT_SHAPE_REPRESENTATION(#5624,#5626);
#5624 = ( REPRESENTATION_RELATIONSHIP('','',#5605,#112) 
REPRESENTATION_RELATIONSHIP_WITH_TRANSFORMATION(#5625) 
SHAPE_REPRESENTATION_RELATIONSHIP() );
#5625 = ITEM_DEFINED_TRANSFORMATION('','',#11,#633);
#5626 = PRODUCT_DEFINITION_SHAPE('Placement','Placement of an item',
  #5627);
#5627 = NEXT_ASSEMBLY_USAGE_OCCURRENCE('1694','C7','',#107,#5600,$);
#5628 = PRODUCT_RELATED_PRODUCT_CATEGORY('part',$,(#5602));
#5629 = SHAPE_DEFINITION_REPRESENTATION(#5630,#5636);
#5630 = PRODUCT_DEFINITION_SHAPE('','',#5631);
#5631 = PRODUCT_DEFINITION('design','',#5632,#5635);
#5632 = PRODUCT_DEFINITION_FORMATION('','',#5633);
#5633 = PRODUCT('B7','B7','',(#5634));
#5634 = PRODUCT_CONTEXT('',#2,'mechanical');
#5635 = PRODUCT_DEFINITION_CONTEXT('part definition',#2,'design');
#5636 = ADVANCED_BREP_SHAPE_REPRESENTATION('',(#11,#5637),#5649);
#5637 = MANIFOLD_SOLID_BREP('',#5638);
#5638 = CLOSED_SHELL('',(#5639));
#5639 = ADVANCED_FACE('',(#5640),#5644,.T.);
#5640 = FACE_BOUND('',#5641,.T.);
#5641 = VERTEX_LOOP('',#5642);
#5642 = VERTEX_POINT('',#5643);
#5643 = CARTESIAN_POINT('',(0.,0.,-0.175));
#5644 = SPHERICAL_SURFACE('',#5645,0.175);
#5645 = AXIS2_PLACEMENT_3D('',#5646,#5647,#5648);
#5646 = CARTESIAN_POINT('',(0.,0.,0.));
#5647 = DIRECTION('',(0.,0.,1.));
#5648 = DIRECTION('',(1.,0.,-0.));
#5649 = ( GEOMETRIC_REPRESENTATION_CONTEXT(3) 
GLOBAL_UNCERTAINTY_ASSIGNED_CONTEXT((#5653)) 
GLOBAL_UNIT_ASSIGNED_CONTEXT((#5650,#5651,#5652)) REPRESENTATION_CONTEXT
('Context #1','3D Context with UNIT and UNCERTAINTY') );
#5650 = ( LENGTH_UNIT() NAMED_UNIT(*) SI_UNIT(.MILLI.,.METRE.) );
#5651 = ( NAMED_UNIT(*) PLANE_ANGLE_UNIT() SI_UNIT($,.RADIAN.) );
#5652 = ( NAMED_UNIT(*) SI_UNIT($,.STERADIAN.) SOLID_ANGLE_UNIT() );
#5653 = UNCERTAINTY_MEASURE_WITH_UNIT(LENGTH_MEASURE(1.E-07),#5650,
  'distance_accuracy_value','confusion accuracy');
#5654 = CONTEXT_DEPENDENT_SHAPE_REPRESENTATION(#5655,#5657);
#5655 = ( REPRESENTATION_RELATIONSHIP('','',#5636,#112) 
REPRESENTATION_RELATIONSHIP_WITH_TRANSFORMATION(#5656) 
SHAPE_REPRESENTATION_RELATIONSHIP() );
#5656 = ITEM_DEFINED_TRANSFORMATION('','',#11,#637);
#5657 = PRODUCT_DEFINITION_SHAPE('Placement','Placement of an item',
  #5658);
#5658 = NEXT_ASSEMBLY_USAGE_OCCURRENCE('1695','B7','',#107,#5631,$);
#5659 = PRODUCT_RELATED_PRODUCT_CATEGORY('part',$,(#5633));
#5660 = SHAPE_DEFINITION_REPRESENTATION(#5661,#5667);
#5661 = PRODUCT_DEFINITION_SHAPE('','',#5662);
#5662 = PRODUCT_DEFINITION('design','',#5663,#5666);
#5663 = PRODUCT_DEFINITION_FORMATION('','',#5664);
#5664 = PRODUCT('A7','A7','',(#5665));
#5665 = PRODUCT_CONTEXT('',#2,'mechanical');
#5666 = PRODUCT_DEFINITION_CONTEXT('part definition',#2,'design');
#5667 = ADVANCED_BREP_SHAPE_REPRESENTATION('',(#11,#5668),#5680);
#5668 = MANIFOLD_SOLID_BREP('',#5669);
#5669 = CLOSED_SHELL('',(#5670));
#5670 = ADVANCED_FACE('',(#5671),#5675,.T.);
#5671 = FACE_BOUND('',#5672,.T.);
#5672 = VERTEX_LOOP('',#5673);
#5673 = VERTEX_POINT('',#5674);
#5674 = CARTESIAN_POINT('',(0.,0.,-0.175));
#5675 = SPHERICAL_SURFACE('',#5676,0.175);
#5676 = AXIS2_PLACEMENT_3D('',#5677,#5678,#5679);
#5677 = CARTESIAN_POINT('',(0.,0.,0.));
#5678 = DIRECTION('',(0.,0.,1.));
#5679 = DIRECTION('',(1.,0.,-0.));
#5680 = ( GEOMETRIC_REPRESENTATION_CONTEXT(3) 
GLOBAL_UNCERTAINTY_ASSIGNED_CONTEXT((#5684)) 
GLOBAL_UNIT_ASSIGNED_CONTEXT((#5681,#5682,#5683)) REPRESENTATION_CONTEXT
('Context #1','3D Context with UNIT and UNCERTAINTY') );
#5681 = ( LENGTH_UNIT() NAMED_UNIT(*) SI_UNIT(.MILLI.,.METRE.) );
#5682 = ( NAMED_UNIT(*) PLANE_ANGLE_UNIT() SI_UNIT($,.RADIAN.) );
#5683 = ( NAMED_UNIT(*) SI_UNIT($,.STERADIAN.) SOLID_ANGLE_UNIT() );
#5684 = UNCERTAINTY_MEASURE_WITH_UNIT(LENGTH_MEASURE(1.E-07),#5681,
  'distance_accuracy_value','confusion accuracy');
#5685 = CONTEXT_DEPENDENT_SHAPE_REPRESENTATION(#5686,#5688);
#5686 = ( REPRESENTATION_RELATIONSHIP('','',#5667,#112) 
REPRESENTATION_RELATIONSHIP_WITH_TRANSFORMATION(#5687) 
SHAPE_REPRESENTATION_RELATIONSHIP() );
#5687 = ITEM_DEFINED_TRANSFORMATION('','',#11,#641);
#5688 = PRODUCT_DEFINITION_SHAPE('Placement','Placement of an item',
  #5689);
#5689 = NEXT_ASSEMBLY_USAGE_OCCURRENCE('1696','A7','',#107,#5662,$);
#5690 = PRODUCT_RELATED_PRODUCT_CATEGORY('part',$,(#5664));
#5691 = SHAPE_DEFINITION_REPRESENTATION(#5692,#5698);
#5692 = PRODUCT_DEFINITION_SHAPE('','',#5693);
#5693 = PRODUCT_DEFINITION('design','',#5694,#5697);
#5694 = PRODUCT_DEFINITION_FORMATION('','',#5695);
#5695 = PRODUCT('W8','W8','',(#5696));
#5696 = PRODUCT_CONTEXT('',#2,'mechanical');
#5697 = PRODUCT_DEFINITION_CONTEXT('part definition',#2,'design');
#5698 = ADVANCED_BREP_SHAPE_REPRESENTATION('',(#11,#5699),#5711);
#5699 = MANIFOLD_SOLID_BREP('',#5700);
#5700 = CLOSED_SHELL('',(#5701));
#5701 = ADVANCED_FACE('',(#5702),#5706,.T.);
#5702 = FACE_BOUND('',#5703,.T.);
#5703 = VERTEX_LOOP('',#5704);
#5704 = VERTEX_POINT('',#5705);
#5705 = CARTESIAN_POINT('',(0.,0.,-0.175));
#5706 = SPHERICAL_SURFACE('',#5707,0.175);
#5707 = AXIS2_PLACEMENT_3D('',#5708,#5709,#5710);
#5708 = CARTESIAN_POINT('',(0.,0.,0.));
#5709 = DIRECTION('',(0.,0.,1.));
#5710 = DIRECTION('',(1.,0.,-0.));
#5711 = ( GEOMETRIC_REPRESENTATION_CONTEXT(3) 
GLOBAL_UNCERTAINTY_ASSIGNED_CONTEXT((#5715)) 
GLOBAL_UNIT_ASSIGNED_CONTEXT((#5712,#5713,#5714)) REPRESENTATION_CONTEXT
('Context #1','3D Context with UNIT and UNCERTAINTY') );
#5712 = ( LENGTH_UNIT() NAMED_UNIT(*) SI_UNIT(.MILLI.,.METRE.) );
#5713 = ( NAMED_UNIT(*) PLANE_ANGLE_UNIT() SI_UNIT($,.RADIAN.) );
#5714 = ( NAMED_UNIT(*) SI_UNIT($,.STERADIAN.) SOLID_ANGLE_UNIT() );
#5715 = UNCERTAINTY_MEASURE_WITH_UNIT(LENGTH_MEASURE(1.E-07),#5712,
  'distance_accuracy_value','confusion accuracy');
#5716 = CONTEXT_DEPENDENT_SHAPE_REPRESENTATION(#5717,#5719);
#5717 = ( REPRESENTATION_RELATIONSHIP('','',#5698,#112) 
REPRESENTATION_RELATIONSHIP_WITH_TRANSFORMATION(#5718) 
SHAPE_REPRESENTATION_RELATIONSHIP() );
#5718 = ITEM_DEFINED_TRANSFORMATION('','',#11,#645);
#5719 = PRODUCT_DEFINITION_SHAPE('Placement','Placement of an item',
  #5720);
#5720 = NEXT_ASSEMBLY_USAGE_OCCURRENCE('1697','W8','',#107,#5693,$);
#5721 = PRODUCT_RELATED_PRODUCT_CATEGORY('part',$,(#5695));
#5722 = SHAPE_DEFINITION_REPRESENTATION(#5723,#5729);
#5723 = PRODUCT_DEFINITION_SHAPE('','',#5724);
#5724 = PRODUCT_DEFINITION('design','',#5725,#5728);
#5725 = PRODUCT_DEFINITION_FORMATION('','',#5726);
#5726 = PRODUCT('V8','V8','',(#5727));
#5727 = PRODUCT_CONTEXT('',#2,'mechanical');
#5728 = PRODUCT_DEFINITION_CONTEXT('part definition',#2,'design');
#5729 = ADVANCED_BREP_SHAPE_REPRESENTATION('',(#11,#5730),#5742);
#5730 = MANIFOLD_SOLID_BREP('',#5731);
#5731 = CLOSED_SHELL('',(#5732));
#5732 = ADVANCED_FACE('',(#5733),#5737,.T.);
#5733 = FACE_BOUND('',#5734,.T.);
#5734 = VERTEX_LOOP('',#5735);
#5735 = VERTEX_POINT('',#5736);
#5736 = CARTESIAN_POINT('',(0.,0.,-0.175));
#5737 = SPHERICAL_SURFACE('',#5738,0.175);
#5738 = AXIS2_PLACEMENT_3D('',#5739,#5740,#5741);
#5739 = CARTESIAN_POINT('',(0.,0.,0.));
#5740 = DIRECTION('',(0.,0.,1.));
#5741 = DIRECTION('',(1.,0.,-0.));
#5742 = ( GEOMETRIC_REPRESENTATION_CONTEXT(3) 
GLOBAL_UNCERTAINTY_ASSIGNED_CONTEXT((#5746)) 
GLOBAL_UNIT_ASSIGNED_CONTEXT((#5743,#5744,#5745)) REPRESENTATION_CONTEXT
('Context #1','3D Context with UNIT and UNCERTAINTY') );
#5743 = ( LENGTH_UNIT() NAMED_UNIT(*) SI_UNIT(.MILLI.,.METRE.) );
#5744 = ( NAMED_UNIT(*) PLANE_ANGLE_UNIT() SI_UNIT($,.RADIAN.) );
#5745 = ( NAMED_UNIT(*) SI_UNIT($,.STERADIAN.) SOLID_ANGLE_UNIT() );
#5746 = UNCERTAINTY_MEASURE_WITH_UNIT(LENGTH_MEASURE(1.E-07),#5743,
  'distance_accuracy_value','confusion accuracy');
#5747 = CONTEXT_DEPENDENT_SHAPE_REPRESENTATION(#5748,#5750);
#5748 = ( REPRESENTATION_RELATIONSHIP('','',#5729,#112) 
REPRESENTATION_RELATIONSHIP_WITH_TRANSFORMATION(#5749) 
SHAPE_REPRESENTATION_RELATIONSHIP() );
#5749 = ITEM_DEFINED_TRANSFORMATION('','',#11,#649);
#5750 = PRODUCT_DEFINITION_SHAPE('Placement','Placement of an item',
  #5751);
#5751 = NEXT_ASSEMBLY_USAGE_OCCURRENCE('1698','V8','',#107,#5724,$);
#5752 = PRODUCT_RELATED_PRODUCT_CATEGORY('part',$,(#5726));
#5753 = SHAPE_DEFINITION_REPRESENTATION(#5754,#5760);
#5754 = PRODUCT_DEFINITION_SHAPE('','',#5755);
#5755 = PRODUCT_DEFINITION('design','',#5756,#5759);
#5756 = PRODUCT_DEFINITION_FORMATION('','',#5757);
#5757 = PRODUCT('U8','U8','',(#5758));
#5758 = PRODUCT_CONTEXT('',#2,'mechanical');
#5759 = PRODUCT_DEFINITION_CONTEXT('part definition',#2,'design');
#5760 = ADVANCED_BREP_SHAPE_REPRESENTATION('',(#11,#5761),#5773);
#5761 = MANIFOLD_SOLID_BREP('',#5762);
#5762 = CLOSED_SHELL('',(#5763));
#5763 = ADVANCED_FACE('',(#5764),#5768,.T.);
#5764 = FACE_BOUND('',#5765,.T.);
#5765 = VERTEX_LOOP('',#5766);
#5766 = VERTEX_POINT('',#5767);
#5767 = CARTESIAN_POINT('',(0.,0.,-0.175));
#5768 = SPHERICAL_SURFACE('',#5769,0.175);
#5769 = AXIS2_PLACEMENT_3D('',#5770,#5771,#5772);
#5770 = CARTESIAN_POINT('',(0.,0.,0.));
#5771 = DIRECTION('',(0.,0.,1.));
#5772 = DIRECTION('',(1.,0.,-0.));
#5773 = ( GEOMETRIC_REPRESENTATION_CONTEXT(3) 
GLOBAL_UNCERTAINTY_ASSIGNED_CONTEXT((#5777)) 
GLOBAL_UNIT_ASSIGNED_CONTEXT((#5774,#5775,#5776)) REPRESENTATION_CONTEXT
('Context #1','3D Context with UNIT and UNCERTAINTY') );
#5774 = ( LENGTH_UNIT() NAMED_UNIT(*) SI_UNIT(.MILLI.,.METRE.) );
#5775 = ( NAMED_UNIT(*) PLANE_ANGLE_UNIT() SI_UNIT($,.RADIAN.) );
#5776 = ( NAMED_UNIT(*) SI_UNIT($,.STERADIAN.) SOLID_ANGLE_UNIT() );
#5777 = UNCERTAINTY_MEASURE_WITH_UNIT(LENGTH_MEASURE(1.E-07),#5774,
  'distance_accuracy_value','confusion accuracy');
#5778 = CONTEXT_DEPENDENT_SHAPE_REPRESENTATION(#5779,#5781);
#5779 = ( REPRESENTATION_RELATIONSHIP('','',#5760,#112) 
REPRESENTATION_RELATIONSHIP_WITH_TRANSFORMATION(#5780) 
SHAPE_REPRESENTATION_RELATIONSHIP() );
#5780 = ITEM_DEFINED_TRANSFORMATION('','',#11,#653);
#5781 = PRODUCT_DEFINITION_SHAPE('Placement','Placement of an item',
  #5782);
#5782 = NEXT_ASSEMBLY_USAGE_OCCURRENCE('1699','U8','',#107,#5755,$);
#5783 = PRODUCT_RELATED_PRODUCT_CATEGORY('part',$,(#5757));
#5784 = SHAPE_DEFINITION_REPRESENTATION(#5785,#5791);
#5785 = PRODUCT_DEFINITION_SHAPE('','',#5786);
#5786 = PRODUCT_DEFINITION('design','',#5787,#5790);
#5787 = PRODUCT_DEFINITION_FORMATION('','',#5788);
#5788 = PRODUCT('T8','T8','',(#5789));
#5789 = PRODUCT_CONTEXT('',#2,'mechanical');
#5790 = PRODUCT_DEFINITION_CONTEXT('part definition',#2,'design');
#5791 = ADVANCED_BREP_SHAPE_REPRESENTATION('',(#11,#5792),#5804);
#5792 = MANIFOLD_SOLID_BREP('',#5793);
#5793 = CLOSED_SHELL('',(#5794));
#5794 = ADVANCED_FACE('',(#5795),#5799,.T.);
#5795 = FACE_BOUND('',#5796,.T.);
#5796 = VERTEX_LOOP('',#5797);
#5797 = VERTEX_POINT('',#5798);
#5798 = CARTESIAN_POINT('',(0.,0.,-0.175));
#5799 = SPHERICAL_SURFACE('',#5800,0.175);
#5800 = AXIS2_PLACEMENT_3D('',#5801,#5802,#5803);
#5801 = CARTESIAN_POINT('',(0.,0.,0.));
#5802 = DIRECTION('',(0.,0.,1.));
#5803 = DIRECTION('',(1.,0.,-0.));
#5804 = ( GEOMETRIC_REPRESENTATION_CONTEXT(3) 
GLOBAL_UNCERTAINTY_ASSIGNED_CONTEXT((#5808)) 
GLOBAL_UNIT_ASSIGNED_CONTEXT((#5805,#5806,#5807)) REPRESENTATION_CONTEXT
('Context #1','3D Context with UNIT and UNCERTAINTY') );
#5805 = ( LENGTH_UNIT() NAMED_UNIT(*) SI_UNIT(.MILLI.,.METRE.) );
#5806 = ( NAMED_UNIT(*) PLANE_ANGLE_UNIT() SI_UNIT($,.RADIAN.) );
#5807 = ( NAMED_UNIT(*) SI_UNIT($,.STERADIAN.) SOLID_ANGLE_UNIT() );
#5808 = UNCERTAINTY_MEASURE_WITH_UNIT(LENGTH_MEASURE(1.E-07),#5805,
  'distance_accuracy_value','confusion accuracy');
#5809 = CONTEXT_DEPENDENT_SHAPE_REPRESENTATION(#5810,#5812);
#5810 = ( REPRESENTATION_RELATIONSHIP('','',#5791,#112) 
REPRESENTATION_RELATIONSHIP_WITH_TRANSFORMATION(#5811) 
SHAPE_REPRESENTATION_RELATIONSHIP() );
#5811 = ITEM_DEFINED_TRANSFORMATION('','',#11,#657);
#5812 = PRODUCT_DEFINITION_SHAPE('Placement','Placement of an item',
  #5813);
#5813 = NEXT_ASSEMBLY_USAGE_OCCURRENCE('1700','T8','',#107,#5786,$);
#5814 = PRODUCT_RELATED_PRODUCT_CATEGORY('part',$,(#5788));
#5815 = SHAPE_DEFINITION_REPRESENTATION(#5816,#5822);
#5816 = PRODUCT_DEFINITION_SHAPE('','',#5817);
#5817 = PRODUCT_DEFINITION('design','',#5818,#5821);
#5818 = PRODUCT_DEFINITION_FORMATION('','',#5819);
#5819 = PRODUCT('R8','R8','',(#5820));
#5820 = PRODUCT_CONTEXT('',#2,'mechanical');
#5821 = PRODUCT_DEFINITION_CONTEXT('part definition',#2,'design');
#5822 = ADVANCED_BREP_SHAPE_REPRESENTATION('',(#11,#5823),#5835);
#5823 = MANIFOLD_SOLID_BREP('',#5824);
#5824 = CLOSED_SHELL('',(#5825));
#5825 = ADVANCED_FACE('',(#5826),#5830,.T.);
#5826 = FACE_BOUND('',#5827,.T.);
#5827 = VERTEX_LOOP('',#5828);
#5828 = VERTEX_POINT('',#5829);
#5829 = CARTESIAN_POINT('',(0.,0.,-0.175));
#5830 = SPHERICAL_SURFACE('',#5831,0.175);
#5831 = AXIS2_PLACEMENT_3D('',#5832,#5833,#5834);
#5832 = CARTESIAN_POINT('',(0.,0.,0.));
#5833 = DIRECTION('',(0.,0.,1.));
#5834 = DIRECTION('',(1.,0.,-0.));
#5835 = ( GEOMETRIC_REPRESENTATION_CONTEXT(3) 
GLOBAL_UNCERTAINTY_ASSIGNED_CONTEXT((#5839)) 
GLOBAL_UNIT_ASSIGNED_CONTEXT((#5836,#5837,#5838)) REPRESENTATION_CONTEXT
('Context #1','3D Context with UNIT and UNCERTAINTY') );
#5836 = ( LENGTH_UNIT() NAMED_UNIT(*) SI_UNIT(.MILLI.,.METRE.) );
#5837 = ( NAMED_UNIT(*) PLANE_ANGLE_UNIT() SI_UNIT($,.RADIAN.) );
#5838 = ( NAMED_UNIT(*) SI_UNIT($,.STERADIAN.) SOLID_ANGLE_UNIT() );
#5839 = UNCERTAINTY_MEASURE_WITH_UNIT(LENGTH_MEASURE(1.E-07),#5836,
  'distance_accuracy_value','confusion accuracy');
#5840 = CONTEXT_DEPENDENT_SHAPE_REPRESENTATION(#5841,#5843);
#5841 = ( REPRESENTATION_RELATIONSHIP('','',#5822,#112) 
REPRESENTATION_RELATIONSHIP_WITH_TRANSFORMATION(#5842) 
SHAPE_REPRESENTATION_RELATIONSHIP() );
#5842 = ITEM_DEFINED_TRANSFORMATION('','',#11,#661);
#5843 = PRODUCT_DEFINITION_SHAPE('Placement','Placement of an item',
  #5844);
#5844 = NEXT_ASSEMBLY_USAGE_OCCURRENCE('1701','R8','',#107,#5817,$);
#5845 = PRODUCT_RELATED_PRODUCT_CATEGORY('part',$,(#5819));
#5846 = SHAPE_DEFINITION_REPRESENTATION(#5847,#5853);
#5847 = PRODUCT_DEFINITION_SHAPE('','',#5848);
#5848 = PRODUCT_DEFINITION('design','',#5849,#5852);
#5849 = PRODUCT_DEFINITION_FORMATION('','',#5850);
#5850 = PRODUCT('P8','P8','',(#5851));
#5851 = PRODUCT_CONTEXT('',#2,'mechanical');
#5852 = PRODUCT_DEFINITION_CONTEXT('part definition',#2,'design');
#5853 = ADVANCED_BREP_SHAPE_REPRESENTATION('',(#11,#5854),#5866);
#5854 = MANIFOLD_SOLID_BREP('',#5855);
#5855 = CLOSED_SHELL('',(#5856));
#5856 = ADVANCED_FACE('',(#5857),#5861,.T.);
#5857 = FACE_BOUND('',#5858,.T.);
#5858 = VERTEX_LOOP('',#5859);
#5859 = VERTEX_POINT('',#5860);
#5860 = CARTESIAN_POINT('',(0.,0.,-0.175));
#5861 = SPHERICAL_SURFACE('',#5862,0.175);
#5862 = AXIS2_PLACEMENT_3D('',#5863,#5864,#5865);
#5863 = CARTESIAN_POINT('',(0.,0.,0.));
#5864 = DIRECTION('',(0.,0.,1.));
#5865 = DIRECTION('',(1.,0.,-0.));
#5866 = ( GEOMETRIC_REPRESENTATION_CONTEXT(3) 
GLOBAL_UNCERTAINTY_ASSIGNED_CONTEXT((#5870)) 
GLOBAL_UNIT_ASSIGNED_CONTEXT((#5867,#5868,#5869)) REPRESENTATION_CONTEXT
('Context #1','3D Context with UNIT and UNCERTAINTY') );
#5867 = ( LENGTH_UNIT() NAMED_UNIT(*) SI_UNIT(.MILLI.,.METRE.) );
#5868 = ( NAMED_UNIT(*) PLANE_ANGLE_UNIT() SI_UNIT($,.RADIAN.) );
#5869 = ( NAMED_UNIT(*) SI_UNIT($,.STERADIAN.) SOLID_ANGLE_UNIT() );
#5870 = UNCERTAINTY_MEASURE_WITH_UNIT(LENGTH_MEASURE(1.E-07),#5867,
  'distance_accuracy_value','confusion accuracy');
#5871 = CONTEXT_DEPENDENT_SHAPE_REPRESENTATION(#5872,#5874);
#5872 = ( REPRESENTATION_RELATIONSHIP('','',#5853,#112) 
REPRESENTATION_RELATIONSHIP_WITH_TRANSFORMATION(#5873) 
SHAPE_REPRESENTATION_RELATIONSHIP() );
#5873 = ITEM_DEFINED_TRANSFORMATION('','',#11,#665);
#5874 = PRODUCT_DEFINITION_SHAPE('Placement','Placement of an item',
  #5875);
#5875 = NEXT_ASSEMBLY_USAGE_OCCURRENCE('1702','P8','',#107,#5848,$);
#5876 = PRODUCT_RELATED_PRODUCT_CATEGORY('part',$,(#5850));
#5877 = SHAPE_DEFINITION_REPRESENTATION(#5878,#5884);
#5878 = PRODUCT_DEFINITION_SHAPE('','',#5879);
#5879 = PRODUCT_DEFINITION('design','',#5880,#5883);
#5880 = PRODUCT_DEFINITION_FORMATION('','',#5881);
#5881 = PRODUCT('N8','N8','',(#5882));
#5882 = PRODUCT_CONTEXT('',#2,'mechanical');
#5883 = PRODUCT_DEFINITION_CONTEXT('part definition',#2,'design');
#5884 = ADVANCED_BREP_SHAPE_REPRESENTATION('',(#11,#5885),#5897);
#5885 = MANIFOLD_SOLID_BREP('',#5886);
#5886 = CLOSED_SHELL('',(#5887));
#5887 = ADVANCED_FACE('',(#5888),#5892,.T.);
#5888 = FACE_BOUND('',#5889,.T.);
#5889 = VERTEX_LOOP('',#5890);
#5890 = VERTEX_POINT('',#5891);
#5891 = CARTESIAN_POINT('',(0.,0.,-0.175));
#5892 = SPHERICAL_SURFACE('',#5893,0.175);
#5893 = AXIS2_PLACEMENT_3D('',#5894,#5895,#5896);
#5894 = CARTESIAN_POINT('',(0.,0.,0.));
#5895 = DIRECTION('',(0.,0.,1.));
#5896 = DIRECTION('',(1.,0.,-0.));
#5897 = ( GEOMETRIC_REPRESENTATION_CONTEXT(3) 
GLOBAL_UNCERTAINTY_ASSIGNED_CONTEXT((#5901)) 
GLOBAL_UNIT_ASSIGNED_CONTEXT((#5898,#5899,#5900)) REPRESENTATION_CONTEXT
('Context #1','3D Context with UNIT and UNCERTAINTY') );
#5898 = ( LENGTH_UNIT() NAMED_UNIT(*) SI_UNIT(.MILLI.,.METRE.) );
#5899 = ( NAMED_UNIT(*) PLANE_ANGLE_UNIT() SI_UNIT($,.RADIAN.) );
#5900 = ( NAMED_UNIT(*) SI_UNIT($,.STERADIAN.) SOLID_ANGLE_UNIT() );
#5901 = UNCERTAINTY_MEASURE_WITH_UNIT(LENGTH_MEASURE(1.E-07),#5898,
  'distance_accuracy_value','confusion accuracy');
#5902 = CONTEXT_DEPENDENT_SHAPE_REPRESENTATION(#5903,#5905);
#5903 = ( REPRESENTATION_RELATIONSHIP('','',#5884,#112) 
REPRESENTATION_RELATIONSHIP_WITH_TRANSFORMATION(#5904) 
SHAPE_REPRESENTATION_RELATIONSHIP() );
#5904 = ITEM_DEFINED_TRANSFORMATION('','',#11,#669);
#5905 = PRODUCT_DEFINITION_SHAPE('Placement','Placement of an item',
  #5906);
#5906 = NEXT_ASSEMBLY_USAGE_OCCURRENCE('1703','N8','',#107,#5879,$);
#5907 = PRODUCT_RELATED_PRODUCT_CATEGORY('part',$,(#5881));
#5908 = SHAPE_DEFINITION_REPRESENTATION(#5909,#5915);
#5909 = PRODUCT_DEFINITION_SHAPE('','',#5910);
#5910 = PRODUCT_DEFINITION('design','',#5911,#5914);
#5911 = PRODUCT_DEFINITION_FORMATION('','',#5912);
#5912 = PRODUCT('M8','M8','',(#5913));
#5913 = PRODUCT_CONTEXT('',#2,'mechanical');
#5914 = PRODUCT_DEFINITION_CONTEXT('part definition',#2,'design');
#5915 = ADVANCED_BREP_SHAPE_REPRESENTATION('',(#11,#5916),#5928);
#5916 = MANIFOLD_SOLID_BREP('',#5917);
#5917 = CLOSED_SHELL('',(#5918));
#5918 = ADVANCED_FACE('',(#5919),#5923,.T.);
#5919 = FACE_BOUND('',#5920,.T.);
#5920 = VERTEX_LOOP('',#5921);
#5921 = VERTEX_POINT('',#5922);
#5922 = CARTESIAN_POINT('',(0.,0.,-0.175));
#5923 = SPHERICAL_SURFACE('',#5924,0.175);
#5924 = AXIS2_PLACEMENT_3D('',#5925,#5926,#5927);
#5925 = CARTESIAN_POINT('',(0.,0.,0.));
#5926 = DIRECTION('',(0.,0.,1.));
#5927 = DIRECTION('',(1.,0.,-0.));
#5928 = ( GEOMETRIC_REPRESENTATION_CONTEXT(3) 
GLOBAL_UNCERTAINTY_ASSIGNED_CONTEXT((#5932)) 
GLOBAL_UNIT_ASSIGNED_CONTEXT((#5929,#5930,#5931)) REPRESENTATION_CONTEXT
('Context #1','3D Context with UNIT and UNCERTAINTY') );
#5929 = ( LENGTH_UNIT() NAMED_UNIT(*) SI_UNIT(.MILLI.,.METRE.) );
#5930 = ( NAMED_UNIT(*) PLANE_ANGLE_UNIT() SI_UNIT($,.RADIAN.) );
#5931 = ( NAMED_UNIT(*) SI_UNIT($,.STERADIAN.) SOLID_ANGLE_UNIT() );
#5932 = UNCERTAINTY_MEASURE_WITH_UNIT(LENGTH_MEASURE(1.E-07),#5929,
  'distance_accuracy_value','confusion accuracy');
#5933 = CONTEXT_DEPENDENT_SHAPE_REPRESENTATION(#5934,#5936);
#5934 = ( REPRESENTATION_RELATIONSHIP('','',#5915,#112) 
REPRESENTATION_RELATIONSHIP_WITH_TRANSFORMATION(#5935) 
SHAPE_REPRESENTATION_RELATIONSHIP() );
#5935 = ITEM_DEFINED_TRANSFORMATION('','',#11,#673);
#5936 = PRODUCT_DEFINITION_SHAPE('Placement','Placement of an item',
  #5937);
#5937 = NEXT_ASSEMBLY_USAGE_OCCURRENCE('1704','M8','',#107,#5910,$);
#5938 = PRODUCT_RELATED_PRODUCT_CATEGORY('part',$,(#5912));
#5939 = SHAPE_DEFINITION_REPRESENTATION(#5940,#5946);
#5940 = PRODUCT_DEFINITION_SHAPE('','',#5941);
#5941 = PRODUCT_DEFINITION('design','',#5942,#5945);
#5942 = PRODUCT_DEFINITION_FORMATION('','',#5943);
#5943 = PRODUCT('L8','L8','',(#5944));
#5944 = PRODUCT_CONTEXT('',#2,'mechanical');
#5945 = PRODUCT_DEFINITION_CONTEXT('part definition',#2,'design');
#5946 = ADVANCED_BREP_SHAPE_REPRESENTATION('',(#11,#5947),#5959);
#5947 = MANIFOLD_SOLID_BREP('',#5948);
#5948 = CLOSED_SHELL('',(#5949));
#5949 = ADVANCED_FACE('',(#5950),#5954,.T.);
#5950 = FACE_BOUND('',#5951,.T.);
#5951 = VERTEX_LOOP('',#5952);
#5952 = VERTEX_POINT('',#5953);
#5953 = CARTESIAN_POINT('',(0.,0.,-0.175));
#5954 = SPHERICAL_SURFACE('',#5955,0.175);
#5955 = AXIS2_PLACEMENT_3D('',#5956,#5957,#5958);
#5956 = CARTESIAN_POINT('',(0.,0.,0.));
#5957 = DIRECTION('',(0.,0.,1.));
#5958 = DIRECTION('',(1.,0.,-0.));
#5959 = ( GEOMETRIC_REPRESENTATION_CONTEXT(3) 
GLOBAL_UNCERTAINTY_ASSIGNED_CONTEXT((#5963)) 
GLOBAL_UNIT_ASSIGNED_CONTEXT((#5960,#5961,#5962)) REPRESENTATION_CONTEXT
('Context #1','3D Context with UNIT and UNCERTAINTY') );
#5960 = ( LENGTH_UNIT() NAMED_UNIT(*) SI_UNIT(.MILLI.,.METRE.) );
#5961 = ( NAMED_UNIT(*) PLANE_ANGLE_UNIT() SI_UNIT($,.RADIAN.) );
#5962 = ( NAMED_UNIT(*) SI_UNIT($,.STERADIAN.) SOLID_ANGLE_UNIT() );
#5963 = UNCERTAINTY_MEASURE_WITH_UNIT(LENGTH_MEASURE(1.E-07),#5960,
  'distance_accuracy_value','confusion accuracy');
#5964 = CONTEXT_DEPENDENT_SHAPE_REPRESENTATION(#5965,#5967);
#5965 = ( REPRESENTATION_RELATIONSHIP('','',#5946,#112) 
REPRESENTATION_RELATIONSHIP_WITH_TRANSFORMATION(#5966) 
SHAPE_REPRESENTATION_RELATIONSHIP() );
#5966 = ITEM_DEFINED_TRANSFORMATION('','',#11,#677);
#5967 = PRODUCT_DEFINITION_SHAPE('Placement','Placement of an item',
  #5968);
#5968 = NEXT_ASSEMBLY_USAGE_OCCURRENCE('1705','L8','',#107,#5941,$);
#5969 = PRODUCT_RELATED_PRODUCT_CATEGORY('part',$,(#5943));
#5970 = SHAPE_DEFINITION_REPRESENTATION(#5971,#5977);
#5971 = PRODUCT_DEFINITION_SHAPE('','',#5972);
#5972 = PRODUCT_DEFINITION('design','',#5973,#5976);
#5973 = PRODUCT_DEFINITION_FORMATION('','',#5974);
#5974 = PRODUCT('K8','K8','',(#5975));
#5975 = PRODUCT_CONTEXT('',#2,'mechanical');
#5976 = PRODUCT_DEFINITION_CONTEXT('part definition',#2,'design');
#5977 = ADVANCED_BREP_SHAPE_REPRESENTATION('',(#11,#5978),#5990);
#5978 = MANIFOLD_SOLID_BREP('',#5979);
#5979 = CLOSED_SHELL('',(#5980));
#5980 = ADVANCED_FACE('',(#5981),#5985,.T.);
#5981 = FACE_BOUND('',#5982,.T.);
#5982 = VERTEX_LOOP('',#5983);
#5983 = VERTEX_POINT('',#5984);
#5984 = CARTESIAN_POINT('',(0.,0.,-0.175));
#5985 = SPHERICAL_SURFACE('',#5986,0.175);
#5986 = AXIS2_PLACEMENT_3D('',#5987,#5988,#5989);
#5987 = CARTESIAN_POINT('',(0.,0.,0.));
#5988 = DIRECTION('',(0.,0.,1.));
#5989 = DIRECTION('',(1.,0.,-0.));
#5990 = ( GEOMETRIC_REPRESENTATION_CONTEXT(3) 
GLOBAL_UNCERTAINTY_ASSIGNED_CONTEXT((#5994)) 
GLOBAL_UNIT_ASSIGNED_CONTEXT((#5991,#5992,#5993)) REPRESENTATION_CONTEXT
('Context #1','3D Context with UNIT and UNCERTAINTY') );
#5991 = ( LENGTH_UNIT() NAMED_UNIT(*) SI_UNIT(.MILLI.,.METRE.) );
#5992 = ( NAMED_UNIT(*) PLANE_ANGLE_UNIT() SI_UNIT($,.RADIAN.) );
#5993 = ( NAMED_UNIT(*) SI_UNIT($,.STERADIAN.) SOLID_ANGLE_UNIT() );
#5994 = UNCERTAINTY_MEASURE_WITH_UNIT(LENGTH_MEASURE(1.E-07),#5991,
  'distance_accuracy_value','confusion accuracy');
#5995 = CONTEXT_DEPENDENT_SHAPE_REPRESENTATION(#5996,#5998);
#5996 = ( REPRESENTATION_RELATIONSHIP('','',#5977,#112) 
REPRESENTATION_RELATIONSHIP_WITH_TRANSFORMATION(#5997) 
SHAPE_REPRESENTATION_RELATIONSHIP() );
#5997 = ITEM_DEFINED_TRANSFORMATION('','',#11,#681);
#5998 = PRODUCT_DEFINITION_SHAPE('Placement','Placement of an item',
  #5999);
#5999 = NEXT_ASSEMBLY_USAGE_OCCURRENCE('1706','K8','',#107,#5972,$);
#6000 = PRODUCT_RELATED_PRODUCT_CATEGORY('part',$,(#5974));
#6001 = SHAPE_DEFINITION_REPRESENTATION(#6002,#6008);
#6002 = PRODUCT_DEFINITION_SHAPE('','',#6003);
#6003 = PRODUCT_DEFINITION('design','',#6004,#6007);
#6004 = PRODUCT_DEFINITION_FORMATION('','',#6005);
#6005 = PRODUCT('J8','J8','',(#6006));
#6006 = PRODUCT_CONTEXT('',#2,'mechanical');
#6007 = PRODUCT_DEFINITION_CONTEXT('part definition',#2,'design');
#6008 = ADVANCED_BREP_SHAPE_REPRESENTATION('',(#11,#6009),#6021);
#6009 = MANIFOLD_SOLID_BREP('',#6010);
#6010 = CLOSED_SHELL('',(#6011));
#6011 = ADVANCED_FACE('',(#6012),#6016,.T.);
#6012 = FACE_BOUND('',#6013,.T.);
#6013 = VERTEX_LOOP('',#6014);
#6014 = VERTEX_POINT('',#6015);
#6015 = CARTESIAN_POINT('',(0.,0.,-0.175));
#6016 = SPHERICAL_SURFACE('',#6017,0.175);
#6017 = AXIS2_PLACEMENT_3D('',#6018,#6019,#6020);
#6018 = CARTESIAN_POINT('',(0.,0.,0.));
#6019 = DIRECTION('',(0.,0.,1.));
#6020 = DIRECTION('',(1.,0.,-0.));
#6021 = ( GEOMETRIC_REPRESENTATION_CONTEXT(3) 
GLOBAL_UNCERTAINTY_ASSIGNED_CONTEXT((#6025)) 
GLOBAL_UNIT_ASSIGNED_CONTEXT((#6022,#6023,#6024)) REPRESENTATION_CONTEXT
('Context #1','3D Context with UNIT and UNCERTAINTY') );
#6022 = ( LENGTH_UNIT() NAMED_UNIT(*) SI_UNIT(.MILLI.,.METRE.) );
#6023 = ( NAMED_UNIT(*) PLANE_ANGLE_UNIT() SI_UNIT($,.RADIAN.) );
#6024 = ( NAMED_UNIT(*) SI_UNIT($,.STERADIAN.) SOLID_ANGLE_UNIT() );
#6025 = UNCERTAINTY_MEASURE_WITH_UNIT(LENGTH_MEASURE(1.E-07),#6022,
  'distance_accuracy_value','confusion accuracy');
#6026 = CONTEXT_DEPENDENT_SHAPE_REPRESENTATION(#6027,#6029);
#6027 = ( REPRESENTATION_RELATIONSHIP('','',#6008,#112) 
REPRESENTATION_RELATIONSHIP_WITH_TRANSFORMATION(#6028) 
SHAPE_REPRESENTATION_RELATIONSHIP() );
#6028 = ITEM_DEFINED_TRANSFORMATION('','',#11,#685);
#6029 = PRODUCT_DEFINITION_SHAPE('Placement','Placement of an item',
  #6030);
#6030 = NEXT_ASSEMBLY_USAGE_OCCURRENCE('1707','J8','',#107,#6003,$);
#6031 = PRODUCT_RELATED_PRODUCT_CATEGORY('part',$,(#6005));
#6032 = SHAPE_DEFINITION_REPRESENTATION(#6033,#6039);
#6033 = PRODUCT_DEFINITION_SHAPE('','',#6034);
#6034 = PRODUCT_DEFINITION('design','',#6035,#6038);
#6035 = PRODUCT_DEFINITION_FORMATION('','',#6036);
#6036 = PRODUCT('H8','H8','',(#6037));
#6037 = PRODUCT_CONTEXT('',#2,'mechanical');
#6038 = PRODUCT_DEFINITION_CONTEXT('part definition',#2,'design');
#6039 = ADVANCED_BREP_SHAPE_REPRESENTATION('',(#11,#6040),#6052);
#6040 = MANIFOLD_SOLID_BREP('',#6041);
#6041 = CLOSED_SHELL('',(#6042));
#6042 = ADVANCED_FACE('',(#6043),#6047,.T.);
#6043 = FACE_BOUND('',#6044,.T.);
#6044 = VERTEX_LOOP('',#6045);
#6045 = VERTEX_POINT('',#6046);
#6046 = CARTESIAN_POINT('',(0.,0.,-0.175));
#6047 = SPHERICAL_SURFACE('',#6048,0.175);
#6048 = AXIS2_PLACEMENT_3D('',#6049,#6050,#6051);
#6049 = CARTESIAN_POINT('',(0.,0.,0.));
#6050 = DIRECTION('',(0.,0.,1.));
#6051 = DIRECTION('',(1.,0.,-0.));
#6052 = ( GEOMETRIC_REPRESENTATION_CONTEXT(3) 
GLOBAL_UNCERTAINTY_ASSIGNED_CONTEXT((#6056)) 
GLOBAL_UNIT_ASSIGNED_CONTEXT((#6053,#6054,#6055)) REPRESENTATION_CONTEXT
('Context #1','3D Context with UNIT and UNCERTAINTY') );
#6053 = ( LENGTH_UNIT() NAMED_UNIT(*) SI_UNIT(.MILLI.,.METRE.) );
#6054 = ( NAMED_UNIT(*) PLANE_ANGLE_UNIT() SI_UNIT($,.RADIAN.) );
#6055 = ( NAMED_UNIT(*) SI_UNIT($,.STERADIAN.) SOLID_ANGLE_UNIT() );
#6056 = UNCERTAINTY_MEASURE_WITH_UNIT(LENGTH_MEASURE(1.E-07),#6053,
  'distance_accuracy_value','confusion accuracy');
#6057 = CONTEXT_DEPENDENT_SHAPE_REPRESENTATION(#6058,#6060);
#6058 = ( REPRESENTATION_RELATIONSHIP('','',#6039,#112) 
REPRESENTATION_RELATIONSHIP_WITH_TRANSFORMATION(#6059) 
SHAPE_REPRESENTATION_RELATIONSHIP() );
#6059 = ITEM_DEFINED_TRANSFORMATION('','',#11,#689);
#6060 = PRODUCT_DEFINITION_SHAPE('Placement','Placement of an item',
  #6061);
#6061 = NEXT_ASSEMBLY_USAGE_OCCURRENCE('1708','H8','',#107,#6034,$);
#6062 = PRODUCT_RELATED_PRODUCT_CATEGORY('part',$,(#6036));
#6063 = SHAPE_DEFINITION_REPRESENTATION(#6064,#6070);
#6064 = PRODUCT_DEFINITION_SHAPE('','',#6065);
#6065 = PRODUCT_DEFINITION('design','',#6066,#6069);
#6066 = PRODUCT_DEFINITION_FORMATION('','',#6067);
#6067 = PRODUCT('G8','G8','',(#6068));
#6068 = PRODUCT_CONTEXT('',#2,'mechanical');
#6069 = PRODUCT_DEFINITION_CONTEXT('part definition',#2,'design');
#6070 = ADVANCED_BREP_SHAPE_REPRESENTATION('',(#11,#6071),#6083);
#6071 = MANIFOLD_SOLID_BREP('',#6072);
#6072 = CLOSED_SHELL('',(#6073));
#6073 = ADVANCED_FACE('',(#6074),#6078,.T.);
#6074 = FACE_BOUND('',#6075,.T.);
#6075 = VERTEX_LOOP('',#6076);
#6076 = VERTEX_POINT('',#6077);
#6077 = CARTESIAN_POINT('',(0.,0.,-0.175));
#6078 = SPHERICAL_SURFACE('',#6079,0.175);
#6079 = AXIS2_PLACEMENT_3D('',#6080,#6081,#6082);
#6080 = CARTESIAN_POINT('',(0.,0.,0.));
#6081 = DIRECTION('',(0.,0.,1.));
#6082 = DIRECTION('',(1.,0.,-0.));
#6083 = ( GEOMETRIC_REPRESENTATION_CONTEXT(3) 
GLOBAL_UNCERTAINTY_ASSIGNED_CONTEXT((#6087)) 
GLOBAL_UNIT_ASSIGNED_CONTEXT((#6084,#6085,#6086)) REPRESENTATION_CONTEXT
('Context #1','3D Context with UNIT and UNCERTAINTY') );
#6084 = ( LENGTH_UNIT() NAMED_UNIT(*) SI_UNIT(.MILLI.,.METRE.) );
#6085 = ( NAMED_UNIT(*) PLANE_ANGLE_UNIT() SI_UNIT($,.RADIAN.) );
#6086 = ( NAMED_UNIT(*) SI_UNIT($,.STERADIAN.) SOLID_ANGLE_UNIT() );
#6087 = UNCERTAINTY_MEASURE_WITH_UNIT(LENGTH_MEASURE(1.E-07),#6084,
  'distance_accuracy_value','confusion accuracy');
#6088 = CONTEXT_DEPENDENT_SHAPE_REPRESENTATION(#6089,#6091);
#6089 = ( REPRESENTATION_RELATIONSHIP('','',#6070,#112) 
REPRESENTATION_RELATIONSHIP_WITH_TRANSFORMATION(#6090) 
SHAPE_REPRESENTATION_RELATIONSHIP() );
#6090 = ITEM_DEFINED_TRANSFORMATION('','',#11,#693);
#6091 = PRODUCT_DEFINITION_SHAPE('Placement','Placement of an item',
  #6092);
#6092 = NEXT_ASSEMBLY_USAGE_OCCURRENCE('1709','G8','',#107,#6065,$);
#6093 = PRODUCT_RELATED_PRODUCT_CATEGORY('part',$,(#6067));
#6094 = SHAPE_DEFINITION_REPRESENTATION(#6095,#6101);
#6095 = PRODUCT_DEFINITION_SHAPE('','',#6096);
#6096 = PRODUCT_DEFINITION('design','',#6097,#6100);
#6097 = PRODUCT_DEFINITION_FORMATION('','',#6098);
#6098 = PRODUCT('F8','F8','',(#6099));
#6099 = PRODUCT_CONTEXT('',#2,'mechanical');
#6100 = PRODUCT_DEFINITION_CONTEXT('part definition',#2,'design');
#6101 = ADVANCED_BREP_SHAPE_REPRESENTATION('',(#11,#6102),#6114);
#6102 = MANIFOLD_SOLID_BREP('',#6103);
#6103 = CLOSED_SHELL('',(#6104));
#6104 = ADVANCED_FACE('',(#6105),#6109,.T.);
#6105 = FACE_BOUND('',#6106,.T.);
#6106 = VERTEX_LOOP('',#6107);
#6107 = VERTEX_POINT('',#6108);
#6108 = CARTESIAN_POINT('',(0.,0.,-0.175));
#6109 = SPHERICAL_SURFACE('',#6110,0.175);
#6110 = AXIS2_PLACEMENT_3D('',#6111,#6112,#6113);
#6111 = CARTESIAN_POINT('',(0.,0.,0.));
#6112 = DIRECTION('',(0.,0.,1.));
#6113 = DIRECTION('',(1.,0.,-0.));
#6114 = ( GEOMETRIC_REPRESENTATION_CONTEXT(3) 
GLOBAL_UNCERTAINTY_ASSIGNED_CONTEXT((#6118)) 
GLOBAL_UNIT_ASSIGNED_CONTEXT((#6115,#6116,#6117)) REPRESENTATION_CONTEXT
('Context #1','3D Context with UNIT and UNCERTAINTY') );
#6115 = ( LENGTH_UNIT() NAMED_UNIT(*) SI_UNIT(.MILLI.,.METRE.) );
#6116 = ( NAMED_UNIT(*) PLANE_ANGLE_UNIT() SI_UNIT($,.RADIAN.) );
#6117 = ( NAMED_UNIT(*) SI_UNIT($,.STERADIAN.) SOLID_ANGLE_UNIT() );
#6118 = UNCERTAINTY_MEASURE_WITH_UNIT(LENGTH_MEASURE(1.E-07),#6115,
  'distance_accuracy_value','confusion accuracy');
#6119 = CONTEXT_DEPENDENT_SHAPE_REPRESENTATION(#6120,#6122);
#6120 = ( REPRESENTATION_RELATIONSHIP('','',#6101,#112) 
REPRESENTATION_RELATIONSHIP_WITH_TRANSFORMATION(#6121) 
SHAPE_REPRESENTATION_RELATIONSHIP() );
#6121 = ITEM_DEFINED_TRANSFORMATION('','',#11,#697);
#6122 = PRODUCT_DEFINITION_SHAPE('Placement','Placement of an item',
  #6123);
#6123 = NEXT_ASSEMBLY_USAGE_OCCURRENCE('1710','F8','',#107,#6096,$);
#6124 = PRODUCT_RELATED_PRODUCT_CATEGORY('part',$,(#6098));
#6125 = SHAPE_DEFINITION_REPRESENTATION(#6126,#6132);
#6126 = PRODUCT_DEFINITION_SHAPE('','',#6127);
#6127 = PRODUCT_DEFINITION('design','',#6128,#6131);
#6128 = PRODUCT_DEFINITION_FORMATION('','',#6129);
#6129 = PRODUCT('E8','E8','',(#6130));
#6130 = PRODUCT_CONTEXT('',#2,'mechanical');
#6131 = PRODUCT_DEFINITION_CONTEXT('part definition',#2,'design');
#6132 = ADVANCED_BREP_SHAPE_REPRESENTATION('',(#11,#6133),#6145);
#6133 = MANIFOLD_SOLID_BREP('',#6134);
#6134 = CLOSED_SHELL('',(#6135));
#6135 = ADVANCED_FACE('',(#6136),#6140,.T.);
#6136 = FACE_BOUND('',#6137,.T.);
#6137 = VERTEX_LOOP('',#6138);
#6138 = VERTEX_POINT('',#6139);
#6139 = CARTESIAN_POINT('',(0.,0.,-0.175));
#6140 = SPHERICAL_SURFACE('',#6141,0.175);
#6141 = AXIS2_PLACEMENT_3D('',#6142,#6143,#6144);
#6142 = CARTESIAN_POINT('',(0.,0.,0.));
#6143 = DIRECTION('',(0.,0.,1.));
#6144 = DIRECTION('',(1.,0.,-0.));
#6145 = ( GEOMETRIC_REPRESENTATION_CONTEXT(3) 
GLOBAL_UNCERTAINTY_ASSIGNED_CONTEXT((#6149)) 
GLOBAL_UNIT_ASSIGNED_CONTEXT((#6146,#6147,#6148)) REPRESENTATION_CONTEXT
('Context #1','3D Context with UNIT and UNCERTAINTY') );
#6146 = ( LENGTH_UNIT() NAMED_UNIT(*) SI_UNIT(.MILLI.,.METRE.) );
#6147 = ( NAMED_UNIT(*) PLANE_ANGLE_UNIT() SI_UNIT($,.RADIAN.) );
#6148 = ( NAMED_UNIT(*) SI_UNIT($,.STERADIAN.) SOLID_ANGLE_UNIT() );
#6149 = UNCERTAINTY_MEASURE_WITH_UNIT(LENGTH_MEASURE(1.E-07),#6146,
  'distance_accuracy_value','confusion accuracy');
#6150 = CONTEXT_DEPENDENT_SHAPE_REPRESENTATION(#6151,#6153);
#6151 = ( REPRESENTATION_RELATIONSHIP('','',#6132,#112) 
REPRESENTATION_RELATIONSHIP_WITH_TRANSFORMATION(#6152) 
SHAPE_REPRESENTATION_RELATIONSHIP() );
#6152 = ITEM_DEFINED_TRANSFORMATION('','',#11,#701);
#6153 = PRODUCT_DEFINITION_SHAPE('Placement','Placement of an item',
  #6154);
#6154 = NEXT_ASSEMBLY_USAGE_OCCURRENCE('1711','E8','',#107,#6127,$);
#6155 = PRODUCT_RELATED_PRODUCT_CATEGORY('part',$,(#6129));
#6156 = SHAPE_DEFINITION_REPRESENTATION(#6157,#6163);
#6157 = PRODUCT_DEFINITION_SHAPE('','',#6158);
#6158 = PRODUCT_DEFINITION('design','',#6159,#6162);
#6159 = PRODUCT_DEFINITION_FORMATION('','',#6160);
#6160 = PRODUCT('D8','D8','',(#6161));
#6161 = PRODUCT_CONTEXT('',#2,'mechanical');
#6162 = PRODUCT_DEFINITION_CONTEXT('part definition',#2,'design');
#6163 = ADVANCED_BREP_SHAPE_REPRESENTATION('',(#11,#6164),#6176);
#6164 = MANIFOLD_SOLID_BREP('',#6165);
#6165 = CLOSED_SHELL('',(#6166));
#6166 = ADVANCED_FACE('',(#6167),#6171,.T.);
#6167 = FACE_BOUND('',#6168,.T.);
#6168 = VERTEX_LOOP('',#6169);
#6169 = VERTEX_POINT('',#6170);
#6170 = CARTESIAN_POINT('',(0.,0.,-0.175));
#6171 = SPHERICAL_SURFACE('',#6172,0.175);
#6172 = AXIS2_PLACEMENT_3D('',#6173,#6174,#6175);
#6173 = CARTESIAN_POINT('',(0.,0.,0.));
#6174 = DIRECTION('',(0.,0.,1.));
#6175 = DIRECTION('',(1.,0.,-0.));
#6176 = ( GEOMETRIC_REPRESENTATION_CONTEXT(3) 
GLOBAL_UNCERTAINTY_ASSIGNED_CONTEXT((#6180)) 
GLOBAL_UNIT_ASSIGNED_CONTEXT((#6177,#6178,#6179)) REPRESENTATION_CONTEXT
('Context #1','3D Context with UNIT and UNCERTAINTY') );
#6177 = ( LENGTH_UNIT() NAMED_UNIT(*) SI_UNIT(.MILLI.,.METRE.) );
#6178 = ( NAMED_UNIT(*) PLANE_ANGLE_UNIT() SI_UNIT($,.RADIAN.) );
#6179 = ( NAMED_UNIT(*) SI_UNIT($,.STERADIAN.) SOLID_ANGLE_UNIT() );
#6180 = UNCERTAINTY_MEASURE_WITH_UNIT(LENGTH_MEASURE(1.E-07),#6177,
  'distance_accuracy_value','confusion accuracy');
#6181 = CONTEXT_DEPENDENT_SHAPE_REPRESENTATION(#6182,#6184);
#6182 = ( REPRESENTATION_RELATIONSHIP('','',#6163,#112) 
REPRESENTATION_RELATIONSHIP_WITH_TRANSFORMATION(#6183) 
SHAPE_REPRESENTATION_RELATIONSHIP() );
#6183 = ITEM_DEFINED_TRANSFORMATION('','',#11,#705);
#6184 = PRODUCT_DEFINITION_SHAPE('Placement','Placement of an item',
  #6185);
#6185 = NEXT_ASSEMBLY_USAGE_OCCURRENCE('1712','D8','',#107,#6158,$);
#6186 = PRODUCT_RELATED_PRODUCT_CATEGORY('part',$,(#6160));
#6187 = SHAPE_DEFINITION_REPRESENTATION(#6188,#6194);
#6188 = PRODUCT_DEFINITION_SHAPE('','',#6189);
#6189 = PRODUCT_DEFINITION('design','',#6190,#6193);
#6190 = PRODUCT_DEFINITION_FORMATION('','',#6191);
#6191 = PRODUCT('C8','C8','',(#6192));
#6192 = PRODUCT_CONTEXT('',#2,'mechanical');
#6193 = PRODUCT_DEFINITION_CONTEXT('part definition',#2,'design');
#6194 = ADVANCED_BREP_SHAPE_REPRESENTATION('',(#11,#6195),#6207);
#6195 = MANIFOLD_SOLID_BREP('',#6196);
#6196 = CLOSED_SHELL('',(#6197));
#6197 = ADVANCED_FACE('',(#6198),#6202,.T.);
#6198 = FACE_BOUND('',#6199,.T.);
#6199 = VERTEX_LOOP('',#6200);
#6200 = VERTEX_POINT('',#6201);
#6201 = CARTESIAN_POINT('',(0.,0.,-0.175));
#6202 = SPHERICAL_SURFACE('',#6203,0.175);
#6203 = AXIS2_PLACEMENT_3D('',#6204,#6205,#6206);
#6204 = CARTESIAN_POINT('',(0.,0.,0.));
#6205 = DIRECTION('',(0.,0.,1.));
#6206 = DIRECTION('',(1.,0.,-0.));
#6207 = ( GEOMETRIC_REPRESENTATION_CONTEXT(3) 
GLOBAL_UNCERTAINTY_ASSIGNED_CONTEXT((#6211)) 
GLOBAL_UNIT_ASSIGNED_CONTEXT((#6208,#6209,#6210)) REPRESENTATION_CONTEXT
('Context #1','3D Context with UNIT and UNCERTAINTY') );
#6208 = ( LENGTH_UNIT() NAMED_UNIT(*) SI_UNIT(.MILLI.,.METRE.) );
#6209 = ( NAMED_UNIT(*) PLANE_ANGLE_UNIT() SI_UNIT($,.RADIAN.) );
#6210 = ( NAMED_UNIT(*) SI_UNIT($,.STERADIAN.) SOLID_ANGLE_UNIT() );
#6211 = UNCERTAINTY_MEASURE_WITH_UNIT(LENGTH_MEASURE(1.E-07),#6208,
  'distance_accuracy_value','confusion accuracy');
#6212 = CONTEXT_DEPENDENT_SHAPE_REPRESENTATION(#6213,#6215);
#6213 = ( REPRESENTATION_RELATIONSHIP('','',#6194,#112) 
REPRESENTATION_RELATIONSHIP_WITH_TRANSFORMATION(#6214) 
SHAPE_REPRESENTATION_RELATIONSHIP() );
#6214 = ITEM_DEFINED_TRANSFORMATION('','',#11,#709);
#6215 = PRODUCT_DEFINITION_SHAPE('Placement','Placement of an item',
  #6216);
#6216 = NEXT_ASSEMBLY_USAGE_OCCURRENCE('1713','C8','',#107,#6189,$);
#6217 = PRODUCT_RELATED_PRODUCT_CATEGORY('part',$,(#6191));
#6218 = SHAPE_DEFINITION_REPRESENTATION(#6219,#6225);
#6219 = PRODUCT_DEFINITION_SHAPE('','',#6220);
#6220 = PRODUCT_DEFINITION('design','',#6221,#6224);
#6221 = PRODUCT_DEFINITION_FORMATION('','',#6222);
#6222 = PRODUCT('B8','B8','',(#6223));
#6223 = PRODUCT_CONTEXT('',#2,'mechanical');
#6224 = PRODUCT_DEFINITION_CONTEXT('part definition',#2,'design');
#6225 = ADVANCED_BREP_SHAPE_REPRESENTATION('',(#11,#6226),#6238);
#6226 = MANIFOLD_SOLID_BREP('',#6227);
#6227 = CLOSED_SHELL('',(#6228));
#6228 = ADVANCED_FACE('',(#6229),#6233,.T.);
#6229 = FACE_BOUND('',#6230,.T.);
#6230 = VERTEX_LOOP('',#6231);
#6231 = VERTEX_POINT('',#6232);
#6232 = CARTESIAN_POINT('',(0.,0.,-0.175));
#6233 = SPHERICAL_SURFACE('',#6234,0.175);
#6234 = AXIS2_PLACEMENT_3D('',#6235,#6236,#6237);
#6235 = CARTESIAN_POINT('',(0.,0.,0.));
#6236 = DIRECTION('',(0.,0.,1.));
#6237 = DIRECTION('',(1.,0.,-0.));
#6238 = ( GEOMETRIC_REPRESENTATION_CONTEXT(3) 
GLOBAL_UNCERTAINTY_ASSIGNED_CONTEXT((#6242)) 
GLOBAL_UNIT_ASSIGNED_CONTEXT((#6239,#6240,#6241)) REPRESENTATION_CONTEXT
('Context #1','3D Context with UNIT and UNCERTAINTY') );
#6239 = ( LENGTH_UNIT() NAMED_UNIT(*) SI_UNIT(.MILLI.,.METRE.) );
#6240 = ( NAMED_UNIT(*) PLANE_ANGLE_UNIT() SI_UNIT($,.RADIAN.) );
#6241 = ( NAMED_UNIT(*) SI_UNIT($,.STERADIAN.) SOLID_ANGLE_UNIT() );
#6242 = UNCERTAINTY_MEASURE_WITH_UNIT(LENGTH_MEASURE(1.E-07),#6239,
  'distance_accuracy_value','confusion accuracy');
#6243 = CONTEXT_DEPENDENT_SHAPE_REPRESENTATION(#6244,#6246);
#6244 = ( REPRESENTATION_RELATIONSHIP('','',#6225,#112) 
REPRESENTATION_RELATIONSHIP_WITH_TRANSFORMATION(#6245) 
SHAPE_REPRESENTATION_RELATIONSHIP() );
#6245 = ITEM_DEFINED_TRANSFORMATION('','',#11,#713);
#6246 = PRODUCT_DEFINITION_SHAPE('Placement','Placement of an item',
  #6247);
#6247 = NEXT_ASSEMBLY_USAGE_OCCURRENCE('1714','B8','',#107,#6220,$);
#6248 = PRODUCT_RELATED_PRODUCT_CATEGORY('part',$,(#6222));
#6249 = SHAPE_DEFINITION_REPRESENTATION(#6250,#6256);
#6250 = PRODUCT_DEFINITION_SHAPE('','',#6251);
#6251 = PRODUCT_DEFINITION('design','',#6252,#6255);
#6252 = PRODUCT_DEFINITION_FORMATION('','',#6253);
#6253 = PRODUCT('A8','A8','',(#6254));
#6254 = PRODUCT_CONTEXT('',#2,'mechanical');
#6255 = PRODUCT_DEFINITION_CONTEXT('part definition',#2,'design');
#6256 = ADVANCED_BREP_SHAPE_REPRESENTATION('',(#11,#6257),#6269);
#6257 = MANIFOLD_SOLID_BREP('',#6258);
#6258 = CLOSED_SHELL('',(#6259));
#6259 = ADVANCED_FACE('',(#6260),#6264,.T.);
#6260 = FACE_BOUND('',#6261,.T.);
#6261 = VERTEX_LOOP('',#6262);
#6262 = VERTEX_POINT('',#6263);
#6263 = CARTESIAN_POINT('',(0.,0.,-0.175));
#6264 = SPHERICAL_SURFACE('',#6265,0.175);
#6265 = AXIS2_PLACEMENT_3D('',#6266,#6267,#6268);
#6266 = CARTESIAN_POINT('',(0.,0.,0.));
#6267 = DIRECTION('',(0.,0.,1.));
#6268 = DIRECTION('',(1.,0.,-0.));
#6269 = ( GEOMETRIC_REPRESENTATION_CONTEXT(3) 
GLOBAL_UNCERTAINTY_ASSIGNED_CONTEXT((#6273)) 
GLOBAL_UNIT_ASSIGNED_CONTEXT((#6270,#6271,#6272)) REPRESENTATION_CONTEXT
('Context #1','3D Context with UNIT and UNCERTAINTY') );
#6270 = ( LENGTH_UNIT() NAMED_UNIT(*) SI_UNIT(.MILLI.,.METRE.) );
#6271 = ( NAMED_UNIT(*) PLANE_ANGLE_UNIT() SI_UNIT($,.RADIAN.) );
#6272 = ( NAMED_UNIT(*) SI_UNIT($,.STERADIAN.) SOLID_ANGLE_UNIT() );
#6273 = UNCERTAINTY_MEASURE_WITH_UNIT(LENGTH_MEASURE(1.E-07),#6270,
  'distance_accuracy_value','confusion accuracy');
#6274 = CONTEXT_DEPENDENT_SHAPE_REPRESENTATION(#6275,#6277);
#6275 = ( REPRESENTATION_RELATIONSHIP('','',#6256,#112) 
REPRESENTATION_RELATIONSHIP_WITH_TRANSFORMATION(#6276) 
SHAPE_REPRESENTATION_RELATIONSHIP() );
#6276 = ITEM_DEFINED_TRANSFORMATION('','',#11,#717);
#6277 = PRODUCT_DEFINITION_SHAPE('Placement','Placement of an item',
  #6278);
#6278 = NEXT_ASSEMBLY_USAGE_OCCURRENCE('1715','A8','',#107,#6251,$);
#6279 = PRODUCT_RELATED_PRODUCT_CATEGORY('part',$,(#6253));
#6280 = SHAPE_DEFINITION_REPRESENTATION(#6281,#6287);
#6281 = PRODUCT_DEFINITION_SHAPE('','',#6282);
#6282 = PRODUCT_DEFINITION('design','',#6283,#6286);
#6283 = PRODUCT_DEFINITION_FORMATION('','',#6284);
#6284 = PRODUCT('W9','W9','',(#6285));
#6285 = PRODUCT_CONTEXT('',#2,'mechanical');
#6286 = PRODUCT_DEFINITION_CONTEXT('part definition',#2,'design');
#6287 = ADVANCED_BREP_SHAPE_REPRESENTATION('',(#11,#6288),#6300);
#6288 = MANIFOLD_SOLID_BREP('',#6289);
#6289 = CLOSED_SHELL('',(#6290));
#6290 = ADVANCED_FACE('',(#6291),#6295,.T.);
#6291 = FACE_BOUND('',#6292,.T.);
#6292 = VERTEX_LOOP('',#6293);
#6293 = VERTEX_POINT('',#6294);
#6294 = CARTESIAN_POINT('',(0.,0.,-0.175));
#6295 = SPHERICAL_SURFACE('',#6296,0.175);
#6296 = AXIS2_PLACEMENT_3D('',#6297,#6298,#6299);
#6297 = CARTESIAN_POINT('',(0.,0.,0.));
#6298 = DIRECTION('',(0.,0.,1.));
#6299 = DIRECTION('',(1.,0.,-0.));
#6300 = ( GEOMETRIC_REPRESENTATION_CONTEXT(3) 
GLOBAL_UNCERTAINTY_ASSIGNED_CONTEXT((#6304)) 
GLOBAL_UNIT_ASSIGNED_CONTEXT((#6301,#6302,#6303)) REPRESENTATION_CONTEXT
('Context #1','3D Context with UNIT and UNCERTAINTY') );
#6301 = ( LENGTH_UNIT() NAMED_UNIT(*) SI_UNIT(.MILLI.,.METRE.) );
#6302 = ( NAMED_UNIT(*) PLANE_ANGLE_UNIT() SI_UNIT($,.RADIAN.) );
#6303 = ( NAMED_UNIT(*) SI_UNIT($,.STERADIAN.) SOLID_ANGLE_UNIT() );
#6304 = UNCERTAINTY_MEASURE_WITH_UNIT(LENGTH_MEASURE(1.E-07),#6301,
  'distance_accuracy_value','confusion accuracy');
#6305 = CONTEXT_DEPENDENT_SHAPE_REPRESENTATION(#6306,#6308);
#6306 = ( REPRESENTATION_RELATIONSHIP('','',#6287,#112) 
REPRESENTATION_RELATIONSHIP_WITH_TRANSFORMATION(#6307) 
SHAPE_REPRESENTATION_RELATIONSHIP() );
#6307 = ITEM_DEFINED_TRANSFORMATION('','',#11,#721);
#6308 = PRODUCT_DEFINITION_SHAPE('Placement','Placement of an item',
  #6309);
#6309 = NEXT_ASSEMBLY_USAGE_OCCURRENCE('1716','W9','',#107,#6282,$);
#6310 = PRODUCT_RELATED_PRODUCT_CATEGORY('part',$,(#6284));
#6311 = SHAPE_DEFINITION_REPRESENTATION(#6312,#6318);
#6312 = PRODUCT_DEFINITION_SHAPE('','',#6313);
#6313 = PRODUCT_DEFINITION('design','',#6314,#6317);
#6314 = PRODUCT_DEFINITION_FORMATION('','',#6315);
#6315 = PRODUCT('V9','V9','',(#6316));
#6316 = PRODUCT_CONTEXT('',#2,'mechanical');
#6317 = PRODUCT_DEFINITION_CONTEXT('part definition',#2,'design');
#6318 = ADVANCED_BREP_SHAPE_REPRESENTATION('',(#11,#6319),#6331);
#6319 = MANIFOLD_SOLID_BREP('',#6320);
#6320 = CLOSED_SHELL('',(#6321));
#6321 = ADVANCED_FACE('',(#6322),#6326,.T.);
#6322 = FACE_BOUND('',#6323,.T.);
#6323 = VERTEX_LOOP('',#6324);
#6324 = VERTEX_POINT('',#6325);
#6325 = CARTESIAN_POINT('',(0.,0.,-0.175));
#6326 = SPHERICAL_SURFACE('',#6327,0.175);
#6327 = AXIS2_PLACEMENT_3D('',#6328,#6329,#6330);
#6328 = CARTESIAN_POINT('',(0.,0.,0.));
#6329 = DIRECTION('',(0.,0.,1.));
#6330 = DIRECTION('',(1.,0.,-0.));
#6331 = ( GEOMETRIC_REPRESENTATION_CONTEXT(3) 
GLOBAL_UNCERTAINTY_ASSIGNED_CONTEXT((#6335)) 
GLOBAL_UNIT_ASSIGNED_CONTEXT((#6332,#6333,#6334)) REPRESENTATION_CONTEXT
('Context #1','3D Context with UNIT and UNCERTAINTY') );
#6332 = ( LENGTH_UNIT() NAMED_UNIT(*) SI_UNIT(.MILLI.,.METRE.) );
#6333 = ( NAMED_UNIT(*) PLANE_ANGLE_UNIT() SI_UNIT($,.RADIAN.) );
#6334 = ( NAMED_UNIT(*) SI_UNIT($,.STERADIAN.) SOLID_ANGLE_UNIT() );
#6335 = UNCERTAINTY_MEASURE_WITH_UNIT(LENGTH_MEASURE(1.E-07),#6332,
  'distance_accuracy_value','confusion accuracy');
#6336 = CONTEXT_DEPENDENT_SHAPE_REPRESENTATION(#6337,#6339);
#6337 = ( REPRESENTATION_RELATIONSHIP('','',#6318,#112) 
REPRESENTATION_RELATIONSHIP_WITH_TRANSFORMATION(#6338) 
SHAPE_REPRESENTATION_RELATIONSHIP() );
#6338 = ITEM_DEFINED_TRANSFORMATION('','',#11,#725);
#6339 = PRODUCT_DEFINITION_SHAPE('Placement','Placement of an item',
  #6340);
#6340 = NEXT_ASSEMBLY_USAGE_OCCURRENCE('1717','V9','',#107,#6313,$);
#6341 = PRODUCT_RELATED_PRODUCT_CATEGORY('part',$,(#6315));
#6342 = SHAPE_DEFINITION_REPRESENTATION(#6343,#6349);
#6343 = PRODUCT_DEFINITION_SHAPE('','',#6344);
#6344 = PRODUCT_DEFINITION('design','',#6345,#6348);
#6345 = PRODUCT_DEFINITION_FORMATION('','',#6346);
#6346 = PRODUCT('U9','U9','',(#6347));
#6347 = PRODUCT_CONTEXT('',#2,'mechanical');
#6348 = PRODUCT_DEFINITION_CONTEXT('part definition',#2,'design');
#6349 = ADVANCED_BREP_SHAPE_REPRESENTATION('',(#11,#6350),#6362);
#6350 = MANIFOLD_SOLID_BREP('',#6351);
#6351 = CLOSED_SHELL('',(#6352));
#6352 = ADVANCED_FACE('',(#6353),#6357,.T.);
#6353 = FACE_BOUND('',#6354,.T.);
#6354 = VERTEX_LOOP('',#6355);
#6355 = VERTEX_POINT('',#6356);
#6356 = CARTESIAN_POINT('',(0.,0.,-0.175));
#6357 = SPHERICAL_SURFACE('',#6358,0.175);
#6358 = AXIS2_PLACEMENT_3D('',#6359,#6360,#6361);
#6359 = CARTESIAN_POINT('',(0.,0.,0.));
#6360 = DIRECTION('',(0.,0.,1.));
#6361 = DIRECTION('',(1.,0.,-0.));
#6362 = ( GEOMETRIC_REPRESENTATION_CONTEXT(3) 
GLOBAL_UNCERTAINTY_ASSIGNED_CONTEXT((#6366)) 
GLOBAL_UNIT_ASSIGNED_CONTEXT((#6363,#6364,#6365)) REPRESENTATION_CONTEXT
('Context #1','3D Context with UNIT and UNCERTAINTY') );
#6363 = ( LENGTH_UNIT() NAMED_UNIT(*) SI_UNIT(.MILLI.,.METRE.) );
#6364 = ( NAMED_UNIT(*) PLANE_ANGLE_UNIT() SI_UNIT($,.RADIAN.) );
#6365 = ( NAMED_UNIT(*) SI_UNIT($,.STERADIAN.) SOLID_ANGLE_UNIT() );
#6366 = UNCERTAINTY_MEASURE_WITH_UNIT(LENGTH_MEASURE(1.E-07),#6363,
  'distance_accuracy_value','confusion accuracy');
#6367 = CONTEXT_DEPENDENT_SHAPE_REPRESENTATION(#6368,#6370);
#6368 = ( REPRESENTATION_RELATIONSHIP('','',#6349,#112) 
REPRESENTATION_RELATIONSHIP_WITH_TRANSFORMATION(#6369) 
SHAPE_REPRESENTATION_RELATIONSHIP() );
#6369 = ITEM_DEFINED_TRANSFORMATION('','',#11,#729);
#6370 = PRODUCT_DEFINITION_SHAPE('Placement','Placement of an item',
  #6371);
#6371 = NEXT_ASSEMBLY_USAGE_OCCURRENCE('1718','U9','',#107,#6344,$);
#6372 = PRODUCT_RELATED_PRODUCT_CATEGORY('part',$,(#6346));
#6373 = SHAPE_DEFINITION_REPRESENTATION(#6374,#6380);
#6374 = PRODUCT_DEFINITION_SHAPE('','',#6375);
#6375 = PRODUCT_DEFINITION('design','',#6376,#6379);
#6376 = PRODUCT_DEFINITION_FORMATION('','',#6377);
#6377 = PRODUCT('T9','T9','',(#6378));
#6378 = PRODUCT_CONTEXT('',#2,'mechanical');
#6379 = PRODUCT_DEFINITION_CONTEXT('part definition',#2,'design');
#6380 = ADVANCED_BREP_SHAPE_REPRESENTATION('',(#11,#6381),#6393);
#6381 = MANIFOLD_SOLID_BREP('',#6382);
#6382 = CLOSED_SHELL('',(#6383));
#6383 = ADVANCED_FACE('',(#6384),#6388,.T.);
#6384 = FACE_BOUND('',#6385,.T.);
#6385 = VERTEX_LOOP('',#6386);
#6386 = VERTEX_POINT('',#6387);
#6387 = CARTESIAN_POINT('',(0.,0.,-0.175));
#6388 = SPHERICAL_SURFACE('',#6389,0.175);
#6389 = AXIS2_PLACEMENT_3D('',#6390,#6391,#6392);
#6390 = CARTESIAN_POINT('',(0.,0.,0.));
#6391 = DIRECTION('',(0.,0.,1.));
#6392 = DIRECTION('',(1.,0.,-0.));
#6393 = ( GEOMETRIC_REPRESENTATION_CONTEXT(3) 
GLOBAL_UNCERTAINTY_ASSIGNED_CONTEXT((#6397)) 
GLOBAL_UNIT_ASSIGNED_CONTEXT((#6394,#6395,#6396)) REPRESENTATION_CONTEXT
('Context #1','3D Context with UNIT and UNCERTAINTY') );
#6394 = ( LENGTH_UNIT() NAMED_UNIT(*) SI_UNIT(.MILLI.,.METRE.) );
#6395 = ( NAMED_UNIT(*) PLANE_ANGLE_UNIT() SI_UNIT($,.RADIAN.) );
#6396 = ( NAMED_UNIT(*) SI_UNIT($,.STERADIAN.) SOLID_ANGLE_UNIT() );
#6397 = UNCERTAINTY_MEASURE_WITH_UNIT(LENGTH_MEASURE(1.E-07),#6394,
  'distance_accuracy_value','confusion accuracy');
#6398 = CONTEXT_DEPENDENT_SHAPE_REPRESENTATION(#6399,#6401);
#6399 = ( REPRESENTATION_RELATIONSHIP('','',#6380,#112) 
REPRESENTATION_RELATIONSHIP_WITH_TRANSFORMATION(#6400) 
SHAPE_REPRESENTATION_RELATIONSHIP() );
#6400 = ITEM_DEFINED_TRANSFORMATION('','',#11,#733);
#6401 = PRODUCT_DEFINITION_SHAPE('Placement','Placement of an item',
  #6402);
#6402 = NEXT_ASSEMBLY_USAGE_OCCURRENCE('1719','T9','',#107,#6375,$);
#6403 = PRODUCT_RELATED_PRODUCT_CATEGORY('part',$,(#6377));
#6404 = SHAPE_DEFINITION_REPRESENTATION(#6405,#6411);
#6405 = PRODUCT_DEFINITION_SHAPE('','',#6406);
#6406 = PRODUCT_DEFINITION('design','',#6407,#6410);
#6407 = PRODUCT_DEFINITION_FORMATION('','',#6408);
#6408 = PRODUCT('R9','R9','',(#6409));
#6409 = PRODUCT_CONTEXT('',#2,'mechanical');
#6410 = PRODUCT_DEFINITION_CONTEXT('part definition',#2,'design');
#6411 = ADVANCED_BREP_SHAPE_REPRESENTATION('',(#11,#6412),#6424);
#6412 = MANIFOLD_SOLID_BREP('',#6413);
#6413 = CLOSED_SHELL('',(#6414));
#6414 = ADVANCED_FACE('',(#6415),#6419,.T.);
#6415 = FACE_BOUND('',#6416,.T.);
#6416 = VERTEX_LOOP('',#6417);
#6417 = VERTEX_POINT('',#6418);
#6418 = CARTESIAN_POINT('',(0.,0.,-0.175));
#6419 = SPHERICAL_SURFACE('',#6420,0.175);
#6420 = AXIS2_PLACEMENT_3D('',#6421,#6422,#6423);
#6421 = CARTESIAN_POINT('',(0.,0.,0.));
#6422 = DIRECTION('',(0.,0.,1.));
#6423 = DIRECTION('',(1.,0.,-0.));
#6424 = ( GEOMETRIC_REPRESENTATION_CONTEXT(3) 
GLOBAL_UNCERTAINTY_ASSIGNED_CONTEXT((#6428)) 
GLOBAL_UNIT_ASSIGNED_CONTEXT((#6425,#6426,#6427)) REPRESENTATION_CONTEXT
('Context #1','3D Context with UNIT and UNCERTAINTY') );
#6425 = ( LENGTH_UNIT() NAMED_UNIT(*) SI_UNIT(.MILLI.,.METRE.) );
#6426 = ( NAMED_UNIT(*) PLANE_ANGLE_UNIT() SI_UNIT($,.RADIAN.) );
#6427 = ( NAMED_UNIT(*) SI_UNIT($,.STERADIAN.) SOLID_ANGLE_UNIT() );
#6428 = UNCERTAINTY_MEASURE_WITH_UNIT(LENGTH_MEASURE(1.E-07),#6425,
  'distance_accuracy_value','confusion accuracy');
#6429 = CONTEXT_DEPENDENT_SHAPE_REPRESENTATION(#6430,#6432);
#6430 = ( REPRESENTATION_RELATIONSHIP('','',#6411,#112) 
REPRESENTATION_RELATIONSHIP_WITH_TRANSFORMATION(#6431) 
SHAPE_REPRESENTATION_RELATIONSHIP() );
#6431 = ITEM_DEFINED_TRANSFORMATION('','',#11,#737);
#6432 = PRODUCT_DEFINITION_SHAPE('Placement','Placement of an item',
  #6433);
#6433 = NEXT_ASSEMBLY_USAGE_OCCURRENCE('1720','R9','',#107,#6406,$);
#6434 = PRODUCT_RELATED_PRODUCT_CATEGORY('part',$,(#6408));
#6435 = SHAPE_DEFINITION_REPRESENTATION(#6436,#6442);
#6436 = PRODUCT_DEFINITION_SHAPE('','',#6437);
#6437 = PRODUCT_DEFINITION('design','',#6438,#6441);
#6438 = PRODUCT_DEFINITION_FORMATION('','',#6439);
#6439 = PRODUCT('P9','P9','',(#6440));
#6440 = PRODUCT_CONTEXT('',#2,'mechanical');
#6441 = PRODUCT_DEFINITION_CONTEXT('part definition',#2,'design');
#6442 = ADVANCED_BREP_SHAPE_REPRESENTATION('',(#11,#6443),#6455);
#6443 = MANIFOLD_SOLID_BREP('',#6444);
#6444 = CLOSED_SHELL('',(#6445));
#6445 = ADVANCED_FACE('',(#6446),#6450,.T.);
#6446 = FACE_BOUND('',#6447,.T.);
#6447 = VERTEX_LOOP('',#6448);
#6448 = VERTEX_POINT('',#6449);
#6449 = CARTESIAN_POINT('',(0.,0.,-0.175));
#6450 = SPHERICAL_SURFACE('',#6451,0.175);
#6451 = AXIS2_PLACEMENT_3D('',#6452,#6453,#6454);
#6452 = CARTESIAN_POINT('',(0.,0.,0.));
#6453 = DIRECTION('',(0.,0.,1.));
#6454 = DIRECTION('',(1.,0.,-0.));
#6455 = ( GEOMETRIC_REPRESENTATION_CONTEXT(3) 
GLOBAL_UNCERTAINTY_ASSIGNED_CONTEXT((#6459)) 
GLOBAL_UNIT_ASSIGNED_CONTEXT((#6456,#6457,#6458)) REPRESENTATION_CONTEXT
('Context #1','3D Context with UNIT and UNCERTAINTY') );
#6456 = ( LENGTH_UNIT() NAMED_UNIT(*) SI_UNIT(.MILLI.,.METRE.) );
#6457 = ( NAMED_UNIT(*) PLANE_ANGLE_UNIT() SI_UNIT($,.RADIAN.) );
#6458 = ( NAMED_UNIT(*) SI_UNIT($,.STERADIAN.) SOLID_ANGLE_UNIT() );
#6459 = UNCERTAINTY_MEASURE_WITH_UNIT(LENGTH_MEASURE(1.E-07),#6456,
  'distance_accuracy_value','confusion accuracy');
#6460 = CONTEXT_DEPENDENT_SHAPE_REPRESENTATION(#6461,#6463);
#6461 = ( REPRESENTATION_RELATIONSHIP('','',#6442,#112) 
REPRESENTATION_RELATIONSHIP_WITH_TRANSFORMATION(#6462) 
SHAPE_REPRESENTATION_RELATIONSHIP() );
#6462 = ITEM_DEFINED_TRANSFORMATION('','',#11,#741);
#6463 = PRODUCT_DEFINITION_SHAPE('Placement','Placement of an item',
  #6464);
#6464 = NEXT_ASSEMBLY_USAGE_OCCURRENCE('1721','P9','',#107,#6437,$);
#6465 = PRODUCT_RELATED_PRODUCT_CATEGORY('part',$,(#6439));
#6466 = SHAPE_DEFINITION_REPRESENTATION(#6467,#6473);
#6467 = PRODUCT_DEFINITION_SHAPE('','',#6468);
#6468 = PRODUCT_DEFINITION('design','',#6469,#6472);
#6469 = PRODUCT_DEFINITION_FORMATION('','',#6470);
#6470 = PRODUCT('N9','N9','',(#6471));
#6471 = PRODUCT_CONTEXT('',#2,'mechanical');
#6472 = PRODUCT_DEFINITION_CONTEXT('part definition',#2,'design');
#6473 = ADVANCED_BREP_SHAPE_REPRESENTATION('',(#11,#6474),#6486);
#6474 = MANIFOLD_SOLID_BREP('',#6475);
#6475 = CLOSED_SHELL('',(#6476));
#6476 = ADVANCED_FACE('',(#6477),#6481,.T.);
#6477 = FACE_BOUND('',#6478,.T.);
#6478 = VERTEX_LOOP('',#6479);
#6479 = VERTEX_POINT('',#6480);
#6480 = CARTESIAN_POINT('',(0.,0.,-0.175));
#6481 = SPHERICAL_SURFACE('',#6482,0.175);
#6482 = AXIS2_PLACEMENT_3D('',#6483,#6484,#6485);
#6483 = CARTESIAN_POINT('',(0.,0.,0.));
#6484 = DIRECTION('',(0.,0.,1.));
#6485 = DIRECTION('',(1.,0.,-0.));
#6486 = ( GEOMETRIC_REPRESENTATION_CONTEXT(3) 
GLOBAL_UNCERTAINTY_ASSIGNED_CONTEXT((#6490)) 
GLOBAL_UNIT_ASSIGNED_CONTEXT((#6487,#6488,#6489)) REPRESENTATION_CONTEXT
('Context #1','3D Context with UNIT and UNCERTAINTY') );
#6487 = ( LENGTH_UNIT() NAMED_UNIT(*) SI_UNIT(.MILLI.,.METRE.) );
#6488 = ( NAMED_UNIT(*) PLANE_ANGLE_UNIT() SI_UNIT($,.RADIAN.) );
#6489 = ( NAMED_UNIT(*) SI_UNIT($,.STERADIAN.) SOLID_ANGLE_UNIT() );
#6490 = UNCERTAINTY_MEASURE_WITH_UNIT(LENGTH_MEASURE(1.E-07),#6487,
  'distance_accuracy_value','confusion accuracy');
#6491 = CONTEXT_DEPENDENT_SHAPE_REPRESENTATION(#6492,#6494);
#6492 = ( REPRESENTATION_RELATIONSHIP('','',#6473,#112) 
REPRESENTATION_RELATIONSHIP_WITH_TRANSFORMATION(#6493) 
SHAPE_REPRESENTATION_RELATIONSHIP() );
#6493 = ITEM_DEFINED_TRANSFORMATION('','',#11,#745);
#6494 = PRODUCT_DEFINITION_SHAPE('Placement','Placement of an item',
  #6495);
#6495 = NEXT_ASSEMBLY_USAGE_OCCURRENCE('1722','N9','',#107,#6468,$);
#6496 = PRODUCT_RELATED_PRODUCT_CATEGORY('part',$,(#6470));
#6497 = SHAPE_DEFINITION_REPRESENTATION(#6498,#6504);
#6498 = PRODUCT_DEFINITION_SHAPE('','',#6499);
#6499 = PRODUCT_DEFINITION('design','',#6500,#6503);
#6500 = PRODUCT_DEFINITION_FORMATION('','',#6501);
#6501 = PRODUCT('M9','M9','',(#6502));
#6502 = PRODUCT_CONTEXT('',#2,'mechanical');
#6503 = PRODUCT_DEFINITION_CONTEXT('part definition',#2,'design');
#6504 = ADVANCED_BREP_SHAPE_REPRESENTATION('',(#11,#6505),#6517);
#6505 = MANIFOLD_SOLID_BREP('',#6506);
#6506 = CLOSED_SHELL('',(#6507));
#6507 = ADVANCED_FACE('',(#6508),#6512,.T.);
#6508 = FACE_BOUND('',#6509,.T.);
#6509 = VERTEX_LOOP('',#6510);
#6510 = VERTEX_POINT('',#6511);
#6511 = CARTESIAN_POINT('',(0.,0.,-0.175));
#6512 = SPHERICAL_SURFACE('',#6513,0.175);
#6513 = AXIS2_PLACEMENT_3D('',#6514,#6515,#6516);
#6514 = CARTESIAN_POINT('',(0.,0.,0.));
#6515 = DIRECTION('',(0.,0.,1.));
#6516 = DIRECTION('',(1.,0.,-0.));
#6517 = ( GEOMETRIC_REPRESENTATION_CONTEXT(3) 
GLOBAL_UNCERTAINTY_ASSIGNED_CONTEXT((#6521)) 
GLOBAL_UNIT_ASSIGNED_CONTEXT((#6518,#6519,#6520)) REPRESENTATION_CONTEXT
('Context #1','3D Context with UNIT and UNCERTAINTY') );
#6518 = ( LENGTH_UNIT() NAMED_UNIT(*) SI_UNIT(.MILLI.,.METRE.) );
#6519 = ( NAMED_UNIT(*) PLANE_ANGLE_UNIT() SI_UNIT($,.RADIAN.) );
#6520 = ( NAMED_UNIT(*) SI_UNIT($,.STERADIAN.) SOLID_ANGLE_UNIT() );
#6521 = UNCERTAINTY_MEASURE_WITH_UNIT(LENGTH_MEASURE(1.E-07),#6518,
  'distance_accuracy_value','confusion accuracy');
#6522 = CONTEXT_DEPENDENT_SHAPE_REPRESENTATION(#6523,#6525);
#6523 = ( REPRESENTATION_RELATIONSHIP('','',#6504,#112) 
REPRESENTATION_RELATIONSHIP_WITH_TRANSFORMATION(#6524) 
SHAPE_REPRESENTATION_RELATIONSHIP() );
#6524 = ITEM_DEFINED_TRANSFORMATION('','',#11,#749);
#6525 = PRODUCT_DEFINITION_SHAPE('Placement','Placement of an item',
  #6526);
#6526 = NEXT_ASSEMBLY_USAGE_OCCURRENCE('1723','M9','',#107,#6499,$);
#6527 = PRODUCT_RELATED_PRODUCT_CATEGORY('part',$,(#6501));
#6528 = SHAPE_DEFINITION_REPRESENTATION(#6529,#6535);
#6529 = PRODUCT_DEFINITION_SHAPE('','',#6530);
#6530 = PRODUCT_DEFINITION('design','',#6531,#6534);
#6531 = PRODUCT_DEFINITION_FORMATION('','',#6532);
#6532 = PRODUCT('L9','L9','',(#6533));
#6533 = PRODUCT_CONTEXT('',#2,'mechanical');
#6534 = PRODUCT_DEFINITION_CONTEXT('part definition',#2,'design');
#6535 = ADVANCED_BREP_SHAPE_REPRESENTATION('',(#11,#6536),#6548);
#6536 = MANIFOLD_SOLID_BREP('',#6537);
#6537 = CLOSED_SHELL('',(#6538));
#6538 = ADVANCED_FACE('',(#6539),#6543,.T.);
#6539 = FACE_BOUND('',#6540,.T.);
#6540 = VERTEX_LOOP('',#6541);
#6541 = VERTEX_POINT('',#6542);
#6542 = CARTESIAN_POINT('',(0.,0.,-0.175));
#6543 = SPHERICAL_SURFACE('',#6544,0.175);
#6544 = AXIS2_PLACEMENT_3D('',#6545,#6546,#6547);
#6545 = CARTESIAN_POINT('',(0.,0.,0.));
#6546 = DIRECTION('',(0.,0.,1.));
#6547 = DIRECTION('',(1.,0.,-0.));
#6548 = ( GEOMETRIC_REPRESENTATION_CONTEXT(3) 
GLOBAL_UNCERTAINTY_ASSIGNED_CONTEXT((#6552)) 
GLOBAL_UNIT_ASSIGNED_CONTEXT((#6549,#6550,#6551)) REPRESENTATION_CONTEXT
('Context #1','3D Context with UNIT and UNCERTAINTY') );
#6549 = ( LENGTH_UNIT() NAMED_UNIT(*) SI_UNIT(.MILLI.,.METRE.) );
#6550 = ( NAMED_UNIT(*) PLANE_ANGLE_UNIT() SI_UNIT($,.RADIAN.) );
#6551 = ( NAMED_UNIT(*) SI_UNIT($,.STERADIAN.) SOLID_ANGLE_UNIT() );
#6552 = UNCERTAINTY_MEASURE_WITH_UNIT(LENGTH_MEASURE(1.E-07),#6549,
  'distance_accuracy_value','confusion accuracy');
#6553 = CONTEXT_DEPENDENT_SHAPE_REPRESENTATION(#6554,#6556);
#6554 = ( REPRESENTATION_RELATIONSHIP('','',#6535,#112) 
REPRESENTATION_RELATIONSHIP_WITH_TRANSFORMATION(#6555) 
SHAPE_REPRESENTATION_RELATIONSHIP() );
#6555 = ITEM_DEFINED_TRANSFORMATION('','',#11,#753);
#6556 = PRODUCT_DEFINITION_SHAPE('Placement','Placement of an item',
  #6557);
#6557 = NEXT_ASSEMBLY_USAGE_OCCURRENCE('1724','L9','',#107,#6530,$);
#6558 = PRODUCT_RELATED_PRODUCT_CATEGORY('part',$,(#6532));
#6559 = SHAPE_DEFINITION_REPRESENTATION(#6560,#6566);
#6560 = PRODUCT_DEFINITION_SHAPE('','',#6561);
#6561 = PRODUCT_DEFINITION('design','',#6562,#6565);
#6562 = PRODUCT_DEFINITION_FORMATION('','',#6563);
#6563 = PRODUCT('K9','K9','',(#6564));
#6564 = PRODUCT_CONTEXT('',#2,'mechanical');
#6565 = PRODUCT_DEFINITION_CONTEXT('part definition',#2,'design');
#6566 = ADVANCED_BREP_SHAPE_REPRESENTATION('',(#11,#6567),#6579);
#6567 = MANIFOLD_SOLID_BREP('',#6568);
#6568 = CLOSED_SHELL('',(#6569));
#6569 = ADVANCED_FACE('',(#6570),#6574,.T.);
#6570 = FACE_BOUND('',#6571,.T.);
#6571 = VERTEX_LOOP('',#6572);
#6572 = VERTEX_POINT('',#6573);
#6573 = CARTESIAN_POINT('',(0.,0.,-0.175));
#6574 = SPHERICAL_SURFACE('',#6575,0.175);
#6575 = AXIS2_PLACEMENT_3D('',#6576,#6577,#6578);
#6576 = CARTESIAN_POINT('',(0.,0.,0.));
#6577 = DIRECTION('',(0.,0.,1.));
#6578 = DIRECTION('',(1.,0.,-0.));
#6579 = ( GEOMETRIC_REPRESENTATION_CONTEXT(3) 
GLOBAL_UNCERTAINTY_ASSIGNED_CONTEXT((#6583)) 
GLOBAL_UNIT_ASSIGNED_CONTEXT((#6580,#6581,#6582)) REPRESENTATION_CONTEXT
('Context #1','3D Context with UNIT and UNCERTAINTY') );
#6580 = ( LENGTH_UNIT() NAMED_UNIT(*) SI_UNIT(.MILLI.,.METRE.) );
#6581 = ( NAMED_UNIT(*) PLANE_ANGLE_UNIT() SI_UNIT($,.RADIAN.) );
#6582 = ( NAMED_UNIT(*) SI_UNIT($,.STERADIAN.) SOLID_ANGLE_UNIT() );
#6583 = UNCERTAINTY_MEASURE_WITH_UNIT(LENGTH_MEASURE(1.E-07),#6580,
  'distance_accuracy_value','confusion accuracy');
#6584 = CONTEXT_DEPENDENT_SHAPE_REPRESENTATION(#6585,#6587);
#6585 = ( REPRESENTATION_RELATIONSHIP('','',#6566,#112) 
REPRESENTATION_RELATIONSHIP_WITH_TRANSFORMATION(#6586) 
SHAPE_REPRESENTATION_RELATIONSHIP() );
#6586 = ITEM_DEFINED_TRANSFORMATION('','',#11,#757);
#6587 = PRODUCT_DEFINITION_SHAPE('Placement','Placement of an item',
  #6588);
#6588 = NEXT_ASSEMBLY_USAGE_OCCURRENCE('1725','K9','',#107,#6561,$);
#6589 = PRODUCT_RELATED_PRODUCT_CATEGORY('part',$,(#6563));
#6590 = SHAPE_DEFINITION_REPRESENTATION(#6591,#6597);
#6591 = PRODUCT_DEFINITION_SHAPE('','',#6592);
#6592 = PRODUCT_DEFINITION('design','',#6593,#6596);
#6593 = PRODUCT_DEFINITION_FORMATION('','',#6594);
#6594 = PRODUCT('J9','J9','',(#6595));
#6595 = PRODUCT_CONTEXT('',#2,'mechanical');
#6596 = PRODUCT_DEFINITION_CONTEXT('part definition',#2,'design');
#6597 = ADVANCED_BREP_SHAPE_REPRESENTATION('',(#11,#6598),#6610);
#6598 = MANIFOLD_SOLID_BREP('',#6599);
#6599 = CLOSED_SHELL('',(#6600));
#6600 = ADVANCED_FACE('',(#6601),#6605,.T.);
#6601 = FACE_BOUND('',#6602,.T.);
#6602 = VERTEX_LOOP('',#6603);
#6603 = VERTEX_POINT('',#6604);
#6604 = CARTESIAN_POINT('',(0.,0.,-0.175));
#6605 = SPHERICAL_SURFACE('',#6606,0.175);
#6606 = AXIS2_PLACEMENT_3D('',#6607,#6608,#6609);
#6607 = CARTESIAN_POINT('',(0.,0.,0.));
#6608 = DIRECTION('',(0.,0.,1.));
#6609 = DIRECTION('',(1.,0.,-0.));
#6610 = ( GEOMETRIC_REPRESENTATION_CONTEXT(3) 
GLOBAL_UNCERTAINTY_ASSIGNED_CONTEXT((#6614)) 
GLOBAL_UNIT_ASSIGNED_CONTEXT((#6611,#6612,#6613)) REPRESENTATION_CONTEXT
('Context #1','3D Context with UNIT and UNCERTAINTY') );
#6611 = ( LENGTH_UNIT() NAMED_UNIT(*) SI_UNIT(.MILLI.,.METRE.) );
#6612 = ( NAMED_UNIT(*) PLANE_ANGLE_UNIT() SI_UNIT($,.RADIAN.) );
#6613 = ( NAMED_UNIT(*) SI_UNIT($,.STERADIAN.) SOLID_ANGLE_UNIT() );
#6614 = UNCERTAINTY_MEASURE_WITH_UNIT(LENGTH_MEASURE(1.E-07),#6611,
  'distance_accuracy_value','confusion accuracy');
#6615 = CONTEXT_DEPENDENT_SHAPE_REPRESENTATION(#6616,#6618);
#6616 = ( REPRESENTATION_RELATIONSHIP('','',#6597,#112) 
REPRESENTATION_RELATIONSHIP_WITH_TRANSFORMATION(#6617) 
SHAPE_REPRESENTATION_RELATIONSHIP() );
#6617 = ITEM_DEFINED_TRANSFORMATION('','',#11,#761);
#6618 = PRODUCT_DEFINITION_SHAPE('Placement','Placement of an item',
  #6619);
#6619 = NEXT_ASSEMBLY_USAGE_OCCURRENCE('1726','J9','',#107,#6592,$);
#6620 = PRODUCT_RELATED_PRODUCT_CATEGORY('part',$,(#6594));
#6621 = SHAPE_DEFINITION_REPRESENTATION(#6622,#6628);
#6622 = PRODUCT_DEFINITION_SHAPE('','',#6623);
#6623 = PRODUCT_DEFINITION('design','',#6624,#6627);
#6624 = PRODUCT_DEFINITION_FORMATION('','',#6625);
#6625 = PRODUCT('H9','H9','',(#6626));
#6626 = PRODUCT_CONTEXT('',#2,'mechanical');
#6627 = PRODUCT_DEFINITION_CONTEXT('part definition',#2,'design');
#6628 = ADVANCED_BREP_SHAPE_REPRESENTATION('',(#11,#6629),#6641);
#6629 = MANIFOLD_SOLID_BREP('',#6630);
#6630 = CLOSED_SHELL('',(#6631));
#6631 = ADVANCED_FACE('',(#6632),#6636,.T.);
#6632 = FACE_BOUND('',#6633,.T.);
#6633 = VERTEX_LOOP('',#6634);
#6634 = VERTEX_POINT('',#6635);
#6635 = CARTESIAN_POINT('',(0.,0.,-0.175));
#6636 = SPHERICAL_SURFACE('',#6637,0.175);
#6637 = AXIS2_PLACEMENT_3D('',#6638,#6639,#6640);
#6638 = CARTESIAN_POINT('',(0.,0.,0.));
#6639 = DIRECTION('',(0.,0.,1.));
#6640 = DIRECTION('',(1.,0.,-0.));
#6641 = ( GEOMETRIC_REPRESENTATION_CONTEXT(3) 
GLOBAL_UNCERTAINTY_ASSIGNED_CONTEXT((#6645)) 
GLOBAL_UNIT_ASSIGNED_CONTEXT((#6642,#6643,#6644)) REPRESENTATION_CONTEXT
('Context #1','3D Context with UNIT and UNCERTAINTY') );
#6642 = ( LENGTH_UNIT() NAMED_UNIT(*) SI_UNIT(.MILLI.,.METRE.) );
#6643 = ( NAMED_UNIT(*) PLANE_ANGLE_UNIT() SI_UNIT($,.RADIAN.) );
#6644 = ( NAMED_UNIT(*) SI_UNIT($,.STERADIAN.) SOLID_ANGLE_UNIT() );
#6645 = UNCERTAINTY_MEASURE_WITH_UNIT(LENGTH_MEASURE(1.E-07),#6642,
  'distance_accuracy_value','confusion accuracy');
#6646 = CONTEXT_DEPENDENT_SHAPE_REPRESENTATION(#6647,#6649);
#6647 = ( REPRESENTATION_RELATIONSHIP('','',#6628,#112) 
REPRESENTATION_RELATIONSHIP_WITH_TRANSFORMATION(#6648) 
SHAPE_REPRESENTATION_RELATIONSHIP() );
#6648 = ITEM_DEFINED_TRANSFORMATION('','',#11,#765);
#6649 = PRODUCT_DEFINITION_SHAPE('Placement','Placement of an item',
  #6650);
#6650 = NEXT_ASSEMBLY_USAGE_OCCURRENCE('1727','H9','',#107,#6623,$);
#6651 = PRODUCT_RELATED_PRODUCT_CATEGORY('part',$,(#6625));
#6652 = SHAPE_DEFINITION_REPRESENTATION(#6653,#6659);
#6653 = PRODUCT_DEFINITION_SHAPE('','',#6654);
#6654 = PRODUCT_DEFINITION('design','',#6655,#6658);
#6655 = PRODUCT_DEFINITION_FORMATION('','',#6656);
#6656 = PRODUCT('G9','G9','',(#6657));
#6657 = PRODUCT_CONTEXT('',#2,'mechanical');
#6658 = PRODUCT_DEFINITION_CONTEXT('part definition',#2,'design');
#6659 = ADVANCED_BREP_SHAPE_REPRESENTATION('',(#11,#6660),#6672);
#6660 = MANIFOLD_SOLID_BREP('',#6661);
#6661 = CLOSED_SHELL('',(#6662));
#6662 = ADVANCED_FACE('',(#6663),#6667,.T.);
#6663 = FACE_BOUND('',#6664,.T.);
#6664 = VERTEX_LOOP('',#6665);
#6665 = VERTEX_POINT('',#6666);
#6666 = CARTESIAN_POINT('',(0.,0.,-0.175));
#6667 = SPHERICAL_SURFACE('',#6668,0.175);
#6668 = AXIS2_PLACEMENT_3D('',#6669,#6670,#6671);
#6669 = CARTESIAN_POINT('',(0.,0.,0.));
#6670 = DIRECTION('',(0.,0.,1.));
#6671 = DIRECTION('',(1.,0.,-0.));
#6672 = ( GEOMETRIC_REPRESENTATION_CONTEXT(3) 
GLOBAL_UNCERTAINTY_ASSIGNED_CONTEXT((#6676)) 
GLOBAL_UNIT_ASSIGNED_CONTEXT((#6673,#6674,#6675)) REPRESENTATION_CONTEXT
('Context #1','3D Context with UNIT and UNCERTAINTY') );
#6673 = ( LENGTH_UNIT() NAMED_UNIT(*) SI_UNIT(.MILLI.,.METRE.) );
#6674 = ( NAMED_UNIT(*) PLANE_ANGLE_UNIT() SI_UNIT($,.RADIAN.) );
#6675 = ( NAMED_UNIT(*) SI_UNIT($,.STERADIAN.) SOLID_ANGLE_UNIT() );
#6676 = UNCERTAINTY_MEASURE_WITH_UNIT(LENGTH_MEASURE(1.E-07),#6673,
  'distance_accuracy_value','confusion accuracy');
#6677 = CONTEXT_DEPENDENT_SHAPE_REPRESENTATION(#6678,#6680);
#6678 = ( REPRESENTATION_RELATIONSHIP('','',#6659,#112) 
REPRESENTATION_RELATIONSHIP_WITH_TRANSFORMATION(#6679) 
SHAPE_REPRESENTATION_RELATIONSHIP() );
#6679 = ITEM_DEFINED_TRANSFORMATION('','',#11,#769);
#6680 = PRODUCT_DEFINITION_SHAPE('Placement','Placement of an item',
  #6681);
#6681 = NEXT_ASSEMBLY_USAGE_OCCURRENCE('1728','G9','',#107,#6654,$);
#6682 = PRODUCT_RELATED_PRODUCT_CATEGORY('part',$,(#6656));
#6683 = SHAPE_DEFINITION_REPRESENTATION(#6684,#6690);
#6684 = PRODUCT_DEFINITION_SHAPE('','',#6685);
#6685 = PRODUCT_DEFINITION('design','',#6686,#6689);
#6686 = PRODUCT_DEFINITION_FORMATION('','',#6687);
#6687 = PRODUCT('F9','F9','',(#6688));
#6688 = PRODUCT_CONTEXT('',#2,'mechanical');
#6689 = PRODUCT_DEFINITION_CONTEXT('part definition',#2,'design');
#6690 = ADVANCED_BREP_SHAPE_REPRESENTATION('',(#11,#6691),#6703);
#6691 = MANIFOLD_SOLID_BREP('',#6692);
#6692 = CLOSED_SHELL('',(#6693));
#6693 = ADVANCED_FACE('',(#6694),#6698,.T.);
#6694 = FACE_BOUND('',#6695,.T.);
#6695 = VERTEX_LOOP('',#6696);
#6696 = VERTEX_POINT('',#6697);
#6697 = CARTESIAN_POINT('',(0.,0.,-0.175));
#6698 = SPHERICAL_SURFACE('',#6699,0.175);
#6699 = AXIS2_PLACEMENT_3D('',#6700,#6701,#6702);
#6700 = CARTESIAN_POINT('',(0.,0.,0.));
#6701 = DIRECTION('',(0.,0.,1.));
#6702 = DIRECTION('',(1.,0.,-0.));
#6703 = ( GEOMETRIC_REPRESENTATION_CONTEXT(3) 
GLOBAL_UNCERTAINTY_ASSIGNED_CONTEXT((#6707)) 
GLOBAL_UNIT_ASSIGNED_CONTEXT((#6704,#6705,#6706)) REPRESENTATION_CONTEXT
('Context #1','3D Context with UNIT and UNCERTAINTY') );
#6704 = ( LENGTH_UNIT() NAMED_UNIT(*) SI_UNIT(.MILLI.,.METRE.) );
#6705 = ( NAMED_UNIT(*) PLANE_ANGLE_UNIT() SI_UNIT($,.RADIAN.) );
#6706 = ( NAMED_UNIT(*) SI_UNIT($,.STERADIAN.) SOLID_ANGLE_UNIT() );
#6707 = UNCERTAINTY_MEASURE_WITH_UNIT(LENGTH_MEASURE(1.E-07),#6704,
  'distance_accuracy_value','confusion accuracy');
#6708 = CONTEXT_DEPENDENT_SHAPE_REPRESENTATION(#6709,#6711);
#6709 = ( REPRESENTATION_RELATIONSHIP('','',#6690,#112) 
REPRESENTATION_RELATIONSHIP_WITH_TRANSFORMATION(#6710) 
SHAPE_REPRESENTATION_RELATIONSHIP() );
#6710 = ITEM_DEFINED_TRANSFORMATION('','',#11,#773);
#6711 = PRODUCT_DEFINITION_SHAPE('Placement','Placement of an item',
  #6712);
#6712 = NEXT_ASSEMBLY_USAGE_OCCURRENCE('1729','F9','',#107,#6685,$);
#6713 = PRODUCT_RELATED_PRODUCT_CATEGORY('part',$,(#6687));
#6714 = SHAPE_DEFINITION_REPRESENTATION(#6715,#6721);
#6715 = PRODUCT_DEFINITION_SHAPE('','',#6716);
#6716 = PRODUCT_DEFINITION('design','',#6717,#6720);
#6717 = PRODUCT_DEFINITION_FORMATION('','',#6718);
#6718 = PRODUCT('E9','E9','',(#6719));
#6719 = PRODUCT_CONTEXT('',#2,'mechanical');
#6720 = PRODUCT_DEFINITION_CONTEXT('part definition',#2,'design');
#6721 = ADVANCED_BREP_SHAPE_REPRESENTATION('',(#11,#6722),#6734);
#6722 = MANIFOLD_SOLID_BREP('',#6723);
#6723 = CLOSED_SHELL('',(#6724));
#6724 = ADVANCED_FACE('',(#6725),#6729,.T.);
#6725 = FACE_BOUND('',#6726,.T.);
#6726 = VERTEX_LOOP('',#6727);
#6727 = VERTEX_POINT('',#6728);
#6728 = CARTESIAN_POINT('',(0.,0.,-0.175));
#6729 = SPHERICAL_SURFACE('',#6730,0.175);
#6730 = AXIS2_PLACEMENT_3D('',#6731,#6732,#6733);
#6731 = CARTESIAN_POINT('',(0.,0.,0.));
#6732 = DIRECTION('',(0.,0.,1.));
#6733 = DIRECTION('',(1.,0.,-0.));
#6734 = ( GEOMETRIC_REPRESENTATION_CONTEXT(3) 
GLOBAL_UNCERTAINTY_ASSIGNED_CONTEXT((#6738)) 
GLOBAL_UNIT_ASSIGNED_CONTEXT((#6735,#6736,#6737)) REPRESENTATION_CONTEXT
('Context #1','3D Context with UNIT and UNCERTAINTY') );
#6735 = ( LENGTH_UNIT() NAMED_UNIT(*) SI_UNIT(.MILLI.,.METRE.) );
#6736 = ( NAMED_UNIT(*) PLANE_ANGLE_UNIT() SI_UNIT($,.RADIAN.) );
#6737 = ( NAMED_UNIT(*) SI_UNIT($,.STERADIAN.) SOLID_ANGLE_UNIT() );
#6738 = UNCERTAINTY_MEASURE_WITH_UNIT(LENGTH_MEASURE(1.E-07),#6735,
  'distance_accuracy_value','confusion accuracy');
#6739 = CONTEXT_DEPENDENT_SHAPE_REPRESENTATION(#6740,#6742);
#6740 = ( REPRESENTATION_RELATIONSHIP('','',#6721,#112) 
REPRESENTATION_RELATIONSHIP_WITH_TRANSFORMATION(#6741) 
SHAPE_REPRESENTATION_RELATIONSHIP() );
#6741 = ITEM_DEFINED_TRANSFORMATION('','',#11,#777);
#6742 = PRODUCT_DEFINITION_SHAPE('Placement','Placement of an item',
  #6743);
#6743 = NEXT_ASSEMBLY_USAGE_OCCURRENCE('1730','E9','',#107,#6716,$);
#6744 = PRODUCT_RELATED_PRODUCT_CATEGORY('part',$,(#6718));
#6745 = SHAPE_DEFINITION_REPRESENTATION(#6746,#6752);
#6746 = PRODUCT_DEFINITION_SHAPE('','',#6747);
#6747 = PRODUCT_DEFINITION('design','',#6748,#6751);
#6748 = PRODUCT_DEFINITION_FORMATION('','',#6749);
#6749 = PRODUCT('D9','D9','',(#6750));
#6750 = PRODUCT_CONTEXT('',#2,'mechanical');
#6751 = PRODUCT_DEFINITION_CONTEXT('part definition',#2,'design');
#6752 = ADVANCED_BREP_SHAPE_REPRESENTATION('',(#11,#6753),#6765);
#6753 = MANIFOLD_SOLID_BREP('',#6754);
#6754 = CLOSED_SHELL('',(#6755));
#6755 = ADVANCED_FACE('',(#6756),#6760,.T.);
#6756 = FACE_BOUND('',#6757,.T.);
#6757 = VERTEX_LOOP('',#6758);
#6758 = VERTEX_POINT('',#6759);
#6759 = CARTESIAN_POINT('',(0.,0.,-0.175));
#6760 = SPHERICAL_SURFACE('',#6761,0.175);
#6761 = AXIS2_PLACEMENT_3D('',#6762,#6763,#6764);
#6762 = CARTESIAN_POINT('',(0.,0.,0.));
#6763 = DIRECTION('',(0.,0.,1.));
#6764 = DIRECTION('',(1.,0.,-0.));
#6765 = ( GEOMETRIC_REPRESENTATION_CONTEXT(3) 
GLOBAL_UNCERTAINTY_ASSIGNED_CONTEXT((#6769)) 
GLOBAL_UNIT_ASSIGNED_CONTEXT((#6766,#6767,#6768)) REPRESENTATION_CONTEXT
('Context #1','3D Context with UNIT and UNCERTAINTY') );
#6766 = ( LENGTH_UNIT() NAMED_UNIT(*) SI_UNIT(.MILLI.,.METRE.) );
#6767 = ( NAMED_UNIT(*) PLANE_ANGLE_UNIT() SI_UNIT($,.RADIAN.) );
#6768 = ( NAMED_UNIT(*) SI_UNIT($,.STERADIAN.) SOLID_ANGLE_UNIT() );
#6769 = UNCERTAINTY_MEASURE_WITH_UNIT(LENGTH_MEASURE(1.E-07),#6766,
  'distance_accuracy_value','confusion accuracy');
#6770 = CONTEXT_DEPENDENT_SHAPE_REPRESENTATION(#6771,#6773);
#6771 = ( REPRESENTATION_RELATIONSHIP('','',#6752,#112) 
REPRESENTATION_RELATIONSHIP_WITH_TRANSFORMATION(#6772) 
SHAPE_REPRESENTATION_RELATIONSHIP() );
#6772 = ITEM_DEFINED_TRANSFORMATION('','',#11,#781);
#6773 = PRODUCT_DEFINITION_SHAPE('Placement','Placement of an item',
  #6774);
#6774 = NEXT_ASSEMBLY_USAGE_OCCURRENCE('1731','D9','',#107,#6747,$);
#6775 = PRODUCT_RELATED_PRODUCT_CATEGORY('part',$,(#6749));
#6776 = SHAPE_DEFINITION_REPRESENTATION(#6777,#6783);
#6777 = PRODUCT_DEFINITION_SHAPE('','',#6778);
#6778 = PRODUCT_DEFINITION('design','',#6779,#6782);
#6779 = PRODUCT_DEFINITION_FORMATION('','',#6780);
#6780 = PRODUCT('C9','C9','',(#6781));
#6781 = PRODUCT_CONTEXT('',#2,'mechanical');
#6782 = PRODUCT_DEFINITION_CONTEXT('part definition',#2,'design');
#6783 = ADVANCED_BREP_SHAPE_REPRESENTATION('',(#11,#6784),#6796);
#6784 = MANIFOLD_SOLID_BREP('',#6785);
#6785 = CLOSED_SHELL('',(#6786));
#6786 = ADVANCED_FACE('',(#6787),#6791,.T.);
#6787 = FACE_BOUND('',#6788,.T.);
#6788 = VERTEX_LOOP('',#6789);
#6789 = VERTEX_POINT('',#6790);
#6790 = CARTESIAN_POINT('',(0.,0.,-0.175));
#6791 = SPHERICAL_SURFACE('',#6792,0.175);
#6792 = AXIS2_PLACEMENT_3D('',#6793,#6794,#6795);
#6793 = CARTESIAN_POINT('',(0.,0.,0.));
#6794 = DIRECTION('',(0.,0.,1.));
#6795 = DIRECTION('',(1.,0.,-0.));
#6796 = ( GEOMETRIC_REPRESENTATION_CONTEXT(3) 
GLOBAL_UNCERTAINTY_ASSIGNED_CONTEXT((#6800)) 
GLOBAL_UNIT_ASSIGNED_CONTEXT((#6797,#6798,#6799)) REPRESENTATION_CONTEXT
('Context #1','3D Context with UNIT and UNCERTAINTY') );
#6797 = ( LENGTH_UNIT() NAMED_UNIT(*) SI_UNIT(.MILLI.,.METRE.) );
#6798 = ( NAMED_UNIT(*) PLANE_ANGLE_UNIT() SI_UNIT($,.RADIAN.) );
#6799 = ( NAMED_UNIT(*) SI_UNIT($,.STERADIAN.) SOLID_ANGLE_UNIT() );
#6800 = UNCERTAINTY_MEASURE_WITH_UNIT(LENGTH_MEASURE(1.E-07),#6797,
  'distance_accuracy_value','confusion accuracy');
#6801 = CONTEXT_DEPENDENT_SHAPE_REPRESENTATION(#6802,#6804);
#6802 = ( REPRESENTATION_RELATIONSHIP('','',#6783,#112) 
REPRESENTATION_RELATIONSHIP_WITH_TRANSFORMATION(#6803) 
SHAPE_REPRESENTATION_RELATIONSHIP() );
#6803 = ITEM_DEFINED_TRANSFORMATION('','',#11,#785);
#6804 = PRODUCT_DEFINITION_SHAPE('Placement','Placement of an item',
  #6805);
#6805 = NEXT_ASSEMBLY_USAGE_OCCURRENCE('1732','C9','',#107,#6778,$);
#6806 = PRODUCT_RELATED_PRODUCT_CATEGORY('part',$,(#6780));
#6807 = SHAPE_DEFINITION_REPRESENTATION(#6808,#6814);
#6808 = PRODUCT_DEFINITION_SHAPE('','',#6809);
#6809 = PRODUCT_DEFINITION('design','',#6810,#6813);
#6810 = PRODUCT_DEFINITION_FORMATION('','',#6811);
#6811 = PRODUCT('B9','B9','',(#6812));
#6812 = PRODUCT_CONTEXT('',#2,'mechanical');
#6813 = PRODUCT_DEFINITION_CONTEXT('part definition',#2,'design');
#6814 = ADVANCED_BREP_SHAPE_REPRESENTATION('',(#11,#6815),#6827);
#6815 = MANIFOLD_SOLID_BREP('',#6816);
#6816 = CLOSED_SHELL('',(#6817));
#6817 = ADVANCED_FACE('',(#6818),#6822,.T.);
#6818 = FACE_BOUND('',#6819,.T.);
#6819 = VERTEX_LOOP('',#6820);
#6820 = VERTEX_POINT('',#6821);
#6821 = CARTESIAN_POINT('',(0.,0.,-0.175));
#6822 = SPHERICAL_SURFACE('',#6823,0.175);
#6823 = AXIS2_PLACEMENT_3D('',#6824,#6825,#6826);
#6824 = CARTESIAN_POINT('',(0.,0.,0.));
#6825 = DIRECTION('',(0.,0.,1.));
#6826 = DIRECTION('',(1.,0.,-0.));
#6827 = ( GEOMETRIC_REPRESENTATION_CONTEXT(3) 
GLOBAL_UNCERTAINTY_ASSIGNED_CONTEXT((#6831)) 
GLOBAL_UNIT_ASSIGNED_CONTEXT((#6828,#6829,#6830)) REPRESENTATION_CONTEXT
('Context #1','3D Context with UNIT and UNCERTAINTY') );
#6828 = ( LENGTH_UNIT() NAMED_UNIT(*) SI_UNIT(.MILLI.,.METRE.) );
#6829 = ( NAMED_UNIT(*) PLANE_ANGLE_UNIT() SI_UNIT($,.RADIAN.) );
#6830 = ( NAMED_UNIT(*) SI_UNIT($,.STERADIAN.) SOLID_ANGLE_UNIT() );
#6831 = UNCERTAINTY_MEASURE_WITH_UNIT(LENGTH_MEASURE(1.E-07),#6828,
  'distance_accuracy_value','confusion accuracy');
#6832 = CONTEXT_DEPENDENT_SHAPE_REPRESENTATION(#6833,#6835);
#6833 = ( REPRESENTATION_RELATIONSHIP('','',#6814,#112) 
REPRESENTATION_RELATIONSHIP_WITH_TRANSFORMATION(#6834) 
SHAPE_REPRESENTATION_RELATIONSHIP() );
#6834 = ITEM_DEFINED_TRANSFORMATION('','',#11,#789);
#6835 = PRODUCT_DEFINITION_SHAPE('Placement','Placement of an item',
  #6836);
#6836 = NEXT_ASSEMBLY_USAGE_OCCURRENCE('1733','B9','',#107,#6809,$);
#6837 = PRODUCT_RELATED_PRODUCT_CATEGORY('part',$,(#6811));
#6838 = SHAPE_DEFINITION_REPRESENTATION(#6839,#6845);
#6839 = PRODUCT_DEFINITION_SHAPE('','',#6840);
#6840 = PRODUCT_DEFINITION('design','',#6841,#6844);
#6841 = PRODUCT_DEFINITION_FORMATION('','',#6842);
#6842 = PRODUCT('A9','A9','',(#6843));
#6843 = PRODUCT_CONTEXT('',#2,'mechanical');
#6844 = PRODUCT_DEFINITION_CONTEXT('part definition',#2,'design');
#6845 = ADVANCED_BREP_SHAPE_REPRESENTATION('',(#11,#6846),#6858);
#6846 = MANIFOLD_SOLID_BREP('',#6847);
#6847 = CLOSED_SHELL('',(#6848));
#6848 = ADVANCED_FACE('',(#6849),#6853,.T.);
#6849 = FACE_BOUND('',#6850,.T.);
#6850 = VERTEX_LOOP('',#6851);
#6851 = VERTEX_POINT('',#6852);
#6852 = CARTESIAN_POINT('',(0.,0.,-0.175));
#6853 = SPHERICAL_SURFACE('',#6854,0.175);
#6854 = AXIS2_PLACEMENT_3D('',#6855,#6856,#6857);
#6855 = CARTESIAN_POINT('',(0.,0.,0.));
#6856 = DIRECTION('',(0.,0.,1.));
#6857 = DIRECTION('',(1.,0.,-0.));
#6858 = ( GEOMETRIC_REPRESENTATION_CONTEXT(3) 
GLOBAL_UNCERTAINTY_ASSIGNED_CONTEXT((#6862)) 
GLOBAL_UNIT_ASSIGNED_CONTEXT((#6859,#6860,#6861)) REPRESENTATION_CONTEXT
('Context #1','3D Context with UNIT and UNCERTAINTY') );
#6859 = ( LENGTH_UNIT() NAMED_UNIT(*) SI_UNIT(.MILLI.,.METRE.) );
#6860 = ( NAMED_UNIT(*) PLANE_ANGLE_UNIT() SI_UNIT($,.RADIAN.) );
#6861 = ( NAMED_UNIT(*) SI_UNIT($,.STERADIAN.) SOLID_ANGLE_UNIT() );
#6862 = UNCERTAINTY_MEASURE_WITH_UNIT(LENGTH_MEASURE(1.E-07),#6859,
  'distance_accuracy_value','confusion accuracy');
#6863 = CONTEXT_DEPENDENT_SHAPE_REPRESENTATION(#6864,#6866);
#6864 = ( REPRESENTATION_RELATIONSHIP('','',#6845,#112) 
REPRESENTATION_RELATIONSHIP_WITH_TRANSFORMATION(#6865) 
SHAPE_REPRESENTATION_RELATIONSHIP() );
#6865 = ITEM_DEFINED_TRANSFORMATION('','',#11,#793);
#6866 = PRODUCT_DEFINITION_SHAPE('Placement','Placement of an item',
  #6867);
#6867 = NEXT_ASSEMBLY_USAGE_OCCURRENCE('1734','A9','',#107,#6840,$);
#6868 = PRODUCT_RELATED_PRODUCT_CATEGORY('part',$,(#6842));
#6869 = SHAPE_DEFINITION_REPRESENTATION(#6870,#6876);
#6870 = PRODUCT_DEFINITION_SHAPE('','',#6871);
#6871 = PRODUCT_DEFINITION('design','',#6872,#6875);
#6872 = PRODUCT_DEFINITION_FORMATION('','',#6873);
#6873 = PRODUCT('W10','W10','',(#6874));
#6874 = PRODUCT_CONTEXT('',#2,'mechanical');
#6875 = PRODUCT_DEFINITION_CONTEXT('part definition',#2,'design');
#6876 = ADVANCED_BREP_SHAPE_REPRESENTATION('',(#11,#6877),#6889);
#6877 = MANIFOLD_SOLID_BREP('',#6878);
#6878 = CLOSED_SHELL('',(#6879));
#6879 = ADVANCED_FACE('',(#6880),#6884,.T.);
#6880 = FACE_BOUND('',#6881,.T.);
#6881 = VERTEX_LOOP('',#6882);
#6882 = VERTEX_POINT('',#6883);
#6883 = CARTESIAN_POINT('',(0.,0.,-0.175));
#6884 = SPHERICAL_SURFACE('',#6885,0.175);
#6885 = AXIS2_PLACEMENT_3D('',#6886,#6887,#6888);
#6886 = CARTESIAN_POINT('',(0.,0.,0.));
#6887 = DIRECTION('',(0.,0.,1.));
#6888 = DIRECTION('',(1.,0.,-0.));
#6889 = ( GEOMETRIC_REPRESENTATION_CONTEXT(3) 
GLOBAL_UNCERTAINTY_ASSIGNED_CONTEXT((#6893)) 
GLOBAL_UNIT_ASSIGNED_CONTEXT((#6890,#6891,#6892)) REPRESENTATION_CONTEXT
('Context #1','3D Context with UNIT and UNCERTAINTY') );
#6890 = ( LENGTH_UNIT() NAMED_UNIT(*) SI_UNIT(.MILLI.,.METRE.) );
#6891 = ( NAMED_UNIT(*) PLANE_ANGLE_UNIT() SI_UNIT($,.RADIAN.) );
#6892 = ( NAMED_UNIT(*) SI_UNIT($,.STERADIAN.) SOLID_ANGLE_UNIT() );
#6893 = UNCERTAINTY_MEASURE_WITH_UNIT(LENGTH_MEASURE(1.E-07),#6890,
  'distance_accuracy_value','confusion accuracy');
#6894 = CONTEXT_DEPENDENT_SHAPE_REPRESENTATION(#6895,#6897);
#6895 = ( REPRESENTATION_RELATIONSHIP('','',#6876,#112) 
REPRESENTATION_RELATIONSHIP_WITH_TRANSFORMATION(#6896) 
SHAPE_REPRESENTATION_RELATIONSHIP() );
#6896 = ITEM_DEFINED_TRANSFORMATION('','',#11,#797);
#6897 = PRODUCT_DEFINITION_SHAPE('Placement','Placement of an item',
  #6898);
#6898 = NEXT_ASSEMBLY_USAGE_OCCURRENCE('1735','W10','',#107,#6871,$);
#6899 = PRODUCT_RELATED_PRODUCT_CATEGORY('part',$,(#6873));
#6900 = SHAPE_DEFINITION_REPRESENTATION(#6901,#6907);
#6901 = PRODUCT_DEFINITION_SHAPE('','',#6902);
#6902 = PRODUCT_DEFINITION('design','',#6903,#6906);
#6903 = PRODUCT_DEFINITION_FORMATION('','',#6904);
#6904 = PRODUCT('V10','V10','',(#6905));
#6905 = PRODUCT_CONTEXT('',#2,'mechanical');
#6906 = PRODUCT_DEFINITION_CONTEXT('part definition',#2,'design');
#6907 = ADVANCED_BREP_SHAPE_REPRESENTATION('',(#11,#6908),#6920);
#6908 = MANIFOLD_SOLID_BREP('',#6909);
#6909 = CLOSED_SHELL('',(#6910));
#6910 = ADVANCED_FACE('',(#6911),#6915,.T.);
#6911 = FACE_BOUND('',#6912,.T.);
#6912 = VERTEX_LOOP('',#6913);
#6913 = VERTEX_POINT('',#6914);
#6914 = CARTESIAN_POINT('',(0.,0.,-0.175));
#6915 = SPHERICAL_SURFACE('',#6916,0.175);
#6916 = AXIS2_PLACEMENT_3D('',#6917,#6918,#6919);
#6917 = CARTESIAN_POINT('',(0.,0.,0.));
#6918 = DIRECTION('',(0.,0.,1.));
#6919 = DIRECTION('',(1.,0.,-0.));
#6920 = ( GEOMETRIC_REPRESENTATION_CONTEXT(3) 
GLOBAL_UNCERTAINTY_ASSIGNED_CONTEXT((#6924)) 
GLOBAL_UNIT_ASSIGNED_CONTEXT((#6921,#6922,#6923)) REPRESENTATION_CONTEXT
('Context #1','3D Context with UNIT and UNCERTAINTY') );
#6921 = ( LENGTH_UNIT() NAMED_UNIT(*) SI_UNIT(.MILLI.,.METRE.) );
#6922 = ( NAMED_UNIT(*) PLANE_ANGLE_UNIT() SI_UNIT($,.RADIAN.) );
#6923 = ( NAMED_UNIT(*) SI_UNIT($,.STERADIAN.) SOLID_ANGLE_UNIT() );
#6924 = UNCERTAINTY_MEASURE_WITH_UNIT(LENGTH_MEASURE(1.E-07),#6921,
  'distance_accuracy_value','confusion accuracy');
#6925 = CONTEXT_DEPENDENT_SHAPE_REPRESENTATION(#6926,#6928);
#6926 = ( REPRESENTATION_RELATIONSHIP('','',#6907,#112) 
REPRESENTATION_RELATIONSHIP_WITH_TRANSFORMATION(#6927) 
SHAPE_REPRESENTATION_RELATIONSHIP() );
#6927 = ITEM_DEFINED_TRANSFORMATION('','',#11,#801);
#6928 = PRODUCT_DEFINITION_SHAPE('Placement','Placement of an item',
  #6929);
#6929 = NEXT_ASSEMBLY_USAGE_OCCURRENCE('1736','V10','',#107,#6902,$);
#6930 = PRODUCT_RELATED_PRODUCT_CATEGORY('part',$,(#6904));
#6931 = SHAPE_DEFINITION_REPRESENTATION(#6932,#6938);
#6932 = PRODUCT_DEFINITION_SHAPE('','',#6933);
#6933 = PRODUCT_DEFINITION('design','',#6934,#6937);
#6934 = PRODUCT_DEFINITION_FORMATION('','',#6935);
#6935 = PRODUCT('U10','U10','',(#6936));
#6936 = PRODUCT_CONTEXT('',#2,'mechanical');
#6937 = PRODUCT_DEFINITION_CONTEXT('part definition',#2,'design');
#6938 = ADVANCED_BREP_SHAPE_REPRESENTATION('',(#11,#6939),#6951);
#6939 = MANIFOLD_SOLID_BREP('',#6940);
#6940 = CLOSED_SHELL('',(#6941));
#6941 = ADVANCED_FACE('',(#6942),#6946,.T.);
#6942 = FACE_BOUND('',#6943,.T.);
#6943 = VERTEX_LOOP('',#6944);
#6944 = VERTEX_POINT('',#6945);
#6945 = CARTESIAN_POINT('',(0.,0.,-0.175));
#6946 = SPHERICAL_SURFACE('',#6947,0.175);
#6947 = AXIS2_PLACEMENT_3D('',#6948,#6949,#6950);
#6948 = CARTESIAN_POINT('',(0.,0.,0.));
#6949 = DIRECTION('',(0.,0.,1.));
#6950 = DIRECTION('',(1.,0.,-0.));
#6951 = ( GEOMETRIC_REPRESENTATION_CONTEXT(3) 
GLOBAL_UNCERTAINTY_ASSIGNED_CONTEXT((#6955)) 
GLOBAL_UNIT_ASSIGNED_CONTEXT((#6952,#6953,#6954)) REPRESENTATION_CONTEXT
('Context #1','3D Context with UNIT and UNCERTAINTY') );
#6952 = ( LENGTH_UNIT() NAMED_UNIT(*) SI_UNIT(.MILLI.,.METRE.) );
#6953 = ( NAMED_UNIT(*) PLANE_ANGLE_UNIT() SI_UNIT($,.RADIAN.) );
#6954 = ( NAMED_UNIT(*) SI_UNIT($,.STERADIAN.) SOLID_ANGLE_UNIT() );
#6955 = UNCERTAINTY_MEASURE_WITH_UNIT(LENGTH_MEASURE(1.E-07),#6952,
  'distance_accuracy_value','confusion accuracy');
#6956 = CONTEXT_DEPENDENT_SHAPE_REPRESENTATION(#6957,#6959);
#6957 = ( REPRESENTATION_RELATIONSHIP('','',#6938,#112) 
REPRESENTATION_RELATIONSHIP_WITH_TRANSFORMATION(#6958) 
SHAPE_REPRESENTATION_RELATIONSHIP() );
#6958 = ITEM_DEFINED_TRANSFORMATION('','',#11,#805);
#6959 = PRODUCT_DEFINITION_SHAPE('Placement','Placement of an item',
  #6960);
#6960 = NEXT_ASSEMBLY_USAGE_OCCURRENCE('1737','U10','',#107,#6933,$);
#6961 = PRODUCT_RELATED_PRODUCT_CATEGORY('part',$,(#6935));
#6962 = SHAPE_DEFINITION_REPRESENTATION(#6963,#6969);
#6963 = PRODUCT_DEFINITION_SHAPE('','',#6964);
#6964 = PRODUCT_DEFINITION('design','',#6965,#6968);
#6965 = PRODUCT_DEFINITION_FORMATION('','',#6966);
#6966 = PRODUCT('T10','T10','',(#6967));
#6967 = PRODUCT_CONTEXT('',#2,'mechanical');
#6968 = PRODUCT_DEFINITION_CONTEXT('part definition',#2,'design');
#6969 = ADVANCED_BREP_SHAPE_REPRESENTATION('',(#11,#6970),#6982);
#6970 = MANIFOLD_SOLID_BREP('',#6971);
#6971 = CLOSED_SHELL('',(#6972));
#6972 = ADVANCED_FACE('',(#6973),#6977,.T.);
#6973 = FACE_BOUND('',#6974,.T.);
#6974 = VERTEX_LOOP('',#6975);
#6975 = VERTEX_POINT('',#6976);
#6976 = CARTESIAN_POINT('',(0.,0.,-0.175));
#6977 = SPHERICAL_SURFACE('',#6978,0.175);
#6978 = AXIS2_PLACEMENT_3D('',#6979,#6980,#6981);
#6979 = CARTESIAN_POINT('',(0.,0.,0.));
#6980 = DIRECTION('',(0.,0.,1.));
#6981 = DIRECTION('',(1.,0.,-0.));
#6982 = ( GEOMETRIC_REPRESENTATION_CONTEXT(3) 
GLOBAL_UNCERTAINTY_ASSIGNED_CONTEXT((#6986)) 
GLOBAL_UNIT_ASSIGNED_CONTEXT((#6983,#6984,#6985)) REPRESENTATION_CONTEXT
('Context #1','3D Context with UNIT and UNCERTAINTY') );
#6983 = ( LENGTH_UNIT() NAMED_UNIT(*) SI_UNIT(.MILLI.,.METRE.) );
#6984 = ( NAMED_UNIT(*) PLANE_ANGLE_UNIT() SI_UNIT($,.RADIAN.) );
#6985 = ( NAMED_UNIT(*) SI_UNIT($,.STERADIAN.) SOLID_ANGLE_UNIT() );
#6986 = UNCERTAINTY_MEASURE_WITH_UNIT(LENGTH_MEASURE(1.E-07),#6983,
  'distance_accuracy_value','confusion accuracy');
#6987 = CONTEXT_DEPENDENT_SHAPE_REPRESENTATION(#6988,#6990);
#6988 = ( REPRESENTATION_RELATIONSHIP('','',#6969,#112) 
REPRESENTATION_RELATIONSHIP_WITH_TRANSFORMATION(#6989) 
SHAPE_REPRESENTATION_RELATIONSHIP() );
#6989 = ITEM_DEFINED_TRANSFORMATION('','',#11,#809);
#6990 = PRODUCT_DEFINITION_SHAPE('Placement','Placement of an item',
  #6991);
#6991 = NEXT_ASSEMBLY_USAGE_OCCURRENCE('1738','T10','',#107,#6964,$);
#6992 = PRODUCT_RELATED_PRODUCT_CATEGORY('part',$,(#6966));
#6993 = SHAPE_DEFINITION_REPRESENTATION(#6994,#7000);
#6994 = PRODUCT_DEFINITION_SHAPE('','',#6995);
#6995 = PRODUCT_DEFINITION('design','',#6996,#6999);
#6996 = PRODUCT_DEFINITION_FORMATION('','',#6997);
#6997 = PRODUCT('R10','R10','',(#6998));
#6998 = PRODUCT_CONTEXT('',#2,'mechanical');
#6999 = PRODUCT_DEFINITION_CONTEXT('part definition',#2,'design');
#7000 = ADVANCED_BREP_SHAPE_REPRESENTATION('',(#11,#7001),#7013);
#7001 = MANIFOLD_SOLID_BREP('',#7002);
#7002 = CLOSED_SHELL('',(#7003));
#7003 = ADVANCED_FACE('',(#7004),#7008,.T.);
#7004 = FACE_BOUND('',#7005,.T.);
#7005 = VERTEX_LOOP('',#7006);
#7006 = VERTEX_POINT('',#7007);
#7007 = CARTESIAN_POINT('',(0.,0.,-0.175));
#7008 = SPHERICAL_SURFACE('',#7009,0.175);
#7009 = AXIS2_PLACEMENT_3D('',#7010,#7011,#7012);
#7010 = CARTESIAN_POINT('',(0.,0.,0.));
#7011 = DIRECTION('',(0.,0.,1.));
#7012 = DIRECTION('',(1.,0.,-0.));
#7013 = ( GEOMETRIC_REPRESENTATION_CONTEXT(3) 
GLOBAL_UNCERTAINTY_ASSIGNED_CONTEXT((#7017)) 
GLOBAL_UNIT_ASSIGNED_CONTEXT((#7014,#7015,#7016)) REPRESENTATION_CONTEXT
('Context #1','3D Context with UNIT and UNCERTAINTY') );
#7014 = ( LENGTH_UNIT() NAMED_UNIT(*) SI_UNIT(.MILLI.,.METRE.) );
#7015 = ( NAMED_UNIT(*) PLANE_ANGLE_UNIT() SI_UNIT($,.RADIAN.) );
#7016 = ( NAMED_UNIT(*) SI_UNIT($,.STERADIAN.) SOLID_ANGLE_UNIT() );
#7017 = UNCERTAINTY_MEASURE_WITH_UNIT(LENGTH_MEASURE(1.E-07),#7014,
  'distance_accuracy_value','confusion accuracy');
#7018 = CONTEXT_DEPENDENT_SHAPE_REPRESENTATION(#7019,#7021);
#7019 = ( REPRESENTATION_RELATIONSHIP('','',#7000,#112) 
REPRESENTATION_RELATIONSHIP_WITH_TRANSFORMATION(#7020) 
SHAPE_REPRESENTATION_RELATIONSHIP() );
#7020 = ITEM_DEFINED_TRANSFORMATION('','',#11,#813);
#7021 = PRODUCT_DEFINITION_SHAPE('Placement','Placement of an item',
  #7022);
#7022 = NEXT_ASSEMBLY_USAGE_OCCURRENCE('1739','R10','',#107,#6995,$);
#7023 = PRODUCT_RELATED_PRODUCT_CATEGORY('part',$,(#6997));
#7024 = SHAPE_DEFINITION_REPRESENTATION(#7025,#7031);
#7025 = PRODUCT_DEFINITION_SHAPE('','',#7026);
#7026 = PRODUCT_DEFINITION('design','',#7027,#7030);
#7027 = PRODUCT_DEFINITION_FORMATION('','',#7028);
#7028 = PRODUCT('P10','P10','',(#7029));
#7029 = PRODUCT_CONTEXT('',#2,'mechanical');
#7030 = PRODUCT_DEFINITION_CONTEXT('part definition',#2,'design');
#7031 = ADVANCED_BREP_SHAPE_REPRESENTATION('',(#11,#7032),#7044);
#7032 = MANIFOLD_SOLID_BREP('',#7033);
#7033 = CLOSED_SHELL('',(#7034));
#7034 = ADVANCED_FACE('',(#7035),#7039,.T.);
#7035 = FACE_BOUND('',#7036,.T.);
#7036 = VERTEX_LOOP('',#7037);
#7037 = VERTEX_POINT('',#7038);
#7038 = CARTESIAN_POINT('',(0.,0.,-0.175));
#7039 = SPHERICAL_SURFACE('',#7040,0.175);
#7040 = AXIS2_PLACEMENT_3D('',#7041,#7042,#7043);
#7041 = CARTESIAN_POINT('',(0.,0.,0.));
#7042 = DIRECTION('',(0.,0.,1.));
#7043 = DIRECTION('',(1.,0.,-0.));
#7044 = ( GEOMETRIC_REPRESENTATION_CONTEXT(3) 
GLOBAL_UNCERTAINTY_ASSIGNED_CONTEXT((#7048)) 
GLOBAL_UNIT_ASSIGNED_CONTEXT((#7045,#7046,#7047)) REPRESENTATION_CONTEXT
('Context #1','3D Context with UNIT and UNCERTAINTY') );
#7045 = ( LENGTH_UNIT() NAMED_UNIT(*) SI_UNIT(.MILLI.,.METRE.) );
#7046 = ( NAMED_UNIT(*) PLANE_ANGLE_UNIT() SI_UNIT($,.RADIAN.) );
#7047 = ( NAMED_UNIT(*) SI_UNIT($,.STERADIAN.) SOLID_ANGLE_UNIT() );
#7048 = UNCERTAINTY_MEASURE_WITH_UNIT(LENGTH_MEASURE(1.E-07),#7045,
  'distance_accuracy_value','confusion accuracy');
#7049 = CONTEXT_DEPENDENT_SHAPE_REPRESENTATION(#7050,#7052);
#7050 = ( REPRESENTATION_RELATIONSHIP('','',#7031,#112) 
REPRESENTATION_RELATIONSHIP_WITH_TRANSFORMATION(#7051) 
SHAPE_REPRESENTATION_RELATIONSHIP() );
#7051 = ITEM_DEFINED_TRANSFORMATION('','',#11,#817);
#7052 = PRODUCT_DEFINITION_SHAPE('Placement','Placement of an item',
  #7053);
#7053 = NEXT_ASSEMBLY_USAGE_OCCURRENCE('1740','P10','',#107,#7026,$);
#7054 = PRODUCT_RELATED_PRODUCT_CATEGORY('part',$,(#7028));
#7055 = SHAPE_DEFINITION_REPRESENTATION(#7056,#7062);
#7056 = PRODUCT_DEFINITION_SHAPE('','',#7057);
#7057 = PRODUCT_DEFINITION('design','',#7058,#7061);
#7058 = PRODUCT_DEFINITION_FORMATION('','',#7059);
#7059 = PRODUCT('N10','N10','',(#7060));
#7060 = PRODUCT_CONTEXT('',#2,'mechanical');
#7061 = PRODUCT_DEFINITION_CONTEXT('part definition',#2,'design');
#7062 = ADVANCED_BREP_SHAPE_REPRESENTATION('',(#11,#7063),#7075);
#7063 = MANIFOLD_SOLID_BREP('',#7064);
#7064 = CLOSED_SHELL('',(#7065));
#7065 = ADVANCED_FACE('',(#7066),#7070,.T.);
#7066 = FACE_BOUND('',#7067,.T.);
#7067 = VERTEX_LOOP('',#7068);
#7068 = VERTEX_POINT('',#7069);
#7069 = CARTESIAN_POINT('',(0.,0.,-0.175));
#7070 = SPHERICAL_SURFACE('',#7071,0.175);
#7071 = AXIS2_PLACEMENT_3D('',#7072,#7073,#7074);
#7072 = CARTESIAN_POINT('',(0.,0.,0.));
#7073 = DIRECTION('',(0.,0.,1.));
#7074 = DIRECTION('',(1.,0.,-0.));
#7075 = ( GEOMETRIC_REPRESENTATION_CONTEXT(3) 
GLOBAL_UNCERTAINTY_ASSIGNED_CONTEXT((#7079)) 
GLOBAL_UNIT_ASSIGNED_CONTEXT((#7076,#7077,#7078)) REPRESENTATION_CONTEXT
('Context #1','3D Context with UNIT and UNCERTAINTY') );
#7076 = ( LENGTH_UNIT() NAMED_UNIT(*) SI_UNIT(.MILLI.,.METRE.) );
#7077 = ( NAMED_UNIT(*) PLANE_ANGLE_UNIT() SI_UNIT($,.RADIAN.) );
#7078 = ( NAMED_UNIT(*) SI_UNIT($,.STERADIAN.) SOLID_ANGLE_UNIT() );
#7079 = UNCERTAINTY_MEASURE_WITH_UNIT(LENGTH_MEASURE(1.E-07),#7076,
  'distance_accuracy_value','confusion accuracy');
#7080 = CONTEXT_DEPENDENT_SHAPE_REPRESENTATION(#7081,#7083);
#7081 = ( REPRESENTATION_RELATIONSHIP('','',#7062,#112) 
REPRESENTATION_RELATIONSHIP_WITH_TRANSFORMATION(#7082) 
SHAPE_REPRESENTATION_RELATIONSHIP() );
#7082 = ITEM_DEFINED_TRANSFORMATION('','',#11,#821);
#7083 = PRODUCT_DEFINITION_SHAPE('Placement','Placement of an item',
  #7084);
#7084 = NEXT_ASSEMBLY_USAGE_OCCURRENCE('1741','N10','',#107,#7057,$);
#7085 = PRODUCT_RELATED_PRODUCT_CATEGORY('part',$,(#7059));
#7086 = SHAPE_DEFINITION_REPRESENTATION(#7087,#7093);
#7087 = PRODUCT_DEFINITION_SHAPE('','',#7088);
#7088 = PRODUCT_DEFINITION('design','',#7089,#7092);
#7089 = PRODUCT_DEFINITION_FORMATION('','',#7090);
#7090 = PRODUCT('M10','M10','',(#7091));
#7091 = PRODUCT_CONTEXT('',#2,'mechanical');
#7092 = PRODUCT_DEFINITION_CONTEXT('part definition',#2,'design');
#7093 = ADVANCED_BREP_SHAPE_REPRESENTATION('',(#11,#7094),#7106);
#7094 = MANIFOLD_SOLID_BREP('',#7095);
#7095 = CLOSED_SHELL('',(#7096));
#7096 = ADVANCED_FACE('',(#7097),#7101,.T.);
#7097 = FACE_BOUND('',#7098,.T.);
#7098 = VERTEX_LOOP('',#7099);
#7099 = VERTEX_POINT('',#7100);
#7100 = CARTESIAN_POINT('',(0.,0.,-0.175));
#7101 = SPHERICAL_SURFACE('',#7102,0.175);
#7102 = AXIS2_PLACEMENT_3D('',#7103,#7104,#7105);
#7103 = CARTESIAN_POINT('',(0.,0.,0.));
#7104 = DIRECTION('',(0.,0.,1.));
#7105 = DIRECTION('',(1.,0.,-0.));
#7106 = ( GEOMETRIC_REPRESENTATION_CONTEXT(3) 
GLOBAL_UNCERTAINTY_ASSIGNED_CONTEXT((#7110)) 
GLOBAL_UNIT_ASSIGNED_CONTEXT((#7107,#7108,#7109)) REPRESENTATION_CONTEXT
('Context #1','3D Context with UNIT and UNCERTAINTY') );
#7107 = ( LENGTH_UNIT() NAMED_UNIT(*) SI_UNIT(.MILLI.,.METRE.) );
#7108 = ( NAMED_UNIT(*) PLANE_ANGLE_UNIT() SI_UNIT($,.RADIAN.) );
#7109 = ( NAMED_UNIT(*) SI_UNIT($,.STERADIAN.) SOLID_ANGLE_UNIT() );
#7110 = UNCERTAINTY_MEASURE_WITH_UNIT(LENGTH_MEASURE(1.E-07),#7107,
  'distance_accuracy_value','confusion accuracy');
#7111 = CONTEXT_DEPENDENT_SHAPE_REPRESENTATION(#7112,#7114);
#7112 = ( REPRESENTATION_RELATIONSHIP('','',#7093,#112) 
REPRESENTATION_RELATIONSHIP_WITH_TRANSFORMATION(#7113) 
SHAPE_REPRESENTATION_RELATIONSHIP() );
#7113 = ITEM_DEFINED_TRANSFORMATION('','',#11,#825);
#7114 = PRODUCT_DEFINITION_SHAPE('Placement','Placement of an item',
  #7115);
#7115 = NEXT_ASSEMBLY_USAGE_OCCURRENCE('1742','M10','',#107,#7088,$);
#7116 = PRODUCT_RELATED_PRODUCT_CATEGORY('part',$,(#7090));
#7117 = SHAPE_DEFINITION_REPRESENTATION(#7118,#7124);
#7118 = PRODUCT_DEFINITION_SHAPE('','',#7119);
#7119 = PRODUCT_DEFINITION('design','',#7120,#7123);
#7120 = PRODUCT_DEFINITION_FORMATION('','',#7121);
#7121 = PRODUCT('L10','L10','',(#7122));
#7122 = PRODUCT_CONTEXT('',#2,'mechanical');
#7123 = PRODUCT_DEFINITION_CONTEXT('part definition',#2,'design');
#7124 = ADVANCED_BREP_SHAPE_REPRESENTATION('',(#11,#7125),#7137);
#7125 = MANIFOLD_SOLID_BREP('',#7126);
#7126 = CLOSED_SHELL('',(#7127));
#7127 = ADVANCED_FACE('',(#7128),#7132,.T.);
#7128 = FACE_BOUND('',#7129,.T.);
#7129 = VERTEX_LOOP('',#7130);
#7130 = VERTEX_POINT('',#7131);
#7131 = CARTESIAN_POINT('',(0.,0.,-0.175));
#7132 = SPHERICAL_SURFACE('',#7133,0.175);
#7133 = AXIS2_PLACEMENT_3D('',#7134,#7135,#7136);
#7134 = CARTESIAN_POINT('',(0.,0.,0.));
#7135 = DIRECTION('',(0.,0.,1.));
#7136 = DIRECTION('',(1.,0.,-0.));
#7137 = ( GEOMETRIC_REPRESENTATION_CONTEXT(3) 
GLOBAL_UNCERTAINTY_ASSIGNED_CONTEXT((#7141)) 
GLOBAL_UNIT_ASSIGNED_CONTEXT((#7138,#7139,#7140)) REPRESENTATION_CONTEXT
('Context #1','3D Context with UNIT and UNCERTAINTY') );
#7138 = ( LENGTH_UNIT() NAMED_UNIT(*) SI_UNIT(.MILLI.,.METRE.) );
#7139 = ( NAMED_UNIT(*) PLANE_ANGLE_UNIT() SI_UNIT($,.RADIAN.) );
#7140 = ( NAMED_UNIT(*) SI_UNIT($,.STERADIAN.) SOLID_ANGLE_UNIT() );
#7141 = UNCERTAINTY_MEASURE_WITH_UNIT(LENGTH_MEASURE(1.E-07),#7138,
  'distance_accuracy_value','confusion accuracy');
#7142 = CONTEXT_DEPENDENT_SHAPE_REPRESENTATION(#7143,#7145);
#7143 = ( REPRESENTATION_RELATIONSHIP('','',#7124,#112) 
REPRESENTATION_RELATIONSHIP_WITH_TRANSFORMATION(#7144) 
SHAPE_REPRESENTATION_RELATIONSHIP() );
#7144 = ITEM_DEFINED_TRANSFORMATION('','',#11,#829);
#7145 = PRODUCT_DEFINITION_SHAPE('Placement','Placement of an item',
  #7146);
#7146 = NEXT_ASSEMBLY_USAGE_OCCURRENCE('1743','L10','',#107,#7119,$);
#7147 = PRODUCT_RELATED_PRODUCT_CATEGORY('part',$,(#7121));
#7148 = SHAPE_DEFINITION_REPRESENTATION(#7149,#7155);
#7149 = PRODUCT_DEFINITION_SHAPE('','',#7150);
#7150 = PRODUCT_DEFINITION('design','',#7151,#7154);
#7151 = PRODUCT_DEFINITION_FORMATION('','',#7152);
#7152 = PRODUCT('K10','K10','',(#7153));
#7153 = PRODUCT_CONTEXT('',#2,'mechanical');
#7154 = PRODUCT_DEFINITION_CONTEXT('part definition',#2,'design');
#7155 = ADVANCED_BREP_SHAPE_REPRESENTATION('',(#11,#7156),#7168);
#7156 = MANIFOLD_SOLID_BREP('',#7157);
#7157 = CLOSED_SHELL('',(#7158));
#7158 = ADVANCED_FACE('',(#7159),#7163,.T.);
#7159 = FACE_BOUND('',#7160,.T.);
#7160 = VERTEX_LOOP('',#7161);
#7161 = VERTEX_POINT('',#7162);
#7162 = CARTESIAN_POINT('',(0.,0.,-0.175));
#7163 = SPHERICAL_SURFACE('',#7164,0.175);
#7164 = AXIS2_PLACEMENT_3D('',#7165,#7166,#7167);
#7165 = CARTESIAN_POINT('',(0.,0.,0.));
#7166 = DIRECTION('',(0.,0.,1.));
#7167 = DIRECTION('',(1.,0.,-0.));
#7168 = ( GEOMETRIC_REPRESENTATION_CONTEXT(3) 
GLOBAL_UNCERTAINTY_ASSIGNED_CONTEXT((#7172)) 
GLOBAL_UNIT_ASSIGNED_CONTEXT((#7169,#7170,#7171)) REPRESENTATION_CONTEXT
('Context #1','3D Context with UNIT and UNCERTAINTY') );
#7169 = ( LENGTH_UNIT() NAMED_UNIT(*) SI_UNIT(.MILLI.,.METRE.) );
#7170 = ( NAMED_UNIT(*) PLANE_ANGLE_UNIT() SI_UNIT($,.RADIAN.) );
#7171 = ( NAMED_UNIT(*) SI_UNIT($,.STERADIAN.) SOLID_ANGLE_UNIT() );
#7172 = UNCERTAINTY_MEASURE_WITH_UNIT(LENGTH_MEASURE(1.E-07),#7169,
  'distance_accuracy_value','confusion accuracy');
#7173 = CONTEXT_DEPENDENT_SHAPE_REPRESENTATION(#7174,#7176);
#7174 = ( REPRESENTATION_RELATIONSHIP('','',#7155,#112) 
REPRESENTATION_RELATIONSHIP_WITH_TRANSFORMATION(#7175) 
SHAPE_REPRESENTATION_RELATIONSHIP() );
#7175 = ITEM_DEFINED_TRANSFORMATION('','',#11,#833);
#7176 = PRODUCT_DEFINITION_SHAPE('Placement','Placement of an item',
  #7177);
#7177 = NEXT_ASSEMBLY_USAGE_OCCURRENCE('1744','K10','',#107,#7150,$);
#7178 = PRODUCT_RELATED_PRODUCT_CATEGORY('part',$,(#7152));
#7179 = SHAPE_DEFINITION_REPRESENTATION(#7180,#7186);
#7180 = PRODUCT_DEFINITION_SHAPE('','',#7181);
#7181 = PRODUCT_DEFINITION('design','',#7182,#7185);
#7182 = PRODUCT_DEFINITION_FORMATION('','',#7183);
#7183 = PRODUCT('J10','J10','',(#7184));
#7184 = PRODUCT_CONTEXT('',#2,'mechanical');
#7185 = PRODUCT_DEFINITION_CONTEXT('part definition',#2,'design');
#7186 = ADVANCED_BREP_SHAPE_REPRESENTATION('',(#11,#7187),#7199);
#7187 = MANIFOLD_SOLID_BREP('',#7188);
#7188 = CLOSED_SHELL('',(#7189));
#7189 = ADVANCED_FACE('',(#7190),#7194,.T.);
#7190 = FACE_BOUND('',#7191,.T.);
#7191 = VERTEX_LOOP('',#7192);
#7192 = VERTEX_POINT('',#7193);
#7193 = CARTESIAN_POINT('',(0.,0.,-0.175));
#7194 = SPHERICAL_SURFACE('',#7195,0.175);
#7195 = AXIS2_PLACEMENT_3D('',#7196,#7197,#7198);
#7196 = CARTESIAN_POINT('',(0.,0.,0.));
#7197 = DIRECTION('',(0.,0.,1.));
#7198 = DIRECTION('',(1.,0.,-0.));
#7199 = ( GEOMETRIC_REPRESENTATION_CONTEXT(3) 
GLOBAL_UNCERTAINTY_ASSIGNED_CONTEXT((#7203)) 
GLOBAL_UNIT_ASSIGNED_CONTEXT((#7200,#7201,#7202)) REPRESENTATION_CONTEXT
('Context #1','3D Context with UNIT and UNCERTAINTY') );
#7200 = ( LENGTH_UNIT() NAMED_UNIT(*) SI_UNIT(.MILLI.,.METRE.) );
#7201 = ( NAMED_UNIT(*) PLANE_ANGLE_UNIT() SI_UNIT($,.RADIAN.) );
#7202 = ( NAMED_UNIT(*) SI_UNIT($,.STERADIAN.) SOLID_ANGLE_UNIT() );
#7203 = UNCERTAINTY_MEASURE_WITH_UNIT(LENGTH_MEASURE(1.E-07),#7200,
  'distance_accuracy_value','confusion accuracy');
#7204 = CONTEXT_DEPENDENT_SHAPE_REPRESENTATION(#7205,#7207);
#7205 = ( REPRESENTATION_RELATIONSHIP('','',#7186,#112) 
REPRESENTATION_RELATIONSHIP_WITH_TRANSFORMATION(#7206) 
SHAPE_REPRESENTATION_RELATIONSHIP() );
#7206 = ITEM_DEFINED_TRANSFORMATION('','',#11,#837);
#7207 = PRODUCT_DEFINITION_SHAPE('Placement','Placement of an item',
  #7208);
#7208 = NEXT_ASSEMBLY_USAGE_OCCURRENCE('1745','J10','',#107,#7181,$);
#7209 = PRODUCT_RELATED_PRODUCT_CATEGORY('part',$,(#7183));
#7210 = SHAPE_DEFINITION_REPRESENTATION(#7211,#7217);
#7211 = PRODUCT_DEFINITION_SHAPE('','',#7212);
#7212 = PRODUCT_DEFINITION('design','',#7213,#7216);
#7213 = PRODUCT_DEFINITION_FORMATION('','',#7214);
#7214 = PRODUCT('H10','H10','',(#7215));
#7215 = PRODUCT_CONTEXT('',#2,'mechanical');
#7216 = PRODUCT_DEFINITION_CONTEXT('part definition',#2,'design');
#7217 = ADVANCED_BREP_SHAPE_REPRESENTATION('',(#11,#7218),#7230);
#7218 = MANIFOLD_SOLID_BREP('',#7219);
#7219 = CLOSED_SHELL('',(#7220));
#7220 = ADVANCED_FACE('',(#7221),#7225,.T.);
#7221 = FACE_BOUND('',#7222,.T.);
#7222 = VERTEX_LOOP('',#7223);
#7223 = VERTEX_POINT('',#7224);
#7224 = CARTESIAN_POINT('',(0.,0.,-0.175));
#7225 = SPHERICAL_SURFACE('',#7226,0.175);
#7226 = AXIS2_PLACEMENT_3D('',#7227,#7228,#7229);
#7227 = CARTESIAN_POINT('',(0.,0.,0.));
#7228 = DIRECTION('',(0.,0.,1.));
#7229 = DIRECTION('',(1.,0.,-0.));
#7230 = ( GEOMETRIC_REPRESENTATION_CONTEXT(3) 
GLOBAL_UNCERTAINTY_ASSIGNED_CONTEXT((#7234)) 
GLOBAL_UNIT_ASSIGNED_CONTEXT((#7231,#7232,#7233)) REPRESENTATION_CONTEXT
('Context #1','3D Context with UNIT and UNCERTAINTY') );
#7231 = ( LENGTH_UNIT() NAMED_UNIT(*) SI_UNIT(.MILLI.,.METRE.) );
#7232 = ( NAMED_UNIT(*) PLANE_ANGLE_UNIT() SI_UNIT($,.RADIAN.) );
#7233 = ( NAMED_UNIT(*) SI_UNIT($,.STERADIAN.) SOLID_ANGLE_UNIT() );
#7234 = UNCERTAINTY_MEASURE_WITH_UNIT(LENGTH_MEASURE(1.E-07),#7231,
  'distance_accuracy_value','confusion accuracy');
#7235 = CONTEXT_DEPENDENT_SHAPE_REPRESENTATION(#7236,#7238);
#7236 = ( REPRESENTATION_RELATIONSHIP('','',#7217,#112) 
REPRESENTATION_RELATIONSHIP_WITH_TRANSFORMATION(#7237) 
SHAPE_REPRESENTATION_RELATIONSHIP() );
#7237 = ITEM_DEFINED_TRANSFORMATION('','',#11,#841);
#7238 = PRODUCT_DEFINITION_SHAPE('Placement','Placement of an item',
  #7239);
#7239 = NEXT_ASSEMBLY_USAGE_OCCURRENCE('1746','H10','',#107,#7212,$);
#7240 = PRODUCT_RELATED_PRODUCT_CATEGORY('part',$,(#7214));
#7241 = SHAPE_DEFINITION_REPRESENTATION(#7242,#7248);
#7242 = PRODUCT_DEFINITION_SHAPE('','',#7243);
#7243 = PRODUCT_DEFINITION('design','',#7244,#7247);
#7244 = PRODUCT_DEFINITION_FORMATION('','',#7245);
#7245 = PRODUCT('G10','G10','',(#7246));
#7246 = PRODUCT_CONTEXT('',#2,'mechanical');
#7247 = PRODUCT_DEFINITION_CONTEXT('part definition',#2,'design');
#7248 = ADVANCED_BREP_SHAPE_REPRESENTATION('',(#11,#7249),#7261);
#7249 = MANIFOLD_SOLID_BREP('',#7250);
#7250 = CLOSED_SHELL('',(#7251));
#7251 = ADVANCED_FACE('',(#7252),#7256,.T.);
#7252 = FACE_BOUND('',#7253,.T.);
#7253 = VERTEX_LOOP('',#7254);
#7254 = VERTEX_POINT('',#7255);
#7255 = CARTESIAN_POINT('',(0.,0.,-0.175));
#7256 = SPHERICAL_SURFACE('',#7257,0.175);
#7257 = AXIS2_PLACEMENT_3D('',#7258,#7259,#7260);
#7258 = CARTESIAN_POINT('',(0.,0.,0.));
#7259 = DIRECTION('',(0.,0.,1.));
#7260 = DIRECTION('',(1.,0.,-0.));
#7261 = ( GEOMETRIC_REPRESENTATION_CONTEXT(3) 
GLOBAL_UNCERTAINTY_ASSIGNED_CONTEXT((#7265)) 
GLOBAL_UNIT_ASSIGNED_CONTEXT((#7262,#7263,#7264)) REPRESENTATION_CONTEXT
('Context #1','3D Context with UNIT and UNCERTAINTY') );
#7262 = ( LENGTH_UNIT() NAMED_UNIT(*) SI_UNIT(.MILLI.,.METRE.) );
#7263 = ( NAMED_UNIT(*) PLANE_ANGLE_UNIT() SI_UNIT($,.RADIAN.) );
#7264 = ( NAMED_UNIT(*) SI_UNIT($,.STERADIAN.) SOLID_ANGLE_UNIT() );
#7265 = UNCERTAINTY_MEASURE_WITH_UNIT(LENGTH_MEASURE(1.E-07),#7262,
  'distance_accuracy_value','confusion accuracy');
#7266 = CONTEXT_DEPENDENT_SHAPE_REPRESENTATION(#7267,#7269);
#7267 = ( REPRESENTATION_RELATIONSHIP('','',#7248,#112) 
REPRESENTATION_RELATIONSHIP_WITH_TRANSFORMATION(#7268) 
SHAPE_REPRESENTATION_RELATIONSHIP() );
#7268 = ITEM_DEFINED_TRANSFORMATION('','',#11,#845);
#7269 = PRODUCT_DEFINITION_SHAPE('Placement','Placement of an item',
  #7270);
#7270 = NEXT_ASSEMBLY_USAGE_OCCURRENCE('1747','G10','',#107,#7243,$);
#7271 = PRODUCT_RELATED_PRODUCT_CATEGORY('part',$,(#7245));
#7272 = SHAPE_DEFINITION_REPRESENTATION(#7273,#7279);
#7273 = PRODUCT_DEFINITION_SHAPE('','',#7274);
#7274 = PRODUCT_DEFINITION('design','',#7275,#7278);
#7275 = PRODUCT_DEFINITION_FORMATION('','',#7276);
#7276 = PRODUCT('F10','F10','',(#7277));
#7277 = PRODUCT_CONTEXT('',#2,'mechanical');
#7278 = PRODUCT_DEFINITION_CONTEXT('part definition',#2,'design');
#7279 = ADVANCED_BREP_SHAPE_REPRESENTATION('',(#11,#7280),#7292);
#7280 = MANIFOLD_SOLID_BREP('',#7281);
#7281 = CLOSED_SHELL('',(#7282));
#7282 = ADVANCED_FACE('',(#7283),#7287,.T.);
#7283 = FACE_BOUND('',#7284,.T.);
#7284 = VERTEX_LOOP('',#7285);
#7285 = VERTEX_POINT('',#7286);
#7286 = CARTESIAN_POINT('',(0.,0.,-0.175));
#7287 = SPHERICAL_SURFACE('',#7288,0.175);
#7288 = AXIS2_PLACEMENT_3D('',#7289,#7290,#7291);
#7289 = CARTESIAN_POINT('',(0.,0.,0.));
#7290 = DIRECTION('',(0.,0.,1.));
#7291 = DIRECTION('',(1.,0.,-0.));
#7292 = ( GEOMETRIC_REPRESENTATION_CONTEXT(3) 
GLOBAL_UNCERTAINTY_ASSIGNED_CONTEXT((#7296)) 
GLOBAL_UNIT_ASSIGNED_CONTEXT((#7293,#7294,#7295)) REPRESENTATION_CONTEXT
('Context #1','3D Context with UNIT and UNCERTAINTY') );
#7293 = ( LENGTH_UNIT() NAMED_UNIT(*) SI_UNIT(.MILLI.,.METRE.) );
#7294 = ( NAMED_UNIT(*) PLANE_ANGLE_UNIT() SI_UNIT($,.RADIAN.) );
#7295 = ( NAMED_UNIT(*) SI_UNIT($,.STERADIAN.) SOLID_ANGLE_UNIT() );
#7296 = UNCERTAINTY_MEASURE_WITH_UNIT(LENGTH_MEASURE(1.E-07),#7293,
  'distance_accuracy_value','confusion accuracy');
#7297 = CONTEXT_DEPENDENT_SHAPE_REPRESENTATION(#7298,#7300);
#7298 = ( REPRESENTATION_RELATIONSHIP('','',#7279,#112) 
REPRESENTATION_RELATIONSHIP_WITH_TRANSFORMATION(#7299) 
SHAPE_REPRESENTATION_RELATIONSHIP() );
#7299 = ITEM_DEFINED_TRANSFORMATION('','',#11,#849);
#7300 = PRODUCT_DEFINITION_SHAPE('Placement','Placement of an item',
  #7301);
#7301 = NEXT_ASSEMBLY_USAGE_OCCURRENCE('1748','F10','',#107,#7274,$);
#7302 = PRODUCT_RELATED_PRODUCT_CATEGORY('part',$,(#7276));
#7303 = SHAPE_DEFINITION_REPRESENTATION(#7304,#7310);
#7304 = PRODUCT_DEFINITION_SHAPE('','',#7305);
#7305 = PRODUCT_DEFINITION('design','',#7306,#7309);
#7306 = PRODUCT_DEFINITION_FORMATION('','',#7307);
#7307 = PRODUCT('E10','E10','',(#7308));
#7308 = PRODUCT_CONTEXT('',#2,'mechanical');
#7309 = PRODUCT_DEFINITION_CONTEXT('part definition',#2,'design');
#7310 = ADVANCED_BREP_SHAPE_REPRESENTATION('',(#11,#7311),#7323);
#7311 = MANIFOLD_SOLID_BREP('',#7312);
#7312 = CLOSED_SHELL('',(#7313));
#7313 = ADVANCED_FACE('',(#7314),#7318,.T.);
#7314 = FACE_BOUND('',#7315,.T.);
#7315 = VERTEX_LOOP('',#7316);
#7316 = VERTEX_POINT('',#7317);
#7317 = CARTESIAN_POINT('',(0.,0.,-0.175));
#7318 = SPHERICAL_SURFACE('',#7319,0.175);
#7319 = AXIS2_PLACEMENT_3D('',#7320,#7321,#7322);
#7320 = CARTESIAN_POINT('',(0.,0.,0.));
#7321 = DIRECTION('',(0.,0.,1.));
#7322 = DIRECTION('',(1.,0.,-0.));
#7323 = ( GEOMETRIC_REPRESENTATION_CONTEXT(3) 
GLOBAL_UNCERTAINTY_ASSIGNED_CONTEXT((#7327)) 
GLOBAL_UNIT_ASSIGNED_CONTEXT((#7324,#7325,#7326)) REPRESENTATION_CONTEXT
('Context #1','3D Context with UNIT and UNCERTAINTY') );
#7324 = ( LENGTH_UNIT() NAMED_UNIT(*) SI_UNIT(.MILLI.,.METRE.) );
#7325 = ( NAMED_UNIT(*) PLANE_ANGLE_UNIT() SI_UNIT($,.RADIAN.) );
#7326 = ( NAMED_UNIT(*) SI_UNIT($,.STERADIAN.) SOLID_ANGLE_UNIT() );
#7327 = UNCERTAINTY_MEASURE_WITH_UNIT(LENGTH_MEASURE(1.E-07),#7324,
  'distance_accuracy_value','confusion accuracy');
#7328 = CONTEXT_DEPENDENT_SHAPE_REPRESENTATION(#7329,#7331);
#7329 = ( REPRESENTATION_RELATIONSHIP('','',#7310,#112) 
REPRESENTATION_RELATIONSHIP_WITH_TRANSFORMATION(#7330) 
SHAPE_REPRESENTATION_RELATIONSHIP() );
#7330 = ITEM_DEFINED_TRANSFORMATION('','',#11,#853);
#7331 = PRODUCT_DEFINITION_SHAPE('Placement','Placement of an item',
  #7332);
#7332 = NEXT_ASSEMBLY_USAGE_OCCURRENCE('1749','E10','',#107,#7305,$);
#7333 = PRODUCT_RELATED_PRODUCT_CATEGORY('part',$,(#7307));
#7334 = SHAPE_DEFINITION_REPRESENTATION(#7335,#7341);
#7335 = PRODUCT_DEFINITION_SHAPE('','',#7336);
#7336 = PRODUCT_DEFINITION('design','',#7337,#7340);
#7337 = PRODUCT_DEFINITION_FORMATION('','',#7338);
#7338 = PRODUCT('D10','D10','',(#7339));
#7339 = PRODUCT_CONTEXT('',#2,'mechanical');
#7340 = PRODUCT_DEFINITION_CONTEXT('part definition',#2,'design');
#7341 = ADVANCED_BREP_SHAPE_REPRESENTATION('',(#11,#7342),#7354);
#7342 = MANIFOLD_SOLID_BREP('',#7343);
#7343 = CLOSED_SHELL('',(#7344));
#7344 = ADVANCED_FACE('',(#7345),#7349,.T.);
#7345 = FACE_BOUND('',#7346,.T.);
#7346 = VERTEX_LOOP('',#7347);
#7347 = VERTEX_POINT('',#7348);
#7348 = CARTESIAN_POINT('',(0.,0.,-0.175));
#7349 = SPHERICAL_SURFACE('',#7350,0.175);
#7350 = AXIS2_PLACEMENT_3D('',#7351,#7352,#7353);
#7351 = CARTESIAN_POINT('',(0.,0.,0.));
#7352 = DIRECTION('',(0.,0.,1.));
#7353 = DIRECTION('',(1.,0.,-0.));
#7354 = ( GEOMETRIC_REPRESENTATION_CONTEXT(3) 
GLOBAL_UNCERTAINTY_ASSIGNED_CONTEXT((#7358)) 
GLOBAL_UNIT_ASSIGNED_CONTEXT((#7355,#7356,#7357)) REPRESENTATION_CONTEXT
('Context #1','3D Context with UNIT and UNCERTAINTY') );
#7355 = ( LENGTH_UNIT() NAMED_UNIT(*) SI_UNIT(.MILLI.,.METRE.) );
#7356 = ( NAMED_UNIT(*) PLANE_ANGLE_UNIT() SI_UNIT($,.RADIAN.) );
#7357 = ( NAMED_UNIT(*) SI_UNIT($,.STERADIAN.) SOLID_ANGLE_UNIT() );
#7358 = UNCERTAINTY_MEASURE_WITH_UNIT(LENGTH_MEASURE(1.E-07),#7355,
  'distance_accuracy_value','confusion accuracy');
#7359 = CONTEXT_DEPENDENT_SHAPE_REPRESENTATION(#7360,#7362);
#7360 = ( REPRESENTATION_RELATIONSHIP('','',#7341,#112) 
REPRESENTATION_RELATIONSHIP_WITH_TRANSFORMATION(#7361) 
SHAPE_REPRESENTATION_RELATIONSHIP() );
#7361 = ITEM_DEFINED_TRANSFORMATION('','',#11,#857);
#7362 = PRODUCT_DEFINITION_SHAPE('Placement','Placement of an item',
  #7363);
#7363 = NEXT_ASSEMBLY_USAGE_OCCURRENCE('1750','D10','',#107,#7336,$);
#7364 = PRODUCT_RELATED_PRODUCT_CATEGORY('part',$,(#7338));
#7365 = SHAPE_DEFINITION_REPRESENTATION(#7366,#7372);
#7366 = PRODUCT_DEFINITION_SHAPE('','',#7367);
#7367 = PRODUCT_DEFINITION('design','',#7368,#7371);
#7368 = PRODUCT_DEFINITION_FORMATION('','',#7369);
#7369 = PRODUCT('C10','C10','',(#7370));
#7370 = PRODUCT_CONTEXT('',#2,'mechanical');
#7371 = PRODUCT_DEFINITION_CONTEXT('part definition',#2,'design');
#7372 = ADVANCED_BREP_SHAPE_REPRESENTATION('',(#11,#7373),#7385);
#7373 = MANIFOLD_SOLID_BREP('',#7374);
#7374 = CLOSED_SHELL('',(#7375));
#7375 = ADVANCED_FACE('',(#7376),#7380,.T.);
#7376 = FACE_BOUND('',#7377,.T.);
#7377 = VERTEX_LOOP('',#7378);
#7378 = VERTEX_POINT('',#7379);
#7379 = CARTESIAN_POINT('',(0.,0.,-0.175));
#7380 = SPHERICAL_SURFACE('',#7381,0.175);
#7381 = AXIS2_PLACEMENT_3D('',#7382,#7383,#7384);
#7382 = CARTESIAN_POINT('',(0.,0.,0.));
#7383 = DIRECTION('',(0.,0.,1.));
#7384 = DIRECTION('',(1.,0.,-0.));
#7385 = ( GEOMETRIC_REPRESENTATION_CONTEXT(3) 
GLOBAL_UNCERTAINTY_ASSIGNED_CONTEXT((#7389)) 
GLOBAL_UNIT_ASSIGNED_CONTEXT((#7386,#7387,#7388)) REPRESENTATION_CONTEXT
('Context #1','3D Context with UNIT and UNCERTAINTY') );
#7386 = ( LENGTH_UNIT() NAMED_UNIT(*) SI_UNIT(.MILLI.,.METRE.) );
#7387 = ( NAMED_UNIT(*) PLANE_ANGLE_UNIT() SI_UNIT($,.RADIAN.) );
#7388 = ( NAMED_UNIT(*) SI_UNIT($,.STERADIAN.) SOLID_ANGLE_UNIT() );
#7389 = UNCERTAINTY_MEASURE_WITH_UNIT(LENGTH_MEASURE(1.E-07),#7386,
  'distance_accuracy_value','confusion accuracy');
#7390 = CONTEXT_DEPENDENT_SHAPE_REPRESENTATION(#7391,#7393);
#7391 = ( REPRESENTATION_RELATIONSHIP('','',#7372,#112) 
REPRESENTATION_RELATIONSHIP_WITH_TRANSFORMATION(#7392) 
SHAPE_REPRESENTATION_RELATIONSHIP() );
#7392 = ITEM_DEFINED_TRANSFORMATION('','',#11,#861);
#7393 = PRODUCT_DEFINITION_SHAPE('Placement','Placement of an item',
  #7394);
#7394 = NEXT_ASSEMBLY_USAGE_OCCURRENCE('1751','C10','',#107,#7367,$);
#7395 = PRODUCT_RELATED_PRODUCT_CATEGORY('part',$,(#7369));
#7396 = SHAPE_DEFINITION_REPRESENTATION(#7397,#7403);
#7397 = PRODUCT_DEFINITION_SHAPE('','',#7398);
#7398 = PRODUCT_DEFINITION('design','',#7399,#7402);
#7399 = PRODUCT_DEFINITION_FORMATION('','',#7400);
#7400 = PRODUCT('B10','B10','',(#7401));
#7401 = PRODUCT_CONTEXT('',#2,'mechanical');
#7402 = PRODUCT_DEFINITION_CONTEXT('part definition',#2,'design');
#7403 = ADVANCED_BREP_SHAPE_REPRESENTATION('',(#11,#7404),#7416);
#7404 = MANIFOLD_SOLID_BREP('',#7405);
#7405 = CLOSED_SHELL('',(#7406));
#7406 = ADVANCED_FACE('',(#7407),#7411,.T.);
#7407 = FACE_BOUND('',#7408,.T.);
#7408 = VERTEX_LOOP('',#7409);
#7409 = VERTEX_POINT('',#7410);
#7410 = CARTESIAN_POINT('',(0.,0.,-0.175));
#7411 = SPHERICAL_SURFACE('',#7412,0.175);
#7412 = AXIS2_PLACEMENT_3D('',#7413,#7414,#7415);
#7413 = CARTESIAN_POINT('',(0.,0.,0.));
#7414 = DIRECTION('',(0.,0.,1.));
#7415 = DIRECTION('',(1.,0.,-0.));
#7416 = ( GEOMETRIC_REPRESENTATION_CONTEXT(3) 
GLOBAL_UNCERTAINTY_ASSIGNED_CONTEXT((#7420)) 
GLOBAL_UNIT_ASSIGNED_CONTEXT((#7417,#7418,#7419)) REPRESENTATION_CONTEXT
('Context #1','3D Context with UNIT and UNCERTAINTY') );
#7417 = ( LENGTH_UNIT() NAMED_UNIT(*) SI_UNIT(.MILLI.,.METRE.) );
#7418 = ( NAMED_UNIT(*) PLANE_ANGLE_UNIT() SI_UNIT($,.RADIAN.) );
#7419 = ( NAMED_UNIT(*) SI_UNIT($,.STERADIAN.) SOLID_ANGLE_UNIT() );
#7420 = UNCERTAINTY_MEASURE_WITH_UNIT(LENGTH_MEASURE(1.E-07),#7417,
  'distance_accuracy_value','confusion accuracy');
#7421 = CONTEXT_DEPENDENT_SHAPE_REPRESENTATION(#7422,#7424);
#7422 = ( REPRESENTATION_RELATIONSHIP('','',#7403,#112) 
REPRESENTATION_RELATIONSHIP_WITH_TRANSFORMATION(#7423) 
SHAPE_REPRESENTATION_RELATIONSHIP() );
#7423 = ITEM_DEFINED_TRANSFORMATION('','',#11,#865);
#7424 = PRODUCT_DEFINITION_SHAPE('Placement','Placement of an item',
  #7425);
#7425 = NEXT_ASSEMBLY_USAGE_OCCURRENCE('1752','B10','',#107,#7398,$);
#7426 = PRODUCT_RELATED_PRODUCT_CATEGORY('part',$,(#7400));
#7427 = SHAPE_DEFINITION_REPRESENTATION(#7428,#7434);
#7428 = PRODUCT_DEFINITION_SHAPE('','',#7429);
#7429 = PRODUCT_DEFINITION('design','',#7430,#7433);
#7430 = PRODUCT_DEFINITION_FORMATION('','',#7431);
#7431 = PRODUCT('A10','A10','',(#7432));
#7432 = PRODUCT_CONTEXT('',#2,'mechanical');
#7433 = PRODUCT_DEFINITION_CONTEXT('part definition',#2,'design');
#7434 = ADVANCED_BREP_SHAPE_REPRESENTATION('',(#11,#7435),#7447);
#7435 = MANIFOLD_SOLID_BREP('',#7436);
#7436 = CLOSED_SHELL('',(#7437));
#7437 = ADVANCED_FACE('',(#7438),#7442,.T.);
#7438 = FACE_BOUND('',#7439,.T.);
#7439 = VERTEX_LOOP('',#7440);
#7440 = VERTEX_POINT('',#7441);
#7441 = CARTESIAN_POINT('',(0.,0.,-0.175));
#7442 = SPHERICAL_SURFACE('',#7443,0.175);
#7443 = AXIS2_PLACEMENT_3D('',#7444,#7445,#7446);
#7444 = CARTESIAN_POINT('',(0.,0.,0.));
#7445 = DIRECTION('',(0.,0.,1.));
#7446 = DIRECTION('',(1.,0.,-0.));
#7447 = ( GEOMETRIC_REPRESENTATION_CONTEXT(3) 
GLOBAL_UNCERTAINTY_ASSIGNED_CONTEXT((#7451)) 
GLOBAL_UNIT_ASSIGNED_CONTEXT((#7448,#7449,#7450)) REPRESENTATION_CONTEXT
('Context #1','3D Context with UNIT and UNCERTAINTY') );
#7448 = ( LENGTH_UNIT() NAMED_UNIT(*) SI_UNIT(.MILLI.,.METRE.) );
#7449 = ( NAMED_UNIT(*) PLANE_ANGLE_UNIT() SI_UNIT($,.RADIAN.) );
#7450 = ( NAMED_UNIT(*) SI_UNIT($,.STERADIAN.) SOLID_ANGLE_UNIT() );
#7451 = UNCERTAINTY_MEASURE_WITH_UNIT(LENGTH_MEASURE(1.E-07),#7448,
  'distance_accuracy_value','confusion accuracy');
#7452 = CONTEXT_DEPENDENT_SHAPE_REPRESENTATION(#7453,#7455);
#7453 = ( REPRESENTATION_RELATIONSHIP('','',#7434,#112) 
REPRESENTATION_RELATIONSHIP_WITH_TRANSFORMATION(#7454) 
SHAPE_REPRESENTATION_RELATIONSHIP() );
#7454 = ITEM_DEFINED_TRANSFORMATION('','',#11,#869);
#7455 = PRODUCT_DEFINITION_SHAPE('Placement','Placement of an item',
  #7456);
#7456 = NEXT_ASSEMBLY_USAGE_OCCURRENCE('1753','A10','',#107,#7429,$);
#7457 = PRODUCT_RELATED_PRODUCT_CATEGORY('part',$,(#7431));
#7458 = SHAPE_DEFINITION_REPRESENTATION(#7459,#7465);
#7459 = PRODUCT_DEFINITION_SHAPE('','',#7460);
#7460 = PRODUCT_DEFINITION('design','',#7461,#7464);
#7461 = PRODUCT_DEFINITION_FORMATION('','',#7462);
#7462 = PRODUCT('W11','W11','',(#7463));
#7463 = PRODUCT_CONTEXT('',#2,'mechanical');
#7464 = PRODUCT_DEFINITION_CONTEXT('part definition',#2,'design');
#7465 = ADVANCED_BREP_SHAPE_REPRESENTATION('',(#11,#7466),#7478);
#7466 = MANIFOLD_SOLID_BREP('',#7467);
#7467 = CLOSED_SHELL('',(#7468));
#7468 = ADVANCED_FACE('',(#7469),#7473,.T.);
#7469 = FACE_BOUND('',#7470,.T.);
#7470 = VERTEX_LOOP('',#7471);
#7471 = VERTEX_POINT('',#7472);
#7472 = CARTESIAN_POINT('',(0.,0.,-0.175));
#7473 = SPHERICAL_SURFACE('',#7474,0.175);
#7474 = AXIS2_PLACEMENT_3D('',#7475,#7476,#7477);
#7475 = CARTESIAN_POINT('',(0.,0.,0.));
#7476 = DIRECTION('',(0.,0.,1.));
#7477 = DIRECTION('',(1.,0.,-0.));
#7478 = ( GEOMETRIC_REPRESENTATION_CONTEXT(3) 
GLOBAL_UNCERTAINTY_ASSIGNED_CONTEXT((#7482)) 
GLOBAL_UNIT_ASSIGNED_CONTEXT((#7479,#7480,#7481)) REPRESENTATION_CONTEXT
('Context #1','3D Context with UNIT and UNCERTAINTY') );
#7479 = ( LENGTH_UNIT() NAMED_UNIT(*) SI_UNIT(.MILLI.,.METRE.) );
#7480 = ( NAMED_UNIT(*) PLANE_ANGLE_UNIT() SI_UNIT($,.RADIAN.) );
#7481 = ( NAMED_UNIT(*) SI_UNIT($,.STERADIAN.) SOLID_ANGLE_UNIT() );
#7482 = UNCERTAINTY_MEASURE_WITH_UNIT(LENGTH_MEASURE(1.E-07),#7479,
  'distance_accuracy_value','confusion accuracy');
#7483 = CONTEXT_DEPENDENT_SHAPE_REPRESENTATION(#7484,#7486);
#7484 = ( REPRESENTATION_RELATIONSHIP('','',#7465,#112) 
REPRESENTATION_RELATIONSHIP_WITH_TRANSFORMATION(#7485) 
SHAPE_REPRESENTATION_RELATIONSHIP() );
#7485 = ITEM_DEFINED_TRANSFORMATION('','',#11,#873);
#7486 = PRODUCT_DEFINITION_SHAPE('Placement','Placement of an item',
  #7487);
#7487 = NEXT_ASSEMBLY_USAGE_OCCURRENCE('1754','W11','',#107,#7460,$);
#7488 = PRODUCT_RELATED_PRODUCT_CATEGORY('part',$,(#7462));
#7489 = SHAPE_DEFINITION_REPRESENTATION(#7490,#7496);
#7490 = PRODUCT_DEFINITION_SHAPE('','',#7491);
#7491 = PRODUCT_DEFINITION('design','',#7492,#7495);
#7492 = PRODUCT_DEFINITION_FORMATION('','',#7493);
#7493 = PRODUCT('V11','V11','',(#7494));
#7494 = PRODUCT_CONTEXT('',#2,'mechanical');
#7495 = PRODUCT_DEFINITION_CONTEXT('part definition',#2,'design');
#7496 = ADVANCED_BREP_SHAPE_REPRESENTATION('',(#11,#7497),#7509);
#7497 = MANIFOLD_SOLID_BREP('',#7498);
#7498 = CLOSED_SHELL('',(#7499));
#7499 = ADVANCED_FACE('',(#7500),#7504,.T.);
#7500 = FACE_BOUND('',#7501,.T.);
#7501 = VERTEX_LOOP('',#7502);
#7502 = VERTEX_POINT('',#7503);
#7503 = CARTESIAN_POINT('',(0.,0.,-0.175));
#7504 = SPHERICAL_SURFACE('',#7505,0.175);
#7505 = AXIS2_PLACEMENT_3D('',#7506,#7507,#7508);
#7506 = CARTESIAN_POINT('',(0.,0.,0.));
#7507 = DIRECTION('',(0.,0.,1.));
#7508 = DIRECTION('',(1.,0.,-0.));
#7509 = ( GEOMETRIC_REPRESENTATION_CONTEXT(3) 
GLOBAL_UNCERTAINTY_ASSIGNED_CONTEXT((#7513)) 
GLOBAL_UNIT_ASSIGNED_CONTEXT((#7510,#7511,#7512)) REPRESENTATION_CONTEXT
('Context #1','3D Context with UNIT and UNCERTAINTY') );
#7510 = ( LENGTH_UNIT() NAMED_UNIT(*) SI_UNIT(.MILLI.,.METRE.) );
#7511 = ( NAMED_UNIT(*) PLANE_ANGLE_UNIT() SI_UNIT($,.RADIAN.) );
#7512 = ( NAMED_UNIT(*) SI_UNIT($,.STERADIAN.) SOLID_ANGLE_UNIT() );
#7513 = UNCERTAINTY_MEASURE_WITH_UNIT(LENGTH_MEASURE(1.E-07),#7510,
  'distance_accuracy_value','confusion accuracy');
#7514 = CONTEXT_DEPENDENT_SHAPE_REPRESENTATION(#7515,#7517);
#7515 = ( REPRESENTATION_RELATIONSHIP('','',#7496,#112) 
REPRESENTATION_RELATIONSHIP_WITH_TRANSFORMATION(#7516) 
SHAPE_REPRESENTATION_RELATIONSHIP() );
#7516 = ITEM_DEFINED_TRANSFORMATION('','',#11,#877);
#7517 = PRODUCT_DEFINITION_SHAPE('Placement','Placement of an item',
  #7518);
#7518 = NEXT_ASSEMBLY_USAGE_OCCURRENCE('1755','V11','',#107,#7491,$);
#7519 = PRODUCT_RELATED_PRODUCT_CATEGORY('part',$,(#7493));
#7520 = SHAPE_DEFINITION_REPRESENTATION(#7521,#7527);
#7521 = PRODUCT_DEFINITION_SHAPE('','',#7522);
#7522 = PRODUCT_DEFINITION('design','',#7523,#7526);
#7523 = PRODUCT_DEFINITION_FORMATION('','',#7524);
#7524 = PRODUCT('U11','U11','',(#7525));
#7525 = PRODUCT_CONTEXT('',#2,'mechanical');
#7526 = PRODUCT_DEFINITION_CONTEXT('part definition',#2,'design');
#7527 = ADVANCED_BREP_SHAPE_REPRESENTATION('',(#11,#7528),#7540);
#7528 = MANIFOLD_SOLID_BREP('',#7529);
#7529 = CLOSED_SHELL('',(#7530));
#7530 = ADVANCED_FACE('',(#7531),#7535,.T.);
#7531 = FACE_BOUND('',#7532,.T.);
#7532 = VERTEX_LOOP('',#7533);
#7533 = VERTEX_POINT('',#7534);
#7534 = CARTESIAN_POINT('',(0.,0.,-0.175));
#7535 = SPHERICAL_SURFACE('',#7536,0.175);
#7536 = AXIS2_PLACEMENT_3D('',#7537,#7538,#7539);
#7537 = CARTESIAN_POINT('',(0.,0.,0.));
#7538 = DIRECTION('',(0.,0.,1.));
#7539 = DIRECTION('',(1.,0.,-0.));
#7540 = ( GEOMETRIC_REPRESENTATION_CONTEXT(3) 
GLOBAL_UNCERTAINTY_ASSIGNED_CONTEXT((#7544)) 
GLOBAL_UNIT_ASSIGNED_CONTEXT((#7541,#7542,#7543)) REPRESENTATION_CONTEXT
('Context #1','3D Context with UNIT and UNCERTAINTY') );
#7541 = ( LENGTH_UNIT() NAMED_UNIT(*) SI_UNIT(.MILLI.,.METRE.) );
#7542 = ( NAMED_UNIT(*) PLANE_ANGLE_UNIT() SI_UNIT($,.RADIAN.) );
#7543 = ( NAMED_UNIT(*) SI_UNIT($,.STERADIAN.) SOLID_ANGLE_UNIT() );
#7544 = UNCERTAINTY_MEASURE_WITH_UNIT(LENGTH_MEASURE(1.E-07),#7541,
  'distance_accuracy_value','confusion accuracy');
#7545 = CONTEXT_DEPENDENT_SHAPE_REPRESENTATION(#7546,#7548);
#7546 = ( REPRESENTATION_RELATIONSHIP('','',#7527,#112) 
REPRESENTATION_RELATIONSHIP_WITH_TRANSFORMATION(#7547) 
SHAPE_REPRESENTATION_RELATIONSHIP() );
#7547 = ITEM_DEFINED_TRANSFORMATION('','',#11,#881);
#7548 = PRODUCT_DEFINITION_SHAPE('Placement','Placement of an item',
  #7549);
#7549 = NEXT_ASSEMBLY_USAGE_OCCURRENCE('1756','U11','',#107,#7522,$);
#7550 = PRODUCT_RELATED_PRODUCT_CATEGORY('part',$,(#7524));
#7551 = SHAPE_DEFINITION_REPRESENTATION(#7552,#7558);
#7552 = PRODUCT_DEFINITION_SHAPE('','',#7553);
#7553 = PRODUCT_DEFINITION('design','',#7554,#7557);
#7554 = PRODUCT_DEFINITION_FORMATION('','',#7555);
#7555 = PRODUCT('T11','T11','',(#7556));
#7556 = PRODUCT_CONTEXT('',#2,'mechanical');
#7557 = PRODUCT_DEFINITION_CONTEXT('part definition',#2,'design');
#7558 = ADVANCED_BREP_SHAPE_REPRESENTATION('',(#11,#7559),#7571);
#7559 = MANIFOLD_SOLID_BREP('',#7560);
#7560 = CLOSED_SHELL('',(#7561));
#7561 = ADVANCED_FACE('',(#7562),#7566,.T.);
#7562 = FACE_BOUND('',#7563,.T.);
#7563 = VERTEX_LOOP('',#7564);
#7564 = VERTEX_POINT('',#7565);
#7565 = CARTESIAN_POINT('',(0.,0.,-0.175));
#7566 = SPHERICAL_SURFACE('',#7567,0.175);
#7567 = AXIS2_PLACEMENT_3D('',#7568,#7569,#7570);
#7568 = CARTESIAN_POINT('',(0.,0.,0.));
#7569 = DIRECTION('',(0.,0.,1.));
#7570 = DIRECTION('',(1.,0.,-0.));
#7571 = ( GEOMETRIC_REPRESENTATION_CONTEXT(3) 
GLOBAL_UNCERTAINTY_ASSIGNED_CONTEXT((#7575)) 
GLOBAL_UNIT_ASSIGNED_CONTEXT((#7572,#7573,#7574)) REPRESENTATION_CONTEXT
('Context #1','3D Context with UNIT and UNCERTAINTY') );
#7572 = ( LENGTH_UNIT() NAMED_UNIT(*) SI_UNIT(.MILLI.,.METRE.) );
#7573 = ( NAMED_UNIT(*) PLANE_ANGLE_UNIT() SI_UNIT($,.RADIAN.) );
#7574 = ( NAMED_UNIT(*) SI_UNIT($,.STERADIAN.) SOLID_ANGLE_UNIT() );
#7575 = UNCERTAINTY_MEASURE_WITH_UNIT(LENGTH_MEASURE(1.E-07),#7572,
  'distance_accuracy_value','confusion accuracy');
#7576 = CONTEXT_DEPENDENT_SHAPE_REPRESENTATION(#7577,#7579);
#7577 = ( REPRESENTATION_RELATIONSHIP('','',#7558,#112) 
REPRESENTATION_RELATIONSHIP_WITH_TRANSFORMATION(#7578) 
SHAPE_REPRESENTATION_RELATIONSHIP() );
#7578 = ITEM_DEFINED_TRANSFORMATION('','',#11,#885);
#7579 = PRODUCT_DEFINITION_SHAPE('Placement','Placement of an item',
  #7580);
#7580 = NEXT_ASSEMBLY_USAGE_OCCURRENCE('1757','T11','',#107,#7553,$);
#7581 = PRODUCT_RELATED_PRODUCT_CATEGORY('part',$,(#7555));
#7582 = SHAPE_DEFINITION_REPRESENTATION(#7583,#7589);
#7583 = PRODUCT_DEFINITION_SHAPE('','',#7584);
#7584 = PRODUCT_DEFINITION('design','',#7585,#7588);
#7585 = PRODUCT_DEFINITION_FORMATION('','',#7586);
#7586 = PRODUCT('R11','R11','',(#7587));
#7587 = PRODUCT_CONTEXT('',#2,'mechanical');
#7588 = PRODUCT_DEFINITION_CONTEXT('part definition',#2,'design');
#7589 = ADVANCED_BREP_SHAPE_REPRESENTATION('',(#11,#7590),#7602);
#7590 = MANIFOLD_SOLID_BREP('',#7591);
#7591 = CLOSED_SHELL('',(#7592));
#7592 = ADVANCED_FACE('',(#7593),#7597,.T.);
#7593 = FACE_BOUND('',#7594,.T.);
#7594 = VERTEX_LOOP('',#7595);
#7595 = VERTEX_POINT('',#7596);
#7596 = CARTESIAN_POINT('',(0.,0.,-0.175));
#7597 = SPHERICAL_SURFACE('',#7598,0.175);
#7598 = AXIS2_PLACEMENT_3D('',#7599,#7600,#7601);
#7599 = CARTESIAN_POINT('',(0.,0.,0.));
#7600 = DIRECTION('',(0.,0.,1.));
#7601 = DIRECTION('',(1.,0.,-0.));
#7602 = ( GEOMETRIC_REPRESENTATION_CONTEXT(3) 
GLOBAL_UNCERTAINTY_ASSIGNED_CONTEXT((#7606)) 
GLOBAL_UNIT_ASSIGNED_CONTEXT((#7603,#7604,#7605)) REPRESENTATION_CONTEXT
('Context #1','3D Context with UNIT and UNCERTAINTY') );
#7603 = ( LENGTH_UNIT() NAMED_UNIT(*) SI_UNIT(.MILLI.,.METRE.) );
#7604 = ( NAMED_UNIT(*) PLANE_ANGLE_UNIT() SI_UNIT($,.RADIAN.) );
#7605 = ( NAMED_UNIT(*) SI_UNIT($,.STERADIAN.) SOLID_ANGLE_UNIT() );
#7606 = UNCERTAINTY_MEASURE_WITH_UNIT(LENGTH_MEASURE(1.E-07),#7603,
  'distance_accuracy_value','confusion accuracy');
#7607 = CONTEXT_DEPENDENT_SHAPE_REPRESENTATION(#7608,#7610);
#7608 = ( REPRESENTATION_RELATIONSHIP('','',#7589,#112) 
REPRESENTATION_RELATIONSHIP_WITH_TRANSFORMATION(#7609) 
SHAPE_REPRESENTATION_RELATIONSHIP() );
#7609 = ITEM_DEFINED_TRANSFORMATION('','',#11,#889);
#7610 = PRODUCT_DEFINITION_SHAPE('Placement','Placement of an item',
  #7611);
#7611 = NEXT_ASSEMBLY_USAGE_OCCURRENCE('1758','R11','',#107,#7584,$);
#7612 = PRODUCT_RELATED_PRODUCT_CATEGORY('part',$,(#7586));
#7613 = SHAPE_DEFINITION_REPRESENTATION(#7614,#7620);
#7614 = PRODUCT_DEFINITION_SHAPE('','',#7615);
#7615 = PRODUCT_DEFINITION('design','',#7616,#7619);
#7616 = PRODUCT_DEFINITION_FORMATION('','',#7617);
#7617 = PRODUCT('P11','P11','',(#7618));
#7618 = PRODUCT_CONTEXT('',#2,'mechanical');
#7619 = PRODUCT_DEFINITION_CONTEXT('part definition',#2,'design');
#7620 = ADVANCED_BREP_SHAPE_REPRESENTATION('',(#11,#7621),#7633);
#7621 = MANIFOLD_SOLID_BREP('',#7622);
#7622 = CLOSED_SHELL('',(#7623));
#7623 = ADVANCED_FACE('',(#7624),#7628,.T.);
#7624 = FACE_BOUND('',#7625,.T.);
#7625 = VERTEX_LOOP('',#7626);
#7626 = VERTEX_POINT('',#7627);
#7627 = CARTESIAN_POINT('',(0.,0.,-0.175));
#7628 = SPHERICAL_SURFACE('',#7629,0.175);
#7629 = AXIS2_PLACEMENT_3D('',#7630,#7631,#7632);
#7630 = CARTESIAN_POINT('',(0.,0.,0.));
#7631 = DIRECTION('',(0.,0.,1.));
#7632 = DIRECTION('',(1.,0.,-0.));
#7633 = ( GEOMETRIC_REPRESENTATION_CONTEXT(3) 
GLOBAL_UNCERTAINTY_ASSIGNED_CONTEXT((#7637)) 
GLOBAL_UNIT_ASSIGNED_CONTEXT((#7634,#7635,#7636)) REPRESENTATION_CONTEXT
('Context #1','3D Context with UNIT and UNCERTAINTY') );
#7634 = ( LENGTH_UNIT() NAMED_UNIT(*) SI_UNIT(.MILLI.,.METRE.) );
#7635 = ( NAMED_UNIT(*) PLANE_ANGLE_UNIT() SI_UNIT($,.RADIAN.) );
#7636 = ( NAMED_UNIT(*) SI_UNIT($,.STERADIAN.) SOLID_ANGLE_UNIT() );
#7637 = UNCERTAINTY_MEASURE_WITH_UNIT(LENGTH_MEASURE(1.E-07),#7634,
  'distance_accuracy_value','confusion accuracy');
#7638 = CONTEXT_DEPENDENT_SHAPE_REPRESENTATION(#7639,#7641);
#7639 = ( REPRESENTATION_RELATIONSHIP('','',#7620,#112) 
REPRESENTATION_RELATIONSHIP_WITH_TRANSFORMATION(#7640) 
SHAPE_REPRESENTATION_RELATIONSHIP() );
#7640 = ITEM_DEFINED_TRANSFORMATION('','',#11,#893);
#7641 = PRODUCT_DEFINITION_SHAPE('Placement','Placement of an item',
  #7642);
#7642 = NEXT_ASSEMBLY_USAGE_OCCURRENCE('1759','P11','',#107,#7615,$);
#7643 = PRODUCT_RELATED_PRODUCT_CATEGORY('part',$,(#7617));
#7644 = SHAPE_DEFINITION_REPRESENTATION(#7645,#7651);
#7645 = PRODUCT_DEFINITION_SHAPE('','',#7646);
#7646 = PRODUCT_DEFINITION('design','',#7647,#7650);
#7647 = PRODUCT_DEFINITION_FORMATION('','',#7648);
#7648 = PRODUCT('N11','N11','',(#7649));
#7649 = PRODUCT_CONTEXT('',#2,'mechanical');
#7650 = PRODUCT_DEFINITION_CONTEXT('part definition',#2,'design');
#7651 = ADVANCED_BREP_SHAPE_REPRESENTATION('',(#11,#7652),#7664);
#7652 = MANIFOLD_SOLID_BREP('',#7653);
#7653 = CLOSED_SHELL('',(#7654));
#7654 = ADVANCED_FACE('',(#7655),#7659,.T.);
#7655 = FACE_BOUND('',#7656,.T.);
#7656 = VERTEX_LOOP('',#7657);
#7657 = VERTEX_POINT('',#7658);
#7658 = CARTESIAN_POINT('',(0.,0.,-0.175));
#7659 = SPHERICAL_SURFACE('',#7660,0.175);
#7660 = AXIS2_PLACEMENT_3D('',#7661,#7662,#7663);
#7661 = CARTESIAN_POINT('',(0.,0.,0.));
#7662 = DIRECTION('',(0.,0.,1.));
#7663 = DIRECTION('',(1.,0.,-0.));
#7664 = ( GEOMETRIC_REPRESENTATION_CONTEXT(3) 
GLOBAL_UNCERTAINTY_ASSIGNED_CONTEXT((#7668)) 
GLOBAL_UNIT_ASSIGNED_CONTEXT((#7665,#7666,#7667)) REPRESENTATION_CONTEXT
('Context #1','3D Context with UNIT and UNCERTAINTY') );
#7665 = ( LENGTH_UNIT() NAMED_UNIT(*) SI_UNIT(.MILLI.,.METRE.) );
#7666 = ( NAMED_UNIT(*) PLANE_ANGLE_UNIT() SI_UNIT($,.RADIAN.) );
#7667 = ( NAMED_UNIT(*) SI_UNIT($,.STERADIAN.) SOLID_ANGLE_UNIT() );
#7668 = UNCERTAINTY_MEASURE_WITH_UNIT(LENGTH_MEASURE(1.E-07),#7665,
  'distance_accuracy_value','confusion accuracy');
#7669 = CONTEXT_DEPENDENT_SHAPE_REPRESENTATION(#7670,#7672);
#7670 = ( REPRESENTATION_RELATIONSHIP('','',#7651,#112) 
REPRESENTATION_RELATIONSHIP_WITH_TRANSFORMATION(#7671) 
SHAPE_REPRESENTATION_RELATIONSHIP() );
#7671 = ITEM_DEFINED_TRANSFORMATION('','',#11,#897);
#7672 = PRODUCT_DEFINITION_SHAPE('Placement','Placement of an item',
  #7673);
#7673 = NEXT_ASSEMBLY_USAGE_OCCURRENCE('1760','N11','',#107,#7646,$);
#7674 = PRODUCT_RELATED_PRODUCT_CATEGORY('part',$,(#7648));
#7675 = SHAPE_DEFINITION_REPRESENTATION(#7676,#7682);
#7676 = PRODUCT_DEFINITION_SHAPE('','',#7677);
#7677 = PRODUCT_DEFINITION('design','',#7678,#7681);
#7678 = PRODUCT_DEFINITION_FORMATION('','',#7679);
#7679 = PRODUCT('M11','M11','',(#7680));
#7680 = PRODUCT_CONTEXT('',#2,'mechanical');
#7681 = PRODUCT_DEFINITION_CONTEXT('part definition',#2,'design');
#7682 = ADVANCED_BREP_SHAPE_REPRESENTATION('',(#11,#7683),#7695);
#7683 = MANIFOLD_SOLID_BREP('',#7684);
#7684 = CLOSED_SHELL('',(#7685));
#7685 = ADVANCED_FACE('',(#7686),#7690,.T.);
#7686 = FACE_BOUND('',#7687,.T.);
#7687 = VERTEX_LOOP('',#7688);
#7688 = VERTEX_POINT('',#7689);
#7689 = CARTESIAN_POINT('',(0.,0.,-0.175));
#7690 = SPHERICAL_SURFACE('',#7691,0.175);
#7691 = AXIS2_PLACEMENT_3D('',#7692,#7693,#7694);
#7692 = CARTESIAN_POINT('',(0.,0.,0.));
#7693 = DIRECTION('',(0.,0.,1.));
#7694 = DIRECTION('',(1.,0.,-0.));
#7695 = ( GEOMETRIC_REPRESENTATION_CONTEXT(3) 
GLOBAL_UNCERTAINTY_ASSIGNED_CONTEXT((#7699)) 
GLOBAL_UNIT_ASSIGNED_CONTEXT((#7696,#7697,#7698)) REPRESENTATION_CONTEXT
('Context #1','3D Context with UNIT and UNCERTAINTY') );
#7696 = ( LENGTH_UNIT() NAMED_UNIT(*) SI_UNIT(.MILLI.,.METRE.) );
#7697 = ( NAMED_UNIT(*) PLANE_ANGLE_UNIT() SI_UNIT($,.RADIAN.) );
#7698 = ( NAMED_UNIT(*) SI_UNIT($,.STERADIAN.) SOLID_ANGLE_UNIT() );
#7699 = UNCERTAINTY_MEASURE_WITH_UNIT(LENGTH_MEASURE(1.E-07),#7696,
  'distance_accuracy_value','confusion accuracy');
#7700 = CONTEXT_DEPENDENT_SHAPE_REPRESENTATION(#7701,#7703);
#7701 = ( REPRESENTATION_RELATIONSHIP('','',#7682,#112) 
REPRESENTATION_RELATIONSHIP_WITH_TRANSFORMATION(#7702) 
SHAPE_REPRESENTATION_RELATIONSHIP() );
#7702 = ITEM_DEFINED_TRANSFORMATION('','',#11,#901);
#7703 = PRODUCT_DEFINITION_SHAPE('Placement','Placement of an item',
  #7704);
#7704 = NEXT_ASSEMBLY_USAGE_OCCURRENCE('1761','M11','',#107,#7677,$);
#7705 = PRODUCT_RELATED_PRODUCT_CATEGORY('part',$,(#7679));
#7706 = SHAPE_DEFINITION_REPRESENTATION(#7707,#7713);
#7707 = PRODUCT_DEFINITION_SHAPE('','',#7708);
#7708 = PRODUCT_DEFINITION('design','',#7709,#7712);
#7709 = PRODUCT_DEFINITION_FORMATION('','',#7710);
#7710 = PRODUCT('L11','L11','',(#7711));
#7711 = PRODUCT_CONTEXT('',#2,'mechanical');
#7712 = PRODUCT_DEFINITION_CONTEXT('part definition',#2,'design');
#7713 = ADVANCED_BREP_SHAPE_REPRESENTATION('',(#11,#7714),#7726);
#7714 = MANIFOLD_SOLID_BREP('',#7715);
#7715 = CLOSED_SHELL('',(#7716));
#7716 = ADVANCED_FACE('',(#7717),#7721,.T.);
#7717 = FACE_BOUND('',#7718,.T.);
#7718 = VERTEX_LOOP('',#7719);
#7719 = VERTEX_POINT('',#7720);
#7720 = CARTESIAN_POINT('',(0.,0.,-0.175));
#7721 = SPHERICAL_SURFACE('',#7722,0.175);
#7722 = AXIS2_PLACEMENT_3D('',#7723,#7724,#7725);
#7723 = CARTESIAN_POINT('',(0.,0.,0.));
#7724 = DIRECTION('',(0.,0.,1.));
#7725 = DIRECTION('',(1.,0.,-0.));
#7726 = ( GEOMETRIC_REPRESENTATION_CONTEXT(3) 
GLOBAL_UNCERTAINTY_ASSIGNED_CONTEXT((#7730)) 
GLOBAL_UNIT_ASSIGNED_CONTEXT((#7727,#7728,#7729)) REPRESENTATION_CONTEXT
('Context #1','3D Context with UNIT and UNCERTAINTY') );
#7727 = ( LENGTH_UNIT() NAMED_UNIT(*) SI_UNIT(.MILLI.,.METRE.) );
#7728 = ( NAMED_UNIT(*) PLANE_ANGLE_UNIT() SI_UNIT($,.RADIAN.) );
#7729 = ( NAMED_UNIT(*) SI_UNIT($,.STERADIAN.) SOLID_ANGLE_UNIT() );
#7730 = UNCERTAINTY_MEASURE_WITH_UNIT(LENGTH_MEASURE(1.E-07),#7727,
  'distance_accuracy_value','confusion accuracy');
#7731 = CONTEXT_DEPENDENT_SHAPE_REPRESENTATION(#7732,#7734);
#7732 = ( REPRESENTATION_RELATIONSHIP('','',#7713,#112) 
REPRESENTATION_RELATIONSHIP_WITH_TRANSFORMATION(#7733) 
SHAPE_REPRESENTATION_RELATIONSHIP() );
#7733 = ITEM_DEFINED_TRANSFORMATION('','',#11,#905);
#7734 = PRODUCT_DEFINITION_SHAPE('Placement','Placement of an item',
  #7735);
#7735 = NEXT_ASSEMBLY_USAGE_OCCURRENCE('1762','L11','',#107,#7708,$);
#7736 = PRODUCT_RELATED_PRODUCT_CATEGORY('part',$,(#7710));
#7737 = SHAPE_DEFINITION_REPRESENTATION(#7738,#7744);
#7738 = PRODUCT_DEFINITION_SHAPE('','',#7739);
#7739 = PRODUCT_DEFINITION('design','',#7740,#7743);
#7740 = PRODUCT_DEFINITION_FORMATION('','',#7741);
#7741 = PRODUCT('K11','K11','',(#7742));
#7742 = PRODUCT_CONTEXT('',#2,'mechanical');
#7743 = PRODUCT_DEFINITION_CONTEXT('part definition',#2,'design');
#7744 = ADVANCED_BREP_SHAPE_REPRESENTATION('',(#11,#7745),#7757);
#7745 = MANIFOLD_SOLID_BREP('',#7746);
#7746 = CLOSED_SHELL('',(#7747));
#7747 = ADVANCED_FACE('',(#7748),#7752,.T.);
#7748 = FACE_BOUND('',#7749,.T.);
#7749 = VERTEX_LOOP('',#7750);
#7750 = VERTEX_POINT('',#7751);
#7751 = CARTESIAN_POINT('',(0.,0.,-0.175));
#7752 = SPHERICAL_SURFACE('',#7753,0.175);
#7753 = AXIS2_PLACEMENT_3D('',#7754,#7755,#7756);
#7754 = CARTESIAN_POINT('',(0.,0.,0.));
#7755 = DIRECTION('',(0.,0.,1.));
#7756 = DIRECTION('',(1.,0.,-0.));
#7757 = ( GEOMETRIC_REPRESENTATION_CONTEXT(3) 
GLOBAL_UNCERTAINTY_ASSIGNED_CONTEXT((#7761)) 
GLOBAL_UNIT_ASSIGNED_CONTEXT((#7758,#7759,#7760)) REPRESENTATION_CONTEXT
('Context #1','3D Context with UNIT and UNCERTAINTY') );
#7758 = ( LENGTH_UNIT() NAMED_UNIT(*) SI_UNIT(.MILLI.,.METRE.) );
#7759 = ( NAMED_UNIT(*) PLANE_ANGLE_UNIT() SI_UNIT($,.RADIAN.) );
#7760 = ( NAMED_UNIT(*) SI_UNIT($,.STERADIAN.) SOLID_ANGLE_UNIT() );
#7761 = UNCERTAINTY_MEASURE_WITH_UNIT(LENGTH_MEASURE(1.E-07),#7758,
  'distance_accuracy_value','confusion accuracy');
#7762 = CONTEXT_DEPENDENT_SHAPE_REPRESENTATION(#7763,#7765);
#7763 = ( REPRESENTATION_RELATIONSHIP('','',#7744,#112) 
REPRESENTATION_RELATIONSHIP_WITH_TRANSFORMATION(#7764) 
SHAPE_REPRESENTATION_RELATIONSHIP() );
#7764 = ITEM_DEFINED_TRANSFORMATION('','',#11,#909);
#7765 = PRODUCT_DEFINITION_SHAPE('Placement','Placement of an item',
  #7766);
#7766 = NEXT_ASSEMBLY_USAGE_OCCURRENCE('1763','K11','',#107,#7739,$);
#7767 = PRODUCT_RELATED_PRODUCT_CATEGORY('part',$,(#7741));
#7768 = SHAPE_DEFINITION_REPRESENTATION(#7769,#7775);
#7769 = PRODUCT_DEFINITION_SHAPE('','',#7770);
#7770 = PRODUCT_DEFINITION('design','',#7771,#7774);
#7771 = PRODUCT_DEFINITION_FORMATION('','',#7772);
#7772 = PRODUCT('J11','J11','',(#7773));
#7773 = PRODUCT_CONTEXT('',#2,'mechanical');
#7774 = PRODUCT_DEFINITION_CONTEXT('part definition',#2,'design');
#7775 = ADVANCED_BREP_SHAPE_REPRESENTATION('',(#11,#7776),#7788);
#7776 = MANIFOLD_SOLID_BREP('',#7777);
#7777 = CLOSED_SHELL('',(#7778));
#7778 = ADVANCED_FACE('',(#7779),#7783,.T.);
#7779 = FACE_BOUND('',#7780,.T.);
#7780 = VERTEX_LOOP('',#7781);
#7781 = VERTEX_POINT('',#7782);
#7782 = CARTESIAN_POINT('',(0.,0.,-0.175));
#7783 = SPHERICAL_SURFACE('',#7784,0.175);
#7784 = AXIS2_PLACEMENT_3D('',#7785,#7786,#7787);
#7785 = CARTESIAN_POINT('',(0.,0.,0.));
#7786 = DIRECTION('',(0.,0.,1.));
#7787 = DIRECTION('',(1.,0.,-0.));
#7788 = ( GEOMETRIC_REPRESENTATION_CONTEXT(3) 
GLOBAL_UNCERTAINTY_ASSIGNED_CONTEXT((#7792)) 
GLOBAL_UNIT_ASSIGNED_CONTEXT((#7789,#7790,#7791)) REPRESENTATION_CONTEXT
('Context #1','3D Context with UNIT and UNCERTAINTY') );
#7789 = ( LENGTH_UNIT() NAMED_UNIT(*) SI_UNIT(.MILLI.,.METRE.) );
#7790 = ( NAMED_UNIT(*) PLANE_ANGLE_UNIT() SI_UNIT($,.RADIAN.) );
#7791 = ( NAMED_UNIT(*) SI_UNIT($,.STERADIAN.) SOLID_ANGLE_UNIT() );
#7792 = UNCERTAINTY_MEASURE_WITH_UNIT(LENGTH_MEASURE(1.E-07),#7789,
  'distance_accuracy_value','confusion accuracy');
#7793 = CONTEXT_DEPENDENT_SHAPE_REPRESENTATION(#7794,#7796);
#7794 = ( REPRESENTATION_RELATIONSHIP('','',#7775,#112) 
REPRESENTATION_RELATIONSHIP_WITH_TRANSFORMATION(#7795) 
SHAPE_REPRESENTATION_RELATIONSHIP() );
#7795 = ITEM_DEFINED_TRANSFORMATION('','',#11,#913);
#7796 = PRODUCT_DEFINITION_SHAPE('Placement','Placement of an item',
  #7797);
#7797 = NEXT_ASSEMBLY_USAGE_OCCURRENCE('1764','J11','',#107,#7770,$);
#7798 = PRODUCT_RELATED_PRODUCT_CATEGORY('part',$,(#7772));
#7799 = SHAPE_DEFINITION_REPRESENTATION(#7800,#7806);
#7800 = PRODUCT_DEFINITION_SHAPE('','',#7801);
#7801 = PRODUCT_DEFINITION('design','',#7802,#7805);
#7802 = PRODUCT_DEFINITION_FORMATION('','',#7803);
#7803 = PRODUCT('H11','H11','',(#7804));
#7804 = PRODUCT_CONTEXT('',#2,'mechanical');
#7805 = PRODUCT_DEFINITION_CONTEXT('part definition',#2,'design');
#7806 = ADVANCED_BREP_SHAPE_REPRESENTATION('',(#11,#7807),#7819);
#7807 = MANIFOLD_SOLID_BREP('',#7808);
#7808 = CLOSED_SHELL('',(#7809));
#7809 = ADVANCED_FACE('',(#7810),#7814,.T.);
#7810 = FACE_BOUND('',#7811,.T.);
#7811 = VERTEX_LOOP('',#7812);
#7812 = VERTEX_POINT('',#7813);
#7813 = CARTESIAN_POINT('',(0.,0.,-0.175));
#7814 = SPHERICAL_SURFACE('',#7815,0.175);
#7815 = AXIS2_PLACEMENT_3D('',#7816,#7817,#7818);
#7816 = CARTESIAN_POINT('',(0.,0.,0.));
#7817 = DIRECTION('',(0.,0.,1.));
#7818 = DIRECTION('',(1.,0.,-0.));
#7819 = ( GEOMETRIC_REPRESENTATION_CONTEXT(3) 
GLOBAL_UNCERTAINTY_ASSIGNED_CONTEXT((#7823)) 
GLOBAL_UNIT_ASSIGNED_CONTEXT((#7820,#7821,#7822)) REPRESENTATION_CONTEXT
('Context #1','3D Context with UNIT and UNCERTAINTY') );
#7820 = ( LENGTH_UNIT() NAMED_UNIT(*) SI_UNIT(.MILLI.,.METRE.) );
#7821 = ( NAMED_UNIT(*) PLANE_ANGLE_UNIT() SI_UNIT($,.RADIAN.) );
#7822 = ( NAMED_UNIT(*) SI_UNIT($,.STERADIAN.) SOLID_ANGLE_UNIT() );
#7823 = UNCERTAINTY_MEASURE_WITH_UNIT(LENGTH_MEASURE(1.E-07),#7820,
  'distance_accuracy_value','confusion accuracy');
#7824 = CONTEXT_DEPENDENT_SHAPE_REPRESENTATION(#7825,#7827);
#7825 = ( REPRESENTATION_RELATIONSHIP('','',#7806,#112) 
REPRESENTATION_RELATIONSHIP_WITH_TRANSFORMATION(#7826) 
SHAPE_REPRESENTATION_RELATIONSHIP() );
#7826 = ITEM_DEFINED_TRANSFORMATION('','',#11,#917);
#7827 = PRODUCT_DEFINITION_SHAPE('Placement','Placement of an item',
  #7828);
#7828 = NEXT_ASSEMBLY_USAGE_OCCURRENCE('1765','H11','',#107,#7801,$);
#7829 = PRODUCT_RELATED_PRODUCT_CATEGORY('part',$,(#7803));
#7830 = SHAPE_DEFINITION_REPRESENTATION(#7831,#7837);
#7831 = PRODUCT_DEFINITION_SHAPE('','',#7832);
#7832 = PRODUCT_DEFINITION('design','',#7833,#7836);
#7833 = PRODUCT_DEFINITION_FORMATION('','',#7834);
#7834 = PRODUCT('G11','G11','',(#7835));
#7835 = PRODUCT_CONTEXT('',#2,'mechanical');
#7836 = PRODUCT_DEFINITION_CONTEXT('part definition',#2,'design');
#7837 = ADVANCED_BREP_SHAPE_REPRESENTATION('',(#11,#7838),#7850);
#7838 = MANIFOLD_SOLID_BREP('',#7839);
#7839 = CLOSED_SHELL('',(#7840));
#7840 = ADVANCED_FACE('',(#7841),#7845,.T.);
#7841 = FACE_BOUND('',#7842,.T.);
#7842 = VERTEX_LOOP('',#7843);
#7843 = VERTEX_POINT('',#7844);
#7844 = CARTESIAN_POINT('',(0.,0.,-0.175));
#7845 = SPHERICAL_SURFACE('',#7846,0.175);
#7846 = AXIS2_PLACEMENT_3D('',#7847,#7848,#7849);
#7847 = CARTESIAN_POINT('',(0.,0.,0.));
#7848 = DIRECTION('',(0.,0.,1.));
#7849 = DIRECTION('',(1.,0.,-0.));
#7850 = ( GEOMETRIC_REPRESENTATION_CONTEXT(3) 
GLOBAL_UNCERTAINTY_ASSIGNED_CONTEXT((#7854)) 
GLOBAL_UNIT_ASSIGNED_CONTEXT((#7851,#7852,#7853)) REPRESENTATION_CONTEXT
('Context #1','3D Context with UNIT and UNCERTAINTY') );
#7851 = ( LENGTH_UNIT() NAMED_UNIT(*) SI_UNIT(.MILLI.,.METRE.) );
#7852 = ( NAMED_UNIT(*) PLANE_ANGLE_UNIT() SI_UNIT($,.RADIAN.) );
#7853 = ( NAMED_UNIT(*) SI_UNIT($,.STERADIAN.) SOLID_ANGLE_UNIT() );
#7854 = UNCERTAINTY_MEASURE_WITH_UNIT(LENGTH_MEASURE(1.E-07),#7851,
  'distance_accuracy_value','confusion accuracy');
#7855 = CONTEXT_DEPENDENT_SHAPE_REPRESENTATION(#7856,#7858);
#7856 = ( REPRESENTATION_RELATIONSHIP('','',#7837,#112) 
REPRESENTATION_RELATIONSHIP_WITH_TRANSFORMATION(#7857) 
SHAPE_REPRESENTATION_RELATIONSHIP() );
#7857 = ITEM_DEFINED_TRANSFORMATION('','',#11,#921);
#7858 = PRODUCT_DEFINITION_SHAPE('Placement','Placement of an item',
  #7859);
#7859 = NEXT_ASSEMBLY_USAGE_OCCURRENCE('1766','G11','',#107,#7832,$);
#7860 = PRODUCT_RELATED_PRODUCT_CATEGORY('part',$,(#7834));
#7861 = SHAPE_DEFINITION_REPRESENTATION(#7862,#7868);
#7862 = PRODUCT_DEFINITION_SHAPE('','',#7863);
#7863 = PRODUCT_DEFINITION('design','',#7864,#7867);
#7864 = PRODUCT_DEFINITION_FORMATION('','',#7865);
#7865 = PRODUCT('F11','F11','',(#7866));
#7866 = PRODUCT_CONTEXT('',#2,'mechanical');
#7867 = PRODUCT_DEFINITION_CONTEXT('part definition',#2,'design');
#7868 = ADVANCED_BREP_SHAPE_REPRESENTATION('',(#11,#7869),#7881);
#7869 = MANIFOLD_SOLID_BREP('',#7870);
#7870 = CLOSED_SHELL('',(#7871));
#7871 = ADVANCED_FACE('',(#7872),#7876,.T.);
#7872 = FACE_BOUND('',#7873,.T.);
#7873 = VERTEX_LOOP('',#7874);
#7874 = VERTEX_POINT('',#7875);
#7875 = CARTESIAN_POINT('',(0.,0.,-0.175));
#7876 = SPHERICAL_SURFACE('',#7877,0.175);
#7877 = AXIS2_PLACEMENT_3D('',#7878,#7879,#7880);
#7878 = CARTESIAN_POINT('',(0.,0.,0.));
#7879 = DIRECTION('',(0.,0.,1.));
#7880 = DIRECTION('',(1.,0.,-0.));
#7881 = ( GEOMETRIC_REPRESENTATION_CONTEXT(3) 
GLOBAL_UNCERTAINTY_ASSIGNED_CONTEXT((#7885)) 
GLOBAL_UNIT_ASSIGNED_CONTEXT((#7882,#7883,#7884)) REPRESENTATION_CONTEXT
('Context #1','3D Context with UNIT and UNCERTAINTY') );
#7882 = ( LENGTH_UNIT() NAMED_UNIT(*) SI_UNIT(.MILLI.,.METRE.) );
#7883 = ( NAMED_UNIT(*) PLANE_ANGLE_UNIT() SI_UNIT($,.RADIAN.) );
#7884 = ( NAMED_UNIT(*) SI_UNIT($,.STERADIAN.) SOLID_ANGLE_UNIT() );
#7885 = UNCERTAINTY_MEASURE_WITH_UNIT(LENGTH_MEASURE(1.E-07),#7882,
  'distance_accuracy_value','confusion accuracy');
#7886 = CONTEXT_DEPENDENT_SHAPE_REPRESENTATION(#7887,#7889);
#7887 = ( REPRESENTATION_RELATIONSHIP('','',#7868,#112) 
REPRESENTATION_RELATIONSHIP_WITH_TRANSFORMATION(#7888) 
SHAPE_REPRESENTATION_RELATIONSHIP() );
#7888 = ITEM_DEFINED_TRANSFORMATION('','',#11,#925);
#7889 = PRODUCT_DEFINITION_SHAPE('Placement','Placement of an item',
  #7890);
#7890 = NEXT_ASSEMBLY_USAGE_OCCURRENCE('1767','F11','',#107,#7863,$);
#7891 = PRODUCT_RELATED_PRODUCT_CATEGORY('part',$,(#7865));
#7892 = SHAPE_DEFINITION_REPRESENTATION(#7893,#7899);
#7893 = PRODUCT_DEFINITION_SHAPE('','',#7894);
#7894 = PRODUCT_DEFINITION('design','',#7895,#7898);
#7895 = PRODUCT_DEFINITION_FORMATION('','',#7896);
#7896 = PRODUCT('E11','E11','',(#7897));
#7897 = PRODUCT_CONTEXT('',#2,'mechanical');
#7898 = PRODUCT_DEFINITION_CONTEXT('part definition',#2,'design');
#7899 = ADVANCED_BREP_SHAPE_REPRESENTATION('',(#11,#7900),#7912);
#7900 = MANIFOLD_SOLID_BREP('',#7901);
#7901 = CLOSED_SHELL('',(#7902));
#7902 = ADVANCED_FACE('',(#7903),#7907,.T.);
#7903 = FACE_BOUND('',#7904,.T.);
#7904 = VERTEX_LOOP('',#7905);
#7905 = VERTEX_POINT('',#7906);
#7906 = CARTESIAN_POINT('',(0.,0.,-0.175));
#7907 = SPHERICAL_SURFACE('',#7908,0.175);
#7908 = AXIS2_PLACEMENT_3D('',#7909,#7910,#7911);
#7909 = CARTESIAN_POINT('',(0.,0.,0.));
#7910 = DIRECTION('',(0.,0.,1.));
#7911 = DIRECTION('',(1.,0.,-0.));
#7912 = ( GEOMETRIC_REPRESENTATION_CONTEXT(3) 
GLOBAL_UNCERTAINTY_ASSIGNED_CONTEXT((#7916)) 
GLOBAL_UNIT_ASSIGNED_CONTEXT((#7913,#7914,#7915)) REPRESENTATION_CONTEXT
('Context #1','3D Context with UNIT and UNCERTAINTY') );
#7913 = ( LENGTH_UNIT() NAMED_UNIT(*) SI_UNIT(.MILLI.,.METRE.) );
#7914 = ( NAMED_UNIT(*) PLANE_ANGLE_UNIT() SI_UNIT($,.RADIAN.) );
#7915 = ( NAMED_UNIT(*) SI_UNIT($,.STERADIAN.) SOLID_ANGLE_UNIT() );
#7916 = UNCERTAINTY_MEASURE_WITH_UNIT(LENGTH_MEASURE(1.E-07),#7913,
  'distance_accuracy_value','confusion accuracy');
#7917 = CONTEXT_DEPENDENT_SHAPE_REPRESENTATION(#7918,#7920);
#7918 = ( REPRESENTATION_RELATIONSHIP('','',#7899,#112) 
REPRESENTATION_RELATIONSHIP_WITH_TRANSFORMATION(#7919) 
SHAPE_REPRESENTATION_RELATIONSHIP() );
#7919 = ITEM_DEFINED_TRANSFORMATION('','',#11,#929);
#7920 = PRODUCT_DEFINITION_SHAPE('Placement','Placement of an item',
  #7921);
#7921 = NEXT_ASSEMBLY_USAGE_OCCURRENCE('1768','E11','',#107,#7894,$);
#7922 = PRODUCT_RELATED_PRODUCT_CATEGORY('part',$,(#7896));
#7923 = SHAPE_DEFINITION_REPRESENTATION(#7924,#7930);
#7924 = PRODUCT_DEFINITION_SHAPE('','',#7925);
#7925 = PRODUCT_DEFINITION('design','',#7926,#7929);
#7926 = PRODUCT_DEFINITION_FORMATION('','',#7927);
#7927 = PRODUCT('D11','D11','',(#7928));
#7928 = PRODUCT_CONTEXT('',#2,'mechanical');
#7929 = PRODUCT_DEFINITION_CONTEXT('part definition',#2,'design');
#7930 = ADVANCED_BREP_SHAPE_REPRESENTATION('',(#11,#7931),#7943);
#7931 = MANIFOLD_SOLID_BREP('',#7932);
#7932 = CLOSED_SHELL('',(#7933));
#7933 = ADVANCED_FACE('',(#7934),#7938,.T.);
#7934 = FACE_BOUND('',#7935,.T.);
#7935 = VERTEX_LOOP('',#7936);
#7936 = VERTEX_POINT('',#7937);
#7937 = CARTESIAN_POINT('',(0.,0.,-0.175));
#7938 = SPHERICAL_SURFACE('',#7939,0.175);
#7939 = AXIS2_PLACEMENT_3D('',#7940,#7941,#7942);
#7940 = CARTESIAN_POINT('',(0.,0.,0.));
#7941 = DIRECTION('',(0.,0.,1.));
#7942 = DIRECTION('',(1.,0.,-0.));
#7943 = ( GEOMETRIC_REPRESENTATION_CONTEXT(3) 
GLOBAL_UNCERTAINTY_ASSIGNED_CONTEXT((#7947)) 
GLOBAL_UNIT_ASSIGNED_CONTEXT((#7944,#7945,#7946)) REPRESENTATION_CONTEXT
('Context #1','3D Context with UNIT and UNCERTAINTY') );
#7944 = ( LENGTH_UNIT() NAMED_UNIT(*) SI_UNIT(.MILLI.,.METRE.) );
#7945 = ( NAMED_UNIT(*) PLANE_ANGLE_UNIT() SI_UNIT($,.RADIAN.) );
#7946 = ( NAMED_UNIT(*) SI_UNIT($,.STERADIAN.) SOLID_ANGLE_UNIT() );
#7947 = UNCERTAINTY_MEASURE_WITH_UNIT(LENGTH_MEASURE(1.E-07),#7944,
  'distance_accuracy_value','confusion accuracy');
#7948 = CONTEXT_DEPENDENT_SHAPE_REPRESENTATION(#7949,#7951);
#7949 = ( REPRESENTATION_RELATIONSHIP('','',#7930,#112) 
REPRESENTATION_RELATIONSHIP_WITH_TRANSFORMATION(#7950) 
SHAPE_REPRESENTATION_RELATIONSHIP() );
#7950 = ITEM_DEFINED_TRANSFORMATION('','',#11,#933);
#7951 = PRODUCT_DEFINITION_SHAPE('Placement','Placement of an item',
  #7952);
#7952 = NEXT_ASSEMBLY_USAGE_OCCURRENCE('1769','D11','',#107,#7925,$);
#7953 = PRODUCT_RELATED_PRODUCT_CATEGORY('part',$,(#7927));
#7954 = SHAPE_DEFINITION_REPRESENTATION(#7955,#7961);
#7955 = PRODUCT_DEFINITION_SHAPE('','',#7956);
#7956 = PRODUCT_DEFINITION('design','',#7957,#7960);
#7957 = PRODUCT_DEFINITION_FORMATION('','',#7958);
#7958 = PRODUCT('C11','C11','',(#7959));
#7959 = PRODUCT_CONTEXT('',#2,'mechanical');
#7960 = PRODUCT_DEFINITION_CONTEXT('part definition',#2,'design');
#7961 = ADVANCED_BREP_SHAPE_REPRESENTATION('',(#11,#7962),#7974);
#7962 = MANIFOLD_SOLID_BREP('',#7963);
#7963 = CLOSED_SHELL('',(#7964));
#7964 = ADVANCED_FACE('',(#7965),#7969,.T.);
#7965 = FACE_BOUND('',#7966,.T.);
#7966 = VERTEX_LOOP('',#7967);
#7967 = VERTEX_POINT('',#7968);
#7968 = CARTESIAN_POINT('',(0.,0.,-0.175));
#7969 = SPHERICAL_SURFACE('',#7970,0.175);
#7970 = AXIS2_PLACEMENT_3D('',#7971,#7972,#7973);
#7971 = CARTESIAN_POINT('',(0.,0.,0.));
#7972 = DIRECTION('',(0.,0.,1.));
#7973 = DIRECTION('',(1.,0.,-0.));
#7974 = ( GEOMETRIC_REPRESENTATION_CONTEXT(3) 
GLOBAL_UNCERTAINTY_ASSIGNED_CONTEXT((#7978)) 
GLOBAL_UNIT_ASSIGNED_CONTEXT((#7975,#7976,#7977)) REPRESENTATION_CONTEXT
('Context #1','3D Context with UNIT and UNCERTAINTY') );
#7975 = ( LENGTH_UNIT() NAMED_UNIT(*) SI_UNIT(.MILLI.,.METRE.) );
#7976 = ( NAMED_UNIT(*) PLANE_ANGLE_UNIT() SI_UNIT($,.RADIAN.) );
#7977 = ( NAMED_UNIT(*) SI_UNIT($,.STERADIAN.) SOLID_ANGLE_UNIT() );
#7978 = UNCERTAINTY_MEASURE_WITH_UNIT(LENGTH_MEASURE(1.E-07),#7975,
  'distance_accuracy_value','confusion accuracy');
#7979 = CONTEXT_DEPENDENT_SHAPE_REPRESENTATION(#7980,#7982);
#7980 = ( REPRESENTATION_RELATIONSHIP('','',#7961,#112) 
REPRESENTATION_RELATIONSHIP_WITH_TRANSFORMATION(#7981) 
SHAPE_REPRESENTATION_RELATIONSHIP() );
#7981 = ITEM_DEFINED_TRANSFORMATION('','',#11,#937);
#7982 = PRODUCT_DEFINITION_SHAPE('Placement','Placement of an item',
  #7983);
#7983 = NEXT_ASSEMBLY_USAGE_OCCURRENCE('1770','C11','',#107,#7956,$);
#7984 = PRODUCT_RELATED_PRODUCT_CATEGORY('part',$,(#7958));
#7985 = SHAPE_DEFINITION_REPRESENTATION(#7986,#7992);
#7986 = PRODUCT_DEFINITION_SHAPE('','',#7987);
#7987 = PRODUCT_DEFINITION('design','',#7988,#7991);
#7988 = PRODUCT_DEFINITION_FORMATION('','',#7989);
#7989 = PRODUCT('B11','B11','',(#7990));
#7990 = PRODUCT_CONTEXT('',#2,'mechanical');
#7991 = PRODUCT_DEFINITION_CONTEXT('part definition',#2,'design');
#7992 = ADVANCED_BREP_SHAPE_REPRESENTATION('',(#11,#7993),#8005);
#7993 = MANIFOLD_SOLID_BREP('',#7994);
#7994 = CLOSED_SHELL('',(#7995));
#7995 = ADVANCED_FACE('',(#7996),#8000,.T.);
#7996 = FACE_BOUND('',#7997,.T.);
#7997 = VERTEX_LOOP('',#7998);
#7998 = VERTEX_POINT('',#7999);
#7999 = CARTESIAN_POINT('',(0.,0.,-0.175));
#8000 = SPHERICAL_SURFACE('',#8001,0.175);
#8001 = AXIS2_PLACEMENT_3D('',#8002,#8003,#8004);
#8002 = CARTESIAN_POINT('',(0.,0.,0.));
#8003 = DIRECTION('',(0.,0.,1.));
#8004 = DIRECTION('',(1.,0.,-0.));
#8005 = ( GEOMETRIC_REPRESENTATION_CONTEXT(3) 
GLOBAL_UNCERTAINTY_ASSIGNED_CONTEXT((#8009)) 
GLOBAL_UNIT_ASSIGNED_CONTEXT((#8006,#8007,#8008)) REPRESENTATION_CONTEXT
('Context #1','3D Context with UNIT and UNCERTAINTY') );
#8006 = ( LENGTH_UNIT() NAMED_UNIT(*) SI_UNIT(.MILLI.,.METRE.) );
#8007 = ( NAMED_UNIT(*) PLANE_ANGLE_UNIT() SI_UNIT($,.RADIAN.) );
#8008 = ( NAMED_UNIT(*) SI_UNIT($,.STERADIAN.) SOLID_ANGLE_UNIT() );
#8009 = UNCERTAINTY_MEASURE_WITH_UNIT(LENGTH_MEASURE(1.E-07),#8006,
  'distance_accuracy_value','confusion accuracy');
#8010 = CONTEXT_DEPENDENT_SHAPE_REPRESENTATION(#8011,#8013);
#8011 = ( REPRESENTATION_RELATIONSHIP('','',#7992,#112) 
REPRESENTATION_RELATIONSHIP_WITH_TRANSFORMATION(#8012) 
SHAPE_REPRESENTATION_RELATIONSHIP() );
#8012 = ITEM_DEFINED_TRANSFORMATION('','',#11,#941);
#8013 = PRODUCT_DEFINITION_SHAPE('Placement','Placement of an item',
  #8014);
#8014 = NEXT_ASSEMBLY_USAGE_OCCURRENCE('1771','B11','',#107,#7987,$);
#8015 = PRODUCT_RELATED_PRODUCT_CATEGORY('part',$,(#7989));
#8016 = SHAPE_DEFINITION_REPRESENTATION(#8017,#8023);
#8017 = PRODUCT_DEFINITION_SHAPE('','',#8018);
#8018 = PRODUCT_DEFINITION('design','',#8019,#8022);
#8019 = PRODUCT_DEFINITION_FORMATION('','',#8020);
#8020 = PRODUCT('A11','A11','',(#8021));
#8021 = PRODUCT_CONTEXT('',#2,'mechanical');
#8022 = PRODUCT_DEFINITION_CONTEXT('part definition',#2,'design');
#8023 = ADVANCED_BREP_SHAPE_REPRESENTATION('',(#11,#8024),#8036);
#8024 = MANIFOLD_SOLID_BREP('',#8025);
#8025 = CLOSED_SHELL('',(#8026));
#8026 = ADVANCED_FACE('',(#8027),#8031,.T.);
#8027 = FACE_BOUND('',#8028,.T.);
#8028 = VERTEX_LOOP('',#8029);
#8029 = VERTEX_POINT('',#8030);
#8030 = CARTESIAN_POINT('',(0.,0.,-0.175));
#8031 = SPHERICAL_SURFACE('',#8032,0.175);
#8032 = AXIS2_PLACEMENT_3D('',#8033,#8034,#8035);
#8033 = CARTESIAN_POINT('',(0.,0.,0.));
#8034 = DIRECTION('',(0.,0.,1.));
#8035 = DIRECTION('',(1.,0.,-0.));
#8036 = ( GEOMETRIC_REPRESENTATION_CONTEXT(3) 
GLOBAL_UNCERTAINTY_ASSIGNED_CONTEXT((#8040)) 
GLOBAL_UNIT_ASSIGNED_CONTEXT((#8037,#8038,#8039)) REPRESENTATION_CONTEXT
('Context #1','3D Context with UNIT and UNCERTAINTY') );
#8037 = ( LENGTH_UNIT() NAMED_UNIT(*) SI_UNIT(.MILLI.,.METRE.) );
#8038 = ( NAMED_UNIT(*) PLANE_ANGLE_UNIT() SI_UNIT($,.RADIAN.) );
#8039 = ( NAMED_UNIT(*) SI_UNIT($,.STERADIAN.) SOLID_ANGLE_UNIT() );
#8040 = UNCERTAINTY_MEASURE_WITH_UNIT(LENGTH_MEASURE(1.E-07),#8037,
  'distance_accuracy_value','confusion accuracy');
#8041 = CONTEXT_DEPENDENT_SHAPE_REPRESENTATION(#8042,#8044);
#8042 = ( REPRESENTATION_RELATIONSHIP('','',#8023,#112) 
REPRESENTATION_RELATIONSHIP_WITH_TRANSFORMATION(#8043) 
SHAPE_REPRESENTATION_RELATIONSHIP() );
#8043 = ITEM_DEFINED_TRANSFORMATION('','',#11,#945);
#8044 = PRODUCT_DEFINITION_SHAPE('Placement','Placement of an item',
  #8045);
#8045 = NEXT_ASSEMBLY_USAGE_OCCURRENCE('1772','A11','',#107,#8018,$);
#8046 = PRODUCT_RELATED_PRODUCT_CATEGORY('part',$,(#8020));
#8047 = SHAPE_DEFINITION_REPRESENTATION(#8048,#8054);
#8048 = PRODUCT_DEFINITION_SHAPE('','',#8049);
#8049 = PRODUCT_DEFINITION('design','',#8050,#8053);
#8050 = PRODUCT_DEFINITION_FORMATION('','',#8051);
#8051 = PRODUCT('W12','W12','',(#8052));
#8052 = PRODUCT_CONTEXT('',#2,'mechanical');
#8053 = PRODUCT_DEFINITION_CONTEXT('part definition',#2,'design');
#8054 = ADVANCED_BREP_SHAPE_REPRESENTATION('',(#11,#8055),#8067);
#8055 = MANIFOLD_SOLID_BREP('',#8056);
#8056 = CLOSED_SHELL('',(#8057));
#8057 = ADVANCED_FACE('',(#8058),#8062,.T.);
#8058 = FACE_BOUND('',#8059,.T.);
#8059 = VERTEX_LOOP('',#8060);
#8060 = VERTEX_POINT('',#8061);
#8061 = CARTESIAN_POINT('',(0.,0.,-0.175));
#8062 = SPHERICAL_SURFACE('',#8063,0.175);
#8063 = AXIS2_PLACEMENT_3D('',#8064,#8065,#8066);
#8064 = CARTESIAN_POINT('',(0.,0.,0.));
#8065 = DIRECTION('',(0.,0.,1.));
#8066 = DIRECTION('',(1.,0.,-0.));
#8067 = ( GEOMETRIC_REPRESENTATION_CONTEXT(3) 
GLOBAL_UNCERTAINTY_ASSIGNED_CONTEXT((#8071)) 
GLOBAL_UNIT_ASSIGNED_CONTEXT((#8068,#8069,#8070)) REPRESENTATION_CONTEXT
('Context #1','3D Context with UNIT and UNCERTAINTY') );
#8068 = ( LENGTH_UNIT() NAMED_UNIT(*) SI_UNIT(.MILLI.,.METRE.) );
#8069 = ( NAMED_UNIT(*) PLANE_ANGLE_UNIT() SI_UNIT($,.RADIAN.) );
#8070 = ( NAMED_UNIT(*) SI_UNIT($,.STERADIAN.) SOLID_ANGLE_UNIT() );
#8071 = UNCERTAINTY_MEASURE_WITH_UNIT(LENGTH_MEASURE(1.E-07),#8068,
  'distance_accuracy_value','confusion accuracy');
#8072 = CONTEXT_DEPENDENT_SHAPE_REPRESENTATION(#8073,#8075);
#8073 = ( REPRESENTATION_RELATIONSHIP('','',#8054,#112) 
REPRESENTATION_RELATIONSHIP_WITH_TRANSFORMATION(#8074) 
SHAPE_REPRESENTATION_RELATIONSHIP() );
#8074 = ITEM_DEFINED_TRANSFORMATION('','',#11,#949);
#8075 = PRODUCT_DEFINITION_SHAPE('Placement','Placement of an item',
  #8076);
#8076 = NEXT_ASSEMBLY_USAGE_OCCURRENCE('1773','W12','',#107,#8049,$);
#8077 = PRODUCT_RELATED_PRODUCT_CATEGORY('part',$,(#8051));
#8078 = SHAPE_DEFINITION_REPRESENTATION(#8079,#8085);
#8079 = PRODUCT_DEFINITION_SHAPE('','',#8080);
#8080 = PRODUCT_DEFINITION('design','',#8081,#8084);
#8081 = PRODUCT_DEFINITION_FORMATION('','',#8082);
#8082 = PRODUCT('V12','V12','',(#8083));
#8083 = PRODUCT_CONTEXT('',#2,'mechanical');
#8084 = PRODUCT_DEFINITION_CONTEXT('part definition',#2,'design');
#8085 = ADVANCED_BREP_SHAPE_REPRESENTATION('',(#11,#8086),#8098);
#8086 = MANIFOLD_SOLID_BREP('',#8087);
#8087 = CLOSED_SHELL('',(#8088));
#8088 = ADVANCED_FACE('',(#8089),#8093,.T.);
#8089 = FACE_BOUND('',#8090,.T.);
#8090 = VERTEX_LOOP('',#8091);
#8091 = VERTEX_POINT('',#8092);
#8092 = CARTESIAN_POINT('',(0.,0.,-0.175));
#8093 = SPHERICAL_SURFACE('',#8094,0.175);
#8094 = AXIS2_PLACEMENT_3D('',#8095,#8096,#8097);
#8095 = CARTESIAN_POINT('',(0.,0.,0.));
#8096 = DIRECTION('',(0.,0.,1.));
#8097 = DIRECTION('',(1.,0.,-0.));
#8098 = ( GEOMETRIC_REPRESENTATION_CONTEXT(3) 
GLOBAL_UNCERTAINTY_ASSIGNED_CONTEXT((#8102)) 
GLOBAL_UNIT_ASSIGNED_CONTEXT((#8099,#8100,#8101)) REPRESENTATION_CONTEXT
('Context #1','3D Context with UNIT and UNCERTAINTY') );
#8099 = ( LENGTH_UNIT() NAMED_UNIT(*) SI_UNIT(.MILLI.,.METRE.) );
#8100 = ( NAMED_UNIT(*) PLANE_ANGLE_UNIT() SI_UNIT($,.RADIAN.) );
#8101 = ( NAMED_UNIT(*) SI_UNIT($,.STERADIAN.) SOLID_ANGLE_UNIT() );
#8102 = UNCERTAINTY_MEASURE_WITH_UNIT(LENGTH_MEASURE(1.E-07),#8099,
  'distance_accuracy_value','confusion accuracy');
#8103 = CONTEXT_DEPENDENT_SHAPE_REPRESENTATION(#8104,#8106);
#8104 = ( REPRESENTATION_RELATIONSHIP('','',#8085,#112) 
REPRESENTATION_RELATIONSHIP_WITH_TRANSFORMATION(#8105) 
SHAPE_REPRESENTATION_RELATIONSHIP() );
#8105 = ITEM_DEFINED_TRANSFORMATION('','',#11,#953);
#8106 = PRODUCT_DEFINITION_SHAPE('Placement','Placement of an item',
  #8107);
#8107 = NEXT_ASSEMBLY_USAGE_OCCURRENCE('1774','V12','',#107,#8080,$);
#8108 = PRODUCT_RELATED_PRODUCT_CATEGORY('part',$,(#8082));
#8109 = SHAPE_DEFINITION_REPRESENTATION(#8110,#8116);
#8110 = PRODUCT_DEFINITION_SHAPE('','',#8111);
#8111 = PRODUCT_DEFINITION('design','',#8112,#8115);
#8112 = PRODUCT_DEFINITION_FORMATION('','',#8113);
#8113 = PRODUCT('U12','U12','',(#8114));
#8114 = PRODUCT_CONTEXT('',#2,'mechanical');
#8115 = PRODUCT_DEFINITION_CONTEXT('part definition',#2,'design');
#8116 = ADVANCED_BREP_SHAPE_REPRESENTATION('',(#11,#8117),#8129);
#8117 = MANIFOLD_SOLID_BREP('',#8118);
#8118 = CLOSED_SHELL('',(#8119));
#8119 = ADVANCED_FACE('',(#8120),#8124,.T.);
#8120 = FACE_BOUND('',#8121,.T.);
#8121 = VERTEX_LOOP('',#8122);
#8122 = VERTEX_POINT('',#8123);
#8123 = CARTESIAN_POINT('',(0.,0.,-0.175));
#8124 = SPHERICAL_SURFACE('',#8125,0.175);
#8125 = AXIS2_PLACEMENT_3D('',#8126,#8127,#8128);
#8126 = CARTESIAN_POINT('',(0.,0.,0.));
#8127 = DIRECTION('',(0.,0.,1.));
#8128 = DIRECTION('',(1.,0.,-0.));
#8129 = ( GEOMETRIC_REPRESENTATION_CONTEXT(3) 
GLOBAL_UNCERTAINTY_ASSIGNED_CONTEXT((#8133)) 
GLOBAL_UNIT_ASSIGNED_CONTEXT((#8130,#8131,#8132)) REPRESENTATION_CONTEXT
('Context #1','3D Context with UNIT and UNCERTAINTY') );
#8130 = ( LENGTH_UNIT() NAMED_UNIT(*) SI_UNIT(.MILLI.,.METRE.) );
#8131 = ( NAMED_UNIT(*) PLANE_ANGLE_UNIT() SI_UNIT($,.RADIAN.) );
#8132 = ( NAMED_UNIT(*) SI_UNIT($,.STERADIAN.) SOLID_ANGLE_UNIT() );
#8133 = UNCERTAINTY_MEASURE_WITH_UNIT(LENGTH_MEASURE(1.E-07),#8130,
  'distance_accuracy_value','confusion accuracy');
#8134 = CONTEXT_DEPENDENT_SHAPE_REPRESENTATION(#8135,#8137);
#8135 = ( REPRESENTATION_RELATIONSHIP('','',#8116,#112) 
REPRESENTATION_RELATIONSHIP_WITH_TRANSFORMATION(#8136) 
SHAPE_REPRESENTATION_RELATIONSHIP() );
#8136 = ITEM_DEFINED_TRANSFORMATION('','',#11,#957);
#8137 = PRODUCT_DEFINITION_SHAPE('Placement','Placement of an item',
  #8138);
#8138 = NEXT_ASSEMBLY_USAGE_OCCURRENCE('1775','U12','',#107,#8111,$);
#8139 = PRODUCT_RELATED_PRODUCT_CATEGORY('part',$,(#8113));
#8140 = SHAPE_DEFINITION_REPRESENTATION(#8141,#8147);
#8141 = PRODUCT_DEFINITION_SHAPE('','',#8142);
#8142 = PRODUCT_DEFINITION('design','',#8143,#8146);
#8143 = PRODUCT_DEFINITION_FORMATION('','',#8144);
#8144 = PRODUCT('T12','T12','',(#8145));
#8145 = PRODUCT_CONTEXT('',#2,'mechanical');
#8146 = PRODUCT_DEFINITION_CONTEXT('part definition',#2,'design');
#8147 = ADVANCED_BREP_SHAPE_REPRESENTATION('',(#11,#8148),#8160);
#8148 = MANIFOLD_SOLID_BREP('',#8149);
#8149 = CLOSED_SHELL('',(#8150));
#8150 = ADVANCED_FACE('',(#8151),#8155,.T.);
#8151 = FACE_BOUND('',#8152,.T.);
#8152 = VERTEX_LOOP('',#8153);
#8153 = VERTEX_POINT('',#8154);
#8154 = CARTESIAN_POINT('',(0.,0.,-0.175));
#8155 = SPHERICAL_SURFACE('',#8156,0.175);
#8156 = AXIS2_PLACEMENT_3D('',#8157,#8158,#8159);
#8157 = CARTESIAN_POINT('',(0.,0.,0.));
#8158 = DIRECTION('',(0.,0.,1.));
#8159 = DIRECTION('',(1.,0.,-0.));
#8160 = ( GEOMETRIC_REPRESENTATION_CONTEXT(3) 
GLOBAL_UNCERTAINTY_ASSIGNED_CONTEXT((#8164)) 
GLOBAL_UNIT_ASSIGNED_CONTEXT((#8161,#8162,#8163)) REPRESENTATION_CONTEXT
('Context #1','3D Context with UNIT and UNCERTAINTY') );
#8161 = ( LENGTH_UNIT() NAMED_UNIT(*) SI_UNIT(.MILLI.,.METRE.) );
#8162 = ( NAMED_UNIT(*) PLANE_ANGLE_UNIT() SI_UNIT($,.RADIAN.) );
#8163 = ( NAMED_UNIT(*) SI_UNIT($,.STERADIAN.) SOLID_ANGLE_UNIT() );
#8164 = UNCERTAINTY_MEASURE_WITH_UNIT(LENGTH_MEASURE(1.E-07),#8161,
  'distance_accuracy_value','confusion accuracy');
#8165 = CONTEXT_DEPENDENT_SHAPE_REPRESENTATION(#8166,#8168);
#8166 = ( REPRESENTATION_RELATIONSHIP('','',#8147,#112) 
REPRESENTATION_RELATIONSHIP_WITH_TRANSFORMATION(#8167) 
SHAPE_REPRESENTATION_RELATIONSHIP() );
#8167 = ITEM_DEFINED_TRANSFORMATION('','',#11,#961);
#8168 = PRODUCT_DEFINITION_SHAPE('Placement','Placement of an item',
  #8169);
#8169 = NEXT_ASSEMBLY_USAGE_OCCURRENCE('1776','T12','',#107,#8142,$);
#8170 = PRODUCT_RELATED_PRODUCT_CATEGORY('part',$,(#8144));
#8171 = SHAPE_DEFINITION_REPRESENTATION(#8172,#8178);
#8172 = PRODUCT_DEFINITION_SHAPE('','',#8173);
#8173 = PRODUCT_DEFINITION('design','',#8174,#8177);
#8174 = PRODUCT_DEFINITION_FORMATION('','',#8175);
#8175 = PRODUCT('R12','R12','',(#8176));
#8176 = PRODUCT_CONTEXT('',#2,'mechanical');
#8177 = PRODUCT_DEFINITION_CONTEXT('part definition',#2,'design');
#8178 = ADVANCED_BREP_SHAPE_REPRESENTATION('',(#11,#8179),#8191);
#8179 = MANIFOLD_SOLID_BREP('',#8180);
#8180 = CLOSED_SHELL('',(#8181));
#8181 = ADVANCED_FACE('',(#8182),#8186,.T.);
#8182 = FACE_BOUND('',#8183,.T.);
#8183 = VERTEX_LOOP('',#8184);
#8184 = VERTEX_POINT('',#8185);
#8185 = CARTESIAN_POINT('',(0.,0.,-0.175));
#8186 = SPHERICAL_SURFACE('',#8187,0.175);
#8187 = AXIS2_PLACEMENT_3D('',#8188,#8189,#8190);
#8188 = CARTESIAN_POINT('',(0.,0.,0.));
#8189 = DIRECTION('',(0.,0.,1.));
#8190 = DIRECTION('',(1.,0.,-0.));
#8191 = ( GEOMETRIC_REPRESENTATION_CONTEXT(3) 
GLOBAL_UNCERTAINTY_ASSIGNED_CONTEXT((#8195)) 
GLOBAL_UNIT_ASSIGNED_CONTEXT((#8192,#8193,#8194)) REPRESENTATION_CONTEXT
('Context #1','3D Context with UNIT and UNCERTAINTY') );
#8192 = ( LENGTH_UNIT() NAMED_UNIT(*) SI_UNIT(.MILLI.,.METRE.) );
#8193 = ( NAMED_UNIT(*) PLANE_ANGLE_UNIT() SI_UNIT($,.RADIAN.) );
#8194 = ( NAMED_UNIT(*) SI_UNIT($,.STERADIAN.) SOLID_ANGLE_UNIT() );
#8195 = UNCERTAINTY_MEASURE_WITH_UNIT(LENGTH_MEASURE(1.E-07),#8192,
  'distance_accuracy_value','confusion accuracy');
#8196 = CONTEXT_DEPENDENT_SHAPE_REPRESENTATION(#8197,#8199);
#8197 = ( REPRESENTATION_RELATIONSHIP('','',#8178,#112) 
REPRESENTATION_RELATIONSHIP_WITH_TRANSFORMATION(#8198) 
SHAPE_REPRESENTATION_RELATIONSHIP() );
#8198 = ITEM_DEFINED_TRANSFORMATION('','',#11,#965);
#8199 = PRODUCT_DEFINITION_SHAPE('Placement','Placement of an item',
  #8200);
#8200 = NEXT_ASSEMBLY_USAGE_OCCURRENCE('1777','R12','',#107,#8173,$);
#8201 = PRODUCT_RELATED_PRODUCT_CATEGORY('part',$,(#8175));
#8202 = SHAPE_DEFINITION_REPRESENTATION(#8203,#8209);
#8203 = PRODUCT_DEFINITION_SHAPE('','',#8204);
#8204 = PRODUCT_DEFINITION('design','',#8205,#8208);
#8205 = PRODUCT_DEFINITION_FORMATION('','',#8206);
#8206 = PRODUCT('P12','P12','',(#8207));
#8207 = PRODUCT_CONTEXT('',#2,'mechanical');
#8208 = PRODUCT_DEFINITION_CONTEXT('part definition',#2,'design');
#8209 = ADVANCED_BREP_SHAPE_REPRESENTATION('',(#11,#8210),#8222);
#8210 = MANIFOLD_SOLID_BREP('',#8211);
#8211 = CLOSED_SHELL('',(#8212));
#8212 = ADVANCED_FACE('',(#8213),#8217,.T.);
#8213 = FACE_BOUND('',#8214,.T.);
#8214 = VERTEX_LOOP('',#8215);
#8215 = VERTEX_POINT('',#8216);
#8216 = CARTESIAN_POINT('',(0.,0.,-0.175));
#8217 = SPHERICAL_SURFACE('',#8218,0.175);
#8218 = AXIS2_PLACEMENT_3D('',#8219,#8220,#8221);
#8219 = CARTESIAN_POINT('',(0.,0.,0.));
#8220 = DIRECTION('',(0.,0.,1.));
#8221 = DIRECTION('',(1.,0.,-0.));
#8222 = ( GEOMETRIC_REPRESENTATION_CONTEXT(3) 
GLOBAL_UNCERTAINTY_ASSIGNED_CONTEXT((#8226)) 
GLOBAL_UNIT_ASSIGNED_CONTEXT((#8223,#8224,#8225)) REPRESENTATION_CONTEXT
('Context #1','3D Context with UNIT and UNCERTAINTY') );
#8223 = ( LENGTH_UNIT() NAMED_UNIT(*) SI_UNIT(.MILLI.,.METRE.) );
#8224 = ( NAMED_UNIT(*) PLANE_ANGLE_UNIT() SI_UNIT($,.RADIAN.) );
#8225 = ( NAMED_UNIT(*) SI_UNIT($,.STERADIAN.) SOLID_ANGLE_UNIT() );
#8226 = UNCERTAINTY_MEASURE_WITH_UNIT(LENGTH_MEASURE(1.E-07),#8223,
  'distance_accuracy_value','confusion accuracy');
#8227 = CONTEXT_DEPENDENT_SHAPE_REPRESENTATION(#8228,#8230);
#8228 = ( REPRESENTATION_RELATIONSHIP('','',#8209,#112) 
REPRESENTATION_RELATIONSHIP_WITH_TRANSFORMATION(#8229) 
SHAPE_REPRESENTATION_RELATIONSHIP() );
#8229 = ITEM_DEFINED_TRANSFORMATION('','',#11,#969);
#8230 = PRODUCT_DEFINITION_SHAPE('Placement','Placement of an item',
  #8231);
#8231 = NEXT_ASSEMBLY_USAGE_OCCURRENCE('1778','P12','',#107,#8204,$);
#8232 = PRODUCT_RELATED_PRODUCT_CATEGORY('part',$,(#8206));
#8233 = SHAPE_DEFINITION_REPRESENTATION(#8234,#8240);
#8234 = PRODUCT_DEFINITION_SHAPE('','',#8235);
#8235 = PRODUCT_DEFINITION('design','',#8236,#8239);
#8236 = PRODUCT_DEFINITION_FORMATION('','',#8237);
#8237 = PRODUCT('N12','N12','',(#8238));
#8238 = PRODUCT_CONTEXT('',#2,'mechanical');
#8239 = PRODUCT_DEFINITION_CONTEXT('part definition',#2,'design');
#8240 = ADVANCED_BREP_SHAPE_REPRESENTATION('',(#11,#8241),#8253);
#8241 = MANIFOLD_SOLID_BREP('',#8242);
#8242 = CLOSED_SHELL('',(#8243));
#8243 = ADVANCED_FACE('',(#8244),#8248,.T.);
#8244 = FACE_BOUND('',#8245,.T.);
#8245 = VERTEX_LOOP('',#8246);
#8246 = VERTEX_POINT('',#8247);
#8247 = CARTESIAN_POINT('',(0.,0.,-0.175));
#8248 = SPHERICAL_SURFACE('',#8249,0.175);
#8249 = AXIS2_PLACEMENT_3D('',#8250,#8251,#8252);
#8250 = CARTESIAN_POINT('',(0.,0.,0.));
#8251 = DIRECTION('',(0.,0.,1.));
#8252 = DIRECTION('',(1.,0.,-0.));
#8253 = ( GEOMETRIC_REPRESENTATION_CONTEXT(3) 
GLOBAL_UNCERTAINTY_ASSIGNED_CONTEXT((#8257)) 
GLOBAL_UNIT_ASSIGNED_CONTEXT((#8254,#8255,#8256)) REPRESENTATION_CONTEXT
('Context #1','3D Context with UNIT and UNCERTAINTY') );
#8254 = ( LENGTH_UNIT() NAMED_UNIT(*) SI_UNIT(.MILLI.,.METRE.) );
#8255 = ( NAMED_UNIT(*) PLANE_ANGLE_UNIT() SI_UNIT($,.RADIAN.) );
#8256 = ( NAMED_UNIT(*) SI_UNIT($,.STERADIAN.) SOLID_ANGLE_UNIT() );
#8257 = UNCERTAINTY_MEASURE_WITH_UNIT(LENGTH_MEASURE(1.E-07),#8254,
  'distance_accuracy_value','confusion accuracy');
#8258 = CONTEXT_DEPENDENT_SHAPE_REPRESENTATION(#8259,#8261);
#8259 = ( REPRESENTATION_RELATIONSHIP('','',#8240,#112) 
REPRESENTATION_RELATIONSHIP_WITH_TRANSFORMATION(#8260) 
SHAPE_REPRESENTATION_RELATIONSHIP() );
#8260 = ITEM_DEFINED_TRANSFORMATION('','',#11,#973);
#8261 = PRODUCT_DEFINITION_SHAPE('Placement','Placement of an item',
  #8262);
#8262 = NEXT_ASSEMBLY_USAGE_OCCURRENCE('1779','N12','',#107,#8235,$);
#8263 = PRODUCT_RELATED_PRODUCT_CATEGORY('part',$,(#8237));
#8264 = SHAPE_DEFINITION_REPRESENTATION(#8265,#8271);
#8265 = PRODUCT_DEFINITION_SHAPE('','',#8266);
#8266 = PRODUCT_DEFINITION('design','',#8267,#8270);
#8267 = PRODUCT_DEFINITION_FORMATION('','',#8268);
#8268 = PRODUCT('M12','M12','',(#8269));
#8269 = PRODUCT_CONTEXT('',#2,'mechanical');
#8270 = PRODUCT_DEFINITION_CONTEXT('part definition',#2,'design');
#8271 = ADVANCED_BREP_SHAPE_REPRESENTATION('',(#11,#8272),#8284);
#8272 = MANIFOLD_SOLID_BREP('',#8273);
#8273 = CLOSED_SHELL('',(#8274));
#8274 = ADVANCED_FACE('',(#8275),#8279,.T.);
#8275 = FACE_BOUND('',#8276,.T.);
#8276 = VERTEX_LOOP('',#8277);
#8277 = VERTEX_POINT('',#8278);
#8278 = CARTESIAN_POINT('',(0.,0.,-0.175));
#8279 = SPHERICAL_SURFACE('',#8280,0.175);
#8280 = AXIS2_PLACEMENT_3D('',#8281,#8282,#8283);
#8281 = CARTESIAN_POINT('',(0.,0.,0.));
#8282 = DIRECTION('',(0.,0.,1.));
#8283 = DIRECTION('',(1.,0.,-0.));
#8284 = ( GEOMETRIC_REPRESENTATION_CONTEXT(3) 
GLOBAL_UNCERTAINTY_ASSIGNED_CONTEXT((#8288)) 
GLOBAL_UNIT_ASSIGNED_CONTEXT((#8285,#8286,#8287)) REPRESENTATION_CONTEXT
('Context #1','3D Context with UNIT and UNCERTAINTY') );
#8285 = ( LENGTH_UNIT() NAMED_UNIT(*) SI_UNIT(.MILLI.,.METRE.) );
#8286 = ( NAMED_UNIT(*) PLANE_ANGLE_UNIT() SI_UNIT($,.RADIAN.) );
#8287 = ( NAMED_UNIT(*) SI_UNIT($,.STERADIAN.) SOLID_ANGLE_UNIT() );
#8288 = UNCERTAINTY_MEASURE_WITH_UNIT(LENGTH_MEASURE(1.E-07),#8285,
  'distance_accuracy_value','confusion accuracy');
#8289 = CONTEXT_DEPENDENT_SHAPE_REPRESENTATION(#8290,#8292);
#8290 = ( REPRESENTATION_RELATIONSHIP('','',#8271,#112) 
REPRESENTATION_RELATIONSHIP_WITH_TRANSFORMATION(#8291) 
SHAPE_REPRESENTATION_RELATIONSHIP() );
#8291 = ITEM_DEFINED_TRANSFORMATION('','',#11,#977);
#8292 = PRODUCT_DEFINITION_SHAPE('Placement','Placement of an item',
  #8293);
#8293 = NEXT_ASSEMBLY_USAGE_OCCURRENCE('1780','M12','',#107,#8266,$);
#8294 = PRODUCT_RELATED_PRODUCT_CATEGORY('part',$,(#8268));
#8295 = SHAPE_DEFINITION_REPRESENTATION(#8296,#8302);
#8296 = PRODUCT_DEFINITION_SHAPE('','',#8297);
#8297 = PRODUCT_DEFINITION('design','',#8298,#8301);
#8298 = PRODUCT_DEFINITION_FORMATION('','',#8299);
#8299 = PRODUCT('L12','L12','',(#8300));
#8300 = PRODUCT_CONTEXT('',#2,'mechanical');
#8301 = PRODUCT_DEFINITION_CONTEXT('part definition',#2,'design');
#8302 = ADVANCED_BREP_SHAPE_REPRESENTATION('',(#11,#8303),#8315);
#8303 = MANIFOLD_SOLID_BREP('',#8304);
#8304 = CLOSED_SHELL('',(#8305));
#8305 = ADVANCED_FACE('',(#8306),#8310,.T.);
#8306 = FACE_BOUND('',#8307,.T.);
#8307 = VERTEX_LOOP('',#8308);
#8308 = VERTEX_POINT('',#8309);
#8309 = CARTESIAN_POINT('',(0.,0.,-0.175));
#8310 = SPHERICAL_SURFACE('',#8311,0.175);
#8311 = AXIS2_PLACEMENT_3D('',#8312,#8313,#8314);
#8312 = CARTESIAN_POINT('',(0.,0.,0.));
#8313 = DIRECTION('',(0.,0.,1.));
#8314 = DIRECTION('',(1.,0.,-0.));
#8315 = ( GEOMETRIC_REPRESENTATION_CONTEXT(3) 
GLOBAL_UNCERTAINTY_ASSIGNED_CONTEXT((#8319)) 
GLOBAL_UNIT_ASSIGNED_CONTEXT((#8316,#8317,#8318)) REPRESENTATION_CONTEXT
('Context #1','3D Context with UNIT and UNCERTAINTY') );
#8316 = ( LENGTH_UNIT() NAMED_UNIT(*) SI_UNIT(.MILLI.,.METRE.) );
#8317 = ( NAMED_UNIT(*) PLANE_ANGLE_UNIT() SI_UNIT($,.RADIAN.) );
#8318 = ( NAMED_UNIT(*) SI_UNIT($,.STERADIAN.) SOLID_ANGLE_UNIT() );
#8319 = UNCERTAINTY_MEASURE_WITH_UNIT(LENGTH_MEASURE(1.E-07),#8316,
  'distance_accuracy_value','confusion accuracy');
#8320 = CONTEXT_DEPENDENT_SHAPE_REPRESENTATION(#8321,#8323);
#8321 = ( REPRESENTATION_RELATIONSHIP('','',#8302,#112) 
REPRESENTATION_RELATIONSHIP_WITH_TRANSFORMATION(#8322) 
SHAPE_REPRESENTATION_RELATIONSHIP() );
#8322 = ITEM_DEFINED_TRANSFORMATION('','',#11,#981);
#8323 = PRODUCT_DEFINITION_SHAPE('Placement','Placement of an item',
  #8324);
#8324 = NEXT_ASSEMBLY_USAGE_OCCURRENCE('1781','L12','',#107,#8297,$);
#8325 = PRODUCT_RELATED_PRODUCT_CATEGORY('part',$,(#8299));
#8326 = SHAPE_DEFINITION_REPRESENTATION(#8327,#8333);
#8327 = PRODUCT_DEFINITION_SHAPE('','',#8328);
#8328 = PRODUCT_DEFINITION('design','',#8329,#8332);
#8329 = PRODUCT_DEFINITION_FORMATION('','',#8330);
#8330 = PRODUCT('K12','K12','',(#8331));
#8331 = PRODUCT_CONTEXT('',#2,'mechanical');
#8332 = PRODUCT_DEFINITION_CONTEXT('part definition',#2,'design');
#8333 = ADVANCED_BREP_SHAPE_REPRESENTATION('',(#11,#8334),#8346);
#8334 = MANIFOLD_SOLID_BREP('',#8335);
#8335 = CLOSED_SHELL('',(#8336));
#8336 = ADVANCED_FACE('',(#8337),#8341,.T.);
#8337 = FACE_BOUND('',#8338,.T.);
#8338 = VERTEX_LOOP('',#8339);
#8339 = VERTEX_POINT('',#8340);
#8340 = CARTESIAN_POINT('',(0.,0.,-0.175));
#8341 = SPHERICAL_SURFACE('',#8342,0.175);
#8342 = AXIS2_PLACEMENT_3D('',#8343,#8344,#8345);
#8343 = CARTESIAN_POINT('',(0.,0.,0.));
#8344 = DIRECTION('',(0.,0.,1.));
#8345 = DIRECTION('',(1.,0.,-0.));
#8346 = ( GEOMETRIC_REPRESENTATION_CONTEXT(3) 
GLOBAL_UNCERTAINTY_ASSIGNED_CONTEXT((#8350)) 
GLOBAL_UNIT_ASSIGNED_CONTEXT((#8347,#8348,#8349)) REPRESENTATION_CONTEXT
('Context #1','3D Context with UNIT and UNCERTAINTY') );
#8347 = ( LENGTH_UNIT() NAMED_UNIT(*) SI_UNIT(.MILLI.,.METRE.) );
#8348 = ( NAMED_UNIT(*) PLANE_ANGLE_UNIT() SI_UNIT($,.RADIAN.) );
#8349 = ( NAMED_UNIT(*) SI_UNIT($,.STERADIAN.) SOLID_ANGLE_UNIT() );
#8350 = UNCERTAINTY_MEASURE_WITH_UNIT(LENGTH_MEASURE(1.E-07),#8347,
  'distance_accuracy_value','confusion accuracy');
#8351 = CONTEXT_DEPENDENT_SHAPE_REPRESENTATION(#8352,#8354);
#8352 = ( REPRESENTATION_RELATIONSHIP('','',#8333,#112) 
REPRESENTATION_RELATIONSHIP_WITH_TRANSFORMATION(#8353) 
SHAPE_REPRESENTATION_RELATIONSHIP() );
#8353 = ITEM_DEFINED_TRANSFORMATION('','',#11,#985);
#8354 = PRODUCT_DEFINITION_SHAPE('Placement','Placement of an item',
  #8355);
#8355 = NEXT_ASSEMBLY_USAGE_OCCURRENCE('1782','K12','',#107,#8328,$);
#8356 = PRODUCT_RELATED_PRODUCT_CATEGORY('part',$,(#8330));
#8357 = SHAPE_DEFINITION_REPRESENTATION(#8358,#8364);
#8358 = PRODUCT_DEFINITION_SHAPE('','',#8359);
#8359 = PRODUCT_DEFINITION('design','',#8360,#8363);
#8360 = PRODUCT_DEFINITION_FORMATION('','',#8361);
#8361 = PRODUCT('J12','J12','',(#8362));
#8362 = PRODUCT_CONTEXT('',#2,'mechanical');
#8363 = PRODUCT_DEFINITION_CONTEXT('part definition',#2,'design');
#8364 = ADVANCED_BREP_SHAPE_REPRESENTATION('',(#11,#8365),#8377);
#8365 = MANIFOLD_SOLID_BREP('',#8366);
#8366 = CLOSED_SHELL('',(#8367));
#8367 = ADVANCED_FACE('',(#8368),#8372,.T.);
#8368 = FACE_BOUND('',#8369,.T.);
#8369 = VERTEX_LOOP('',#8370);
#8370 = VERTEX_POINT('',#8371);
#8371 = CARTESIAN_POINT('',(0.,0.,-0.175));
#8372 = SPHERICAL_SURFACE('',#8373,0.175);
#8373 = AXIS2_PLACEMENT_3D('',#8374,#8375,#8376);
#8374 = CARTESIAN_POINT('',(0.,0.,0.));
#8375 = DIRECTION('',(0.,0.,1.));
#8376 = DIRECTION('',(1.,0.,-0.));
#8377 = ( GEOMETRIC_REPRESENTATION_CONTEXT(3) 
GLOBAL_UNCERTAINTY_ASSIGNED_CONTEXT((#8381)) 
GLOBAL_UNIT_ASSIGNED_CONTEXT((#8378,#8379,#8380)) REPRESENTATION_CONTEXT
('Context #1','3D Context with UNIT and UNCERTAINTY') );
#8378 = ( LENGTH_UNIT() NAMED_UNIT(*) SI_UNIT(.MILLI.,.METRE.) );
#8379 = ( NAMED_UNIT(*) PLANE_ANGLE_UNIT() SI_UNIT($,.RADIAN.) );
#8380 = ( NAMED_UNIT(*) SI_UNIT($,.STERADIAN.) SOLID_ANGLE_UNIT() );
#8381 = UNCERTAINTY_MEASURE_WITH_UNIT(LENGTH_MEASURE(1.E-07),#8378,
  'distance_accuracy_value','confusion accuracy');
#8382 = CONTEXT_DEPENDENT_SHAPE_REPRESENTATION(#8383,#8385);
#8383 = ( REPRESENTATION_RELATIONSHIP('','',#8364,#112) 
REPRESENTATION_RELATIONSHIP_WITH_TRANSFORMATION(#8384) 
SHAPE_REPRESENTATION_RELATIONSHIP() );
#8384 = ITEM_DEFINED_TRANSFORMATION('','',#11,#989);
#8385 = PRODUCT_DEFINITION_SHAPE('Placement','Placement of an item',
  #8386);
#8386 = NEXT_ASSEMBLY_USAGE_OCCURRENCE('1783','J12','',#107,#8359,$);
#8387 = PRODUCT_RELATED_PRODUCT_CATEGORY('part',$,(#8361));
#8388 = SHAPE_DEFINITION_REPRESENTATION(#8389,#8395);
#8389 = PRODUCT_DEFINITION_SHAPE('','',#8390);
#8390 = PRODUCT_DEFINITION('design','',#8391,#8394);
#8391 = PRODUCT_DEFINITION_FORMATION('','',#8392);
#8392 = PRODUCT('H12','H12','',(#8393));
#8393 = PRODUCT_CONTEXT('',#2,'mechanical');
#8394 = PRODUCT_DEFINITION_CONTEXT('part definition',#2,'design');
#8395 = ADVANCED_BREP_SHAPE_REPRESENTATION('',(#11,#8396),#8408);
#8396 = MANIFOLD_SOLID_BREP('',#8397);
#8397 = CLOSED_SHELL('',(#8398));
#8398 = ADVANCED_FACE('',(#8399),#8403,.T.);
#8399 = FACE_BOUND('',#8400,.T.);
#8400 = VERTEX_LOOP('',#8401);
#8401 = VERTEX_POINT('',#8402);
#8402 = CARTESIAN_POINT('',(0.,0.,-0.175));
#8403 = SPHERICAL_SURFACE('',#8404,0.175);
#8404 = AXIS2_PLACEMENT_3D('',#8405,#8406,#8407);
#8405 = CARTESIAN_POINT('',(0.,0.,0.));
#8406 = DIRECTION('',(0.,0.,1.));
#8407 = DIRECTION('',(1.,0.,-0.));
#8408 = ( GEOMETRIC_REPRESENTATION_CONTEXT(3) 
GLOBAL_UNCERTAINTY_ASSIGNED_CONTEXT((#8412)) 
GLOBAL_UNIT_ASSIGNED_CONTEXT((#8409,#8410,#8411)) REPRESENTATION_CONTEXT
('Context #1','3D Context with UNIT and UNCERTAINTY') );
#8409 = ( LENGTH_UNIT() NAMED_UNIT(*) SI_UNIT(.MILLI.,.METRE.) );
#8410 = ( NAMED_UNIT(*) PLANE_ANGLE_UNIT() SI_UNIT($,.RADIAN.) );
#8411 = ( NAMED_UNIT(*) SI_UNIT($,.STERADIAN.) SOLID_ANGLE_UNIT() );
#8412 = UNCERTAINTY_MEASURE_WITH_UNIT(LENGTH_MEASURE(1.E-07),#8409,
  'distance_accuracy_value','confusion accuracy');
#8413 = CONTEXT_DEPENDENT_SHAPE_REPRESENTATION(#8414,#8416);
#8414 = ( REPRESENTATION_RELATIONSHIP('','',#8395,#112) 
REPRESENTATION_RELATIONSHIP_WITH_TRANSFORMATION(#8415) 
SHAPE_REPRESENTATION_RELATIONSHIP() );
#8415 = ITEM_DEFINED_TRANSFORMATION('','',#11,#993);
#8416 = PRODUCT_DEFINITION_SHAPE('Placement','Placement of an item',
  #8417);
#8417 = NEXT_ASSEMBLY_USAGE_OCCURRENCE('1784','H12','',#107,#8390,$);
#8418 = PRODUCT_RELATED_PRODUCT_CATEGORY('part',$,(#8392));
#8419 = SHAPE_DEFINITION_REPRESENTATION(#8420,#8426);
#8420 = PRODUCT_DEFINITION_SHAPE('','',#8421);
#8421 = PRODUCT_DEFINITION('design','',#8422,#8425);
#8422 = PRODUCT_DEFINITION_FORMATION('','',#8423);
#8423 = PRODUCT('G12','G12','',(#8424));
#8424 = PRODUCT_CONTEXT('',#2,'mechanical');
#8425 = PRODUCT_DEFINITION_CONTEXT('part definition',#2,'design');
#8426 = ADVANCED_BREP_SHAPE_REPRESENTATION('',(#11,#8427),#8439);
#8427 = MANIFOLD_SOLID_BREP('',#8428);
#8428 = CLOSED_SHELL('',(#8429));
#8429 = ADVANCED_FACE('',(#8430),#8434,.T.);
#8430 = FACE_BOUND('',#8431,.T.);
#8431 = VERTEX_LOOP('',#8432);
#8432 = VERTEX_POINT('',#8433);
#8433 = CARTESIAN_POINT('',(0.,0.,-0.175));
#8434 = SPHERICAL_SURFACE('',#8435,0.175);
#8435 = AXIS2_PLACEMENT_3D('',#8436,#8437,#8438);
#8436 = CARTESIAN_POINT('',(0.,0.,0.));
#8437 = DIRECTION('',(0.,0.,1.));
#8438 = DIRECTION('',(1.,0.,-0.));
#8439 = ( GEOMETRIC_REPRESENTATION_CONTEXT(3) 
GLOBAL_UNCERTAINTY_ASSIGNED_CONTEXT((#8443)) 
GLOBAL_UNIT_ASSIGNED_CONTEXT((#8440,#8441,#8442)) REPRESENTATION_CONTEXT
('Context #1','3D Context with UNIT and UNCERTAINTY') );
#8440 = ( LENGTH_UNIT() NAMED_UNIT(*) SI_UNIT(.MILLI.,.METRE.) );
#8441 = ( NAMED_UNIT(*) PLANE_ANGLE_UNIT() SI_UNIT($,.RADIAN.) );
#8442 = ( NAMED_UNIT(*) SI_UNIT($,.STERADIAN.) SOLID_ANGLE_UNIT() );
#8443 = UNCERTAINTY_MEASURE_WITH_UNIT(LENGTH_MEASURE(1.E-07),#8440,
  'distance_accuracy_value','confusion accuracy');
#8444 = CONTEXT_DEPENDENT_SHAPE_REPRESENTATION(#8445,#8447);
#8445 = ( REPRESENTATION_RELATIONSHIP('','',#8426,#112) 
REPRESENTATION_RELATIONSHIP_WITH_TRANSFORMATION(#8446) 
SHAPE_REPRESENTATION_RELATIONSHIP() );
#8446 = ITEM_DEFINED_TRANSFORMATION('','',#11,#997);
#8447 = PRODUCT_DEFINITION_SHAPE('Placement','Placement of an item',
  #8448);
#8448 = NEXT_ASSEMBLY_USAGE_OCCURRENCE('1785','G12','',#107,#8421,$);
#8449 = PRODUCT_RELATED_PRODUCT_CATEGORY('part',$,(#8423));
#8450 = SHAPE_DEFINITION_REPRESENTATION(#8451,#8457);
#8451 = PRODUCT_DEFINITION_SHAPE('','',#8452);
#8452 = PRODUCT_DEFINITION('design','',#8453,#8456);
#8453 = PRODUCT_DEFINITION_FORMATION('','',#8454);
#8454 = PRODUCT('F12','F12','',(#8455));
#8455 = PRODUCT_CONTEXT('',#2,'mechanical');
#8456 = PRODUCT_DEFINITION_CONTEXT('part definition',#2,'design');
#8457 = ADVANCED_BREP_SHAPE_REPRESENTATION('',(#11,#8458),#8470);
#8458 = MANIFOLD_SOLID_BREP('',#8459);
#8459 = CLOSED_SHELL('',(#8460));
#8460 = ADVANCED_FACE('',(#8461),#8465,.T.);
#8461 = FACE_BOUND('',#8462,.T.);
#8462 = VERTEX_LOOP('',#8463);
#8463 = VERTEX_POINT('',#8464);
#8464 = CARTESIAN_POINT('',(0.,0.,-0.175));
#8465 = SPHERICAL_SURFACE('',#8466,0.175);
#8466 = AXIS2_PLACEMENT_3D('',#8467,#8468,#8469);
#8467 = CARTESIAN_POINT('',(0.,0.,0.));
#8468 = DIRECTION('',(0.,0.,1.));
#8469 = DIRECTION('',(1.,0.,-0.));
#8470 = ( GEOMETRIC_REPRESENTATION_CONTEXT(3) 
GLOBAL_UNCERTAINTY_ASSIGNED_CONTEXT((#8474)) 
GLOBAL_UNIT_ASSIGNED_CONTEXT((#8471,#8472,#8473)) REPRESENTATION_CONTEXT
('Context #1','3D Context with UNIT and UNCERTAINTY') );
#8471 = ( LENGTH_UNIT() NAMED_UNIT(*) SI_UNIT(.MILLI.,.METRE.) );
#8472 = ( NAMED_UNIT(*) PLANE_ANGLE_UNIT() SI_UNIT($,.RADIAN.) );
#8473 = ( NAMED_UNIT(*) SI_UNIT($,.STERADIAN.) SOLID_ANGLE_UNIT() );
#8474 = UNCERTAINTY_MEASURE_WITH_UNIT(LENGTH_MEASURE(1.E-07),#8471,
  'distance_accuracy_value','confusion accuracy');
#8475 = CONTEXT_DEPENDENT_SHAPE_REPRESENTATION(#8476,#8478);
#8476 = ( REPRESENTATION_RELATIONSHIP('','',#8457,#112) 
REPRESENTATION_RELATIONSHIP_WITH_TRANSFORMATION(#8477) 
SHAPE_REPRESENTATION_RELATIONSHIP() );
#8477 = ITEM_DEFINED_TRANSFORMATION('','',#11,#1001);
#8478 = PRODUCT_DEFINITION_SHAPE('Placement','Placement of an item',
  #8479);
#8479 = NEXT_ASSEMBLY_USAGE_OCCURRENCE('1786','F12','',#107,#8452,$);
#8480 = PRODUCT_RELATED_PRODUCT_CATEGORY('part',$,(#8454));
#8481 = SHAPE_DEFINITION_REPRESENTATION(#8482,#8488);
#8482 = PRODUCT_DEFINITION_SHAPE('','',#8483);
#8483 = PRODUCT_DEFINITION('design','',#8484,#8487);
#8484 = PRODUCT_DEFINITION_FORMATION('','',#8485);
#8485 = PRODUCT('E12','E12','',(#8486));
#8486 = PRODUCT_CONTEXT('',#2,'mechanical');
#8487 = PRODUCT_DEFINITION_CONTEXT('part definition',#2,'design');
#8488 = ADVANCED_BREP_SHAPE_REPRESENTATION('',(#11,#8489),#8501);
#8489 = MANIFOLD_SOLID_BREP('',#8490);
#8490 = CLOSED_SHELL('',(#8491));
#8491 = ADVANCED_FACE('',(#8492),#8496,.T.);
#8492 = FACE_BOUND('',#8493,.T.);
#8493 = VERTEX_LOOP('',#8494);
#8494 = VERTEX_POINT('',#8495);
#8495 = CARTESIAN_POINT('',(0.,0.,-0.175));
#8496 = SPHERICAL_SURFACE('',#8497,0.175);
#8497 = AXIS2_PLACEMENT_3D('',#8498,#8499,#8500);
#8498 = CARTESIAN_POINT('',(0.,0.,0.));
#8499 = DIRECTION('',(0.,0.,1.));
#8500 = DIRECTION('',(1.,0.,-0.));
#8501 = ( GEOMETRIC_REPRESENTATION_CONTEXT(3) 
GLOBAL_UNCERTAINTY_ASSIGNED_CONTEXT((#8505)) 
GLOBAL_UNIT_ASSIGNED_CONTEXT((#8502,#8503,#8504)) REPRESENTATION_CONTEXT
('Context #1','3D Context with UNIT and UNCERTAINTY') );
#8502 = ( LENGTH_UNIT() NAMED_UNIT(*) SI_UNIT(.MILLI.,.METRE.) );
#8503 = ( NAMED_UNIT(*) PLANE_ANGLE_UNIT() SI_UNIT($,.RADIAN.) );
#8504 = ( NAMED_UNIT(*) SI_UNIT($,.STERADIAN.) SOLID_ANGLE_UNIT() );
#8505 = UNCERTAINTY_MEASURE_WITH_UNIT(LENGTH_MEASURE(1.E-07),#8502,
  'distance_accuracy_value','confusion accuracy');
#8506 = CONTEXT_DEPENDENT_SHAPE_REPRESENTATION(#8507,#8509);
#8507 = ( REPRESENTATION_RELATIONSHIP('','',#8488,#112) 
REPRESENTATION_RELATIONSHIP_WITH_TRANSFORMATION(#8508) 
SHAPE_REPRESENTATION_RELATIONSHIP() );
#8508 = ITEM_DEFINED_TRANSFORMATION('','',#11,#1005);
#8509 = PRODUCT_DEFINITION_SHAPE('Placement','Placement of an item',
  #8510);
#8510 = NEXT_ASSEMBLY_USAGE_OCCURRENCE('1787','E12','',#107,#8483,$);
#8511 = PRODUCT_RELATED_PRODUCT_CATEGORY('part',$,(#8485));
#8512 = SHAPE_DEFINITION_REPRESENTATION(#8513,#8519);
#8513 = PRODUCT_DEFINITION_SHAPE('','',#8514);
#8514 = PRODUCT_DEFINITION('design','',#8515,#8518);
#8515 = PRODUCT_DEFINITION_FORMATION('','',#8516);
#8516 = PRODUCT('D12','D12','',(#8517));
#8517 = PRODUCT_CONTEXT('',#2,'mechanical');
#8518 = PRODUCT_DEFINITION_CONTEXT('part definition',#2,'design');
#8519 = ADVANCED_BREP_SHAPE_REPRESENTATION('',(#11,#8520),#8532);
#8520 = MANIFOLD_SOLID_BREP('',#8521);
#8521 = CLOSED_SHELL('',(#8522));
#8522 = ADVANCED_FACE('',(#8523),#8527,.T.);
#8523 = FACE_BOUND('',#8524,.T.);
#8524 = VERTEX_LOOP('',#8525);
#8525 = VERTEX_POINT('',#8526);
#8526 = CARTESIAN_POINT('',(0.,0.,-0.175));
#8527 = SPHERICAL_SURFACE('',#8528,0.175);
#8528 = AXIS2_PLACEMENT_3D('',#8529,#8530,#8531);
#8529 = CARTESIAN_POINT('',(0.,0.,0.));
#8530 = DIRECTION('',(0.,0.,1.));
#8531 = DIRECTION('',(1.,0.,-0.));
#8532 = ( GEOMETRIC_REPRESENTATION_CONTEXT(3) 
GLOBAL_UNCERTAINTY_ASSIGNED_CONTEXT((#8536)) 
GLOBAL_UNIT_ASSIGNED_CONTEXT((#8533,#8534,#8535)) REPRESENTATION_CONTEXT
('Context #1','3D Context with UNIT and UNCERTAINTY') );
#8533 = ( LENGTH_UNIT() NAMED_UNIT(*) SI_UNIT(.MILLI.,.METRE.) );
#8534 = ( NAMED_UNIT(*) PLANE_ANGLE_UNIT() SI_UNIT($,.RADIAN.) );
#8535 = ( NAMED_UNIT(*) SI_UNIT($,.STERADIAN.) SOLID_ANGLE_UNIT() );
#8536 = UNCERTAINTY_MEASURE_WITH_UNIT(LENGTH_MEASURE(1.E-07),#8533,
  'distance_accuracy_value','confusion accuracy');
#8537 = CONTEXT_DEPENDENT_SHAPE_REPRESENTATION(#8538,#8540);
#8538 = ( REPRESENTATION_RELATIONSHIP('','',#8519,#112) 
REPRESENTATION_RELATIONSHIP_WITH_TRANSFORMATION(#8539) 
SHAPE_REPRESENTATION_RELATIONSHIP() );
#8539 = ITEM_DEFINED_TRANSFORMATION('','',#11,#1009);
#8540 = PRODUCT_DEFINITION_SHAPE('Placement','Placement of an item',
  #8541);
#8541 = NEXT_ASSEMBLY_USAGE_OCCURRENCE('1788','D12','',#107,#8514,$);
#8542 = PRODUCT_RELATED_PRODUCT_CATEGORY('part',$,(#8516));
#8543 = SHAPE_DEFINITION_REPRESENTATION(#8544,#8550);
#8544 = PRODUCT_DEFINITION_SHAPE('','',#8545);
#8545 = PRODUCT_DEFINITION('design','',#8546,#8549);
#8546 = PRODUCT_DEFINITION_FORMATION('','',#8547);
#8547 = PRODUCT('C12','C12','',(#8548));
#8548 = PRODUCT_CONTEXT('',#2,'mechanical');
#8549 = PRODUCT_DEFINITION_CONTEXT('part definition',#2,'design');
#8550 = ADVANCED_BREP_SHAPE_REPRESENTATION('',(#11,#8551),#8563);
#8551 = MANIFOLD_SOLID_BREP('',#8552);
#8552 = CLOSED_SHELL('',(#8553));
#8553 = ADVANCED_FACE('',(#8554),#8558,.T.);
#8554 = FACE_BOUND('',#8555,.T.);
#8555 = VERTEX_LOOP('',#8556);
#8556 = VERTEX_POINT('',#8557);
#8557 = CARTESIAN_POINT('',(0.,0.,-0.175));
#8558 = SPHERICAL_SURFACE('',#8559,0.175);
#8559 = AXIS2_PLACEMENT_3D('',#8560,#8561,#8562);
#8560 = CARTESIAN_POINT('',(0.,0.,0.));
#8561 = DIRECTION('',(0.,0.,1.));
#8562 = DIRECTION('',(1.,0.,-0.));
#8563 = ( GEOMETRIC_REPRESENTATION_CONTEXT(3) 
GLOBAL_UNCERTAINTY_ASSIGNED_CONTEXT((#8567)) 
GLOBAL_UNIT_ASSIGNED_CONTEXT((#8564,#8565,#8566)) REPRESENTATION_CONTEXT
('Context #1','3D Context with UNIT and UNCERTAINTY') );
#8564 = ( LENGTH_UNIT() NAMED_UNIT(*) SI_UNIT(.MILLI.,.METRE.) );
#8565 = ( NAMED_UNIT(*) PLANE_ANGLE_UNIT() SI_UNIT($,.RADIAN.) );
#8566 = ( NAMED_UNIT(*) SI_UNIT($,.STERADIAN.) SOLID_ANGLE_UNIT() );
#8567 = UNCERTAINTY_MEASURE_WITH_UNIT(LENGTH_MEASURE(1.E-07),#8564,
  'distance_accuracy_value','confusion accuracy');
#8568 = CONTEXT_DEPENDENT_SHAPE_REPRESENTATION(#8569,#8571);
#8569 = ( REPRESENTATION_RELATIONSHIP('','',#8550,#112) 
REPRESENTATION_RELATIONSHIP_WITH_TRANSFORMATION(#8570) 
SHAPE_REPRESENTATION_RELATIONSHIP() );
#8570 = ITEM_DEFINED_TRANSFORMATION('','',#11,#1013);
#8571 = PRODUCT_DEFINITION_SHAPE('Placement','Placement of an item',
  #8572);
#8572 = NEXT_ASSEMBLY_USAGE_OCCURRENCE('1789','C12','',#107,#8545,$);
#8573 = PRODUCT_RELATED_PRODUCT_CATEGORY('part',$,(#8547));
#8574 = SHAPE_DEFINITION_REPRESENTATION(#8575,#8581);
#8575 = PRODUCT_DEFINITION_SHAPE('','',#8576);
#8576 = PRODUCT_DEFINITION('design','',#8577,#8580);
#8577 = PRODUCT_DEFINITION_FORMATION('','',#8578);
#8578 = PRODUCT('B12','B12','',(#8579));
#8579 = PRODUCT_CONTEXT('',#2,'mechanical');
#8580 = PRODUCT_DEFINITION_CONTEXT('part definition',#2,'design');
#8581 = ADVANCED_BREP_SHAPE_REPRESENTATION('',(#11,#8582),#8594);
#8582 = MANIFOLD_SOLID_BREP('',#8583);
#8583 = CLOSED_SHELL('',(#8584));
#8584 = ADVANCED_FACE('',(#8585),#8589,.T.);
#8585 = FACE_BOUND('',#8586,.T.);
#8586 = VERTEX_LOOP('',#8587);
#8587 = VERTEX_POINT('',#8588);
#8588 = CARTESIAN_POINT('',(0.,0.,-0.175));
#8589 = SPHERICAL_SURFACE('',#8590,0.175);
#8590 = AXIS2_PLACEMENT_3D('',#8591,#8592,#8593);
#8591 = CARTESIAN_POINT('',(0.,0.,0.));
#8592 = DIRECTION('',(0.,0.,1.));
#8593 = DIRECTION('',(1.,0.,-0.));
#8594 = ( GEOMETRIC_REPRESENTATION_CONTEXT(3) 
GLOBAL_UNCERTAINTY_ASSIGNED_CONTEXT((#8598)) 
GLOBAL_UNIT_ASSIGNED_CONTEXT((#8595,#8596,#8597)) REPRESENTATION_CONTEXT
('Context #1','3D Context with UNIT and UNCERTAINTY') );
#8595 = ( LENGTH_UNIT() NAMED_UNIT(*) SI_UNIT(.MILLI.,.METRE.) );
#8596 = ( NAMED_UNIT(*) PLANE_ANGLE_UNIT() SI_UNIT($,.RADIAN.) );
#8597 = ( NAMED_UNIT(*) SI_UNIT($,.STERADIAN.) SOLID_ANGLE_UNIT() );
#8598 = UNCERTAINTY_MEASURE_WITH_UNIT(LENGTH_MEASURE(1.E-07),#8595,
  'distance_accuracy_value','confusion accuracy');
#8599 = CONTEXT_DEPENDENT_SHAPE_REPRESENTATION(#8600,#8602);
#8600 = ( REPRESENTATION_RELATIONSHIP('','',#8581,#112) 
REPRESENTATION_RELATIONSHIP_WITH_TRANSFORMATION(#8601) 
SHAPE_REPRESENTATION_RELATIONSHIP() );
#8601 = ITEM_DEFINED_TRANSFORMATION('','',#11,#1017);
#8602 = PRODUCT_DEFINITION_SHAPE('Placement','Placement of an item',
  #8603);
#8603 = NEXT_ASSEMBLY_USAGE_OCCURRENCE('1790','B12','',#107,#8576,$);
#8604 = PRODUCT_RELATED_PRODUCT_CATEGORY('part',$,(#8578));
#8605 = SHAPE_DEFINITION_REPRESENTATION(#8606,#8612);
#8606 = PRODUCT_DEFINITION_SHAPE('','',#8607);
#8607 = PRODUCT_DEFINITION('design','',#8608,#8611);
#8608 = PRODUCT_DEFINITION_FORMATION('','',#8609);
#8609 = PRODUCT('A12','A12','',(#8610));
#8610 = PRODUCT_CONTEXT('',#2,'mechanical');
#8611 = PRODUCT_DEFINITION_CONTEXT('part definition',#2,'design');
#8612 = ADVANCED_BREP_SHAPE_REPRESENTATION('',(#11,#8613),#8625);
#8613 = MANIFOLD_SOLID_BREP('',#8614);
#8614 = CLOSED_SHELL('',(#8615));
#8615 = ADVANCED_FACE('',(#8616),#8620,.T.);
#8616 = FACE_BOUND('',#8617,.T.);
#8617 = VERTEX_LOOP('',#8618);
#8618 = VERTEX_POINT('',#8619);
#8619 = CARTESIAN_POINT('',(0.,0.,-0.175));
#8620 = SPHERICAL_SURFACE('',#8621,0.175);
#8621 = AXIS2_PLACEMENT_3D('',#8622,#8623,#8624);
#8622 = CARTESIAN_POINT('',(0.,0.,0.));
#8623 = DIRECTION('',(0.,0.,1.));
#8624 = DIRECTION('',(1.,0.,-0.));
#8625 = ( GEOMETRIC_REPRESENTATION_CONTEXT(3) 
GLOBAL_UNCERTAINTY_ASSIGNED_CONTEXT((#8629)) 
GLOBAL_UNIT_ASSIGNED_CONTEXT((#8626,#8627,#8628)) REPRESENTATION_CONTEXT
('Context #1','3D Context with UNIT and UNCERTAINTY') );
#8626 = ( LENGTH_UNIT() NAMED_UNIT(*) SI_UNIT(.MILLI.,.METRE.) );
#8627 = ( NAMED_UNIT(*) PLANE_ANGLE_UNIT() SI_UNIT($,.RADIAN.) );
#8628 = ( NAMED_UNIT(*) SI_UNIT($,.STERADIAN.) SOLID_ANGLE_UNIT() );
#8629 = UNCERTAINTY_MEASURE_WITH_UNIT(LENGTH_MEASURE(1.E-07),#8626,
  'distance_accuracy_value','confusion accuracy');
#8630 = CONTEXT_DEPENDENT_SHAPE_REPRESENTATION(#8631,#8633);
#8631 = ( REPRESENTATION_RELATIONSHIP('','',#8612,#112) 
REPRESENTATION_RELATIONSHIP_WITH_TRANSFORMATION(#8632) 
SHAPE_REPRESENTATION_RELATIONSHIP() );
#8632 = ITEM_DEFINED_TRANSFORMATION('','',#11,#1021);
#8633 = PRODUCT_DEFINITION_SHAPE('Placement','Placement of an item',
  #8634);
#8634 = NEXT_ASSEMBLY_USAGE_OCCURRENCE('1791','A12','',#107,#8607,$);
#8635 = PRODUCT_RELATED_PRODUCT_CATEGORY('part',$,(#8609));
#8636 = SHAPE_DEFINITION_REPRESENTATION(#8637,#8643);
#8637 = PRODUCT_DEFINITION_SHAPE('','',#8638);
#8638 = PRODUCT_DEFINITION('design','',#8639,#8642);
#8639 = PRODUCT_DEFINITION_FORMATION('','',#8640);
#8640 = PRODUCT('W13','W13','',(#8641));
#8641 = PRODUCT_CONTEXT('',#2,'mechanical');
#8642 = PRODUCT_DEFINITION_CONTEXT('part definition',#2,'design');
#8643 = ADVANCED_BREP_SHAPE_REPRESENTATION('',(#11,#8644),#8656);
#8644 = MANIFOLD_SOLID_BREP('',#8645);
#8645 = CLOSED_SHELL('',(#8646));
#8646 = ADVANCED_FACE('',(#8647),#8651,.T.);
#8647 = FACE_BOUND('',#8648,.T.);
#8648 = VERTEX_LOOP('',#8649);
#8649 = VERTEX_POINT('',#8650);
#8650 = CARTESIAN_POINT('',(0.,0.,-0.175));
#8651 = SPHERICAL_SURFACE('',#8652,0.175);
#8652 = AXIS2_PLACEMENT_3D('',#8653,#8654,#8655);
#8653 = CARTESIAN_POINT('',(0.,0.,0.));
#8654 = DIRECTION('',(0.,0.,1.));
#8655 = DIRECTION('',(1.,0.,-0.));
#8656 = ( GEOMETRIC_REPRESENTATION_CONTEXT(3) 
GLOBAL_UNCERTAINTY_ASSIGNED_CONTEXT((#8660)) 
GLOBAL_UNIT_ASSIGNED_CONTEXT((#8657,#8658,#8659)) REPRESENTATION_CONTEXT
('Context #1','3D Context with UNIT and UNCERTAINTY') );
#8657 = ( LENGTH_UNIT() NAMED_UNIT(*) SI_UNIT(.MILLI.,.METRE.) );
#8658 = ( NAMED_UNIT(*) PLANE_ANGLE_UNIT() SI_UNIT($,.RADIAN.) );
#8659 = ( NAMED_UNIT(*) SI_UNIT($,.STERADIAN.) SOLID_ANGLE_UNIT() );
#8660 = UNCERTAINTY_MEASURE_WITH_UNIT(LENGTH_MEASURE(1.E-07),#8657,
  'distance_accuracy_value','confusion accuracy');
#8661 = CONTEXT_DEPENDENT_SHAPE_REPRESENTATION(#8662,#8664);
#8662 = ( REPRESENTATION_RELATIONSHIP('','',#8643,#112) 
REPRESENTATION_RELATIONSHIP_WITH_TRANSFORMATION(#8663) 
SHAPE_REPRESENTATION_RELATIONSHIP() );
#8663 = ITEM_DEFINED_TRANSFORMATION('','',#11,#1025);
#8664 = PRODUCT_DEFINITION_SHAPE('Placement','Placement of an item',
  #8665);
#8665 = NEXT_ASSEMBLY_USAGE_OCCURRENCE('1792','W13','',#107,#8638,$);
#8666 = PRODUCT_RELATED_PRODUCT_CATEGORY('part',$,(#8640));
#8667 = SHAPE_DEFINITION_REPRESENTATION(#8668,#8674);
#8668 = PRODUCT_DEFINITION_SHAPE('','',#8669);
#8669 = PRODUCT_DEFINITION('design','',#8670,#8673);
#8670 = PRODUCT_DEFINITION_FORMATION('','',#8671);
#8671 = PRODUCT('V13','V13','',(#8672));
#8672 = PRODUCT_CONTEXT('',#2,'mechanical');
#8673 = PRODUCT_DEFINITION_CONTEXT('part definition',#2,'design');
#8674 = ADVANCED_BREP_SHAPE_REPRESENTATION('',(#11,#8675),#8687);
#8675 = MANIFOLD_SOLID_BREP('',#8676);
#8676 = CLOSED_SHELL('',(#8677));
#8677 = ADVANCED_FACE('',(#8678),#8682,.T.);
#8678 = FACE_BOUND('',#8679,.T.);
#8679 = VERTEX_LOOP('',#8680);
#8680 = VERTEX_POINT('',#8681);
#8681 = CARTESIAN_POINT('',(0.,0.,-0.175));
#8682 = SPHERICAL_SURFACE('',#8683,0.175);
#8683 = AXIS2_PLACEMENT_3D('',#8684,#8685,#8686);
#8684 = CARTESIAN_POINT('',(0.,0.,0.));
#8685 = DIRECTION('',(0.,0.,1.));
#8686 = DIRECTION('',(1.,0.,-0.));
#8687 = ( GEOMETRIC_REPRESENTATION_CONTEXT(3) 
GLOBAL_UNCERTAINTY_ASSIGNED_CONTEXT((#8691)) 
GLOBAL_UNIT_ASSIGNED_CONTEXT((#8688,#8689,#8690)) REPRESENTATION_CONTEXT
('Context #1','3D Context with UNIT and UNCERTAINTY') );
#8688 = ( LENGTH_UNIT() NAMED_UNIT(*) SI_UNIT(.MILLI.,.METRE.) );
#8689 = ( NAMED_UNIT(*) PLANE_ANGLE_UNIT() SI_UNIT($,.RADIAN.) );
#8690 = ( NAMED_UNIT(*) SI_UNIT($,.STERADIAN.) SOLID_ANGLE_UNIT() );
#8691 = UNCERTAINTY_MEASURE_WITH_UNIT(LENGTH_MEASURE(1.E-07),#8688,
  'distance_accuracy_value','confusion accuracy');
#8692 = CONTEXT_DEPENDENT_SHAPE_REPRESENTATION(#8693,#8695);
#8693 = ( REPRESENTATION_RELATIONSHIP('','',#8674,#112) 
REPRESENTATION_RELATIONSHIP_WITH_TRANSFORMATION(#8694) 
SHAPE_REPRESENTATION_RELATIONSHIP() );
#8694 = ITEM_DEFINED_TRANSFORMATION('','',#11,#1029);
#8695 = PRODUCT_DEFINITION_SHAPE('Placement','Placement of an item',
  #8696);
#8696 = NEXT_ASSEMBLY_USAGE_OCCURRENCE('1793','V13','',#107,#8669,$);
#8697 = PRODUCT_RELATED_PRODUCT_CATEGORY('part',$,(#8671));
#8698 = SHAPE_DEFINITION_REPRESENTATION(#8699,#8705);
#8699 = PRODUCT_DEFINITION_SHAPE('','',#8700);
#8700 = PRODUCT_DEFINITION('design','',#8701,#8704);
#8701 = PRODUCT_DEFINITION_FORMATION('','',#8702);
#8702 = PRODUCT('U13','U13','',(#8703));
#8703 = PRODUCT_CONTEXT('',#2,'mechanical');
#8704 = PRODUCT_DEFINITION_CONTEXT('part definition',#2,'design');
#8705 = ADVANCED_BREP_SHAPE_REPRESENTATION('',(#11,#8706),#8718);
#8706 = MANIFOLD_SOLID_BREP('',#8707);
#8707 = CLOSED_SHELL('',(#8708));
#8708 = ADVANCED_FACE('',(#8709),#8713,.T.);
#8709 = FACE_BOUND('',#8710,.T.);
#8710 = VERTEX_LOOP('',#8711);
#8711 = VERTEX_POINT('',#8712);
#8712 = CARTESIAN_POINT('',(0.,0.,-0.175));
#8713 = SPHERICAL_SURFACE('',#8714,0.175);
#8714 = AXIS2_PLACEMENT_3D('',#8715,#8716,#8717);
#8715 = CARTESIAN_POINT('',(0.,0.,0.));
#8716 = DIRECTION('',(0.,0.,1.));
#8717 = DIRECTION('',(1.,0.,-0.));
#8718 = ( GEOMETRIC_REPRESENTATION_CONTEXT(3) 
GLOBAL_UNCERTAINTY_ASSIGNED_CONTEXT((#8722)) 
GLOBAL_UNIT_ASSIGNED_CONTEXT((#8719,#8720,#8721)) REPRESENTATION_CONTEXT
('Context #1','3D Context with UNIT and UNCERTAINTY') );
#8719 = ( LENGTH_UNIT() NAMED_UNIT(*) SI_UNIT(.MILLI.,.METRE.) );
#8720 = ( NAMED_UNIT(*) PLANE_ANGLE_UNIT() SI_UNIT($,.RADIAN.) );
#8721 = ( NAMED_UNIT(*) SI_UNIT($,.STERADIAN.) SOLID_ANGLE_UNIT() );
#8722 = UNCERTAINTY_MEASURE_WITH_UNIT(LENGTH_MEASURE(1.E-07),#8719,
  'distance_accuracy_value','confusion accuracy');
#8723 = CONTEXT_DEPENDENT_SHAPE_REPRESENTATION(#8724,#8726);
#8724 = ( REPRESENTATION_RELATIONSHIP('','',#8705,#112) 
REPRESENTATION_RELATIONSHIP_WITH_TRANSFORMATION(#8725) 
SHAPE_REPRESENTATION_RELATIONSHIP() );
#8725 = ITEM_DEFINED_TRANSFORMATION('','',#11,#1033);
#8726 = PRODUCT_DEFINITION_SHAPE('Placement','Placement of an item',
  #8727);
#8727 = NEXT_ASSEMBLY_USAGE_OCCURRENCE('1794','U13','',#107,#8700,$);
#8728 = PRODUCT_RELATED_PRODUCT_CATEGORY('part',$,(#8702));
#8729 = SHAPE_DEFINITION_REPRESENTATION(#8730,#8736);
#8730 = PRODUCT_DEFINITION_SHAPE('','',#8731);
#8731 = PRODUCT_DEFINITION('design','',#8732,#8735);
#8732 = PRODUCT_DEFINITION_FORMATION('','',#8733);
#8733 = PRODUCT('T13','T13','',(#8734));
#8734 = PRODUCT_CONTEXT('',#2,'mechanical');
#8735 = PRODUCT_DEFINITION_CONTEXT('part definition',#2,'design');
#8736 = ADVANCED_BREP_SHAPE_REPRESENTATION('',(#11,#8737),#8749);
#8737 = MANIFOLD_SOLID_BREP('',#8738);
#8738 = CLOSED_SHELL('',(#8739));
#8739 = ADVANCED_FACE('',(#8740),#8744,.T.);
#8740 = FACE_BOUND('',#8741,.T.);
#8741 = VERTEX_LOOP('',#8742);
#8742 = VERTEX_POINT('',#8743);
#8743 = CARTESIAN_POINT('',(0.,0.,-0.175));
#8744 = SPHERICAL_SURFACE('',#8745,0.175);
#8745 = AXIS2_PLACEMENT_3D('',#8746,#8747,#8748);
#8746 = CARTESIAN_POINT('',(0.,0.,0.));
#8747 = DIRECTION('',(0.,0.,1.));
#8748 = DIRECTION('',(1.,0.,-0.));
#8749 = ( GEOMETRIC_REPRESENTATION_CONTEXT(3) 
GLOBAL_UNCERTAINTY_ASSIGNED_CONTEXT((#8753)) 
GLOBAL_UNIT_ASSIGNED_CONTEXT((#8750,#8751,#8752)) REPRESENTATION_CONTEXT
('Context #1','3D Context with UNIT and UNCERTAINTY') );
#8750 = ( LENGTH_UNIT() NAMED_UNIT(*) SI_UNIT(.MILLI.,.METRE.) );
#8751 = ( NAMED_UNIT(*) PLANE_ANGLE_UNIT() SI_UNIT($,.RADIAN.) );
#8752 = ( NAMED_UNIT(*) SI_UNIT($,.STERADIAN.) SOLID_ANGLE_UNIT() );
#8753 = UNCERTAINTY_MEASURE_WITH_UNIT(LENGTH_MEASURE(1.E-07),#8750,
  'distance_accuracy_value','confusion accuracy');
#8754 = CONTEXT_DEPENDENT_SHAPE_REPRESENTATION(#8755,#8757);
#8755 = ( REPRESENTATION_RELATIONSHIP('','',#8736,#112) 
REPRESENTATION_RELATIONSHIP_WITH_TRANSFORMATION(#8756) 
SHAPE_REPRESENTATION_RELATIONSHIP() );
#8756 = ITEM_DEFINED_TRANSFORMATION('','',#11,#1037);
#8757 = PRODUCT_DEFINITION_SHAPE('Placement','Placement of an item',
  #8758);
#8758 = NEXT_ASSEMBLY_USAGE_OCCURRENCE('1795','T13','',#107,#8731,$);
#8759 = PRODUCT_RELATED_PRODUCT_CATEGORY('part',$,(#8733));
#8760 = SHAPE_DEFINITION_REPRESENTATION(#8761,#8767);
#8761 = PRODUCT_DEFINITION_SHAPE('','',#8762);
#8762 = PRODUCT_DEFINITION('design','',#8763,#8766);
#8763 = PRODUCT_DEFINITION_FORMATION('','',#8764);
#8764 = PRODUCT('R13','R13','',(#8765));
#8765 = PRODUCT_CONTEXT('',#2,'mechanical');
#8766 = PRODUCT_DEFINITION_CONTEXT('part definition',#2,'design');
#8767 = ADVANCED_BREP_SHAPE_REPRESENTATION('',(#11,#8768),#8780);
#8768 = MANIFOLD_SOLID_BREP('',#8769);
#8769 = CLOSED_SHELL('',(#8770));
#8770 = ADVANCED_FACE('',(#8771),#8775,.T.);
#8771 = FACE_BOUND('',#8772,.T.);
#8772 = VERTEX_LOOP('',#8773);
#8773 = VERTEX_POINT('',#8774);
#8774 = CARTESIAN_POINT('',(0.,0.,-0.175));
#8775 = SPHERICAL_SURFACE('',#8776,0.175);
#8776 = AXIS2_PLACEMENT_3D('',#8777,#8778,#8779);
#8777 = CARTESIAN_POINT('',(0.,0.,0.));
#8778 = DIRECTION('',(0.,0.,1.));
#8779 = DIRECTION('',(1.,0.,-0.));
#8780 = ( GEOMETRIC_REPRESENTATION_CONTEXT(3) 
GLOBAL_UNCERTAINTY_ASSIGNED_CONTEXT((#8784)) 
GLOBAL_UNIT_ASSIGNED_CONTEXT((#8781,#8782,#8783)) REPRESENTATION_CONTEXT
('Context #1','3D Context with UNIT and UNCERTAINTY') );
#8781 = ( LENGTH_UNIT() NAMED_UNIT(*) SI_UNIT(.MILLI.,.METRE.) );
#8782 = ( NAMED_UNIT(*) PLANE_ANGLE_UNIT() SI_UNIT($,.RADIAN.) );
#8783 = ( NAMED_UNIT(*) SI_UNIT($,.STERADIAN.) SOLID_ANGLE_UNIT() );
#8784 = UNCERTAINTY_MEASURE_WITH_UNIT(LENGTH_MEASURE(1.E-07),#8781,
  'distance_accuracy_value','confusion accuracy');
#8785 = CONTEXT_DEPENDENT_SHAPE_REPRESENTATION(#8786,#8788);
#8786 = ( REPRESENTATION_RELATIONSHIP('','',#8767,#112) 
REPRESENTATION_RELATIONSHIP_WITH_TRANSFORMATION(#8787) 
SHAPE_REPRESENTATION_RELATIONSHIP() );
#8787 = ITEM_DEFINED_TRANSFORMATION('','',#11,#1041);
#8788 = PRODUCT_DEFINITION_SHAPE('Placement','Placement of an item',
  #8789);
#8789 = NEXT_ASSEMBLY_USAGE_OCCURRENCE('1796','R13','',#107,#8762,$);
#8790 = PRODUCT_RELATED_PRODUCT_CATEGORY('part',$,(#8764));
#8791 = SHAPE_DEFINITION_REPRESENTATION(#8792,#8798);
#8792 = PRODUCT_DEFINITION_SHAPE('','',#8793);
#8793 = PRODUCT_DEFINITION('design','',#8794,#8797);
#8794 = PRODUCT_DEFINITION_FORMATION('','',#8795);
#8795 = PRODUCT('P13','P13','',(#8796));
#8796 = PRODUCT_CONTEXT('',#2,'mechanical');
#8797 = PRODUCT_DEFINITION_CONTEXT('part definition',#2,'design');
#8798 = ADVANCED_BREP_SHAPE_REPRESENTATION('',(#11,#8799),#8811);
#8799 = MANIFOLD_SOLID_BREP('',#8800);
#8800 = CLOSED_SHELL('',(#8801));
#8801 = ADVANCED_FACE('',(#8802),#8806,.T.);
#8802 = FACE_BOUND('',#8803,.T.);
#8803 = VERTEX_LOOP('',#8804);
#8804 = VERTEX_POINT('',#8805);
#8805 = CARTESIAN_POINT('',(0.,0.,-0.175));
#8806 = SPHERICAL_SURFACE('',#8807,0.175);
#8807 = AXIS2_PLACEMENT_3D('',#8808,#8809,#8810);
#8808 = CARTESIAN_POINT('',(0.,0.,0.));
#8809 = DIRECTION('',(0.,0.,1.));
#8810 = DIRECTION('',(1.,0.,-0.));
#8811 = ( GEOMETRIC_REPRESENTATION_CONTEXT(3) 
GLOBAL_UNCERTAINTY_ASSIGNED_CONTEXT((#8815)) 
GLOBAL_UNIT_ASSIGNED_CONTEXT((#8812,#8813,#8814)) REPRESENTATION_CONTEXT
('Context #1','3D Context with UNIT and UNCERTAINTY') );
#8812 = ( LENGTH_UNIT() NAMED_UNIT(*) SI_UNIT(.MILLI.,.METRE.) );
#8813 = ( NAMED_UNIT(*) PLANE_ANGLE_UNIT() SI_UNIT($,.RADIAN.) );
#8814 = ( NAMED_UNIT(*) SI_UNIT($,.STERADIAN.) SOLID_ANGLE_UNIT() );
#8815 = UNCERTAINTY_MEASURE_WITH_UNIT(LENGTH_MEASURE(1.E-07),#8812,
  'distance_accuracy_value','confusion accuracy');
#8816 = CONTEXT_DEPENDENT_SHAPE_REPRESENTATION(#8817,#8819);
#8817 = ( REPRESENTATION_RELATIONSHIP('','',#8798,#112) 
REPRESENTATION_RELATIONSHIP_WITH_TRANSFORMATION(#8818) 
SHAPE_REPRESENTATION_RELATIONSHIP() );
#8818 = ITEM_DEFINED_TRANSFORMATION('','',#11,#1045);
#8819 = PRODUCT_DEFINITION_SHAPE('Placement','Placement of an item',
  #8820);
#8820 = NEXT_ASSEMBLY_USAGE_OCCURRENCE('1797','P13','',#107,#8793,$);
#8821 = PRODUCT_RELATED_PRODUCT_CATEGORY('part',$,(#8795));
#8822 = SHAPE_DEFINITION_REPRESENTATION(#8823,#8829);
#8823 = PRODUCT_DEFINITION_SHAPE('','',#8824);
#8824 = PRODUCT_DEFINITION('design','',#8825,#8828);
#8825 = PRODUCT_DEFINITION_FORMATION('','',#8826);
#8826 = PRODUCT('N13','N13','',(#8827));
#8827 = PRODUCT_CONTEXT('',#2,'mechanical');
#8828 = PRODUCT_DEFINITION_CONTEXT('part definition',#2,'design');
#8829 = ADVANCED_BREP_SHAPE_REPRESENTATION('',(#11,#8830),#8842);
#8830 = MANIFOLD_SOLID_BREP('',#8831);
#8831 = CLOSED_SHELL('',(#8832));
#8832 = ADVANCED_FACE('',(#8833),#8837,.T.);
#8833 = FACE_BOUND('',#8834,.T.);
#8834 = VERTEX_LOOP('',#8835);
#8835 = VERTEX_POINT('',#8836);
#8836 = CARTESIAN_POINT('',(0.,0.,-0.175));
#8837 = SPHERICAL_SURFACE('',#8838,0.175);
#8838 = AXIS2_PLACEMENT_3D('',#8839,#8840,#8841);
#8839 = CARTESIAN_POINT('',(0.,0.,0.));
#8840 = DIRECTION('',(0.,0.,1.));
#8841 = DIRECTION('',(1.,0.,-0.));
#8842 = ( GEOMETRIC_REPRESENTATION_CONTEXT(3) 
GLOBAL_UNCERTAINTY_ASSIGNED_CONTEXT((#8846)) 
GLOBAL_UNIT_ASSIGNED_CONTEXT((#8843,#8844,#8845)) REPRESENTATION_CONTEXT
('Context #1','3D Context with UNIT and UNCERTAINTY') );
#8843 = ( LENGTH_UNIT() NAMED_UNIT(*) SI_UNIT(.MILLI.,.METRE.) );
#8844 = ( NAMED_UNIT(*) PLANE_ANGLE_UNIT() SI_UNIT($,.RADIAN.) );
#8845 = ( NAMED_UNIT(*) SI_UNIT($,.STERADIAN.) SOLID_ANGLE_UNIT() );
#8846 = UNCERTAINTY_MEASURE_WITH_UNIT(LENGTH_MEASURE(1.E-07),#8843,
  'distance_accuracy_value','confusion accuracy');
#8847 = CONTEXT_DEPENDENT_SHAPE_REPRESENTATION(#8848,#8850);
#8848 = ( REPRESENTATION_RELATIONSHIP('','',#8829,#112) 
REPRESENTATION_RELATIONSHIP_WITH_TRANSFORMATION(#8849) 
SHAPE_REPRESENTATION_RELATIONSHIP() );
#8849 = ITEM_DEFINED_TRANSFORMATION('','',#11,#1049);
#8850 = PRODUCT_DEFINITION_SHAPE('Placement','Placement of an item',
  #8851);
#8851 = NEXT_ASSEMBLY_USAGE_OCCURRENCE('1798','N13','',#107,#8824,$);
#8852 = PRODUCT_RELATED_PRODUCT_CATEGORY('part',$,(#8826));
#8853 = SHAPE_DEFINITION_REPRESENTATION(#8854,#8860);
#8854 = PRODUCT_DEFINITION_SHAPE('','',#8855);
#8855 = PRODUCT_DEFINITION('design','',#8856,#8859);
#8856 = PRODUCT_DEFINITION_FORMATION('','',#8857);
#8857 = PRODUCT('M13','M13','',(#8858));
#8858 = PRODUCT_CONTEXT('',#2,'mechanical');
#8859 = PRODUCT_DEFINITION_CONTEXT('part definition',#2,'design');
#8860 = ADVANCED_BREP_SHAPE_REPRESENTATION('',(#11,#8861),#8873);
#8861 = MANIFOLD_SOLID_BREP('',#8862);
#8862 = CLOSED_SHELL('',(#8863));
#8863 = ADVANCED_FACE('',(#8864),#8868,.T.);
#8864 = FACE_BOUND('',#8865,.T.);
#8865 = VERTEX_LOOP('',#8866);
#8866 = VERTEX_POINT('',#8867);
#8867 = CARTESIAN_POINT('',(0.,0.,-0.175));
#8868 = SPHERICAL_SURFACE('',#8869,0.175);
#8869 = AXIS2_PLACEMENT_3D('',#8870,#8871,#8872);
#8870 = CARTESIAN_POINT('',(0.,0.,0.));
#8871 = DIRECTION('',(0.,0.,1.));
#8872 = DIRECTION('',(1.,0.,-0.));
#8873 = ( GEOMETRIC_REPRESENTATION_CONTEXT(3) 
GLOBAL_UNCERTAINTY_ASSIGNED_CONTEXT((#8877)) 
GLOBAL_UNIT_ASSIGNED_CONTEXT((#8874,#8875,#8876)) REPRESENTATION_CONTEXT
('Context #1','3D Context with UNIT and UNCERTAINTY') );
#8874 = ( LENGTH_UNIT() NAMED_UNIT(*) SI_UNIT(.MILLI.,.METRE.) );
#8875 = ( NAMED_UNIT(*) PLANE_ANGLE_UNIT() SI_UNIT($,.RADIAN.) );
#8876 = ( NAMED_UNIT(*) SI_UNIT($,.STERADIAN.) SOLID_ANGLE_UNIT() );
#8877 = UNCERTAINTY_MEASURE_WITH_UNIT(LENGTH_MEASURE(1.E-07),#8874,
  'distance_accuracy_value','confusion accuracy');
#8878 = CONTEXT_DEPENDENT_SHAPE_REPRESENTATION(#8879,#8881);
#8879 = ( REPRESENTATION_RELATIONSHIP('','',#8860,#112) 
REPRESENTATION_RELATIONSHIP_WITH_TRANSFORMATION(#8880) 
SHAPE_REPRESENTATION_RELATIONSHIP() );
#8880 = ITEM_DEFINED_TRANSFORMATION('','',#11,#1053);
#8881 = PRODUCT_DEFINITION_SHAPE('Placement','Placement of an item',
  #8882);
#8882 = NEXT_ASSEMBLY_USAGE_OCCURRENCE('1799','M13','',#107,#8855,$);
#8883 = PRODUCT_RELATED_PRODUCT_CATEGORY('part',$,(#8857));
#8884 = SHAPE_DEFINITION_REPRESENTATION(#8885,#8891);
#8885 = PRODUCT_DEFINITION_SHAPE('','',#8886);
#8886 = PRODUCT_DEFINITION('design','',#8887,#8890);
#8887 = PRODUCT_DEFINITION_FORMATION('','',#8888);
#8888 = PRODUCT('L13','L13','',(#8889));
#8889 = PRODUCT_CONTEXT('',#2,'mechanical');
#8890 = PRODUCT_DEFINITION_CONTEXT('part definition',#2,'design');
#8891 = ADVANCED_BREP_SHAPE_REPRESENTATION('',(#11,#8892),#8904);
#8892 = MANIFOLD_SOLID_BREP('',#8893);
#8893 = CLOSED_SHELL('',(#8894));
#8894 = ADVANCED_FACE('',(#8895),#8899,.T.);
#8895 = FACE_BOUND('',#8896,.T.);
#8896 = VERTEX_LOOP('',#8897);
#8897 = VERTEX_POINT('',#8898);
#8898 = CARTESIAN_POINT('',(0.,0.,-0.175));
#8899 = SPHERICAL_SURFACE('',#8900,0.175);
#8900 = AXIS2_PLACEMENT_3D('',#8901,#8902,#8903);
#8901 = CARTESIAN_POINT('',(0.,0.,0.));
#8902 = DIRECTION('',(0.,0.,1.));
#8903 = DIRECTION('',(1.,0.,-0.));
#8904 = ( GEOMETRIC_REPRESENTATION_CONTEXT(3) 
GLOBAL_UNCERTAINTY_ASSIGNED_CONTEXT((#8908)) 
GLOBAL_UNIT_ASSIGNED_CONTEXT((#8905,#8906,#8907)) REPRESENTATION_CONTEXT
('Context #1','3D Context with UNIT and UNCERTAINTY') );
#8905 = ( LENGTH_UNIT() NAMED_UNIT(*) SI_UNIT(.MILLI.,.METRE.) );
#8906 = ( NAMED_UNIT(*) PLANE_ANGLE_UNIT() SI_UNIT($,.RADIAN.) );
#8907 = ( NAMED_UNIT(*) SI_UNIT($,.STERADIAN.) SOLID_ANGLE_UNIT() );
#8908 = UNCERTAINTY_MEASURE_WITH_UNIT(LENGTH_MEASURE(1.E-07),#8905,
  'distance_accuracy_value','confusion accuracy');
#8909 = CONTEXT_DEPENDENT_SHAPE_REPRESENTATION(#8910,#8912);
#8910 = ( REPRESENTATION_RELATIONSHIP('','',#8891,#112) 
REPRESENTATION_RELATIONSHIP_WITH_TRANSFORMATION(#8911) 
SHAPE_REPRESENTATION_RELATIONSHIP() );
#8911 = ITEM_DEFINED_TRANSFORMATION('','',#11,#1057);
#8912 = PRODUCT_DEFINITION_SHAPE('Placement','Placement of an item',
  #8913);
#8913 = NEXT_ASSEMBLY_USAGE_OCCURRENCE('1800','L13','',#107,#8886,$);
#8914 = PRODUCT_RELATED_PRODUCT_CATEGORY('part',$,(#8888));
#8915 = SHAPE_DEFINITION_REPRESENTATION(#8916,#8922);
#8916 = PRODUCT_DEFINITION_SHAPE('','',#8917);
#8917 = PRODUCT_DEFINITION('design','',#8918,#8921);
#8918 = PRODUCT_DEFINITION_FORMATION('','',#8919);
#8919 = PRODUCT('K13','K13','',(#8920));
#8920 = PRODUCT_CONTEXT('',#2,'mechanical');
#8921 = PRODUCT_DEFINITION_CONTEXT('part definition',#2,'design');
#8922 = ADVANCED_BREP_SHAPE_REPRESENTATION('',(#11,#8923),#8935);
#8923 = MANIFOLD_SOLID_BREP('',#8924);
#8924 = CLOSED_SHELL('',(#8925));
#8925 = ADVANCED_FACE('',(#8926),#8930,.T.);
#8926 = FACE_BOUND('',#8927,.T.);
#8927 = VERTEX_LOOP('',#8928);
#8928 = VERTEX_POINT('',#8929);
#8929 = CARTESIAN_POINT('',(0.,0.,-0.175));
#8930 = SPHERICAL_SURFACE('',#8931,0.175);
#8931 = AXIS2_PLACEMENT_3D('',#8932,#8933,#8934);
#8932 = CARTESIAN_POINT('',(0.,0.,0.));
#8933 = DIRECTION('',(0.,0.,1.));
#8934 = DIRECTION('',(1.,0.,-0.));
#8935 = ( GEOMETRIC_REPRESENTATION_CONTEXT(3) 
GLOBAL_UNCERTAINTY_ASSIGNED_CONTEXT((#8939)) 
GLOBAL_UNIT_ASSIGNED_CONTEXT((#8936,#8937,#8938)) REPRESENTATION_CONTEXT
('Context #1','3D Context with UNIT and UNCERTAINTY') );
#8936 = ( LENGTH_UNIT() NAMED_UNIT(*) SI_UNIT(.MILLI.,.METRE.) );
#8937 = ( NAMED_UNIT(*) PLANE_ANGLE_UNIT() SI_UNIT($,.RADIAN.) );
#8938 = ( NAMED_UNIT(*) SI_UNIT($,.STERADIAN.) SOLID_ANGLE_UNIT() );
#8939 = UNCERTAINTY_MEASURE_WITH_UNIT(LENGTH_MEASURE(1.E-07),#8936,
  'distance_accuracy_value','confusion accuracy');
#8940 = CONTEXT_DEPENDENT_SHAPE_REPRESENTATION(#8941,#8943);
#8941 = ( REPRESENTATION_RELATIONSHIP('','',#8922,#112) 
REPRESENTATION_RELATIONSHIP_WITH_TRANSFORMATION(#8942) 
SHAPE_REPRESENTATION_RELATIONSHIP() );
#8942 = ITEM_DEFINED_TRANSFORMATION('','',#11,#1061);
#8943 = PRODUCT_DEFINITION_SHAPE('Placement','Placement of an item',
  #8944);
#8944 = NEXT_ASSEMBLY_USAGE_OCCURRENCE('1801','K13','',#107,#8917,$);
#8945 = PRODUCT_RELATED_PRODUCT_CATEGORY('part',$,(#8919));
#8946 = SHAPE_DEFINITION_REPRESENTATION(#8947,#8953);
#8947 = PRODUCT_DEFINITION_SHAPE('','',#8948);
#8948 = PRODUCT_DEFINITION('design','',#8949,#8952);
#8949 = PRODUCT_DEFINITION_FORMATION('','',#8950);
#8950 = PRODUCT('J13','J13','',(#8951));
#8951 = PRODUCT_CONTEXT('',#2,'mechanical');
#8952 = PRODUCT_DEFINITION_CONTEXT('part definition',#2,'design');
#8953 = ADVANCED_BREP_SHAPE_REPRESENTATION('',(#11,#8954),#8966);
#8954 = MANIFOLD_SOLID_BREP('',#8955);
#8955 = CLOSED_SHELL('',(#8956));
#8956 = ADVANCED_FACE('',(#8957),#8961,.T.);
#8957 = FACE_BOUND('',#8958,.T.);
#8958 = VERTEX_LOOP('',#8959);
#8959 = VERTEX_POINT('',#8960);
#8960 = CARTESIAN_POINT('',(0.,0.,-0.175));
#8961 = SPHERICAL_SURFACE('',#8962,0.175);
#8962 = AXIS2_PLACEMENT_3D('',#8963,#8964,#8965);
#8963 = CARTESIAN_POINT('',(0.,0.,0.));
#8964 = DIRECTION('',(0.,0.,1.));
#8965 = DIRECTION('',(1.,0.,-0.));
#8966 = ( GEOMETRIC_REPRESENTATION_CONTEXT(3) 
GLOBAL_UNCERTAINTY_ASSIGNED_CONTEXT((#8970)) 
GLOBAL_UNIT_ASSIGNED_CONTEXT((#8967,#8968,#8969)) REPRESENTATION_CONTEXT
('Context #1','3D Context with UNIT and UNCERTAINTY') );
#8967 = ( LENGTH_UNIT() NAMED_UNIT(*) SI_UNIT(.MILLI.,.METRE.) );
#8968 = ( NAMED_UNIT(*) PLANE_ANGLE_UNIT() SI_UNIT($,.RADIAN.) );
#8969 = ( NAMED_UNIT(*) SI_UNIT($,.STERADIAN.) SOLID_ANGLE_UNIT() );
#8970 = UNCERTAINTY_MEASURE_WITH_UNIT(LENGTH_MEASURE(1.E-07),#8967,
  'distance_accuracy_value','confusion accuracy');
#8971 = CONTEXT_DEPENDENT_SHAPE_REPRESENTATION(#8972,#8974);
#8972 = ( REPRESENTATION_RELATIONSHIP('','',#8953,#112) 
REPRESENTATION_RELATIONSHIP_WITH_TRANSFORMATION(#8973) 
SHAPE_REPRESENTATION_RELATIONSHIP() );
#8973 = ITEM_DEFINED_TRANSFORMATION('','',#11,#1065);
#8974 = PRODUCT_DEFINITION_SHAPE('Placement','Placement of an item',
  #8975);
#8975 = NEXT_ASSEMBLY_USAGE_OCCURRENCE('1802','J13','',#107,#8948,$);
#8976 = PRODUCT_RELATED_PRODUCT_CATEGORY('part',$,(#8950));
#8977 = SHAPE_DEFINITION_REPRESENTATION(#8978,#8984);
#8978 = PRODUCT_DEFINITION_SHAPE('','',#8979);
#8979 = PRODUCT_DEFINITION('design','',#8980,#8983);
#8980 = PRODUCT_DEFINITION_FORMATION('','',#8981);
#8981 = PRODUCT('H13','H13','',(#8982));
#8982 = PRODUCT_CONTEXT('',#2,'mechanical');
#8983 = PRODUCT_DEFINITION_CONTEXT('part definition',#2,'design');
#8984 = ADVANCED_BREP_SHAPE_REPRESENTATION('',(#11,#8985),#8997);
#8985 = MANIFOLD_SOLID_BREP('',#8986);
#8986 = CLOSED_SHELL('',(#8987));
#8987 = ADVANCED_FACE('',(#8988),#8992,.T.);
#8988 = FACE_BOUND('',#8989,.T.);
#8989 = VERTEX_LOOP('',#8990);
#8990 = VERTEX_POINT('',#8991);
#8991 = CARTESIAN_POINT('',(0.,0.,-0.175));
#8992 = SPHERICAL_SURFACE('',#8993,0.175);
#8993 = AXIS2_PLACEMENT_3D('',#8994,#8995,#8996);
#8994 = CARTESIAN_POINT('',(0.,0.,0.));
#8995 = DIRECTION('',(0.,0.,1.));
#8996 = DIRECTION('',(1.,0.,-0.));
#8997 = ( GEOMETRIC_REPRESENTATION_CONTEXT(3) 
GLOBAL_UNCERTAINTY_ASSIGNED_CONTEXT((#9001)) 
GLOBAL_UNIT_ASSIGNED_CONTEXT((#8998,#8999,#9000)) REPRESENTATION_CONTEXT
('Context #1','3D Context with UNIT and UNCERTAINTY') );
#8998 = ( LENGTH_UNIT() NAMED_UNIT(*) SI_UNIT(.MILLI.,.METRE.) );
#8999 = ( NAMED_UNIT(*) PLANE_ANGLE_UNIT() SI_UNIT($,.RADIAN.) );
#9000 = ( NAMED_UNIT(*) SI_UNIT($,.STERADIAN.) SOLID_ANGLE_UNIT() );
#9001 = UNCERTAINTY_MEASURE_WITH_UNIT(LENGTH_MEASURE(1.E-07),#8998,
  'distance_accuracy_value','confusion accuracy');
#9002 = CONTEXT_DEPENDENT_SHAPE_REPRESENTATION(#9003,#9005);
#9003 = ( REPRESENTATION_RELATIONSHIP('','',#8984,#112) 
REPRESENTATION_RELATIONSHIP_WITH_TRANSFORMATION(#9004) 
SHAPE_REPRESENTATION_RELATIONSHIP() );
#9004 = ITEM_DEFINED_TRANSFORMATION('','',#11,#1069);
#9005 = PRODUCT_DEFINITION_SHAPE('Placement','Placement of an item',
  #9006);
#9006 = NEXT_ASSEMBLY_USAGE_OCCURRENCE('1803','H13','',#107,#8979,$);
#9007 = PRODUCT_RELATED_PRODUCT_CATEGORY('part',$,(#8981));
#9008 = SHAPE_DEFINITION_REPRESENTATION(#9009,#9015);
#9009 = PRODUCT_DEFINITION_SHAPE('','',#9010);
#9010 = PRODUCT_DEFINITION('design','',#9011,#9014);
#9011 = PRODUCT_DEFINITION_FORMATION('','',#9012);
#9012 = PRODUCT('G13','G13','',(#9013));
#9013 = PRODUCT_CONTEXT('',#2,'mechanical');
#9014 = PRODUCT_DEFINITION_CONTEXT('part definition',#2,'design');
#9015 = ADVANCED_BREP_SHAPE_REPRESENTATION('',(#11,#9016),#9028);
#9016 = MANIFOLD_SOLID_BREP('',#9017);
#9017 = CLOSED_SHELL('',(#9018));
#9018 = ADVANCED_FACE('',(#9019),#9023,.T.);
#9019 = FACE_BOUND('',#9020,.T.);
#9020 = VERTEX_LOOP('',#9021);
#9021 = VERTEX_POINT('',#9022);
#9022 = CARTESIAN_POINT('',(0.,0.,-0.175));
#9023 = SPHERICAL_SURFACE('',#9024,0.175);
#9024 = AXIS2_PLACEMENT_3D('',#9025,#9026,#9027);
#9025 = CARTESIAN_POINT('',(0.,0.,0.));
#9026 = DIRECTION('',(0.,0.,1.));
#9027 = DIRECTION('',(1.,0.,-0.));
#9028 = ( GEOMETRIC_REPRESENTATION_CONTEXT(3) 
GLOBAL_UNCERTAINTY_ASSIGNED_CONTEXT((#9032)) 
GLOBAL_UNIT_ASSIGNED_CONTEXT((#9029,#9030,#9031)) REPRESENTATION_CONTEXT
('Context #1','3D Context with UNIT and UNCERTAINTY') );
#9029 = ( LENGTH_UNIT() NAMED_UNIT(*) SI_UNIT(.MILLI.,.METRE.) );
#9030 = ( NAMED_UNIT(*) PLANE_ANGLE_UNIT() SI_UNIT($,.RADIAN.) );
#9031 = ( NAMED_UNIT(*) SI_UNIT($,.STERADIAN.) SOLID_ANGLE_UNIT() );
#9032 = UNCERTAINTY_MEASURE_WITH_UNIT(LENGTH_MEASURE(1.E-07),#9029,
  'distance_accuracy_value','confusion accuracy');
#9033 = CONTEXT_DEPENDENT_SHAPE_REPRESENTATION(#9034,#9036);
#9034 = ( REPRESENTATION_RELATIONSHIP('','',#9015,#112) 
REPRESENTATION_RELATIONSHIP_WITH_TRANSFORMATION(#9035) 
SHAPE_REPRESENTATION_RELATIONSHIP() );
#9035 = ITEM_DEFINED_TRANSFORMATION('','',#11,#1073);
#9036 = PRODUCT_DEFINITION_SHAPE('Placement','Placement of an item',
  #9037);
#9037 = NEXT_ASSEMBLY_USAGE_OCCURRENCE('1804','G13','',#107,#9010,$);
#9038 = PRODUCT_RELATED_PRODUCT_CATEGORY('part',$,(#9012));
#9039 = SHAPE_DEFINITION_REPRESENTATION(#9040,#9046);
#9040 = PRODUCT_DEFINITION_SHAPE('','',#9041);
#9041 = PRODUCT_DEFINITION('design','',#9042,#9045);
#9042 = PRODUCT_DEFINITION_FORMATION('','',#9043);
#9043 = PRODUCT('F13','F13','',(#9044));
#9044 = PRODUCT_CONTEXT('',#2,'mechanical');
#9045 = PRODUCT_DEFINITION_CONTEXT('part definition',#2,'design');
#9046 = ADVANCED_BREP_SHAPE_REPRESENTATION('',(#11,#9047),#9059);
#9047 = MANIFOLD_SOLID_BREP('',#9048);
#9048 = CLOSED_SHELL('',(#9049));
#9049 = ADVANCED_FACE('',(#9050),#9054,.T.);
#9050 = FACE_BOUND('',#9051,.T.);
#9051 = VERTEX_LOOP('',#9052);
#9052 = VERTEX_POINT('',#9053);
#9053 = CARTESIAN_POINT('',(0.,0.,-0.175));
#9054 = SPHERICAL_SURFACE('',#9055,0.175);
#9055 = AXIS2_PLACEMENT_3D('',#9056,#9057,#9058);
#9056 = CARTESIAN_POINT('',(0.,0.,0.));
#9057 = DIRECTION('',(0.,0.,1.));
#9058 = DIRECTION('',(1.,0.,-0.));
#9059 = ( GEOMETRIC_REPRESENTATION_CONTEXT(3) 
GLOBAL_UNCERTAINTY_ASSIGNED_CONTEXT((#9063)) 
GLOBAL_UNIT_ASSIGNED_CONTEXT((#9060,#9061,#9062)) REPRESENTATION_CONTEXT
('Context #1','3D Context with UNIT and UNCERTAINTY') );
#9060 = ( LENGTH_UNIT() NAMED_UNIT(*) SI_UNIT(.MILLI.,.METRE.) );
#9061 = ( NAMED_UNIT(*) PLANE_ANGLE_UNIT() SI_UNIT($,.RADIAN.) );
#9062 = ( NAMED_UNIT(*) SI_UNIT($,.STERADIAN.) SOLID_ANGLE_UNIT() );
#9063 = UNCERTAINTY_MEASURE_WITH_UNIT(LENGTH_MEASURE(1.E-07),#9060,
  'distance_accuracy_value','confusion accuracy');
#9064 = CONTEXT_DEPENDENT_SHAPE_REPRESENTATION(#9065,#9067);
#9065 = ( REPRESENTATION_RELATIONSHIP('','',#9046,#112) 
REPRESENTATION_RELATIONSHIP_WITH_TRANSFORMATION(#9066) 
SHAPE_REPRESENTATION_RELATIONSHIP() );
#9066 = ITEM_DEFINED_TRANSFORMATION('','',#11,#1077);
#9067 = PRODUCT_DEFINITION_SHAPE('Placement','Placement of an item',
  #9068);
#9068 = NEXT_ASSEMBLY_USAGE_OCCURRENCE('1805','F13','',#107,#9041,$);
#9069 = PRODUCT_RELATED_PRODUCT_CATEGORY('part',$,(#9043));
#9070 = SHAPE_DEFINITION_REPRESENTATION(#9071,#9077);
#9071 = PRODUCT_DEFINITION_SHAPE('','',#9072);
#9072 = PRODUCT_DEFINITION('design','',#9073,#9076);
#9073 = PRODUCT_DEFINITION_FORMATION('','',#9074);
#9074 = PRODUCT('E13','E13','',(#9075));
#9075 = PRODUCT_CONTEXT('',#2,'mechanical');
#9076 = PRODUCT_DEFINITION_CONTEXT('part definition',#2,'design');
#9077 = ADVANCED_BREP_SHAPE_REPRESENTATION('',(#11,#9078),#9090);
#9078 = MANIFOLD_SOLID_BREP('',#9079);
#9079 = CLOSED_SHELL('',(#9080));
#9080 = ADVANCED_FACE('',(#9081),#9085,.T.);
#9081 = FACE_BOUND('',#9082,.T.);
#9082 = VERTEX_LOOP('',#9083);
#9083 = VERTEX_POINT('',#9084);
#9084 = CARTESIAN_POINT('',(0.,0.,-0.175));
#9085 = SPHERICAL_SURFACE('',#9086,0.175);
#9086 = AXIS2_PLACEMENT_3D('',#9087,#9088,#9089);
#9087 = CARTESIAN_POINT('',(0.,0.,0.));
#9088 = DIRECTION('',(0.,0.,1.));
#9089 = DIRECTION('',(1.,0.,-0.));
#9090 = ( GEOMETRIC_REPRESENTATION_CONTEXT(3) 
GLOBAL_UNCERTAINTY_ASSIGNED_CONTEXT((#9094)) 
GLOBAL_UNIT_ASSIGNED_CONTEXT((#9091,#9092,#9093)) REPRESENTATION_CONTEXT
('Context #1','3D Context with UNIT and UNCERTAINTY') );
#9091 = ( LENGTH_UNIT() NAMED_UNIT(*) SI_UNIT(.MILLI.,.METRE.) );
#9092 = ( NAMED_UNIT(*) PLANE_ANGLE_UNIT() SI_UNIT($,.RADIAN.) );
#9093 = ( NAMED_UNIT(*) SI_UNIT($,.STERADIAN.) SOLID_ANGLE_UNIT() );
#9094 = UNCERTAINTY_MEASURE_WITH_UNIT(LENGTH_MEASURE(1.E-07),#9091,
  'distance_accuracy_value','confusion accuracy');
#9095 = CONTEXT_DEPENDENT_SHAPE_REPRESENTATION(#9096,#9098);
#9096 = ( REPRESENTATION_RELATIONSHIP('','',#9077,#112) 
REPRESENTATION_RELATIONSHIP_WITH_TRANSFORMATION(#9097) 
SHAPE_REPRESENTATION_RELATIONSHIP() );
#9097 = ITEM_DEFINED_TRANSFORMATION('','',#11,#1081);
#9098 = PRODUCT_DEFINITION_SHAPE('Placement','Placement of an item',
  #9099);
#9099 = NEXT_ASSEMBLY_USAGE_OCCURRENCE('1806','E13','',#107,#9072,$);
#9100 = PRODUCT_RELATED_PRODUCT_CATEGORY('part',$,(#9074));
#9101 = SHAPE_DEFINITION_REPRESENTATION(#9102,#9108);
#9102 = PRODUCT_DEFINITION_SHAPE('','',#9103);
#9103 = PRODUCT_DEFINITION('design','',#9104,#9107);
#9104 = PRODUCT_DEFINITION_FORMATION('','',#9105);
#9105 = PRODUCT('D13','D13','',(#9106));
#9106 = PRODUCT_CONTEXT('',#2,'mechanical');
#9107 = PRODUCT_DEFINITION_CONTEXT('part definition',#2,'design');
#9108 = ADVANCED_BREP_SHAPE_REPRESENTATION('',(#11,#9109),#9121);
#9109 = MANIFOLD_SOLID_BREP('',#9110);
#9110 = CLOSED_SHELL('',(#9111));
#9111 = ADVANCED_FACE('',(#9112),#9116,.T.);
#9112 = FACE_BOUND('',#9113,.T.);
#9113 = VERTEX_LOOP('',#9114);
#9114 = VERTEX_POINT('',#9115);
#9115 = CARTESIAN_POINT('',(0.,0.,-0.175));
#9116 = SPHERICAL_SURFACE('',#9117,0.175);
#9117 = AXIS2_PLACEMENT_3D('',#9118,#9119,#9120);
#9118 = CARTESIAN_POINT('',(0.,0.,0.));
#9119 = DIRECTION('',(0.,0.,1.));
#9120 = DIRECTION('',(1.,0.,-0.));
#9121 = ( GEOMETRIC_REPRESENTATION_CONTEXT(3) 
GLOBAL_UNCERTAINTY_ASSIGNED_CONTEXT((#9125)) 
GLOBAL_UNIT_ASSIGNED_CONTEXT((#9122,#9123,#9124)) REPRESENTATION_CONTEXT
('Context #1','3D Context with UNIT and UNCERTAINTY') );
#9122 = ( LENGTH_UNIT() NAMED_UNIT(*) SI_UNIT(.MILLI.,.METRE.) );
#9123 = ( NAMED_UNIT(*) PLANE_ANGLE_UNIT() SI_UNIT($,.RADIAN.) );
#9124 = ( NAMED_UNIT(*) SI_UNIT($,.STERADIAN.) SOLID_ANGLE_UNIT() );
#9125 = UNCERTAINTY_MEASURE_WITH_UNIT(LENGTH_MEASURE(1.E-07),#9122,
  'distance_accuracy_value','confusion accuracy');
#9126 = CONTEXT_DEPENDENT_SHAPE_REPRESENTATION(#9127,#9129);
#9127 = ( REPRESENTATION_RELATIONSHIP('','',#9108,#112) 
REPRESENTATION_RELATIONSHIP_WITH_TRANSFORMATION(#9128) 
SHAPE_REPRESENTATION_RELATIONSHIP() );
#9128 = ITEM_DEFINED_TRANSFORMATION('','',#11,#1085);
#9129 = PRODUCT_DEFINITION_SHAPE('Placement','Placement of an item',
  #9130);
#9130 = NEXT_ASSEMBLY_USAGE_OCCURRENCE('1807','D13','',#107,#9103,$);
#9131 = PRODUCT_RELATED_PRODUCT_CATEGORY('part',$,(#9105));
#9132 = SHAPE_DEFINITION_REPRESENTATION(#9133,#9139);
#9133 = PRODUCT_DEFINITION_SHAPE('','',#9134);
#9134 = PRODUCT_DEFINITION('design','',#9135,#9138);
#9135 = PRODUCT_DEFINITION_FORMATION('','',#9136);
#9136 = PRODUCT('C13','C13','',(#9137));
#9137 = PRODUCT_CONTEXT('',#2,'mechanical');
#9138 = PRODUCT_DEFINITION_CONTEXT('part definition',#2,'design');
#9139 = ADVANCED_BREP_SHAPE_REPRESENTATION('',(#11,#9140),#9152);
#9140 = MANIFOLD_SOLID_BREP('',#9141);
#9141 = CLOSED_SHELL('',(#9142));
#9142 = ADVANCED_FACE('',(#9143),#9147,.T.);
#9143 = FACE_BOUND('',#9144,.T.);
#9144 = VERTEX_LOOP('',#9145);
#9145 = VERTEX_POINT('',#9146);
#9146 = CARTESIAN_POINT('',(0.,0.,-0.175));
#9147 = SPHERICAL_SURFACE('',#9148,0.175);
#9148 = AXIS2_PLACEMENT_3D('',#9149,#9150,#9151);
#9149 = CARTESIAN_POINT('',(0.,0.,0.));
#9150 = DIRECTION('',(0.,0.,1.));
#9151 = DIRECTION('',(1.,0.,-0.));
#9152 = ( GEOMETRIC_REPRESENTATION_CONTEXT(3) 
GLOBAL_UNCERTAINTY_ASSIGNED_CONTEXT((#9156)) 
GLOBAL_UNIT_ASSIGNED_CONTEXT((#9153,#9154,#9155)) REPRESENTATION_CONTEXT
('Context #1','3D Context with UNIT and UNCERTAINTY') );
#9153 = ( LENGTH_UNIT() NAMED_UNIT(*) SI_UNIT(.MILLI.,.METRE.) );
#9154 = ( NAMED_UNIT(*) PLANE_ANGLE_UNIT() SI_UNIT($,.RADIAN.) );
#9155 = ( NAMED_UNIT(*) SI_UNIT($,.STERADIAN.) SOLID_ANGLE_UNIT() );
#9156 = UNCERTAINTY_MEASURE_WITH_UNIT(LENGTH_MEASURE(1.E-07),#9153,
  'distance_accuracy_value','confusion accuracy');
#9157 = CONTEXT_DEPENDENT_SHAPE_REPRESENTATION(#9158,#9160);
#9158 = ( REPRESENTATION_RELATIONSHIP('','',#9139,#112) 
REPRESENTATION_RELATIONSHIP_WITH_TRANSFORMATION(#9159) 
SHAPE_REPRESENTATION_RELATIONSHIP() );
#9159 = ITEM_DEFINED_TRANSFORMATION('','',#11,#1089);
#9160 = PRODUCT_DEFINITION_SHAPE('Placement','Placement of an item',
  #9161);
#9161 = NEXT_ASSEMBLY_USAGE_OCCURRENCE('1808','C13','',#107,#9134,$);
#9162 = PRODUCT_RELATED_PRODUCT_CATEGORY('part',$,(#9136));
#9163 = SHAPE_DEFINITION_REPRESENTATION(#9164,#9170);
#9164 = PRODUCT_DEFINITION_SHAPE('','',#9165);
#9165 = PRODUCT_DEFINITION('design','',#9166,#9169);
#9166 = PRODUCT_DEFINITION_FORMATION('','',#9167);
#9167 = PRODUCT('B13','B13','',(#9168));
#9168 = PRODUCT_CONTEXT('',#2,'mechanical');
#9169 = PRODUCT_DEFINITION_CONTEXT('part definition',#2,'design');
#9170 = ADVANCED_BREP_SHAPE_REPRESENTATION('',(#11,#9171),#9183);
#9171 = MANIFOLD_SOLID_BREP('',#9172);
#9172 = CLOSED_SHELL('',(#9173));
#9173 = ADVANCED_FACE('',(#9174),#9178,.T.);
#9174 = FACE_BOUND('',#9175,.T.);
#9175 = VERTEX_LOOP('',#9176);
#9176 = VERTEX_POINT('',#9177);
#9177 = CARTESIAN_POINT('',(0.,0.,-0.175));
#9178 = SPHERICAL_SURFACE('',#9179,0.175);
#9179 = AXIS2_PLACEMENT_3D('',#9180,#9181,#9182);
#9180 = CARTESIAN_POINT('',(0.,0.,0.));
#9181 = DIRECTION('',(0.,0.,1.));
#9182 = DIRECTION('',(1.,0.,-0.));
#9183 = ( GEOMETRIC_REPRESENTATION_CONTEXT(3) 
GLOBAL_UNCERTAINTY_ASSIGNED_CONTEXT((#9187)) 
GLOBAL_UNIT_ASSIGNED_CONTEXT((#9184,#9185,#9186)) REPRESENTATION_CONTEXT
('Context #1','3D Context with UNIT and UNCERTAINTY') );
#9184 = ( LENGTH_UNIT() NAMED_UNIT(*) SI_UNIT(.MILLI.,.METRE.) );
#9185 = ( NAMED_UNIT(*) PLANE_ANGLE_UNIT() SI_UNIT($,.RADIAN.) );
#9186 = ( NAMED_UNIT(*) SI_UNIT($,.STERADIAN.) SOLID_ANGLE_UNIT() );
#9187 = UNCERTAINTY_MEASURE_WITH_UNIT(LENGTH_MEASURE(1.E-07),#9184,
  'distance_accuracy_value','confusion accuracy');
#9188 = CONTEXT_DEPENDENT_SHAPE_REPRESENTATION(#9189,#9191);
#9189 = ( REPRESENTATION_RELATIONSHIP('','',#9170,#112) 
REPRESENTATION_RELATIONSHIP_WITH_TRANSFORMATION(#9190) 
SHAPE_REPRESENTATION_RELATIONSHIP() );
#9190 = ITEM_DEFINED_TRANSFORMATION('','',#11,#1093);
#9191 = PRODUCT_DEFINITION_SHAPE('Placement','Placement of an item',
  #9192);
#9192 = NEXT_ASSEMBLY_USAGE_OCCURRENCE('1809','B13','',#107,#9165,$);
#9193 = PRODUCT_RELATED_PRODUCT_CATEGORY('part',$,(#9167));
#9194 = SHAPE_DEFINITION_REPRESENTATION(#9195,#9201);
#9195 = PRODUCT_DEFINITION_SHAPE('','',#9196);
#9196 = PRODUCT_DEFINITION('design','',#9197,#9200);
#9197 = PRODUCT_DEFINITION_FORMATION('','',#9198);
#9198 = PRODUCT('A13','A13','',(#9199));
#9199 = PRODUCT_CONTEXT('',#2,'mechanical');
#9200 = PRODUCT_DEFINITION_CONTEXT('part definition',#2,'design');
#9201 = ADVANCED_BREP_SHAPE_REPRESENTATION('',(#11,#9202),#9214);
#9202 = MANIFOLD_SOLID_BREP('',#9203);
#9203 = CLOSED_SHELL('',(#9204));
#9204 = ADVANCED_FACE('',(#9205),#9209,.T.);
#9205 = FACE_BOUND('',#9206,.T.);
#9206 = VERTEX_LOOP('',#9207);
#9207 = VERTEX_POINT('',#9208);
#9208 = CARTESIAN_POINT('',(0.,0.,-0.175));
#9209 = SPHERICAL_SURFACE('',#9210,0.175);
#9210 = AXIS2_PLACEMENT_3D('',#9211,#9212,#9213);
#9211 = CARTESIAN_POINT('',(0.,0.,0.));
#9212 = DIRECTION('',(0.,0.,1.));
#9213 = DIRECTION('',(1.,0.,-0.));
#9214 = ( GEOMETRIC_REPRESENTATION_CONTEXT(3) 
GLOBAL_UNCERTAINTY_ASSIGNED_CONTEXT((#9218)) 
GLOBAL_UNIT_ASSIGNED_CONTEXT((#9215,#9216,#9217)) REPRESENTATION_CONTEXT
('Context #1','3D Context with UNIT and UNCERTAINTY') );
#9215 = ( LENGTH_UNIT() NAMED_UNIT(*) SI_UNIT(.MILLI.,.METRE.) );
#9216 = ( NAMED_UNIT(*) PLANE_ANGLE_UNIT() SI_UNIT($,.RADIAN.) );
#9217 = ( NAMED_UNIT(*) SI_UNIT($,.STERADIAN.) SOLID_ANGLE_UNIT() );
#9218 = UNCERTAINTY_MEASURE_WITH_UNIT(LENGTH_MEASURE(1.E-07),#9215,
  'distance_accuracy_value','confusion accuracy');
#9219 = CONTEXT_DEPENDENT_SHAPE_REPRESENTATION(#9220,#9222);
#9220 = ( REPRESENTATION_RELATIONSHIP('','',#9201,#112) 
REPRESENTATION_RELATIONSHIP_WITH_TRANSFORMATION(#9221) 
SHAPE_REPRESENTATION_RELATIONSHIP() );
#9221 = ITEM_DEFINED_TRANSFORMATION('','',#11,#1097);
#9222 = PRODUCT_DEFINITION_SHAPE('Placement','Placement of an item',
  #9223);
#9223 = NEXT_ASSEMBLY_USAGE_OCCURRENCE('1810','A13','',#107,#9196,$);
#9224 = PRODUCT_RELATED_PRODUCT_CATEGORY('part',$,(#9198));
#9225 = SHAPE_DEFINITION_REPRESENTATION(#9226,#9232);
#9226 = PRODUCT_DEFINITION_SHAPE('','',#9227);
#9227 = PRODUCT_DEFINITION('design','',#9228,#9231);
#9228 = PRODUCT_DEFINITION_FORMATION('','',#9229);
#9229 = PRODUCT('W14','W14','',(#9230));
#9230 = PRODUCT_CONTEXT('',#2,'mechanical');
#9231 = PRODUCT_DEFINITION_CONTEXT('part definition',#2,'design');
#9232 = ADVANCED_BREP_SHAPE_REPRESENTATION('',(#11,#9233),#9245);
#9233 = MANIFOLD_SOLID_BREP('',#9234);
#9234 = CLOSED_SHELL('',(#9235));
#9235 = ADVANCED_FACE('',(#9236),#9240,.T.);
#9236 = FACE_BOUND('',#9237,.T.);
#9237 = VERTEX_LOOP('',#9238);
#9238 = VERTEX_POINT('',#9239);
#9239 = CARTESIAN_POINT('',(0.,0.,-0.175));
#9240 = SPHERICAL_SURFACE('',#9241,0.175);
#9241 = AXIS2_PLACEMENT_3D('',#9242,#9243,#9244);
#9242 = CARTESIAN_POINT('',(0.,0.,0.));
#9243 = DIRECTION('',(0.,0.,1.));
#9244 = DIRECTION('',(1.,0.,-0.));
#9245 = ( GEOMETRIC_REPRESENTATION_CONTEXT(3) 
GLOBAL_UNCERTAINTY_ASSIGNED_CONTEXT((#9249)) 
GLOBAL_UNIT_ASSIGNED_CONTEXT((#9246,#9247,#9248)) REPRESENTATION_CONTEXT
('Context #1','3D Context with UNIT and UNCERTAINTY') );
#9246 = ( LENGTH_UNIT() NAMED_UNIT(*) SI_UNIT(.MILLI.,.METRE.) );
#9247 = ( NAMED_UNIT(*) PLANE_ANGLE_UNIT() SI_UNIT($,.RADIAN.) );
#9248 = ( NAMED_UNIT(*) SI_UNIT($,.STERADIAN.) SOLID_ANGLE_UNIT() );
#9249 = UNCERTAINTY_MEASURE_WITH_UNIT(LENGTH_MEASURE(1.E-07),#9246,
  'distance_accuracy_value','confusion accuracy');
#9250 = CONTEXT_DEPENDENT_SHAPE_REPRESENTATION(#9251,#9253);
#9251 = ( REPRESENTATION_RELATIONSHIP('','',#9232,#112) 
REPRESENTATION_RELATIONSHIP_WITH_TRANSFORMATION(#9252) 
SHAPE_REPRESENTATION_RELATIONSHIP() );
#9252 = ITEM_DEFINED_TRANSFORMATION('','',#11,#1101);
#9253 = PRODUCT_DEFINITION_SHAPE('Placement','Placement of an item',
  #9254);
#9254 = NEXT_ASSEMBLY_USAGE_OCCURRENCE('1811','W14','',#107,#9227,$);
#9255 = PRODUCT_RELATED_PRODUCT_CATEGORY('part',$,(#9229));
#9256 = SHAPE_DEFINITION_REPRESENTATION(#9257,#9263);
#9257 = PRODUCT_DEFINITION_SHAPE('','',#9258);
#9258 = PRODUCT_DEFINITION('design','',#9259,#9262);
#9259 = PRODUCT_DEFINITION_FORMATION('','',#9260);
#9260 = PRODUCT('V14','V14','',(#9261));
#9261 = PRODUCT_CONTEXT('',#2,'mechanical');
#9262 = PRODUCT_DEFINITION_CONTEXT('part definition',#2,'design');
#9263 = ADVANCED_BREP_SHAPE_REPRESENTATION('',(#11,#9264),#9276);
#9264 = MANIFOLD_SOLID_BREP('',#9265);
#9265 = CLOSED_SHELL('',(#9266));
#9266 = ADVANCED_FACE('',(#9267),#9271,.T.);
#9267 = FACE_BOUND('',#9268,.T.);
#9268 = VERTEX_LOOP('',#9269);
#9269 = VERTEX_POINT('',#9270);
#9270 = CARTESIAN_POINT('',(0.,0.,-0.175));
#9271 = SPHERICAL_SURFACE('',#9272,0.175);
#9272 = AXIS2_PLACEMENT_3D('',#9273,#9274,#9275);
#9273 = CARTESIAN_POINT('',(0.,0.,0.));
#9274 = DIRECTION('',(0.,0.,1.));
#9275 = DIRECTION('',(1.,0.,-0.));
#9276 = ( GEOMETRIC_REPRESENTATION_CONTEXT(3) 
GLOBAL_UNCERTAINTY_ASSIGNED_CONTEXT((#9280)) 
GLOBAL_UNIT_ASSIGNED_CONTEXT((#9277,#9278,#9279)) REPRESENTATION_CONTEXT
('Context #1','3D Context with UNIT and UNCERTAINTY') );
#9277 = ( LENGTH_UNIT() NAMED_UNIT(*) SI_UNIT(.MILLI.,.METRE.) );
#9278 = ( NAMED_UNIT(*) PLANE_ANGLE_UNIT() SI_UNIT($,.RADIAN.) );
#9279 = ( NAMED_UNIT(*) SI_UNIT($,.STERADIAN.) SOLID_ANGLE_UNIT() );
#9280 = UNCERTAINTY_MEASURE_WITH_UNIT(LENGTH_MEASURE(1.E-07),#9277,
  'distance_accuracy_value','confusion accuracy');
#9281 = CONTEXT_DEPENDENT_SHAPE_REPRESENTATION(#9282,#9284);
#9282 = ( REPRESENTATION_RELATIONSHIP('','',#9263,#112) 
REPRESENTATION_RELATIONSHIP_WITH_TRANSFORMATION(#9283) 
SHAPE_REPRESENTATION_RELATIONSHIP() );
#9283 = ITEM_DEFINED_TRANSFORMATION('','',#11,#1105);
#9284 = PRODUCT_DEFINITION_SHAPE('Placement','Placement of an item',
  #9285);
#9285 = NEXT_ASSEMBLY_USAGE_OCCURRENCE('1812','V14','',#107,#9258,$);
#9286 = PRODUCT_RELATED_PRODUCT_CATEGORY('part',$,(#9260));
#9287 = SHAPE_DEFINITION_REPRESENTATION(#9288,#9294);
#9288 = PRODUCT_DEFINITION_SHAPE('','',#9289);
#9289 = PRODUCT_DEFINITION('design','',#9290,#9293);
#9290 = PRODUCT_DEFINITION_FORMATION('','',#9291);
#9291 = PRODUCT('U14','U14','',(#9292));
#9292 = PRODUCT_CONTEXT('',#2,'mechanical');
#9293 = PRODUCT_DEFINITION_CONTEXT('part definition',#2,'design');
#9294 = ADVANCED_BREP_SHAPE_REPRESENTATION('',(#11,#9295),#9307);
#9295 = MANIFOLD_SOLID_BREP('',#9296);
#9296 = CLOSED_SHELL('',(#9297));
#9297 = ADVANCED_FACE('',(#9298),#9302,.T.);
#9298 = FACE_BOUND('',#9299,.T.);
#9299 = VERTEX_LOOP('',#9300);
#9300 = VERTEX_POINT('',#9301);
#9301 = CARTESIAN_POINT('',(0.,0.,-0.175));
#9302 = SPHERICAL_SURFACE('',#9303,0.175);
#9303 = AXIS2_PLACEMENT_3D('',#9304,#9305,#9306);
#9304 = CARTESIAN_POINT('',(0.,0.,0.));
#9305 = DIRECTION('',(0.,0.,1.));
#9306 = DIRECTION('',(1.,0.,-0.));
#9307 = ( GEOMETRIC_REPRESENTATION_CONTEXT(3) 
GLOBAL_UNCERTAINTY_ASSIGNED_CONTEXT((#9311)) 
GLOBAL_UNIT_ASSIGNED_CONTEXT((#9308,#9309,#9310)) REPRESENTATION_CONTEXT
('Context #1','3D Context with UNIT and UNCERTAINTY') );
#9308 = ( LENGTH_UNIT() NAMED_UNIT(*) SI_UNIT(.MILLI.,.METRE.) );
#9309 = ( NAMED_UNIT(*) PLANE_ANGLE_UNIT() SI_UNIT($,.RADIAN.) );
#9310 = ( NAMED_UNIT(*) SI_UNIT($,.STERADIAN.) SOLID_ANGLE_UNIT() );
#9311 = UNCERTAINTY_MEASURE_WITH_UNIT(LENGTH_MEASURE(1.E-07),#9308,
  'distance_accuracy_value','confusion accuracy');
#9312 = CONTEXT_DEPENDENT_SHAPE_REPRESENTATION(#9313,#9315);
#9313 = ( REPRESENTATION_RELATIONSHIP('','',#9294,#112) 
REPRESENTATION_RELATIONSHIP_WITH_TRANSFORMATION(#9314) 
SHAPE_REPRESENTATION_RELATIONSHIP() );
#9314 = ITEM_DEFINED_TRANSFORMATION('','',#11,#1109);
#9315 = PRODUCT_DEFINITION_SHAPE('Placement','Placement of an item',
  #9316);
#9316 = NEXT_ASSEMBLY_USAGE_OCCURRENCE('1813','U14','',#107,#9289,$);
#9317 = PRODUCT_RELATED_PRODUCT_CATEGORY('part',$,(#9291));
#9318 = SHAPE_DEFINITION_REPRESENTATION(#9319,#9325);
#9319 = PRODUCT_DEFINITION_SHAPE('','',#9320);
#9320 = PRODUCT_DEFINITION('design','',#9321,#9324);
#9321 = PRODUCT_DEFINITION_FORMATION('','',#9322);
#9322 = PRODUCT('T14','T14','',(#9323));
#9323 = PRODUCT_CONTEXT('',#2,'mechanical');
#9324 = PRODUCT_DEFINITION_CONTEXT('part definition',#2,'design');
#9325 = ADVANCED_BREP_SHAPE_REPRESENTATION('',(#11,#9326),#9338);
#9326 = MANIFOLD_SOLID_BREP('',#9327);
#9327 = CLOSED_SHELL('',(#9328));
#9328 = ADVANCED_FACE('',(#9329),#9333,.T.);
#9329 = FACE_BOUND('',#9330,.T.);
#9330 = VERTEX_LOOP('',#9331);
#9331 = VERTEX_POINT('',#9332);
#9332 = CARTESIAN_POINT('',(0.,0.,-0.175));
#9333 = SPHERICAL_SURFACE('',#9334,0.175);
#9334 = AXIS2_PLACEMENT_3D('',#9335,#9336,#9337);
#9335 = CARTESIAN_POINT('',(0.,0.,0.));
#9336 = DIRECTION('',(0.,0.,1.));
#9337 = DIRECTION('',(1.,0.,-0.));
#9338 = ( GEOMETRIC_REPRESENTATION_CONTEXT(3) 
GLOBAL_UNCERTAINTY_ASSIGNED_CONTEXT((#9342)) 
GLOBAL_UNIT_ASSIGNED_CONTEXT((#9339,#9340,#9341)) REPRESENTATION_CONTEXT
('Context #1','3D Context with UNIT and UNCERTAINTY') );
#9339 = ( LENGTH_UNIT() NAMED_UNIT(*) SI_UNIT(.MILLI.,.METRE.) );
#9340 = ( NAMED_UNIT(*) PLANE_ANGLE_UNIT() SI_UNIT($,.RADIAN.) );
#9341 = ( NAMED_UNIT(*) SI_UNIT($,.STERADIAN.) SOLID_ANGLE_UNIT() );
#9342 = UNCERTAINTY_MEASURE_WITH_UNIT(LENGTH_MEASURE(1.E-07),#9339,
  'distance_accuracy_value','confusion accuracy');
#9343 = CONTEXT_DEPENDENT_SHAPE_REPRESENTATION(#9344,#9346);
#9344 = ( REPRESENTATION_RELATIONSHIP('','',#9325,#112) 
REPRESENTATION_RELATIONSHIP_WITH_TRANSFORMATION(#9345) 
SHAPE_REPRESENTATION_RELATIONSHIP() );
#9345 = ITEM_DEFINED_TRANSFORMATION('','',#11,#1113);
#9346 = PRODUCT_DEFINITION_SHAPE('Placement','Placement of an item',
  #9347);
#9347 = NEXT_ASSEMBLY_USAGE_OCCURRENCE('1814','T14','',#107,#9320,$);
#9348 = PRODUCT_RELATED_PRODUCT_CATEGORY('part',$,(#9322));
#9349 = SHAPE_DEFINITION_REPRESENTATION(#9350,#9356);
#9350 = PRODUCT_DEFINITION_SHAPE('','',#9351);
#9351 = PRODUCT_DEFINITION('design','',#9352,#9355);
#9352 = PRODUCT_DEFINITION_FORMATION('','',#9353);
#9353 = PRODUCT('R14','R14','',(#9354));
#9354 = PRODUCT_CONTEXT('',#2,'mechanical');
#9355 = PRODUCT_DEFINITION_CONTEXT('part definition',#2,'design');
#9356 = ADVANCED_BREP_SHAPE_REPRESENTATION('',(#11,#9357),#9369);
#9357 = MANIFOLD_SOLID_BREP('',#9358);
#9358 = CLOSED_SHELL('',(#9359));
#9359 = ADVANCED_FACE('',(#9360),#9364,.T.);
#9360 = FACE_BOUND('',#9361,.T.);
#9361 = VERTEX_LOOP('',#9362);
#9362 = VERTEX_POINT('',#9363);
#9363 = CARTESIAN_POINT('',(0.,0.,-0.175));
#9364 = SPHERICAL_SURFACE('',#9365,0.175);
#9365 = AXIS2_PLACEMENT_3D('',#9366,#9367,#9368);
#9366 = CARTESIAN_POINT('',(0.,0.,0.));
#9367 = DIRECTION('',(0.,0.,1.));
#9368 = DIRECTION('',(1.,0.,-0.));
#9369 = ( GEOMETRIC_REPRESENTATION_CONTEXT(3) 
GLOBAL_UNCERTAINTY_ASSIGNED_CONTEXT((#9373)) 
GLOBAL_UNIT_ASSIGNED_CONTEXT((#9370,#9371,#9372)) REPRESENTATION_CONTEXT
('Context #1','3D Context with UNIT and UNCERTAINTY') );
#9370 = ( LENGTH_UNIT() NAMED_UNIT(*) SI_UNIT(.MILLI.,.METRE.) );
#9371 = ( NAMED_UNIT(*) PLANE_ANGLE_UNIT() SI_UNIT($,.RADIAN.) );
#9372 = ( NAMED_UNIT(*) SI_UNIT($,.STERADIAN.) SOLID_ANGLE_UNIT() );
#9373 = UNCERTAINTY_MEASURE_WITH_UNIT(LENGTH_MEASURE(1.E-07),#9370,
  'distance_accuracy_value','confusion accuracy');
#9374 = CONTEXT_DEPENDENT_SHAPE_REPRESENTATION(#9375,#9377);
#9375 = ( REPRESENTATION_RELATIONSHIP('','',#9356,#112) 
REPRESENTATION_RELATIONSHIP_WITH_TRANSFORMATION(#9376) 
SHAPE_REPRESENTATION_RELATIONSHIP() );
#9376 = ITEM_DEFINED_TRANSFORMATION('','',#11,#1117);
#9377 = PRODUCT_DEFINITION_SHAPE('Placement','Placement of an item',
  #9378);
#9378 = NEXT_ASSEMBLY_USAGE_OCCURRENCE('1815','R14','',#107,#9351,$);
#9379 = PRODUCT_RELATED_PRODUCT_CATEGORY('part',$,(#9353));
#9380 = SHAPE_DEFINITION_REPRESENTATION(#9381,#9387);
#9381 = PRODUCT_DEFINITION_SHAPE('','',#9382);
#9382 = PRODUCT_DEFINITION('design','',#9383,#9386);
#9383 = PRODUCT_DEFINITION_FORMATION('','',#9384);
#9384 = PRODUCT('P14','P14','',(#9385));
#9385 = PRODUCT_CONTEXT('',#2,'mechanical');
#9386 = PRODUCT_DEFINITION_CONTEXT('part definition',#2,'design');
#9387 = ADVANCED_BREP_SHAPE_REPRESENTATION('',(#11,#9388),#9400);
#9388 = MANIFOLD_SOLID_BREP('',#9389);
#9389 = CLOSED_SHELL('',(#9390));
#9390 = ADVANCED_FACE('',(#9391),#9395,.T.);
#9391 = FACE_BOUND('',#9392,.T.);
#9392 = VERTEX_LOOP('',#9393);
#9393 = VERTEX_POINT('',#9394);
#9394 = CARTESIAN_POINT('',(0.,0.,-0.175));
#9395 = SPHERICAL_SURFACE('',#9396,0.175);
#9396 = AXIS2_PLACEMENT_3D('',#9397,#9398,#9399);
#9397 = CARTESIAN_POINT('',(0.,0.,0.));
#9398 = DIRECTION('',(0.,0.,1.));
#9399 = DIRECTION('',(1.,0.,-0.));
#9400 = ( GEOMETRIC_REPRESENTATION_CONTEXT(3) 
GLOBAL_UNCERTAINTY_ASSIGNED_CONTEXT((#9404)) 
GLOBAL_UNIT_ASSIGNED_CONTEXT((#9401,#9402,#9403)) REPRESENTATION_CONTEXT
('Context #1','3D Context with UNIT and UNCERTAINTY') );
#9401 = ( LENGTH_UNIT() NAMED_UNIT(*) SI_UNIT(.MILLI.,.METRE.) );
#9402 = ( NAMED_UNIT(*) PLANE_ANGLE_UNIT() SI_UNIT($,.RADIAN.) );
#9403 = ( NAMED_UNIT(*) SI_UNIT($,.STERADIAN.) SOLID_ANGLE_UNIT() );
#9404 = UNCERTAINTY_MEASURE_WITH_UNIT(LENGTH_MEASURE(1.E-07),#9401,
  'distance_accuracy_value','confusion accuracy');
#9405 = CONTEXT_DEPENDENT_SHAPE_REPRESENTATION(#9406,#9408);
#9406 = ( REPRESENTATION_RELATIONSHIP('','',#9387,#112) 
REPRESENTATION_RELATIONSHIP_WITH_TRANSFORMATION(#9407) 
SHAPE_REPRESENTATION_RELATIONSHIP() );
#9407 = ITEM_DEFINED_TRANSFORMATION('','',#11,#1121);
#9408 = PRODUCT_DEFINITION_SHAPE('Placement','Placement of an item',
  #9409);
#9409 = NEXT_ASSEMBLY_USAGE_OCCURRENCE('1816','P14','',#107,#9382,$);
#9410 = PRODUCT_RELATED_PRODUCT_CATEGORY('part',$,(#9384));
#9411 = SHAPE_DEFINITION_REPRESENTATION(#9412,#9418);
#9412 = PRODUCT_DEFINITION_SHAPE('','',#9413);
#9413 = PRODUCT_DEFINITION('design','',#9414,#9417);
#9414 = PRODUCT_DEFINITION_FORMATION('','',#9415);
#9415 = PRODUCT('N14','N14','',(#9416));
#9416 = PRODUCT_CONTEXT('',#2,'mechanical');
#9417 = PRODUCT_DEFINITION_CONTEXT('part definition',#2,'design');
#9418 = ADVANCED_BREP_SHAPE_REPRESENTATION('',(#11,#9419),#9431);
#9419 = MANIFOLD_SOLID_BREP('',#9420);
#9420 = CLOSED_SHELL('',(#9421));
#9421 = ADVANCED_FACE('',(#9422),#9426,.T.);
#9422 = FACE_BOUND('',#9423,.T.);
#9423 = VERTEX_LOOP('',#9424);
#9424 = VERTEX_POINT('',#9425);
#9425 = CARTESIAN_POINT('',(0.,0.,-0.175));
#9426 = SPHERICAL_SURFACE('',#9427,0.175);
#9427 = AXIS2_PLACEMENT_3D('',#9428,#9429,#9430);
#9428 = CARTESIAN_POINT('',(0.,0.,0.));
#9429 = DIRECTION('',(0.,0.,1.));
#9430 = DIRECTION('',(1.,0.,-0.));
#9431 = ( GEOMETRIC_REPRESENTATION_CONTEXT(3) 
GLOBAL_UNCERTAINTY_ASSIGNED_CONTEXT((#9435)) 
GLOBAL_UNIT_ASSIGNED_CONTEXT((#9432,#9433,#9434)) REPRESENTATION_CONTEXT
('Context #1','3D Context with UNIT and UNCERTAINTY') );
#9432 = ( LENGTH_UNIT() NAMED_UNIT(*) SI_UNIT(.MILLI.,.METRE.) );
#9433 = ( NAMED_UNIT(*) PLANE_ANGLE_UNIT() SI_UNIT($,.RADIAN.) );
#9434 = ( NAMED_UNIT(*) SI_UNIT($,.STERADIAN.) SOLID_ANGLE_UNIT() );
#9435 = UNCERTAINTY_MEASURE_WITH_UNIT(LENGTH_MEASURE(1.E-07),#9432,
  'distance_accuracy_value','confusion accuracy');
#9436 = CONTEXT_DEPENDENT_SHAPE_REPRESENTATION(#9437,#9439);
#9437 = ( REPRESENTATION_RELATIONSHIP('','',#9418,#112) 
REPRESENTATION_RELATIONSHIP_WITH_TRANSFORMATION(#9438) 
SHAPE_REPRESENTATION_RELATIONSHIP() );
#9438 = ITEM_DEFINED_TRANSFORMATION('','',#11,#1125);
#9439 = PRODUCT_DEFINITION_SHAPE('Placement','Placement of an item',
  #9440);
#9440 = NEXT_ASSEMBLY_USAGE_OCCURRENCE('1817','N14','',#107,#9413,$);
#9441 = PRODUCT_RELATED_PRODUCT_CATEGORY('part',$,(#9415));
#9442 = SHAPE_DEFINITION_REPRESENTATION(#9443,#9449);
#9443 = PRODUCT_DEFINITION_SHAPE('','',#9444);
#9444 = PRODUCT_DEFINITION('design','',#9445,#9448);
#9445 = PRODUCT_DEFINITION_FORMATION('','',#9446);
#9446 = PRODUCT('M14','M14','',(#9447));
#9447 = PRODUCT_CONTEXT('',#2,'mechanical');
#9448 = PRODUCT_DEFINITION_CONTEXT('part definition',#2,'design');
#9449 = ADVANCED_BREP_SHAPE_REPRESENTATION('',(#11,#9450),#9462);
#9450 = MANIFOLD_SOLID_BREP('',#9451);
#9451 = CLOSED_SHELL('',(#9452));
#9452 = ADVANCED_FACE('',(#9453),#9457,.T.);
#9453 = FACE_BOUND('',#9454,.T.);
#9454 = VERTEX_LOOP('',#9455);
#9455 = VERTEX_POINT('',#9456);
#9456 = CARTESIAN_POINT('',(0.,0.,-0.175));
#9457 = SPHERICAL_SURFACE('',#9458,0.175);
#9458 = AXIS2_PLACEMENT_3D('',#9459,#9460,#9461);
#9459 = CARTESIAN_POINT('',(0.,0.,0.));
#9460 = DIRECTION('',(0.,0.,1.));
#9461 = DIRECTION('',(1.,0.,-0.));
#9462 = ( GEOMETRIC_REPRESENTATION_CONTEXT(3) 
GLOBAL_UNCERTAINTY_ASSIGNED_CONTEXT((#9466)) 
GLOBAL_UNIT_ASSIGNED_CONTEXT((#9463,#9464,#9465)) REPRESENTATION_CONTEXT
('Context #1','3D Context with UNIT and UNCERTAINTY') );
#9463 = ( LENGTH_UNIT() NAMED_UNIT(*) SI_UNIT(.MILLI.,.METRE.) );
#9464 = ( NAMED_UNIT(*) PLANE_ANGLE_UNIT() SI_UNIT($,.RADIAN.) );
#9465 = ( NAMED_UNIT(*) SI_UNIT($,.STERADIAN.) SOLID_ANGLE_UNIT() );
#9466 = UNCERTAINTY_MEASURE_WITH_UNIT(LENGTH_MEASURE(1.E-07),#9463,
  'distance_accuracy_value','confusion accuracy');
#9467 = CONTEXT_DEPENDENT_SHAPE_REPRESENTATION(#9468,#9470);
#9468 = ( REPRESENTATION_RELATIONSHIP('','',#9449,#112) 
REPRESENTATION_RELATIONSHIP_WITH_TRANSFORMATION(#9469) 
SHAPE_REPRESENTATION_RELATIONSHIP() );
#9469 = ITEM_DEFINED_TRANSFORMATION('','',#11,#1129);
#9470 = PRODUCT_DEFINITION_SHAPE('Placement','Placement of an item',
  #9471);
#9471 = NEXT_ASSEMBLY_USAGE_OCCURRENCE('1818','M14','',#107,#9444,$);
#9472 = PRODUCT_RELATED_PRODUCT_CATEGORY('part',$,(#9446));
#9473 = SHAPE_DEFINITION_REPRESENTATION(#9474,#9480);
#9474 = PRODUCT_DEFINITION_SHAPE('','',#9475);
#9475 = PRODUCT_DEFINITION('design','',#9476,#9479);
#9476 = PRODUCT_DEFINITION_FORMATION('','',#9477);
#9477 = PRODUCT('L14','L14','',(#9478));
#9478 = PRODUCT_CONTEXT('',#2,'mechanical');
#9479 = PRODUCT_DEFINITION_CONTEXT('part definition',#2,'design');
#9480 = ADVANCED_BREP_SHAPE_REPRESENTATION('',(#11,#9481),#9493);
#9481 = MANIFOLD_SOLID_BREP('',#9482);
#9482 = CLOSED_SHELL('',(#9483));
#9483 = ADVANCED_FACE('',(#9484),#9488,.T.);
#9484 = FACE_BOUND('',#9485,.T.);
#9485 = VERTEX_LOOP('',#9486);
#9486 = VERTEX_POINT('',#9487);
#9487 = CARTESIAN_POINT('',(0.,0.,-0.175));
#9488 = SPHERICAL_SURFACE('',#9489,0.175);
#9489 = AXIS2_PLACEMENT_3D('',#9490,#9491,#9492);
#9490 = CARTESIAN_POINT('',(0.,0.,0.));
#9491 = DIRECTION('',(0.,0.,1.));
#9492 = DIRECTION('',(1.,0.,-0.));
#9493 = ( GEOMETRIC_REPRESENTATION_CONTEXT(3) 
GLOBAL_UNCERTAINTY_ASSIGNED_CONTEXT((#9497)) 
GLOBAL_UNIT_ASSIGNED_CONTEXT((#9494,#9495,#9496)) REPRESENTATION_CONTEXT
('Context #1','3D Context with UNIT and UNCERTAINTY') );
#9494 = ( LENGTH_UNIT() NAMED_UNIT(*) SI_UNIT(.MILLI.,.METRE.) );
#9495 = ( NAMED_UNIT(*) PLANE_ANGLE_UNIT() SI_UNIT($,.RADIAN.) );
#9496 = ( NAMED_UNIT(*) SI_UNIT($,.STERADIAN.) SOLID_ANGLE_UNIT() );
#9497 = UNCERTAINTY_MEASURE_WITH_UNIT(LENGTH_MEASURE(1.E-07),#9494,
  'distance_accuracy_value','confusion accuracy');
#9498 = CONTEXT_DEPENDENT_SHAPE_REPRESENTATION(#9499,#9501);
#9499 = ( REPRESENTATION_RELATIONSHIP('','',#9480,#112) 
REPRESENTATION_RELATIONSHIP_WITH_TRANSFORMATION(#9500) 
SHAPE_REPRESENTATION_RELATIONSHIP() );
#9500 = ITEM_DEFINED_TRANSFORMATION('','',#11,#1133);
#9501 = PRODUCT_DEFINITION_SHAPE('Placement','Placement of an item',
  #9502);
#9502 = NEXT_ASSEMBLY_USAGE_OCCURRENCE('1819','L14','',#107,#9475,$);
#9503 = PRODUCT_RELATED_PRODUCT_CATEGORY('part',$,(#9477));
#9504 = SHAPE_DEFINITION_REPRESENTATION(#9505,#9511);
#9505 = PRODUCT_DEFINITION_SHAPE('','',#9506);
#9506 = PRODUCT_DEFINITION('design','',#9507,#9510);
#9507 = PRODUCT_DEFINITION_FORMATION('','',#9508);
#9508 = PRODUCT('K14','K14','',(#9509));
#9509 = PRODUCT_CONTEXT('',#2,'mechanical');
#9510 = PRODUCT_DEFINITION_CONTEXT('part definition',#2,'design');
#9511 = ADVANCED_BREP_SHAPE_REPRESENTATION('',(#11,#9512),#9524);
#9512 = MANIFOLD_SOLID_BREP('',#9513);
#9513 = CLOSED_SHELL('',(#9514));
#9514 = ADVANCED_FACE('',(#9515),#9519,.T.);
#9515 = FACE_BOUND('',#9516,.T.);
#9516 = VERTEX_LOOP('',#9517);
#9517 = VERTEX_POINT('',#9518);
#9518 = CARTESIAN_POINT('',(0.,0.,-0.175));
#9519 = SPHERICAL_SURFACE('',#9520,0.175);
#9520 = AXIS2_PLACEMENT_3D('',#9521,#9522,#9523);
#9521 = CARTESIAN_POINT('',(0.,0.,0.));
#9522 = DIRECTION('',(0.,0.,1.));
#9523 = DIRECTION('',(1.,0.,-0.));
#9524 = ( GEOMETRIC_REPRESENTATION_CONTEXT(3) 
GLOBAL_UNCERTAINTY_ASSIGNED_CONTEXT((#9528)) 
GLOBAL_UNIT_ASSIGNED_CONTEXT((#9525,#9526,#9527)) REPRESENTATION_CONTEXT
('Context #1','3D Context with UNIT and UNCERTAINTY') );
#9525 = ( LENGTH_UNIT() NAMED_UNIT(*) SI_UNIT(.MILLI.,.METRE.) );
#9526 = ( NAMED_UNIT(*) PLANE_ANGLE_UNIT() SI_UNIT($,.RADIAN.) );
#9527 = ( NAMED_UNIT(*) SI_UNIT($,.STERADIAN.) SOLID_ANGLE_UNIT() );
#9528 = UNCERTAINTY_MEASURE_WITH_UNIT(LENGTH_MEASURE(1.E-07),#9525,
  'distance_accuracy_value','confusion accuracy');
#9529 = CONTEXT_DEPENDENT_SHAPE_REPRESENTATION(#9530,#9532);
#9530 = ( REPRESENTATION_RELATIONSHIP('','',#9511,#112) 
REPRESENTATION_RELATIONSHIP_WITH_TRANSFORMATION(#9531) 
SHAPE_REPRESENTATION_RELATIONSHIP() );
#9531 = ITEM_DEFINED_TRANSFORMATION('','',#11,#1137);
#9532 = PRODUCT_DEFINITION_SHAPE('Placement','Placement of an item',
  #9533);
#9533 = NEXT_ASSEMBLY_USAGE_OCCURRENCE('1820','K14','',#107,#9506,$);
#9534 = PRODUCT_RELATED_PRODUCT_CATEGORY('part',$,(#9508));
#9535 = SHAPE_DEFINITION_REPRESENTATION(#9536,#9542);
#9536 = PRODUCT_DEFINITION_SHAPE('','',#9537);
#9537 = PRODUCT_DEFINITION('design','',#9538,#9541);
#9538 = PRODUCT_DEFINITION_FORMATION('','',#9539);
#9539 = PRODUCT('J14','J14','',(#9540));
#9540 = PRODUCT_CONTEXT('',#2,'mechanical');
#9541 = PRODUCT_DEFINITION_CONTEXT('part definition',#2,'design');
#9542 = ADVANCED_BREP_SHAPE_REPRESENTATION('',(#11,#9543),#9555);
#9543 = MANIFOLD_SOLID_BREP('',#9544);
#9544 = CLOSED_SHELL('',(#9545));
#9545 = ADVANCED_FACE('',(#9546),#9550,.T.);
#9546 = FACE_BOUND('',#9547,.T.);
#9547 = VERTEX_LOOP('',#9548);
#9548 = VERTEX_POINT('',#9549);
#9549 = CARTESIAN_POINT('',(0.,0.,-0.175));
#9550 = SPHERICAL_SURFACE('',#9551,0.175);
#9551 = AXIS2_PLACEMENT_3D('',#9552,#9553,#9554);
#9552 = CARTESIAN_POINT('',(0.,0.,0.));
#9553 = DIRECTION('',(0.,0.,1.));
#9554 = DIRECTION('',(1.,0.,-0.));
#9555 = ( GEOMETRIC_REPRESENTATION_CONTEXT(3) 
GLOBAL_UNCERTAINTY_ASSIGNED_CONTEXT((#9559)) 
GLOBAL_UNIT_ASSIGNED_CONTEXT((#9556,#9557,#9558)) REPRESENTATION_CONTEXT
('Context #1','3D Context with UNIT and UNCERTAINTY') );
#9556 = ( LENGTH_UNIT() NAMED_UNIT(*) SI_UNIT(.MILLI.,.METRE.) );
#9557 = ( NAMED_UNIT(*) PLANE_ANGLE_UNIT() SI_UNIT($,.RADIAN.) );
#9558 = ( NAMED_UNIT(*) SI_UNIT($,.STERADIAN.) SOLID_ANGLE_UNIT() );
#9559 = UNCERTAINTY_MEASURE_WITH_UNIT(LENGTH_MEASURE(1.E-07),#9556,
  'distance_accuracy_value','confusion accuracy');
#9560 = CONTEXT_DEPENDENT_SHAPE_REPRESENTATION(#9561,#9563);
#9561 = ( REPRESENTATION_RELATIONSHIP('','',#9542,#112) 
REPRESENTATION_RELATIONSHIP_WITH_TRANSFORMATION(#9562) 
SHAPE_REPRESENTATION_RELATIONSHIP() );
#9562 = ITEM_DEFINED_TRANSFORMATION('','',#11,#1141);
#9563 = PRODUCT_DEFINITION_SHAPE('Placement','Placement of an item',
  #9564);
#9564 = NEXT_ASSEMBLY_USAGE_OCCURRENCE('1821','J14','',#107,#9537,$);
#9565 = PRODUCT_RELATED_PRODUCT_CATEGORY('part',$,(#9539));
#9566 = SHAPE_DEFINITION_REPRESENTATION(#9567,#9573);
#9567 = PRODUCT_DEFINITION_SHAPE('','',#9568);
#9568 = PRODUCT_DEFINITION('design','',#9569,#9572);
#9569 = PRODUCT_DEFINITION_FORMATION('','',#9570);
#9570 = PRODUCT('H14','H14','',(#9571));
#9571 = PRODUCT_CONTEXT('',#2,'mechanical');
#9572 = PRODUCT_DEFINITION_CONTEXT('part definition',#2,'design');
#9573 = ADVANCED_BREP_SHAPE_REPRESENTATION('',(#11,#9574),#9586);
#9574 = MANIFOLD_SOLID_BREP('',#9575);
#9575 = CLOSED_SHELL('',(#9576));
#9576 = ADVANCED_FACE('',(#9577),#9581,.T.);
#9577 = FACE_BOUND('',#9578,.T.);
#9578 = VERTEX_LOOP('',#9579);
#9579 = VERTEX_POINT('',#9580);
#9580 = CARTESIAN_POINT('',(0.,0.,-0.175));
#9581 = SPHERICAL_SURFACE('',#9582,0.175);
#9582 = AXIS2_PLACEMENT_3D('',#9583,#9584,#9585);
#9583 = CARTESIAN_POINT('',(0.,0.,0.));
#9584 = DIRECTION('',(0.,0.,1.));
#9585 = DIRECTION('',(1.,0.,-0.));
#9586 = ( GEOMETRIC_REPRESENTATION_CONTEXT(3) 
GLOBAL_UNCERTAINTY_ASSIGNED_CONTEXT((#9590)) 
GLOBAL_UNIT_ASSIGNED_CONTEXT((#9587,#9588,#9589)) REPRESENTATION_CONTEXT
('Context #1','3D Context with UNIT and UNCERTAINTY') );
#9587 = ( LENGTH_UNIT() NAMED_UNIT(*) SI_UNIT(.MILLI.,.METRE.) );
#9588 = ( NAMED_UNIT(*) PLANE_ANGLE_UNIT() SI_UNIT($,.RADIAN.) );
#9589 = ( NAMED_UNIT(*) SI_UNIT($,.STERADIAN.) SOLID_ANGLE_UNIT() );
#9590 = UNCERTAINTY_MEASURE_WITH_UNIT(LENGTH_MEASURE(1.E-07),#9587,
  'distance_accuracy_value','confusion accuracy');
#9591 = CONTEXT_DEPENDENT_SHAPE_REPRESENTATION(#9592,#9594);
#9592 = ( REPRESENTATION_RELATIONSHIP('','',#9573,#112) 
REPRESENTATION_RELATIONSHIP_WITH_TRANSFORMATION(#9593) 
SHAPE_REPRESENTATION_RELATIONSHIP() );
#9593 = ITEM_DEFINED_TRANSFORMATION('','',#11,#1145);
#9594 = PRODUCT_DEFINITION_SHAPE('Placement','Placement of an item',
  #9595);
#9595 = NEXT_ASSEMBLY_USAGE_OCCURRENCE('1822','H14','',#107,#9568,$);
#9596 = PRODUCT_RELATED_PRODUCT_CATEGORY('part',$,(#9570));
#9597 = SHAPE_DEFINITION_REPRESENTATION(#9598,#9604);
#9598 = PRODUCT_DEFINITION_SHAPE('','',#9599);
#9599 = PRODUCT_DEFINITION('design','',#9600,#9603);
#9600 = PRODUCT_DEFINITION_FORMATION('','',#9601);
#9601 = PRODUCT('G14','G14','',(#9602));
#9602 = PRODUCT_CONTEXT('',#2,'mechanical');
#9603 = PRODUCT_DEFINITION_CONTEXT('part definition',#2,'design');
#9604 = ADVANCED_BREP_SHAPE_REPRESENTATION('',(#11,#9605),#9617);
#9605 = MANIFOLD_SOLID_BREP('',#9606);
#9606 = CLOSED_SHELL('',(#9607));
#9607 = ADVANCED_FACE('',(#9608),#9612,.T.);
#9608 = FACE_BOUND('',#9609,.T.);
#9609 = VERTEX_LOOP('',#9610);
#9610 = VERTEX_POINT('',#9611);
#9611 = CARTESIAN_POINT('',(0.,0.,-0.175));
#9612 = SPHERICAL_SURFACE('',#9613,0.175);
#9613 = AXIS2_PLACEMENT_3D('',#9614,#9615,#9616);
#9614 = CARTESIAN_POINT('',(0.,0.,0.));
#9615 = DIRECTION('',(0.,0.,1.));
#9616 = DIRECTION('',(1.,0.,-0.));
#9617 = ( GEOMETRIC_REPRESENTATION_CONTEXT(3) 
GLOBAL_UNCERTAINTY_ASSIGNED_CONTEXT((#9621)) 
GLOBAL_UNIT_ASSIGNED_CONTEXT((#9618,#9619,#9620)) REPRESENTATION_CONTEXT
('Context #1','3D Context with UNIT and UNCERTAINTY') );
#9618 = ( LENGTH_UNIT() NAMED_UNIT(*) SI_UNIT(.MILLI.,.METRE.) );
#9619 = ( NAMED_UNIT(*) PLANE_ANGLE_UNIT() SI_UNIT($,.RADIAN.) );
#9620 = ( NAMED_UNIT(*) SI_UNIT($,.STERADIAN.) SOLID_ANGLE_UNIT() );
#9621 = UNCERTAINTY_MEASURE_WITH_UNIT(LENGTH_MEASURE(1.E-07),#9618,
  'distance_accuracy_value','confusion accuracy');
#9622 = CONTEXT_DEPENDENT_SHAPE_REPRESENTATION(#9623,#9625);
#9623 = ( REPRESENTATION_RELATIONSHIP('','',#9604,#112) 
REPRESENTATION_RELATIONSHIP_WITH_TRANSFORMATION(#9624) 
SHAPE_REPRESENTATION_RELATIONSHIP() );
#9624 = ITEM_DEFINED_TRANSFORMATION('','',#11,#1149);
#9625 = PRODUCT_DEFINITION_SHAPE('Placement','Placement of an item',
  #9626);
#9626 = NEXT_ASSEMBLY_USAGE_OCCURRENCE('1823','G14','',#107,#9599,$);
#9627 = PRODUCT_RELATED_PRODUCT_CATEGORY('part',$,(#9601));
#9628 = SHAPE_DEFINITION_REPRESENTATION(#9629,#9635);
#9629 = PRODUCT_DEFINITION_SHAPE('','',#9630);
#9630 = PRODUCT_DEFINITION('design','',#9631,#9634);
#9631 = PRODUCT_DEFINITION_FORMATION('','',#9632);
#9632 = PRODUCT('F14','F14','',(#9633));
#9633 = PRODUCT_CONTEXT('',#2,'mechanical');
#9634 = PRODUCT_DEFINITION_CONTEXT('part definition',#2,'design');
#9635 = ADVANCED_BREP_SHAPE_REPRESENTATION('',(#11,#9636),#9648);
#9636 = MANIFOLD_SOLID_BREP('',#9637);
#9637 = CLOSED_SHELL('',(#9638));
#9638 = ADVANCED_FACE('',(#9639),#9643,.T.);
#9639 = FACE_BOUND('',#9640,.T.);
#9640 = VERTEX_LOOP('',#9641);
#9641 = VERTEX_POINT('',#9642);
#9642 = CARTESIAN_POINT('',(0.,0.,-0.175));
#9643 = SPHERICAL_SURFACE('',#9644,0.175);
#9644 = AXIS2_PLACEMENT_3D('',#9645,#9646,#9647);
#9645 = CARTESIAN_POINT('',(0.,0.,0.));
#9646 = DIRECTION('',(0.,0.,1.));
#9647 = DIRECTION('',(1.,0.,-0.));
#9648 = ( GEOMETRIC_REPRESENTATION_CONTEXT(3) 
GLOBAL_UNCERTAINTY_ASSIGNED_CONTEXT((#9652)) 
GLOBAL_UNIT_ASSIGNED_CONTEXT((#9649,#9650,#9651)) REPRESENTATION_CONTEXT
('Context #1','3D Context with UNIT and UNCERTAINTY') );
#9649 = ( LENGTH_UNIT() NAMED_UNIT(*) SI_UNIT(.MILLI.,.METRE.) );
#9650 = ( NAMED_UNIT(*) PLANE_ANGLE_UNIT() SI_UNIT($,.RADIAN.) );
#9651 = ( NAMED_UNIT(*) SI_UNIT($,.STERADIAN.) SOLID_ANGLE_UNIT() );
#9652 = UNCERTAINTY_MEASURE_WITH_UNIT(LENGTH_MEASURE(1.E-07),#9649,
  'distance_accuracy_value','confusion accuracy');
#9653 = CONTEXT_DEPENDENT_SHAPE_REPRESENTATION(#9654,#9656);
#9654 = ( REPRESENTATION_RELATIONSHIP('','',#9635,#112) 
REPRESENTATION_RELATIONSHIP_WITH_TRANSFORMATION(#9655) 
SHAPE_REPRESENTATION_RELATIONSHIP() );
#9655 = ITEM_DEFINED_TRANSFORMATION('','',#11,#1153);
#9656 = PRODUCT_DEFINITION_SHAPE('Placement','Placement of an item',
  #9657);
#9657 = NEXT_ASSEMBLY_USAGE_OCCURRENCE('1824','F14','',#107,#9630,$);
#9658 = PRODUCT_RELATED_PRODUCT_CATEGORY('part',$,(#9632));
#9659 = SHAPE_DEFINITION_REPRESENTATION(#9660,#9666);
#9660 = PRODUCT_DEFINITION_SHAPE('','',#9661);
#9661 = PRODUCT_DEFINITION('design','',#9662,#9665);
#9662 = PRODUCT_DEFINITION_FORMATION('','',#9663);
#9663 = PRODUCT('E14','E14','',(#9664));
#9664 = PRODUCT_CONTEXT('',#2,'mechanical');
#9665 = PRODUCT_DEFINITION_CONTEXT('part definition',#2,'design');
#9666 = ADVANCED_BREP_SHAPE_REPRESENTATION('',(#11,#9667),#9679);
#9667 = MANIFOLD_SOLID_BREP('',#9668);
#9668 = CLOSED_SHELL('',(#9669));
#9669 = ADVANCED_FACE('',(#9670),#9674,.T.);
#9670 = FACE_BOUND('',#9671,.T.);
#9671 = VERTEX_LOOP('',#9672);
#9672 = VERTEX_POINT('',#9673);
#9673 = CARTESIAN_POINT('',(0.,0.,-0.175));
#9674 = SPHERICAL_SURFACE('',#9675,0.175);
#9675 = AXIS2_PLACEMENT_3D('',#9676,#9677,#9678);
#9676 = CARTESIAN_POINT('',(0.,0.,0.));
#9677 = DIRECTION('',(0.,0.,1.));
#9678 = DIRECTION('',(1.,0.,-0.));
#9679 = ( GEOMETRIC_REPRESENTATION_CONTEXT(3) 
GLOBAL_UNCERTAINTY_ASSIGNED_CONTEXT((#9683)) 
GLOBAL_UNIT_ASSIGNED_CONTEXT((#9680,#9681,#9682)) REPRESENTATION_CONTEXT
('Context #1','3D Context with UNIT and UNCERTAINTY') );
#9680 = ( LENGTH_UNIT() NAMED_UNIT(*) SI_UNIT(.MILLI.,.METRE.) );
#9681 = ( NAMED_UNIT(*) PLANE_ANGLE_UNIT() SI_UNIT($,.RADIAN.) );
#9682 = ( NAMED_UNIT(*) SI_UNIT($,.STERADIAN.) SOLID_ANGLE_UNIT() );
#9683 = UNCERTAINTY_MEASURE_WITH_UNIT(LENGTH_MEASURE(1.E-07),#9680,
  'distance_accuracy_value','confusion accuracy');
#9684 = CONTEXT_DEPENDENT_SHAPE_REPRESENTATION(#9685,#9687);
#9685 = ( REPRESENTATION_RELATIONSHIP('','',#9666,#112) 
REPRESENTATION_RELATIONSHIP_WITH_TRANSFORMATION(#9686) 
SHAPE_REPRESENTATION_RELATIONSHIP() );
#9686 = ITEM_DEFINED_TRANSFORMATION('','',#11,#1157);
#9687 = PRODUCT_DEFINITION_SHAPE('Placement','Placement of an item',
  #9688);
#9688 = NEXT_ASSEMBLY_USAGE_OCCURRENCE('1825','E14','',#107,#9661,$);
#9689 = PRODUCT_RELATED_PRODUCT_CATEGORY('part',$,(#9663));
#9690 = SHAPE_DEFINITION_REPRESENTATION(#9691,#9697);
#9691 = PRODUCT_DEFINITION_SHAPE('','',#9692);
#9692 = PRODUCT_DEFINITION('design','',#9693,#9696);
#9693 = PRODUCT_DEFINITION_FORMATION('','',#9694);
#9694 = PRODUCT('D14','D14','',(#9695));
#9695 = PRODUCT_CONTEXT('',#2,'mechanical');
#9696 = PRODUCT_DEFINITION_CONTEXT('part definition',#2,'design');
#9697 = ADVANCED_BREP_SHAPE_REPRESENTATION('',(#11,#9698),#9710);
#9698 = MANIFOLD_SOLID_BREP('',#9699);
#9699 = CLOSED_SHELL('',(#9700));
#9700 = ADVANCED_FACE('',(#9701),#9705,.T.);
#9701 = FACE_BOUND('',#9702,.T.);
#9702 = VERTEX_LOOP('',#9703);
#9703 = VERTEX_POINT('',#9704);
#9704 = CARTESIAN_POINT('',(0.,0.,-0.175));
#9705 = SPHERICAL_SURFACE('',#9706,0.175);
#9706 = AXIS2_PLACEMENT_3D('',#9707,#9708,#9709);
#9707 = CARTESIAN_POINT('',(0.,0.,0.));
#9708 = DIRECTION('',(0.,0.,1.));
#9709 = DIRECTION('',(1.,0.,-0.));
#9710 = ( GEOMETRIC_REPRESENTATION_CONTEXT(3) 
GLOBAL_UNCERTAINTY_ASSIGNED_CONTEXT((#9714)) 
GLOBAL_UNIT_ASSIGNED_CONTEXT((#9711,#9712,#9713)) REPRESENTATION_CONTEXT
('Context #1','3D Context with UNIT and UNCERTAINTY') );
#9711 = ( LENGTH_UNIT() NAMED_UNIT(*) SI_UNIT(.MILLI.,.METRE.) );
#9712 = ( NAMED_UNIT(*) PLANE_ANGLE_UNIT() SI_UNIT($,.RADIAN.) );
#9713 = ( NAMED_UNIT(*) SI_UNIT($,.STERADIAN.) SOLID_ANGLE_UNIT() );
#9714 = UNCERTAINTY_MEASURE_WITH_UNIT(LENGTH_MEASURE(1.E-07),#9711,
  'distance_accuracy_value','confusion accuracy');
#9715 = CONTEXT_DEPENDENT_SHAPE_REPRESENTATION(#9716,#9718);
#9716 = ( REPRESENTATION_RELATIONSHIP('','',#9697,#112) 
REPRESENTATION_RELATIONSHIP_WITH_TRANSFORMATION(#9717) 
SHAPE_REPRESENTATION_RELATIONSHIP() );
#9717 = ITEM_DEFINED_TRANSFORMATION('','',#11,#1161);
#9718 = PRODUCT_DEFINITION_SHAPE('Placement','Placement of an item',
  #9719);
#9719 = NEXT_ASSEMBLY_USAGE_OCCURRENCE('1826','D14','',#107,#9692,$);
#9720 = PRODUCT_RELATED_PRODUCT_CATEGORY('part',$,(#9694));
#9721 = SHAPE_DEFINITION_REPRESENTATION(#9722,#9728);
#9722 = PRODUCT_DEFINITION_SHAPE('','',#9723);
#9723 = PRODUCT_DEFINITION('design','',#9724,#9727);
#9724 = PRODUCT_DEFINITION_FORMATION('','',#9725);
#9725 = PRODUCT('C14','C14','',(#9726));
#9726 = PRODUCT_CONTEXT('',#2,'mechanical');
#9727 = PRODUCT_DEFINITION_CONTEXT('part definition',#2,'design');
#9728 = ADVANCED_BREP_SHAPE_REPRESENTATION('',(#11,#9729),#9741);
#9729 = MANIFOLD_SOLID_BREP('',#9730);
#9730 = CLOSED_SHELL('',(#9731));
#9731 = ADVANCED_FACE('',(#9732),#9736,.T.);
#9732 = FACE_BOUND('',#9733,.T.);
#9733 = VERTEX_LOOP('',#9734);
#9734 = VERTEX_POINT('',#9735);
#9735 = CARTESIAN_POINT('',(0.,0.,-0.175));
#9736 = SPHERICAL_SURFACE('',#9737,0.175);
#9737 = AXIS2_PLACEMENT_3D('',#9738,#9739,#9740);
#9738 = CARTESIAN_POINT('',(0.,0.,0.));
#9739 = DIRECTION('',(0.,0.,1.));
#9740 = DIRECTION('',(1.,0.,-0.));
#9741 = ( GEOMETRIC_REPRESENTATION_CONTEXT(3) 
GLOBAL_UNCERTAINTY_ASSIGNED_CONTEXT((#9745)) 
GLOBAL_UNIT_ASSIGNED_CONTEXT((#9742,#9743,#9744)) REPRESENTATION_CONTEXT
('Context #1','3D Context with UNIT and UNCERTAINTY') );
#9742 = ( LENGTH_UNIT() NAMED_UNIT(*) SI_UNIT(.MILLI.,.METRE.) );
#9743 = ( NAMED_UNIT(*) PLANE_ANGLE_UNIT() SI_UNIT($,.RADIAN.) );
#9744 = ( NAMED_UNIT(*) SI_UNIT($,.STERADIAN.) SOLID_ANGLE_UNIT() );
#9745 = UNCERTAINTY_MEASURE_WITH_UNIT(LENGTH_MEASURE(1.E-07),#9742,
  'distance_accuracy_value','confusion accuracy');
#9746 = CONTEXT_DEPENDENT_SHAPE_REPRESENTATION(#9747,#9749);
#9747 = ( REPRESENTATION_RELATIONSHIP('','',#9728,#112) 
REPRESENTATION_RELATIONSHIP_WITH_TRANSFORMATION(#9748) 
SHAPE_REPRESENTATION_RELATIONSHIP() );
#9748 = ITEM_DEFINED_TRANSFORMATION('','',#11,#1165);
#9749 = PRODUCT_DEFINITION_SHAPE('Placement','Placement of an item',
  #9750);
#9750 = NEXT_ASSEMBLY_USAGE_OCCURRENCE('1827','C14','',#107,#9723,$);
#9751 = PRODUCT_RELATED_PRODUCT_CATEGORY('part',$,(#9725));
#9752 = SHAPE_DEFINITION_REPRESENTATION(#9753,#9759);
#9753 = PRODUCT_DEFINITION_SHAPE('','',#9754);
#9754 = PRODUCT_DEFINITION('design','',#9755,#9758);
#9755 = PRODUCT_DEFINITION_FORMATION('','',#9756);
#9756 = PRODUCT('B14','B14','',(#9757));
#9757 = PRODUCT_CONTEXT('',#2,'mechanical');
#9758 = PRODUCT_DEFINITION_CONTEXT('part definition',#2,'design');
#9759 = ADVANCED_BREP_SHAPE_REPRESENTATION('',(#11,#9760),#9772);
#9760 = MANIFOLD_SOLID_BREP('',#9761);
#9761 = CLOSED_SHELL('',(#9762));
#9762 = ADVANCED_FACE('',(#9763),#9767,.T.);
#9763 = FACE_BOUND('',#9764,.T.);
#9764 = VERTEX_LOOP('',#9765);
#9765 = VERTEX_POINT('',#9766);
#9766 = CARTESIAN_POINT('',(0.,0.,-0.175));
#9767 = SPHERICAL_SURFACE('',#9768,0.175);
#9768 = AXIS2_PLACEMENT_3D('',#9769,#9770,#9771);
#9769 = CARTESIAN_POINT('',(0.,0.,0.));
#9770 = DIRECTION('',(0.,0.,1.));
#9771 = DIRECTION('',(1.,0.,-0.));
#9772 = ( GEOMETRIC_REPRESENTATION_CONTEXT(3) 
GLOBAL_UNCERTAINTY_ASSIGNED_CONTEXT((#9776)) 
GLOBAL_UNIT_ASSIGNED_CONTEXT((#9773,#9774,#9775)) REPRESENTATION_CONTEXT
('Context #1','3D Context with UNIT and UNCERTAINTY') );
#9773 = ( LENGTH_UNIT() NAMED_UNIT(*) SI_UNIT(.MILLI.,.METRE.) );
#9774 = ( NAMED_UNIT(*) PLANE_ANGLE_UNIT() SI_UNIT($,.RADIAN.) );
#9775 = ( NAMED_UNIT(*) SI_UNIT($,.STERADIAN.) SOLID_ANGLE_UNIT() );
#9776 = UNCERTAINTY_MEASURE_WITH_UNIT(LENGTH_MEASURE(1.E-07),#9773,
  'distance_accuracy_value','confusion accuracy');
#9777 = CONTEXT_DEPENDENT_SHAPE_REPRESENTATION(#9778,#9780);
#9778 = ( REPRESENTATION_RELATIONSHIP('','',#9759,#112) 
REPRESENTATION_RELATIONSHIP_WITH_TRANSFORMATION(#9779) 
SHAPE_REPRESENTATION_RELATIONSHIP() );
#9779 = ITEM_DEFINED_TRANSFORMATION('','',#11,#1169);
#9780 = PRODUCT_DEFINITION_SHAPE('Placement','Placement of an item',
  #9781);
#9781 = NEXT_ASSEMBLY_USAGE_OCCURRENCE('1828','B14','',#107,#9754,$);
#9782 = PRODUCT_RELATED_PRODUCT_CATEGORY('part',$,(#9756));
#9783 = SHAPE_DEFINITION_REPRESENTATION(#9784,#9790);
#9784 = PRODUCT_DEFINITION_SHAPE('','',#9785);
#9785 = PRODUCT_DEFINITION('design','',#9786,#9789);
#9786 = PRODUCT_DEFINITION_FORMATION('','',#9787);
#9787 = PRODUCT('A14','A14','',(#9788));
#9788 = PRODUCT_CONTEXT('',#2,'mechanical');
#9789 = PRODUCT_DEFINITION_CONTEXT('part definition',#2,'design');
#9790 = ADVANCED_BREP_SHAPE_REPRESENTATION('',(#11,#9791),#9803);
#9791 = MANIFOLD_SOLID_BREP('',#9792);
#9792 = CLOSED_SHELL('',(#9793));
#9793 = ADVANCED_FACE('',(#9794),#9798,.T.);
#9794 = FACE_BOUND('',#9795,.T.);
#9795 = VERTEX_LOOP('',#9796);
#9796 = VERTEX_POINT('',#9797);
#9797 = CARTESIAN_POINT('',(0.,0.,-0.175));
#9798 = SPHERICAL_SURFACE('',#9799,0.175);
#9799 = AXIS2_PLACEMENT_3D('',#9800,#9801,#9802);
#9800 = CARTESIAN_POINT('',(0.,0.,0.));
#9801 = DIRECTION('',(0.,0.,1.));
#9802 = DIRECTION('',(1.,0.,-0.));
#9803 = ( GEOMETRIC_REPRESENTATION_CONTEXT(3) 
GLOBAL_UNCERTAINTY_ASSIGNED_CONTEXT((#9807)) 
GLOBAL_UNIT_ASSIGNED_CONTEXT((#9804,#9805,#9806)) REPRESENTATION_CONTEXT
('Context #1','3D Context with UNIT and UNCERTAINTY') );
#9804 = ( LENGTH_UNIT() NAMED_UNIT(*) SI_UNIT(.MILLI.,.METRE.) );
#9805 = ( NAMED_UNIT(*) PLANE_ANGLE_UNIT() SI_UNIT($,.RADIAN.) );
#9806 = ( NAMED_UNIT(*) SI_UNIT($,.STERADIAN.) SOLID_ANGLE_UNIT() );
#9807 = UNCERTAINTY_MEASURE_WITH_UNIT(LENGTH_MEASURE(1.E-07),#9804,
  'distance_accuracy_value','confusion accuracy');
#9808 = CONTEXT_DEPENDENT_SHAPE_REPRESENTATION(#9809,#9811);
#9809 = ( REPRESENTATION_RELATIONSHIP('','',#9790,#112) 
REPRESENTATION_RELATIONSHIP_WITH_TRANSFORMATION(#9810) 
SHAPE_REPRESENTATION_RELATIONSHIP() );
#9810 = ITEM_DEFINED_TRANSFORMATION('','',#11,#1173);
#9811 = PRODUCT_DEFINITION_SHAPE('Placement','Placement of an item',
  #9812);
#9812 = NEXT_ASSEMBLY_USAGE_OCCURRENCE('1829','A14','',#107,#9785,$);
#9813 = PRODUCT_RELATED_PRODUCT_CATEGORY('part',$,(#9787));
#9814 = SHAPE_DEFINITION_REPRESENTATION(#9815,#9821);
#9815 = PRODUCT_DEFINITION_SHAPE('','',#9816);
#9816 = PRODUCT_DEFINITION('design','',#9817,#9820);
#9817 = PRODUCT_DEFINITION_FORMATION('','',#9818);
#9818 = PRODUCT('W15','W15','',(#9819));
#9819 = PRODUCT_CONTEXT('',#2,'mechanical');
#9820 = PRODUCT_DEFINITION_CONTEXT('part definition',#2,'design');
#9821 = ADVANCED_BREP_SHAPE_REPRESENTATION('',(#11,#9822),#9834);
#9822 = MANIFOLD_SOLID_BREP('',#9823);
#9823 = CLOSED_SHELL('',(#9824));
#9824 = ADVANCED_FACE('',(#9825),#9829,.T.);
#9825 = FACE_BOUND('',#9826,.T.);
#9826 = VERTEX_LOOP('',#9827);
#9827 = VERTEX_POINT('',#9828);
#9828 = CARTESIAN_POINT('',(0.,0.,-0.175));
#9829 = SPHERICAL_SURFACE('',#9830,0.175);
#9830 = AXIS2_PLACEMENT_3D('',#9831,#9832,#9833);
#9831 = CARTESIAN_POINT('',(0.,0.,0.));
#9832 = DIRECTION('',(0.,0.,1.));
#9833 = DIRECTION('',(1.,0.,-0.));
#9834 = ( GEOMETRIC_REPRESENTATION_CONTEXT(3) 
GLOBAL_UNCERTAINTY_ASSIGNED_CONTEXT((#9838)) 
GLOBAL_UNIT_ASSIGNED_CONTEXT((#9835,#9836,#9837)) REPRESENTATION_CONTEXT
('Context #1','3D Context with UNIT and UNCERTAINTY') );
#9835 = ( LENGTH_UNIT() NAMED_UNIT(*) SI_UNIT(.MILLI.,.METRE.) );
#9836 = ( NAMED_UNIT(*) PLANE_ANGLE_UNIT() SI_UNIT($,.RADIAN.) );
#9837 = ( NAMED_UNIT(*) SI_UNIT($,.STERADIAN.) SOLID_ANGLE_UNIT() );
#9838 = UNCERTAINTY_MEASURE_WITH_UNIT(LENGTH_MEASURE(1.E-07),#9835,
  'distance_accuracy_value','confusion accuracy');
#9839 = CONTEXT_DEPENDENT_SHAPE_REPRESENTATION(#9840,#9842);
#9840 = ( REPRESENTATION_RELATIONSHIP('','',#9821,#112) 
REPRESENTATION_RELATIONSHIP_WITH_TRANSFORMATION(#9841) 
SHAPE_REPRESENTATION_RELATIONSHIP() );
#9841 = ITEM_DEFINED_TRANSFORMATION('','',#11,#1177);
#9842 = PRODUCT_DEFINITION_SHAPE('Placement','Placement of an item',
  #9843);
#9843 = NEXT_ASSEMBLY_USAGE_OCCURRENCE('1830','W15','',#107,#9816,$);
#9844 = PRODUCT_RELATED_PRODUCT_CATEGORY('part',$,(#9818));
#9845 = SHAPE_DEFINITION_REPRESENTATION(#9846,#9852);
#9846 = PRODUCT_DEFINITION_SHAPE('','',#9847);
#9847 = PRODUCT_DEFINITION('design','',#9848,#9851);
#9848 = PRODUCT_DEFINITION_FORMATION('','',#9849);
#9849 = PRODUCT('V15','V15','',(#9850));
#9850 = PRODUCT_CONTEXT('',#2,'mechanical');
#9851 = PRODUCT_DEFINITION_CONTEXT('part definition',#2,'design');
#9852 = ADVANCED_BREP_SHAPE_REPRESENTATION('',(#11,#9853),#9865);
#9853 = MANIFOLD_SOLID_BREP('',#9854);
#9854 = CLOSED_SHELL('',(#9855));
#9855 = ADVANCED_FACE('',(#9856),#9860,.T.);
#9856 = FACE_BOUND('',#9857,.T.);
#9857 = VERTEX_LOOP('',#9858);
#9858 = VERTEX_POINT('',#9859);
#9859 = CARTESIAN_POINT('',(0.,0.,-0.175));
#9860 = SPHERICAL_SURFACE('',#9861,0.175);
#9861 = AXIS2_PLACEMENT_3D('',#9862,#9863,#9864);
#9862 = CARTESIAN_POINT('',(0.,0.,0.));
#9863 = DIRECTION('',(0.,0.,1.));
#9864 = DIRECTION('',(1.,0.,-0.));
#9865 = ( GEOMETRIC_REPRESENTATION_CONTEXT(3) 
GLOBAL_UNCERTAINTY_ASSIGNED_CONTEXT((#9869)) 
GLOBAL_UNIT_ASSIGNED_CONTEXT((#9866,#9867,#9868)) REPRESENTATION_CONTEXT
('Context #1','3D Context with UNIT and UNCERTAINTY') );
#9866 = ( LENGTH_UNIT() NAMED_UNIT(*) SI_UNIT(.MILLI.,.METRE.) );
#9867 = ( NAMED_UNIT(*) PLANE_ANGLE_UNIT() SI_UNIT($,.RADIAN.) );
#9868 = ( NAMED_UNIT(*) SI_UNIT($,.STERADIAN.) SOLID_ANGLE_UNIT() );
#9869 = UNCERTAINTY_MEASURE_WITH_UNIT(LENGTH_MEASURE(1.E-07),#9866,
  'distance_accuracy_value','confusion accuracy');
#9870 = CONTEXT_DEPENDENT_SHAPE_REPRESENTATION(#9871,#9873);
#9871 = ( REPRESENTATION_RELATIONSHIP('','',#9852,#112) 
REPRESENTATION_RELATIONSHIP_WITH_TRANSFORMATION(#9872) 
SHAPE_REPRESENTATION_RELATIONSHIP() );
#9872 = ITEM_DEFINED_TRANSFORMATION('','',#11,#1181);
#9873 = PRODUCT_DEFINITION_SHAPE('Placement','Placement of an item',
  #9874);
#9874 = NEXT_ASSEMBLY_USAGE_OCCURRENCE('1831','V15','',#107,#9847,$);
#9875 = PRODUCT_RELATED_PRODUCT_CATEGORY('part',$,(#9849));
#9876 = SHAPE_DEFINITION_REPRESENTATION(#9877,#9883);
#9877 = PRODUCT_DEFINITION_SHAPE('','',#9878);
#9878 = PRODUCT_DEFINITION('design','',#9879,#9882);
#9879 = PRODUCT_DEFINITION_FORMATION('','',#9880);
#9880 = PRODUCT('U15','U15','',(#9881));
#9881 = PRODUCT_CONTEXT('',#2,'mechanical');
#9882 = PRODUCT_DEFINITION_CONTEXT('part definition',#2,'design');
#9883 = ADVANCED_BREP_SHAPE_REPRESENTATION('',(#11,#9884),#9896);
#9884 = MANIFOLD_SOLID_BREP('',#9885);
#9885 = CLOSED_SHELL('',(#9886));
#9886 = ADVANCED_FACE('',(#9887),#9891,.T.);
#9887 = FACE_BOUND('',#9888,.T.);
#9888 = VERTEX_LOOP('',#9889);
#9889 = VERTEX_POINT('',#9890);
#9890 = CARTESIAN_POINT('',(0.,0.,-0.175));
#9891 = SPHERICAL_SURFACE('',#9892,0.175);
#9892 = AXIS2_PLACEMENT_3D('',#9893,#9894,#9895);
#9893 = CARTESIAN_POINT('',(0.,0.,0.));
#9894 = DIRECTION('',(0.,0.,1.));
#9895 = DIRECTION('',(1.,0.,-0.));
#9896 = ( GEOMETRIC_REPRESENTATION_CONTEXT(3) 
GLOBAL_UNCERTAINTY_ASSIGNED_CONTEXT((#9900)) 
GLOBAL_UNIT_ASSIGNED_CONTEXT((#9897,#9898,#9899)) REPRESENTATION_CONTEXT
('Context #1','3D Context with UNIT and UNCERTAINTY') );
#9897 = ( LENGTH_UNIT() NAMED_UNIT(*) SI_UNIT(.MILLI.,.METRE.) );
#9898 = ( NAMED_UNIT(*) PLANE_ANGLE_UNIT() SI_UNIT($,.RADIAN.) );
#9899 = ( NAMED_UNIT(*) SI_UNIT($,.STERADIAN.) SOLID_ANGLE_UNIT() );
#9900 = UNCERTAINTY_MEASURE_WITH_UNIT(LENGTH_MEASURE(1.E-07),#9897,
  'distance_accuracy_value','confusion accuracy');
#9901 = CONTEXT_DEPENDENT_SHAPE_REPRESENTATION(#9902,#9904);
#9902 = ( REPRESENTATION_RELATIONSHIP('','',#9883,#112) 
REPRESENTATION_RELATIONSHIP_WITH_TRANSFORMATION(#9903) 
SHAPE_REPRESENTATION_RELATIONSHIP() );
#9903 = ITEM_DEFINED_TRANSFORMATION('','',#11,#1185);
#9904 = PRODUCT_DEFINITION_SHAPE('Placement','Placement of an item',
  #9905);
#9905 = NEXT_ASSEMBLY_USAGE_OCCURRENCE('1832','U15','',#107,#9878,$);
#9906 = PRODUCT_RELATED_PRODUCT_CATEGORY('part',$,(#9880));
#9907 = SHAPE_DEFINITION_REPRESENTATION(#9908,#9914);
#9908 = PRODUCT_DEFINITION_SHAPE('','',#9909);
#9909 = PRODUCT_DEFINITION('design','',#9910,#9913);
#9910 = PRODUCT_DEFINITION_FORMATION('','',#9911);
#9911 = PRODUCT('T15','T15','',(#9912));
#9912 = PRODUCT_CONTEXT('',#2,'mechanical');
#9913 = PRODUCT_DEFINITION_CONTEXT('part definition',#2,'design');
#9914 = ADVANCED_BREP_SHAPE_REPRESENTATION('',(#11,#9915),#9927);
#9915 = MANIFOLD_SOLID_BREP('',#9916);
#9916 = CLOSED_SHELL('',(#9917));
#9917 = ADVANCED_FACE('',(#9918),#9922,.T.);
#9918 = FACE_BOUND('',#9919,.T.);
#9919 = VERTEX_LOOP('',#9920);
#9920 = VERTEX_POINT('',#9921);
#9921 = CARTESIAN_POINT('',(0.,0.,-0.175));
#9922 = SPHERICAL_SURFACE('',#9923,0.175);
#9923 = AXIS2_PLACEMENT_3D('',#9924,#9925,#9926);
#9924 = CARTESIAN_POINT('',(0.,0.,0.));
#9925 = DIRECTION('',(0.,0.,1.));
#9926 = DIRECTION('',(1.,0.,-0.));
#9927 = ( GEOMETRIC_REPRESENTATION_CONTEXT(3) 
GLOBAL_UNCERTAINTY_ASSIGNED_CONTEXT((#9931)) 
GLOBAL_UNIT_ASSIGNED_CONTEXT((#9928,#9929,#9930)) REPRESENTATION_CONTEXT
('Context #1','3D Context with UNIT and UNCERTAINTY') );
#9928 = ( LENGTH_UNIT() NAMED_UNIT(*) SI_UNIT(.MILLI.,.METRE.) );
#9929 = ( NAMED_UNIT(*) PLANE_ANGLE_UNIT() SI_UNIT($,.RADIAN.) );
#9930 = ( NAMED_UNIT(*) SI_UNIT($,.STERADIAN.) SOLID_ANGLE_UNIT() );
#9931 = UNCERTAINTY_MEASURE_WITH_UNIT(LENGTH_MEASURE(1.E-07),#9928,
  'distance_accuracy_value','confusion accuracy');
#9932 = CONTEXT_DEPENDENT_SHAPE_REPRESENTATION(#9933,#9935);
#9933 = ( REPRESENTATION_RELATIONSHIP('','',#9914,#112) 
REPRESENTATION_RELATIONSHIP_WITH_TRANSFORMATION(#9934) 
SHAPE_REPRESENTATION_RELATIONSHIP() );
#9934 = ITEM_DEFINED_TRANSFORMATION('','',#11,#1189);
#9935 = PRODUCT_DEFINITION_SHAPE('Placement','Placement of an item',
  #9936);
#9936 = NEXT_ASSEMBLY_USAGE_OCCURRENCE('1833','T15','',#107,#9909,$);
#9937 = PRODUCT_RELATED_PRODUCT_CATEGORY('part',$,(#9911));
#9938 = SHAPE_DEFINITION_REPRESENTATION(#9939,#9945);
#9939 = PRODUCT_DEFINITION_SHAPE('','',#9940);
#9940 = PRODUCT_DEFINITION('design','',#9941,#9944);
#9941 = PRODUCT_DEFINITION_FORMATION('','',#9942);
#9942 = PRODUCT('R15','R15','',(#9943));
#9943 = PRODUCT_CONTEXT('',#2,'mechanical');
#9944 = PRODUCT_DEFINITION_CONTEXT('part definition',#2,'design');
#9945 = ADVANCED_BREP_SHAPE_REPRESENTATION('',(#11,#9946),#9958);
#9946 = MANIFOLD_SOLID_BREP('',#9947);
#9947 = CLOSED_SHELL('',(#9948));
#9948 = ADVANCED_FACE('',(#9949),#9953,.T.);
#9949 = FACE_BOUND('',#9950,.T.);
#9950 = VERTEX_LOOP('',#9951);
#9951 = VERTEX_POINT('',#9952);
#9952 = CARTESIAN_POINT('',(0.,0.,-0.175));
#9953 = SPHERICAL_SURFACE('',#9954,0.175);
#9954 = AXIS2_PLACEMENT_3D('',#9955,#9956,#9957);
#9955 = CARTESIAN_POINT('',(0.,0.,0.));
#9956 = DIRECTION('',(0.,0.,1.));
#9957 = DIRECTION('',(1.,0.,-0.));
#9958 = ( GEOMETRIC_REPRESENTATION_CONTEXT(3) 
GLOBAL_UNCERTAINTY_ASSIGNED_CONTEXT((#9962)) 
GLOBAL_UNIT_ASSIGNED_CONTEXT((#9959,#9960,#9961)) REPRESENTATION_CONTEXT
('Context #1','3D Context with UNIT and UNCERTAINTY') );
#9959 = ( LENGTH_UNIT() NAMED_UNIT(*) SI_UNIT(.MILLI.,.METRE.) );
#9960 = ( NAMED_UNIT(*) PLANE_ANGLE_UNIT() SI_UNIT($,.RADIAN.) );
#9961 = ( NAMED_UNIT(*) SI_UNIT($,.STERADIAN.) SOLID_ANGLE_UNIT() );
#9962 = UNCERTAINTY_MEASURE_WITH_UNIT(LENGTH_MEASURE(1.E-07),#9959,
  'distance_accuracy_value','confusion accuracy');
#9963 = CONTEXT_DEPENDENT_SHAPE_REPRESENTATION(#9964,#9966);
#9964 = ( REPRESENTATION_RELATIONSHIP('','',#9945,#112) 
REPRESENTATION_RELATIONSHIP_WITH_TRANSFORMATION(#9965) 
SHAPE_REPRESENTATION_RELATIONSHIP() );
#9965 = ITEM_DEFINED_TRANSFORMATION('','',#11,#1193);
#9966 = PRODUCT_DEFINITION_SHAPE('Placement','Placement of an item',
  #9967);
#9967 = NEXT_ASSEMBLY_USAGE_OCCURRENCE('1834','R15','',#107,#9940,$);
#9968 = PRODUCT_RELATED_PRODUCT_CATEGORY('part',$,(#9942));
#9969 = SHAPE_DEFINITION_REPRESENTATION(#9970,#9976);
#9970 = PRODUCT_DEFINITION_SHAPE('','',#9971);
#9971 = PRODUCT_DEFINITION('design','',#9972,#9975);
#9972 = PRODUCT_DEFINITION_FORMATION('','',#9973);
#9973 = PRODUCT('P15','P15','',(#9974));
#9974 = PRODUCT_CONTEXT('',#2,'mechanical');
#9975 = PRODUCT_DEFINITION_CONTEXT('part definition',#2,'design');
#9976 = ADVANCED_BREP_SHAPE_REPRESENTATION('',(#11,#9977),#9989);
#9977 = MANIFOLD_SOLID_BREP('',#9978);
#9978 = CLOSED_SHELL('',(#9979));
#9979 = ADVANCED_FACE('',(#9980),#9984,.T.);
#9980 = FACE_BOUND('',#9981,.T.);
#9981 = VERTEX_LOOP('',#9982);
#9982 = VERTEX_POINT('',#9983);
#9983 = CARTESIAN_POINT('',(0.,0.,-0.175));
#9984 = SPHERICAL_SURFACE('',#9985,0.175);
#9985 = AXIS2_PLACEMENT_3D('',#9986,#9987,#9988);
#9986 = CARTESIAN_POINT('',(0.,0.,0.));
#9987 = DIRECTION('',(0.,0.,1.));
#9988 = DIRECTION('',(1.,0.,-0.));
#9989 = ( GEOMETRIC_REPRESENTATION_CONTEXT(3) 
GLOBAL_UNCERTAINTY_ASSIGNED_CONTEXT((#9993)) 
GLOBAL_UNIT_ASSIGNED_CONTEXT((#9990,#9991,#9992)) REPRESENTATION_CONTEXT
('Context #1','3D Context with UNIT and UNCERTAINTY') );
#9990 = ( LENGTH_UNIT() NAMED_UNIT(*) SI_UNIT(.MILLI.,.METRE.) );
#9991 = ( NAMED_UNIT(*) PLANE_ANGLE_UNIT() SI_UNIT($,.RADIAN.) );
#9992 = ( NAMED_UNIT(*) SI_UNIT($,.STERADIAN.) SOLID_ANGLE_UNIT() );
#9993 = UNCERTAINTY_MEASURE_WITH_UNIT(LENGTH_MEASURE(1.E-07),#9990,
  'distance_accuracy_value','confusion accuracy');
#9994 = CONTEXT_DEPENDENT_SHAPE_REPRESENTATION(#9995,#9997);
#9995 = ( REPRESENTATION_RELATIONSHIP('','',#9976,#112) 
REPRESENTATION_RELATIONSHIP_WITH_TRANSFORMATION(#9996) 
SHAPE_REPRESENTATION_RELATIONSHIP() );
#9996 = ITEM_DEFINED_TRANSFORMATION('','',#11,#1197);
#9997 = PRODUCT_DEFINITION_SHAPE('Placement','Placement of an item',
  #9998);
#9998 = NEXT_ASSEMBLY_USAGE_OCCURRENCE('1835','P15','',#107,#9971,$);
#9999 = PRODUCT_RELATED_PRODUCT_CATEGORY('part',$,(#9973));
#10000 = SHAPE_DEFINITION_REPRESENTATION(#10001,#10007);
#10001 = PRODUCT_DEFINITION_SHAPE('','',#10002);
#10002 = PRODUCT_DEFINITION('design','',#10003,#10006);
#10003 = PRODUCT_DEFINITION_FORMATION('','',#10004);
#10004 = PRODUCT('N15','N15','',(#10005));
#10005 = PRODUCT_CONTEXT('',#2,'mechanical');
#10006 = PRODUCT_DEFINITION_CONTEXT('part definition',#2,'design');
#10007 = ADVANCED_BREP_SHAPE_REPRESENTATION('',(#11,#10008),#10020);
#10008 = MANIFOLD_SOLID_BREP('',#10009);
#10009 = CLOSED_SHELL('',(#10010));
#10010 = ADVANCED_FACE('',(#10011),#10015,.T.);
#10011 = FACE_BOUND('',#10012,.T.);
#10012 = VERTEX_LOOP('',#10013);
#10013 = VERTEX_POINT('',#10014);
#10014 = CARTESIAN_POINT('',(0.,0.,-0.175));
#10015 = SPHERICAL_SURFACE('',#10016,0.175);
#10016 = AXIS2_PLACEMENT_3D('',#10017,#10018,#10019);
#10017 = CARTESIAN_POINT('',(0.,0.,0.));
#10018 = DIRECTION('',(0.,0.,1.));
#10019 = DIRECTION('',(1.,0.,-0.));
#10020 = ( GEOMETRIC_REPRESENTATION_CONTEXT(3) 
GLOBAL_UNCERTAINTY_ASSIGNED_CONTEXT((#10024)) 
GLOBAL_UNIT_ASSIGNED_CONTEXT((#10021,#10022,#10023)) 
REPRESENTATION_CONTEXT('Context #1',
  '3D Context with UNIT and UNCERTAINTY') );
#10021 = ( LENGTH_UNIT() NAMED_UNIT(*) SI_UNIT(.MILLI.,.METRE.) );
#10022 = ( NAMED_UNIT(*) PLANE_ANGLE_UNIT() SI_UNIT($,.RADIAN.) );
#10023 = ( NAMED_UNIT(*) SI_UNIT($,.STERADIAN.) SOLID_ANGLE_UNIT() );
#10024 = UNCERTAINTY_MEASURE_WITH_UNIT(LENGTH_MEASURE(1.E-07),#10021,
  'distance_accuracy_value','confusion accuracy');
#10025 = CONTEXT_DEPENDENT_SHAPE_REPRESENTATION(#10026,#10028);
#10026 = ( REPRESENTATION_RELATIONSHIP('','',#10007,#112) 
REPRESENTATION_RELATIONSHIP_WITH_TRANSFORMATION(#10027) 
SHAPE_REPRESENTATION_RELATIONSHIP() );
#10027 = ITEM_DEFINED_TRANSFORMATION('','',#11,#1201);
#10028 = PRODUCT_DEFINITION_SHAPE('Placement','Placement of an item',
  #10029);
#10029 = NEXT_ASSEMBLY_USAGE_OCCURRENCE('1836','N15','',#107,#10002,$);
#10030 = PRODUCT_RELATED_PRODUCT_CATEGORY('part',$,(#10004));
#10031 = SHAPE_DEFINITION_REPRESENTATION(#10032,#10038);
#10032 = PRODUCT_DEFINITION_SHAPE('','',#10033);
#10033 = PRODUCT_DEFINITION('design','',#10034,#10037);
#10034 = PRODUCT_DEFINITION_FORMATION('','',#10035);
#10035 = PRODUCT('M15','M15','',(#10036));
#10036 = PRODUCT_CONTEXT('',#2,'mechanical');
#10037 = PRODUCT_DEFINITION_CONTEXT('part definition',#2,'design');
#10038 = ADVANCED_BREP_SHAPE_REPRESENTATION('',(#11,#10039),#10051);
#10039 = MANIFOLD_SOLID_BREP('',#10040);
#10040 = CLOSED_SHELL('',(#10041));
#10041 = ADVANCED_FACE('',(#10042),#10046,.T.);
#10042 = FACE_BOUND('',#10043,.T.);
#10043 = VERTEX_LOOP('',#10044);
#10044 = VERTEX_POINT('',#10045);
#10045 = CARTESIAN_POINT('',(0.,0.,-0.175));
#10046 = SPHERICAL_SURFACE('',#10047,0.175);
#10047 = AXIS2_PLACEMENT_3D('',#10048,#10049,#10050);
#10048 = CARTESIAN_POINT('',(0.,0.,0.));
#10049 = DIRECTION('',(0.,0.,1.));
#10050 = DIRECTION('',(1.,0.,-0.));
#10051 = ( GEOMETRIC_REPRESENTATION_CONTEXT(3) 
GLOBAL_UNCERTAINTY_ASSIGNED_CONTEXT((#10055)) 
GLOBAL_UNIT_ASSIGNED_CONTEXT((#10052,#10053,#10054)) 
REPRESENTATION_CONTEXT('Context #1',
  '3D Context with UNIT and UNCERTAINTY') );
#10052 = ( LENGTH_UNIT() NAMED_UNIT(*) SI_UNIT(.MILLI.,.METRE.) );
#10053 = ( NAMED_UNIT(*) PLANE_ANGLE_UNIT() SI_UNIT($,.RADIAN.) );
#10054 = ( NAMED_UNIT(*) SI_UNIT($,.STERADIAN.) SOLID_ANGLE_UNIT() );
#10055 = UNCERTAINTY_MEASURE_WITH_UNIT(LENGTH_MEASURE(1.E-07),#10052,
  'distance_accuracy_value','confusion accuracy');
#10056 = CONTEXT_DEPENDENT_SHAPE_REPRESENTATION(#10057,#10059);
#10057 = ( REPRESENTATION_RELATIONSHIP('','',#10038,#112) 
REPRESENTATION_RELATIONSHIP_WITH_TRANSFORMATION(#10058) 
SHAPE_REPRESENTATION_RELATIONSHIP() );
#10058 = ITEM_DEFINED_TRANSFORMATION('','',#11,#1205);
#10059 = PRODUCT_DEFINITION_SHAPE('Placement','Placement of an item',
  #10060);
#10060 = NEXT_ASSEMBLY_USAGE_OCCURRENCE('1837','M15','',#107,#10033,$);
#10061 = PRODUCT_RELATED_PRODUCT_CATEGORY('part',$,(#10035));
#10062 = SHAPE_DEFINITION_REPRESENTATION(#10063,#10069);
#10063 = PRODUCT_DEFINITION_SHAPE('','',#10064);
#10064 = PRODUCT_DEFINITION('design','',#10065,#10068);
#10065 = PRODUCT_DEFINITION_FORMATION('','',#10066);
#10066 = PRODUCT('L15','L15','',(#10067));
#10067 = PRODUCT_CONTEXT('',#2,'mechanical');
#10068 = PRODUCT_DEFINITION_CONTEXT('part definition',#2,'design');
#10069 = ADVANCED_BREP_SHAPE_REPRESENTATION('',(#11,#10070),#10082);
#10070 = MANIFOLD_SOLID_BREP('',#10071);
#10071 = CLOSED_SHELL('',(#10072));
#10072 = ADVANCED_FACE('',(#10073),#10077,.T.);
#10073 = FACE_BOUND('',#10074,.T.);
#10074 = VERTEX_LOOP('',#10075);
#10075 = VERTEX_POINT('',#10076);
#10076 = CARTESIAN_POINT('',(0.,0.,-0.175));
#10077 = SPHERICAL_SURFACE('',#10078,0.175);
#10078 = AXIS2_PLACEMENT_3D('',#10079,#10080,#10081);
#10079 = CARTESIAN_POINT('',(0.,0.,0.));
#10080 = DIRECTION('',(0.,0.,1.));
#10081 = DIRECTION('',(1.,0.,-0.));
#10082 = ( GEOMETRIC_REPRESENTATION_CONTEXT(3) 
GLOBAL_UNCERTAINTY_ASSIGNED_CONTEXT((#10086)) 
GLOBAL_UNIT_ASSIGNED_CONTEXT((#10083,#10084,#10085)) 
REPRESENTATION_CONTEXT('Context #1',
  '3D Context with UNIT and UNCERTAINTY') );
#10083 = ( LENGTH_UNIT() NAMED_UNIT(*) SI_UNIT(.MILLI.,.METRE.) );
#10084 = ( NAMED_UNIT(*) PLANE_ANGLE_UNIT() SI_UNIT($,.RADIAN.) );
#10085 = ( NAMED_UNIT(*) SI_UNIT($,.STERADIAN.) SOLID_ANGLE_UNIT() );
#10086 = UNCERTAINTY_MEASURE_WITH_UNIT(LENGTH_MEASURE(1.E-07),#10083,
  'distance_accuracy_value','confusion accuracy');
#10087 = CONTEXT_DEPENDENT_SHAPE_REPRESENTATION(#10088,#10090);
#10088 = ( REPRESENTATION_RELATIONSHIP('','',#10069,#112) 
REPRESENTATION_RELATIONSHIP_WITH_TRANSFORMATION(#10089) 
SHAPE_REPRESENTATION_RELATIONSHIP() );
#10089 = ITEM_DEFINED_TRANSFORMATION('','',#11,#1209);
#10090 = PRODUCT_DEFINITION_SHAPE('Placement','Placement of an item',
  #10091);
#10091 = NEXT_ASSEMBLY_USAGE_OCCURRENCE('1838','L15','',#107,#10064,$);
#10092 = PRODUCT_RELATED_PRODUCT_CATEGORY('part',$,(#10066));
#10093 = SHAPE_DEFINITION_REPRESENTATION(#10094,#10100);
#10094 = PRODUCT_DEFINITION_SHAPE('','',#10095);
#10095 = PRODUCT_DEFINITION('design','',#10096,#10099);
#10096 = PRODUCT_DEFINITION_FORMATION('','',#10097);
#10097 = PRODUCT('K15','K15','',(#10098));
#10098 = PRODUCT_CONTEXT('',#2,'mechanical');
#10099 = PRODUCT_DEFINITION_CONTEXT('part definition',#2,'design');
#10100 = ADVANCED_BREP_SHAPE_REPRESENTATION('',(#11,#10101),#10113);
#10101 = MANIFOLD_SOLID_BREP('',#10102);
#10102 = CLOSED_SHELL('',(#10103));
#10103 = ADVANCED_FACE('',(#10104),#10108,.T.);
#10104 = FACE_BOUND('',#10105,.T.);
#10105 = VERTEX_LOOP('',#10106);
#10106 = VERTEX_POINT('',#10107);
#10107 = CARTESIAN_POINT('',(0.,0.,-0.175));
#10108 = SPHERICAL_SURFACE('',#10109,0.175);
#10109 = AXIS2_PLACEMENT_3D('',#10110,#10111,#10112);
#10110 = CARTESIAN_POINT('',(0.,0.,0.));
#10111 = DIRECTION('',(0.,0.,1.));
#10112 = DIRECTION('',(1.,0.,-0.));
#10113 = ( GEOMETRIC_REPRESENTATION_CONTEXT(3) 
GLOBAL_UNCERTAINTY_ASSIGNED_CONTEXT((#10117)) 
GLOBAL_UNIT_ASSIGNED_CONTEXT((#10114,#10115,#10116)) 
REPRESENTATION_CONTEXT('Context #1',
  '3D Context with UNIT and UNCERTAINTY') );
#10114 = ( LENGTH_UNIT() NAMED_UNIT(*) SI_UNIT(.MILLI.,.METRE.) );
#10115 = ( NAMED_UNIT(*) PLANE_ANGLE_UNIT() SI_UNIT($,.RADIAN.) );
#10116 = ( NAMED_UNIT(*) SI_UNIT($,.STERADIAN.) SOLID_ANGLE_UNIT() );
#10117 = UNCERTAINTY_MEASURE_WITH_UNIT(LENGTH_MEASURE(1.E-07),#10114,
  'distance_accuracy_value','confusion accuracy');
#10118 = CONTEXT_DEPENDENT_SHAPE_REPRESENTATION(#10119,#10121);
#10119 = ( REPRESENTATION_RELATIONSHIP('','',#10100,#112) 
REPRESENTATION_RELATIONSHIP_WITH_TRANSFORMATION(#10120) 
SHAPE_REPRESENTATION_RELATIONSHIP() );
#10120 = ITEM_DEFINED_TRANSFORMATION('','',#11,#1213);
#10121 = PRODUCT_DEFINITION_SHAPE('Placement','Placement of an item',
  #10122);
#10122 = NEXT_ASSEMBLY_USAGE_OCCURRENCE('1839','K15','',#107,#10095,$);
#10123 = PRODUCT_RELATED_PRODUCT_CATEGORY('part',$,(#10097));
#10124 = SHAPE_DEFINITION_REPRESENTATION(#10125,#10131);
#10125 = PRODUCT_DEFINITION_SHAPE('','',#10126);
#10126 = PRODUCT_DEFINITION('design','',#10127,#10130);
#10127 = PRODUCT_DEFINITION_FORMATION('','',#10128);
#10128 = PRODUCT('J15','J15','',(#10129));
#10129 = PRODUCT_CONTEXT('',#2,'mechanical');
#10130 = PRODUCT_DEFINITION_CONTEXT('part definition',#2,'design');
#10131 = ADVANCED_BREP_SHAPE_REPRESENTATION('',(#11,#10132),#10144);
#10132 = MANIFOLD_SOLID_BREP('',#10133);
#10133 = CLOSED_SHELL('',(#10134));
#10134 = ADVANCED_FACE('',(#10135),#10139,.T.);
#10135 = FACE_BOUND('',#10136,.T.);
#10136 = VERTEX_LOOP('',#10137);
#10137 = VERTEX_POINT('',#10138);
#10138 = CARTESIAN_POINT('',(0.,0.,-0.175));
#10139 = SPHERICAL_SURFACE('',#10140,0.175);
#10140 = AXIS2_PLACEMENT_3D('',#10141,#10142,#10143);
#10141 = CARTESIAN_POINT('',(0.,0.,0.));
#10142 = DIRECTION('',(0.,0.,1.));
#10143 = DIRECTION('',(1.,0.,-0.));
#10144 = ( GEOMETRIC_REPRESENTATION_CONTEXT(3) 
GLOBAL_UNCERTAINTY_ASSIGNED_CONTEXT((#10148)) 
GLOBAL_UNIT_ASSIGNED_CONTEXT((#10145,#10146,#10147)) 
REPRESENTATION_CONTEXT('Context #1',
  '3D Context with UNIT and UNCERTAINTY') );
#10145 = ( LENGTH_UNIT() NAMED_UNIT(*) SI_UNIT(.MILLI.,.METRE.) );
#10146 = ( NAMED_UNIT(*) PLANE_ANGLE_UNIT() SI_UNIT($,.RADIAN.) );
#10147 = ( NAMED_UNIT(*) SI_UNIT($,.STERADIAN.) SOLID_ANGLE_UNIT() );
#10148 = UNCERTAINTY_MEASURE_WITH_UNIT(LENGTH_MEASURE(1.E-07),#10145,
  'distance_accuracy_value','confusion accuracy');
#10149 = CONTEXT_DEPENDENT_SHAPE_REPRESENTATION(#10150,#10152);
#10150 = ( REPRESENTATION_RELATIONSHIP('','',#10131,#112) 
REPRESENTATION_RELATIONSHIP_WITH_TRANSFORMATION(#10151) 
SHAPE_REPRESENTATION_RELATIONSHIP() );
#10151 = ITEM_DEFINED_TRANSFORMATION('','',#11,#1217);
#10152 = PRODUCT_DEFINITION_SHAPE('Placement','Placement of an item',
  #10153);
#10153 = NEXT_ASSEMBLY_USAGE_OCCURRENCE('1840','J15','',#107,#10126,$);
#10154 = PRODUCT_RELATED_PRODUCT_CATEGORY('part',$,(#10128));
#10155 = SHAPE_DEFINITION_REPRESENTATION(#10156,#10162);
#10156 = PRODUCT_DEFINITION_SHAPE('','',#10157);
#10157 = PRODUCT_DEFINITION('design','',#10158,#10161);
#10158 = PRODUCT_DEFINITION_FORMATION('','',#10159);
#10159 = PRODUCT('H15','H15','',(#10160));
#10160 = PRODUCT_CONTEXT('',#2,'mechanical');
#10161 = PRODUCT_DEFINITION_CONTEXT('part definition',#2,'design');
#10162 = ADVANCED_BREP_SHAPE_REPRESENTATION('',(#11,#10163),#10175);
#10163 = MANIFOLD_SOLID_BREP('',#10164);
#10164 = CLOSED_SHELL('',(#10165));
#10165 = ADVANCED_FACE('',(#10166),#10170,.T.);
#10166 = FACE_BOUND('',#10167,.T.);
#10167 = VERTEX_LOOP('',#10168);
#10168 = VERTEX_POINT('',#10169);
#10169 = CARTESIAN_POINT('',(0.,0.,-0.175));
#10170 = SPHERICAL_SURFACE('',#10171,0.175);
#10171 = AXIS2_PLACEMENT_3D('',#10172,#10173,#10174);
#10172 = CARTESIAN_POINT('',(0.,0.,0.));
#10173 = DIRECTION('',(0.,0.,1.));
#10174 = DIRECTION('',(1.,0.,-0.));
#10175 = ( GEOMETRIC_REPRESENTATION_CONTEXT(3) 
GLOBAL_UNCERTAINTY_ASSIGNED_CONTEXT((#10179)) 
GLOBAL_UNIT_ASSIGNED_CONTEXT((#10176,#10177,#10178)) 
REPRESENTATION_CONTEXT('Context #1',
  '3D Context with UNIT and UNCERTAINTY') );
#10176 = ( LENGTH_UNIT() NAMED_UNIT(*) SI_UNIT(.MILLI.,.METRE.) );
#10177 = ( NAMED_UNIT(*) PLANE_ANGLE_UNIT() SI_UNIT($,.RADIAN.) );
#10178 = ( NAMED_UNIT(*) SI_UNIT($,.STERADIAN.) SOLID_ANGLE_UNIT() );
#10179 = UNCERTAINTY_MEASURE_WITH_UNIT(LENGTH_MEASURE(1.E-07),#10176,
  'distance_accuracy_value','confusion accuracy');
#10180 = CONTEXT_DEPENDENT_SHAPE_REPRESENTATION(#10181,#10183);
#10181 = ( REPRESENTATION_RELATIONSHIP('','',#10162,#112) 
REPRESENTATION_RELATIONSHIP_WITH_TRANSFORMATION(#10182) 
SHAPE_REPRESENTATION_RELATIONSHIP() );
#10182 = ITEM_DEFINED_TRANSFORMATION('','',#11,#1221);
#10183 = PRODUCT_DEFINITION_SHAPE('Placement','Placement of an item',
  #10184);
#10184 = NEXT_ASSEMBLY_USAGE_OCCURRENCE('1841','H15','',#107,#10157,$);
#10185 = PRODUCT_RELATED_PRODUCT_CATEGORY('part',$,(#10159));
#10186 = SHAPE_DEFINITION_REPRESENTATION(#10187,#10193);
#10187 = PRODUCT_DEFINITION_SHAPE('','',#10188);
#10188 = PRODUCT_DEFINITION('design','',#10189,#10192);
#10189 = PRODUCT_DEFINITION_FORMATION('','',#10190);
#10190 = PRODUCT('G15','G15','',(#10191));
#10191 = PRODUCT_CONTEXT('',#2,'mechanical');
#10192 = PRODUCT_DEFINITION_CONTEXT('part definition',#2,'design');
#10193 = ADVANCED_BREP_SHAPE_REPRESENTATION('',(#11,#10194),#10206);
#10194 = MANIFOLD_SOLID_BREP('',#10195);
#10195 = CLOSED_SHELL('',(#10196));
#10196 = ADVANCED_FACE('',(#10197),#10201,.T.);
#10197 = FACE_BOUND('',#10198,.T.);
#10198 = VERTEX_LOOP('',#10199);
#10199 = VERTEX_POINT('',#10200);
#10200 = CARTESIAN_POINT('',(0.,0.,-0.175));
#10201 = SPHERICAL_SURFACE('',#10202,0.175);
#10202 = AXIS2_PLACEMENT_3D('',#10203,#10204,#10205);
#10203 = CARTESIAN_POINT('',(0.,0.,0.));
#10204 = DIRECTION('',(0.,0.,1.));
#10205 = DIRECTION('',(1.,0.,-0.));
#10206 = ( GEOMETRIC_REPRESENTATION_CONTEXT(3) 
GLOBAL_UNCERTAINTY_ASSIGNED_CONTEXT((#10210)) 
GLOBAL_UNIT_ASSIGNED_CONTEXT((#10207,#10208,#10209)) 
REPRESENTATION_CONTEXT('Context #1',
  '3D Context with UNIT and UNCERTAINTY') );
#10207 = ( LENGTH_UNIT() NAMED_UNIT(*) SI_UNIT(.MILLI.,.METRE.) );
#10208 = ( NAMED_UNIT(*) PLANE_ANGLE_UNIT() SI_UNIT($,.RADIAN.) );
#10209 = ( NAMED_UNIT(*) SI_UNIT($,.STERADIAN.) SOLID_ANGLE_UNIT() );
#10210 = UNCERTAINTY_MEASURE_WITH_UNIT(LENGTH_MEASURE(1.E-07),#10207,
  'distance_accuracy_value','confusion accuracy');
#10211 = CONTEXT_DEPENDENT_SHAPE_REPRESENTATION(#10212,#10214);
#10212 = ( REPRESENTATION_RELATIONSHIP('','',#10193,#112) 
REPRESENTATION_RELATIONSHIP_WITH_TRANSFORMATION(#10213) 
SHAPE_REPRESENTATION_RELATIONSHIP() );
#10213 = ITEM_DEFINED_TRANSFORMATION('','',#11,#1225);
#10214 = PRODUCT_DEFINITION_SHAPE('Placement','Placement of an item',
  #10215);
#10215 = NEXT_ASSEMBLY_USAGE_OCCURRENCE('1842','G15','',#107,#10188,$);
#10216 = PRODUCT_RELATED_PRODUCT_CATEGORY('part',$,(#10190));
#10217 = SHAPE_DEFINITION_REPRESENTATION(#10218,#10224);
#10218 = PRODUCT_DEFINITION_SHAPE('','',#10219);
#10219 = PRODUCT_DEFINITION('design','',#10220,#10223);
#10220 = PRODUCT_DEFINITION_FORMATION('','',#10221);
#10221 = PRODUCT('F15','F15','',(#10222));
#10222 = PRODUCT_CONTEXT('',#2,'mechanical');
#10223 = PRODUCT_DEFINITION_CONTEXT('part definition',#2,'design');
#10224 = ADVANCED_BREP_SHAPE_REPRESENTATION('',(#11,#10225),#10237);
#10225 = MANIFOLD_SOLID_BREP('',#10226);
#10226 = CLOSED_SHELL('',(#10227));
#10227 = ADVANCED_FACE('',(#10228),#10232,.T.);
#10228 = FACE_BOUND('',#10229,.T.);
#10229 = VERTEX_LOOP('',#10230);
#10230 = VERTEX_POINT('',#10231);
#10231 = CARTESIAN_POINT('',(0.,0.,-0.175));
#10232 = SPHERICAL_SURFACE('',#10233,0.175);
#10233 = AXIS2_PLACEMENT_3D('',#10234,#10235,#10236);
#10234 = CARTESIAN_POINT('',(0.,0.,0.));
#10235 = DIRECTION('',(0.,0.,1.));
#10236 = DIRECTION('',(1.,0.,-0.));
#10237 = ( GEOMETRIC_REPRESENTATION_CONTEXT(3) 
GLOBAL_UNCERTAINTY_ASSIGNED_CONTEXT((#10241)) 
GLOBAL_UNIT_ASSIGNED_CONTEXT((#10238,#10239,#10240)) 
REPRESENTATION_CONTEXT('Context #1',
  '3D Context with UNIT and UNCERTAINTY') );
#10238 = ( LENGTH_UNIT() NAMED_UNIT(*) SI_UNIT(.MILLI.,.METRE.) );
#10239 = ( NAMED_UNIT(*) PLANE_ANGLE_UNIT() SI_UNIT($,.RADIAN.) );
#10240 = ( NAMED_UNIT(*) SI_UNIT($,.STERADIAN.) SOLID_ANGLE_UNIT() );
#10241 = UNCERTAINTY_MEASURE_WITH_UNIT(LENGTH_MEASURE(1.E-07),#10238,
  'distance_accuracy_value','confusion accuracy');
#10242 = CONTEXT_DEPENDENT_SHAPE_REPRESENTATION(#10243,#10245);
#10243 = ( REPRESENTATION_RELATIONSHIP('','',#10224,#112) 
REPRESENTATION_RELATIONSHIP_WITH_TRANSFORMATION(#10244) 
SHAPE_REPRESENTATION_RELATIONSHIP() );
#10244 = ITEM_DEFINED_TRANSFORMATION('','',#11,#1229);
#10245 = PRODUCT_DEFINITION_SHAPE('Placement','Placement of an item',
  #10246);
#10246 = NEXT_ASSEMBLY_USAGE_OCCURRENCE('1843','F15','',#107,#10219,$);
#10247 = PRODUCT_RELATED_PRODUCT_CATEGORY('part',$,(#10221));
#10248 = SHAPE_DEFINITION_REPRESENTATION(#10249,#10255);
#10249 = PRODUCT_DEFINITION_SHAPE('','',#10250);
#10250 = PRODUCT_DEFINITION('design','',#10251,#10254);
#10251 = PRODUCT_DEFINITION_FORMATION('','',#10252);
#10252 = PRODUCT('E15','E15','',(#10253));
#10253 = PRODUCT_CONTEXT('',#2,'mechanical');
#10254 = PRODUCT_DEFINITION_CONTEXT('part definition',#2,'design');
#10255 = ADVANCED_BREP_SHAPE_REPRESENTATION('',(#11,#10256),#10268);
#10256 = MANIFOLD_SOLID_BREP('',#10257);
#10257 = CLOSED_SHELL('',(#10258));
#10258 = ADVANCED_FACE('',(#10259),#10263,.T.);
#10259 = FACE_BOUND('',#10260,.T.);
#10260 = VERTEX_LOOP('',#10261);
#10261 = VERTEX_POINT('',#10262);
#10262 = CARTESIAN_POINT('',(0.,0.,-0.175));
#10263 = SPHERICAL_SURFACE('',#10264,0.175);
#10264 = AXIS2_PLACEMENT_3D('',#10265,#10266,#10267);
#10265 = CARTESIAN_POINT('',(0.,0.,0.));
#10266 = DIRECTION('',(0.,0.,1.));
#10267 = DIRECTION('',(1.,0.,-0.));
#10268 = ( GEOMETRIC_REPRESENTATION_CONTEXT(3) 
GLOBAL_UNCERTAINTY_ASSIGNED_CONTEXT((#10272)) 
GLOBAL_UNIT_ASSIGNED_CONTEXT((#10269,#10270,#10271)) 
REPRESENTATION_CONTEXT('Context #1',
  '3D Context with UNIT and UNCERTAINTY') );
#10269 = ( LENGTH_UNIT() NAMED_UNIT(*) SI_UNIT(.MILLI.,.METRE.) );
#10270 = ( NAMED_UNIT(*) PLANE_ANGLE_UNIT() SI_UNIT($,.RADIAN.) );
#10271 = ( NAMED_UNIT(*) SI_UNIT($,.STERADIAN.) SOLID_ANGLE_UNIT() );
#10272 = UNCERTAINTY_MEASURE_WITH_UNIT(LENGTH_MEASURE(1.E-07),#10269,
  'distance_accuracy_value','confusion accuracy');
#10273 = CONTEXT_DEPENDENT_SHAPE_REPRESENTATION(#10274,#10276);
#10274 = ( REPRESENTATION_RELATIONSHIP('','',#10255,#112) 
REPRESENTATION_RELATIONSHIP_WITH_TRANSFORMATION(#10275) 
SHAPE_REPRESENTATION_RELATIONSHIP() );
#10275 = ITEM_DEFINED_TRANSFORMATION('','',#11,#1233);
#10276 = PRODUCT_DEFINITION_SHAPE('Placement','Placement of an item',
  #10277);
#10277 = NEXT_ASSEMBLY_USAGE_OCCURRENCE('1844','E15','',#107,#10250,$);
#10278 = PRODUCT_RELATED_PRODUCT_CATEGORY('part',$,(#10252));
#10279 = SHAPE_DEFINITION_REPRESENTATION(#10280,#10286);
#10280 = PRODUCT_DEFINITION_SHAPE('','',#10281);
#10281 = PRODUCT_DEFINITION('design','',#10282,#10285);
#10282 = PRODUCT_DEFINITION_FORMATION('','',#10283);
#10283 = PRODUCT('D15','D15','',(#10284));
#10284 = PRODUCT_CONTEXT('',#2,'mechanical');
#10285 = PRODUCT_DEFINITION_CONTEXT('part definition',#2,'design');
#10286 = ADVANCED_BREP_SHAPE_REPRESENTATION('',(#11,#10287),#10299);
#10287 = MANIFOLD_SOLID_BREP('',#10288);
#10288 = CLOSED_SHELL('',(#10289));
#10289 = ADVANCED_FACE('',(#10290),#10294,.T.);
#10290 = FACE_BOUND('',#10291,.T.);
#10291 = VERTEX_LOOP('',#10292);
#10292 = VERTEX_POINT('',#10293);
#10293 = CARTESIAN_POINT('',(0.,0.,-0.175));
#10294 = SPHERICAL_SURFACE('',#10295,0.175);
#10295 = AXIS2_PLACEMENT_3D('',#10296,#10297,#10298);
#10296 = CARTESIAN_POINT('',(0.,0.,0.));
#10297 = DIRECTION('',(0.,0.,1.));
#10298 = DIRECTION('',(1.,0.,-0.));
#10299 = ( GEOMETRIC_REPRESENTATION_CONTEXT(3) 
GLOBAL_UNCERTAINTY_ASSIGNED_CONTEXT((#10303)) 
GLOBAL_UNIT_ASSIGNED_CONTEXT((#10300,#10301,#10302)) 
REPRESENTATION_CONTEXT('Context #1',
  '3D Context with UNIT and UNCERTAINTY') );
#10300 = ( LENGTH_UNIT() NAMED_UNIT(*) SI_UNIT(.MILLI.,.METRE.) );
#10301 = ( NAMED_UNIT(*) PLANE_ANGLE_UNIT() SI_UNIT($,.RADIAN.) );
#10302 = ( NAMED_UNIT(*) SI_UNIT($,.STERADIAN.) SOLID_ANGLE_UNIT() );
#10303 = UNCERTAINTY_MEASURE_WITH_UNIT(LENGTH_MEASURE(1.E-07),#10300,
  'distance_accuracy_value','confusion accuracy');
#10304 = CONTEXT_DEPENDENT_SHAPE_REPRESENTATION(#10305,#10307);
#10305 = ( REPRESENTATION_RELATIONSHIP('','',#10286,#112) 
REPRESENTATION_RELATIONSHIP_WITH_TRANSFORMATION(#10306) 
SHAPE_REPRESENTATION_RELATIONSHIP() );
#10306 = ITEM_DEFINED_TRANSFORMATION('','',#11,#1237);
#10307 = PRODUCT_DEFINITION_SHAPE('Placement','Placement of an item',
  #10308);
#10308 = NEXT_ASSEMBLY_USAGE_OCCURRENCE('1845','D15','',#107,#10281,$);
#10309 = PRODUCT_RELATED_PRODUCT_CATEGORY('part',$,(#10283));
#10310 = SHAPE_DEFINITION_REPRESENTATION(#10311,#10317);
#10311 = PRODUCT_DEFINITION_SHAPE('','',#10312);
#10312 = PRODUCT_DEFINITION('design','',#10313,#10316);
#10313 = PRODUCT_DEFINITION_FORMATION('','',#10314);
#10314 = PRODUCT('C15','C15','',(#10315));
#10315 = PRODUCT_CONTEXT('',#2,'mechanical');
#10316 = PRODUCT_DEFINITION_CONTEXT('part definition',#2,'design');
#10317 = ADVANCED_BREP_SHAPE_REPRESENTATION('',(#11,#10318),#10330);
#10318 = MANIFOLD_SOLID_BREP('',#10319);
#10319 = CLOSED_SHELL('',(#10320));
#10320 = ADVANCED_FACE('',(#10321),#10325,.T.);
#10321 = FACE_BOUND('',#10322,.T.);
#10322 = VERTEX_LOOP('',#10323);
#10323 = VERTEX_POINT('',#10324);
#10324 = CARTESIAN_POINT('',(0.,0.,-0.175));
#10325 = SPHERICAL_SURFACE('',#10326,0.175);
#10326 = AXIS2_PLACEMENT_3D('',#10327,#10328,#10329);
#10327 = CARTESIAN_POINT('',(0.,0.,0.));
#10328 = DIRECTION('',(0.,0.,1.));
#10329 = DIRECTION('',(1.,0.,-0.));
#10330 = ( GEOMETRIC_REPRESENTATION_CONTEXT(3) 
GLOBAL_UNCERTAINTY_ASSIGNED_CONTEXT((#10334)) 
GLOBAL_UNIT_ASSIGNED_CONTEXT((#10331,#10332,#10333)) 
REPRESENTATION_CONTEXT('Context #1',
  '3D Context with UNIT and UNCERTAINTY') );
#10331 = ( LENGTH_UNIT() NAMED_UNIT(*) SI_UNIT(.MILLI.,.METRE.) );
#10332 = ( NAMED_UNIT(*) PLANE_ANGLE_UNIT() SI_UNIT($,.RADIAN.) );
#10333 = ( NAMED_UNIT(*) SI_UNIT($,.STERADIAN.) SOLID_ANGLE_UNIT() );
#10334 = UNCERTAINTY_MEASURE_WITH_UNIT(LENGTH_MEASURE(1.E-07),#10331,
  'distance_accuracy_value','confusion accuracy');
#10335 = CONTEXT_DEPENDENT_SHAPE_REPRESENTATION(#10336,#10338);
#10336 = ( REPRESENTATION_RELATIONSHIP('','',#10317,#112) 
REPRESENTATION_RELATIONSHIP_WITH_TRANSFORMATION(#10337) 
SHAPE_REPRESENTATION_RELATIONSHIP() );
#10337 = ITEM_DEFINED_TRANSFORMATION('','',#11,#1241);
#10338 = PRODUCT_DEFINITION_SHAPE('Placement','Placement of an item',
  #10339);
#10339 = NEXT_ASSEMBLY_USAGE_OCCURRENCE('1846','C15','',#107,#10312,$);
#10340 = PRODUCT_RELATED_PRODUCT_CATEGORY('part',$,(#10314));
#10341 = SHAPE_DEFINITION_REPRESENTATION(#10342,#10348);
#10342 = PRODUCT_DEFINITION_SHAPE('','',#10343);
#10343 = PRODUCT_DEFINITION('design','',#10344,#10347);
#10344 = PRODUCT_DEFINITION_FORMATION('','',#10345);
#10345 = PRODUCT('B15','B15','',(#10346));
#10346 = PRODUCT_CONTEXT('',#2,'mechanical');
#10347 = PRODUCT_DEFINITION_CONTEXT('part definition',#2,'design');
#10348 = ADVANCED_BREP_SHAPE_REPRESENTATION('',(#11,#10349),#10361);
#10349 = MANIFOLD_SOLID_BREP('',#10350);
#10350 = CLOSED_SHELL('',(#10351));
#10351 = ADVANCED_FACE('',(#10352),#10356,.T.);
#10352 = FACE_BOUND('',#10353,.T.);
#10353 = VERTEX_LOOP('',#10354);
#10354 = VERTEX_POINT('',#10355);
#10355 = CARTESIAN_POINT('',(0.,0.,-0.175));
#10356 = SPHERICAL_SURFACE('',#10357,0.175);
#10357 = AXIS2_PLACEMENT_3D('',#10358,#10359,#10360);
#10358 = CARTESIAN_POINT('',(0.,0.,0.));
#10359 = DIRECTION('',(0.,0.,1.));
#10360 = DIRECTION('',(1.,0.,-0.));
#10361 = ( GEOMETRIC_REPRESENTATION_CONTEXT(3) 
GLOBAL_UNCERTAINTY_ASSIGNED_CONTEXT((#10365)) 
GLOBAL_UNIT_ASSIGNED_CONTEXT((#10362,#10363,#10364)) 
REPRESENTATION_CONTEXT('Context #1',
  '3D Context with UNIT and UNCERTAINTY') );
#10362 = ( LENGTH_UNIT() NAMED_UNIT(*) SI_UNIT(.MILLI.,.METRE.) );
#10363 = ( NAMED_UNIT(*) PLANE_ANGLE_UNIT() SI_UNIT($,.RADIAN.) );
#10364 = ( NAMED_UNIT(*) SI_UNIT($,.STERADIAN.) SOLID_ANGLE_UNIT() );
#10365 = UNCERTAINTY_MEASURE_WITH_UNIT(LENGTH_MEASURE(1.E-07),#10362,
  'distance_accuracy_value','confusion accuracy');
#10366 = CONTEXT_DEPENDENT_SHAPE_REPRESENTATION(#10367,#10369);
#10367 = ( REPRESENTATION_RELATIONSHIP('','',#10348,#112) 
REPRESENTATION_RELATIONSHIP_WITH_TRANSFORMATION(#10368) 
SHAPE_REPRESENTATION_RELATIONSHIP() );
#10368 = ITEM_DEFINED_TRANSFORMATION('','',#11,#1245);
#10369 = PRODUCT_DEFINITION_SHAPE('Placement','Placement of an item',
  #10370);
#10370 = NEXT_ASSEMBLY_USAGE_OCCURRENCE('1847','B15','',#107,#10343,$);
#10371 = PRODUCT_RELATED_PRODUCT_CATEGORY('part',$,(#10345));
#10372 = SHAPE_DEFINITION_REPRESENTATION(#10373,#10379);
#10373 = PRODUCT_DEFINITION_SHAPE('','',#10374);
#10374 = PRODUCT_DEFINITION('design','',#10375,#10378);
#10375 = PRODUCT_DEFINITION_FORMATION('','',#10376);
#10376 = PRODUCT('A15','A15','',(#10377));
#10377 = PRODUCT_CONTEXT('',#2,'mechanical');
#10378 = PRODUCT_DEFINITION_CONTEXT('part definition',#2,'design');
#10379 = ADVANCED_BREP_SHAPE_REPRESENTATION('',(#11,#10380),#10392);
#10380 = MANIFOLD_SOLID_BREP('',#10381);
#10381 = CLOSED_SHELL('',(#10382));
#10382 = ADVANCED_FACE('',(#10383),#10387,.T.);
#10383 = FACE_BOUND('',#10384,.T.);
#10384 = VERTEX_LOOP('',#10385);
#10385 = VERTEX_POINT('',#10386);
#10386 = CARTESIAN_POINT('',(0.,0.,-0.175));
#10387 = SPHERICAL_SURFACE('',#10388,0.175);
#10388 = AXIS2_PLACEMENT_3D('',#10389,#10390,#10391);
#10389 = CARTESIAN_POINT('',(0.,0.,0.));
#10390 = DIRECTION('',(0.,0.,1.));
#10391 = DIRECTION('',(1.,0.,-0.));
#10392 = ( GEOMETRIC_REPRESENTATION_CONTEXT(3) 
GLOBAL_UNCERTAINTY_ASSIGNED_CONTEXT((#10396)) 
GLOBAL_UNIT_ASSIGNED_CONTEXT((#10393,#10394,#10395)) 
REPRESENTATION_CONTEXT('Context #1',
  '3D Context with UNIT and UNCERTAINTY') );
#10393 = ( LENGTH_UNIT() NAMED_UNIT(*) SI_UNIT(.MILLI.,.METRE.) );
#10394 = ( NAMED_UNIT(*) PLANE_ANGLE_UNIT() SI_UNIT($,.RADIAN.) );
#10395 = ( NAMED_UNIT(*) SI_UNIT($,.STERADIAN.) SOLID_ANGLE_UNIT() );
#10396 = UNCERTAINTY_MEASURE_WITH_UNIT(LENGTH_MEASURE(1.E-07),#10393,
  'distance_accuracy_value','confusion accuracy');
#10397 = CONTEXT_DEPENDENT_SHAPE_REPRESENTATION(#10398,#10400);
#10398 = ( REPRESENTATION_RELATIONSHIP('','',#10379,#112) 
REPRESENTATION_RELATIONSHIP_WITH_TRANSFORMATION(#10399) 
SHAPE_REPRESENTATION_RELATIONSHIP() );
#10399 = ITEM_DEFINED_TRANSFORMATION('','',#11,#1249);
#10400 = PRODUCT_DEFINITION_SHAPE('Placement','Placement of an item',
  #10401);
#10401 = NEXT_ASSEMBLY_USAGE_OCCURRENCE('1848','A15','',#107,#10374,$);
#10402 = PRODUCT_RELATED_PRODUCT_CATEGORY('part',$,(#10376));
#10403 = SHAPE_DEFINITION_REPRESENTATION(#10404,#10410);
#10404 = PRODUCT_DEFINITION_SHAPE('','',#10405);
#10405 = PRODUCT_DEFINITION('design','',#10406,#10409);
#10406 = PRODUCT_DEFINITION_FORMATION('','',#10407);
#10407 = PRODUCT('W16','W16','',(#10408));
#10408 = PRODUCT_CONTEXT('',#2,'mechanical');
#10409 = PRODUCT_DEFINITION_CONTEXT('part definition',#2,'design');
#10410 = ADVANCED_BREP_SHAPE_REPRESENTATION('',(#11,#10411),#10423);
#10411 = MANIFOLD_SOLID_BREP('',#10412);
#10412 = CLOSED_SHELL('',(#10413));
#10413 = ADVANCED_FACE('',(#10414),#10418,.T.);
#10414 = FACE_BOUND('',#10415,.T.);
#10415 = VERTEX_LOOP('',#10416);
#10416 = VERTEX_POINT('',#10417);
#10417 = CARTESIAN_POINT('',(0.,0.,-0.175));
#10418 = SPHERICAL_SURFACE('',#10419,0.175);
#10419 = AXIS2_PLACEMENT_3D('',#10420,#10421,#10422);
#10420 = CARTESIAN_POINT('',(0.,0.,0.));
#10421 = DIRECTION('',(0.,0.,1.));
#10422 = DIRECTION('',(1.,0.,-0.));
#10423 = ( GEOMETRIC_REPRESENTATION_CONTEXT(3) 
GLOBAL_UNCERTAINTY_ASSIGNED_CONTEXT((#10427)) 
GLOBAL_UNIT_ASSIGNED_CONTEXT((#10424,#10425,#10426)) 
REPRESENTATION_CONTEXT('Context #1',
  '3D Context with UNIT and UNCERTAINTY') );
#10424 = ( LENGTH_UNIT() NAMED_UNIT(*) SI_UNIT(.MILLI.,.METRE.) );
#10425 = ( NAMED_UNIT(*) PLANE_ANGLE_UNIT() SI_UNIT($,.RADIAN.) );
#10426 = ( NAMED_UNIT(*) SI_UNIT($,.STERADIAN.) SOLID_ANGLE_UNIT() );
#10427 = UNCERTAINTY_MEASURE_WITH_UNIT(LENGTH_MEASURE(1.E-07),#10424,
  'distance_accuracy_value','confusion accuracy');
#10428 = CONTEXT_DEPENDENT_SHAPE_REPRESENTATION(#10429,#10431);
#10429 = ( REPRESENTATION_RELATIONSHIP('','',#10410,#112) 
REPRESENTATION_RELATIONSHIP_WITH_TRANSFORMATION(#10430) 
SHAPE_REPRESENTATION_RELATIONSHIP() );
#10430 = ITEM_DEFINED_TRANSFORMATION('','',#11,#1253);
#10431 = PRODUCT_DEFINITION_SHAPE('Placement','Placement of an item',
  #10432);
#10432 = NEXT_ASSEMBLY_USAGE_OCCURRENCE('1849','W16','',#107,#10405,$);
#10433 = PRODUCT_RELATED_PRODUCT_CATEGORY('part',$,(#10407));
#10434 = SHAPE_DEFINITION_REPRESENTATION(#10435,#10441);
#10435 = PRODUCT_DEFINITION_SHAPE('','',#10436);
#10436 = PRODUCT_DEFINITION('design','',#10437,#10440);
#10437 = PRODUCT_DEFINITION_FORMATION('','',#10438);
#10438 = PRODUCT('V16','V16','',(#10439));
#10439 = PRODUCT_CONTEXT('',#2,'mechanical');
#10440 = PRODUCT_DEFINITION_CONTEXT('part definition',#2,'design');
#10441 = ADVANCED_BREP_SHAPE_REPRESENTATION('',(#11,#10442),#10454);
#10442 = MANIFOLD_SOLID_BREP('',#10443);
#10443 = CLOSED_SHELL('',(#10444));
#10444 = ADVANCED_FACE('',(#10445),#10449,.T.);
#10445 = FACE_BOUND('',#10446,.T.);
#10446 = VERTEX_LOOP('',#10447);
#10447 = VERTEX_POINT('',#10448);
#10448 = CARTESIAN_POINT('',(0.,0.,-0.175));
#10449 = SPHERICAL_SURFACE('',#10450,0.175);
#10450 = AXIS2_PLACEMENT_3D('',#10451,#10452,#10453);
#10451 = CARTESIAN_POINT('',(0.,0.,0.));
#10452 = DIRECTION('',(0.,0.,1.));
#10453 = DIRECTION('',(1.,0.,-0.));
#10454 = ( GEOMETRIC_REPRESENTATION_CONTEXT(3) 
GLOBAL_UNCERTAINTY_ASSIGNED_CONTEXT((#10458)) 
GLOBAL_UNIT_ASSIGNED_CONTEXT((#10455,#10456,#10457)) 
REPRESENTATION_CONTEXT('Context #1',
  '3D Context with UNIT and UNCERTAINTY') );
#10455 = ( LENGTH_UNIT() NAMED_UNIT(*) SI_UNIT(.MILLI.,.METRE.) );
#10456 = ( NAMED_UNIT(*) PLANE_ANGLE_UNIT() SI_UNIT($,.RADIAN.) );
#10457 = ( NAMED_UNIT(*) SI_UNIT($,.STERADIAN.) SOLID_ANGLE_UNIT() );
#10458 = UNCERTAINTY_MEASURE_WITH_UNIT(LENGTH_MEASURE(1.E-07),#10455,
  'distance_accuracy_value','confusion accuracy');
#10459 = CONTEXT_DEPENDENT_SHAPE_REPRESENTATION(#10460,#10462);
#10460 = ( REPRESENTATION_RELATIONSHIP('','',#10441,#112) 
REPRESENTATION_RELATIONSHIP_WITH_TRANSFORMATION(#10461) 
SHAPE_REPRESENTATION_RELATIONSHIP() );
#10461 = ITEM_DEFINED_TRANSFORMATION('','',#11,#1257);
#10462 = PRODUCT_DEFINITION_SHAPE('Placement','Placement of an item',
  #10463);
#10463 = NEXT_ASSEMBLY_USAGE_OCCURRENCE('1850','V16','',#107,#10436,$);
#10464 = PRODUCT_RELATED_PRODUCT_CATEGORY('part',$,(#10438));
#10465 = SHAPE_DEFINITION_REPRESENTATION(#10466,#10472);
#10466 = PRODUCT_DEFINITION_SHAPE('','',#10467);
#10467 = PRODUCT_DEFINITION('design','',#10468,#10471);
#10468 = PRODUCT_DEFINITION_FORMATION('','',#10469);
#10469 = PRODUCT('U16','U16','',(#10470));
#10470 = PRODUCT_CONTEXT('',#2,'mechanical');
#10471 = PRODUCT_DEFINITION_CONTEXT('part definition',#2,'design');
#10472 = ADVANCED_BREP_SHAPE_REPRESENTATION('',(#11,#10473),#10485);
#10473 = MANIFOLD_SOLID_BREP('',#10474);
#10474 = CLOSED_SHELL('',(#10475));
#10475 = ADVANCED_FACE('',(#10476),#10480,.T.);
#10476 = FACE_BOUND('',#10477,.T.);
#10477 = VERTEX_LOOP('',#10478);
#10478 = VERTEX_POINT('',#10479);
#10479 = CARTESIAN_POINT('',(0.,0.,-0.175));
#10480 = SPHERICAL_SURFACE('',#10481,0.175);
#10481 = AXIS2_PLACEMENT_3D('',#10482,#10483,#10484);
#10482 = CARTESIAN_POINT('',(0.,0.,0.));
#10483 = DIRECTION('',(0.,0.,1.));
#10484 = DIRECTION('',(1.,0.,-0.));
#10485 = ( GEOMETRIC_REPRESENTATION_CONTEXT(3) 
GLOBAL_UNCERTAINTY_ASSIGNED_CONTEXT((#10489)) 
GLOBAL_UNIT_ASSIGNED_CONTEXT((#10486,#10487,#10488)) 
REPRESENTATION_CONTEXT('Context #1',
  '3D Context with UNIT and UNCERTAINTY') );
#10486 = ( LENGTH_UNIT() NAMED_UNIT(*) SI_UNIT(.MILLI.,.METRE.) );
#10487 = ( NAMED_UNIT(*) PLANE_ANGLE_UNIT() SI_UNIT($,.RADIAN.) );
#10488 = ( NAMED_UNIT(*) SI_UNIT($,.STERADIAN.) SOLID_ANGLE_UNIT() );
#10489 = UNCERTAINTY_MEASURE_WITH_UNIT(LENGTH_MEASURE(1.E-07),#10486,
  'distance_accuracy_value','confusion accuracy');
#10490 = CONTEXT_DEPENDENT_SHAPE_REPRESENTATION(#10491,#10493);
#10491 = ( REPRESENTATION_RELATIONSHIP('','',#10472,#112) 
REPRESENTATION_RELATIONSHIP_WITH_TRANSFORMATION(#10492) 
SHAPE_REPRESENTATION_RELATIONSHIP() );
#10492 = ITEM_DEFINED_TRANSFORMATION('','',#11,#1261);
#10493 = PRODUCT_DEFINITION_SHAPE('Placement','Placement of an item',
  #10494);
#10494 = NEXT_ASSEMBLY_USAGE_OCCURRENCE('1851','U16','',#107,#10467,$);
#10495 = PRODUCT_RELATED_PRODUCT_CATEGORY('part',$,(#10469));
#10496 = SHAPE_DEFINITION_REPRESENTATION(#10497,#10503);
#10497 = PRODUCT_DEFINITION_SHAPE('','',#10498);
#10498 = PRODUCT_DEFINITION('design','',#10499,#10502);
#10499 = PRODUCT_DEFINITION_FORMATION('','',#10500);
#10500 = PRODUCT('T16','T16','',(#10501));
#10501 = PRODUCT_CONTEXT('',#2,'mechanical');
#10502 = PRODUCT_DEFINITION_CONTEXT('part definition',#2,'design');
#10503 = ADVANCED_BREP_SHAPE_REPRESENTATION('',(#11,#10504),#10516);
#10504 = MANIFOLD_SOLID_BREP('',#10505);
#10505 = CLOSED_SHELL('',(#10506));
#10506 = ADVANCED_FACE('',(#10507),#10511,.T.);
#10507 = FACE_BOUND('',#10508,.T.);
#10508 = VERTEX_LOOP('',#10509);
#10509 = VERTEX_POINT('',#10510);
#10510 = CARTESIAN_POINT('',(0.,0.,-0.175));
#10511 = SPHERICAL_SURFACE('',#10512,0.175);
#10512 = AXIS2_PLACEMENT_3D('',#10513,#10514,#10515);
#10513 = CARTESIAN_POINT('',(0.,0.,0.));
#10514 = DIRECTION('',(0.,0.,1.));
#10515 = DIRECTION('',(1.,0.,-0.));
#10516 = ( GEOMETRIC_REPRESENTATION_CONTEXT(3) 
GLOBAL_UNCERTAINTY_ASSIGNED_CONTEXT((#10520)) 
GLOBAL_UNIT_ASSIGNED_CONTEXT((#10517,#10518,#10519)) 
REPRESENTATION_CONTEXT('Context #1',
  '3D Context with UNIT and UNCERTAINTY') );
#10517 = ( LENGTH_UNIT() NAMED_UNIT(*) SI_UNIT(.MILLI.,.METRE.) );
#10518 = ( NAMED_UNIT(*) PLANE_ANGLE_UNIT() SI_UNIT($,.RADIAN.) );
#10519 = ( NAMED_UNIT(*) SI_UNIT($,.STERADIAN.) SOLID_ANGLE_UNIT() );
#10520 = UNCERTAINTY_MEASURE_WITH_UNIT(LENGTH_MEASURE(1.E-07),#10517,
  'distance_accuracy_value','confusion accuracy');
#10521 = CONTEXT_DEPENDENT_SHAPE_REPRESENTATION(#10522,#10524);
#10522 = ( REPRESENTATION_RELATIONSHIP('','',#10503,#112) 
REPRESENTATION_RELATIONSHIP_WITH_TRANSFORMATION(#10523) 
SHAPE_REPRESENTATION_RELATIONSHIP() );
#10523 = ITEM_DEFINED_TRANSFORMATION('','',#11,#1265);
#10524 = PRODUCT_DEFINITION_SHAPE('Placement','Placement of an item',
  #10525);
#10525 = NEXT_ASSEMBLY_USAGE_OCCURRENCE('1852','T16','',#107,#10498,$);
#10526 = PRODUCT_RELATED_PRODUCT_CATEGORY('part',$,(#10500));
#10527 = SHAPE_DEFINITION_REPRESENTATION(#10528,#10534);
#10528 = PRODUCT_DEFINITION_SHAPE('','',#10529);
#10529 = PRODUCT_DEFINITION('design','',#10530,#10533);
#10530 = PRODUCT_DEFINITION_FORMATION('','',#10531);
#10531 = PRODUCT('R16','R16','',(#10532));
#10532 = PRODUCT_CONTEXT('',#2,'mechanical');
#10533 = PRODUCT_DEFINITION_CONTEXT('part definition',#2,'design');
#10534 = ADVANCED_BREP_SHAPE_REPRESENTATION('',(#11,#10535),#10547);
#10535 = MANIFOLD_SOLID_BREP('',#10536);
#10536 = CLOSED_SHELL('',(#10537));
#10537 = ADVANCED_FACE('',(#10538),#10542,.T.);
#10538 = FACE_BOUND('',#10539,.T.);
#10539 = VERTEX_LOOP('',#10540);
#10540 = VERTEX_POINT('',#10541);
#10541 = CARTESIAN_POINT('',(0.,0.,-0.175));
#10542 = SPHERICAL_SURFACE('',#10543,0.175);
#10543 = AXIS2_PLACEMENT_3D('',#10544,#10545,#10546);
#10544 = CARTESIAN_POINT('',(0.,0.,0.));
#10545 = DIRECTION('',(0.,0.,1.));
#10546 = DIRECTION('',(1.,0.,-0.));
#10547 = ( GEOMETRIC_REPRESENTATION_CONTEXT(3) 
GLOBAL_UNCERTAINTY_ASSIGNED_CONTEXT((#10551)) 
GLOBAL_UNIT_ASSIGNED_CONTEXT((#10548,#10549,#10550)) 
REPRESENTATION_CONTEXT('Context #1',
  '3D Context with UNIT and UNCERTAINTY') );
#10548 = ( LENGTH_UNIT() NAMED_UNIT(*) SI_UNIT(.MILLI.,.METRE.) );
#10549 = ( NAMED_UNIT(*) PLANE_ANGLE_UNIT() SI_UNIT($,.RADIAN.) );
#10550 = ( NAMED_UNIT(*) SI_UNIT($,.STERADIAN.) SOLID_ANGLE_UNIT() );
#10551 = UNCERTAINTY_MEASURE_WITH_UNIT(LENGTH_MEASURE(1.E-07),#10548,
  'distance_accuracy_value','confusion accuracy');
#10552 = CONTEXT_DEPENDENT_SHAPE_REPRESENTATION(#10553,#10555);
#10553 = ( REPRESENTATION_RELATIONSHIP('','',#10534,#112) 
REPRESENTATION_RELATIONSHIP_WITH_TRANSFORMATION(#10554) 
SHAPE_REPRESENTATION_RELATIONSHIP() );
#10554 = ITEM_DEFINED_TRANSFORMATION('','',#11,#1269);
#10555 = PRODUCT_DEFINITION_SHAPE('Placement','Placement of an item',
  #10556);
#10556 = NEXT_ASSEMBLY_USAGE_OCCURRENCE('1853','R16','',#107,#10529,$);
#10557 = PRODUCT_RELATED_PRODUCT_CATEGORY('part',$,(#10531));
#10558 = SHAPE_DEFINITION_REPRESENTATION(#10559,#10565);
#10559 = PRODUCT_DEFINITION_SHAPE('','',#10560);
#10560 = PRODUCT_DEFINITION('design','',#10561,#10564);
#10561 = PRODUCT_DEFINITION_FORMATION('','',#10562);
#10562 = PRODUCT('P16','P16','',(#10563));
#10563 = PRODUCT_CONTEXT('',#2,'mechanical');
#10564 = PRODUCT_DEFINITION_CONTEXT('part definition',#2,'design');
#10565 = ADVANCED_BREP_SHAPE_REPRESENTATION('',(#11,#10566),#10578);
#10566 = MANIFOLD_SOLID_BREP('',#10567);
#10567 = CLOSED_SHELL('',(#10568));
#10568 = ADVANCED_FACE('',(#10569),#10573,.T.);
#10569 = FACE_BOUND('',#10570,.T.);
#10570 = VERTEX_LOOP('',#10571);
#10571 = VERTEX_POINT('',#10572);
#10572 = CARTESIAN_POINT('',(0.,0.,-0.175));
#10573 = SPHERICAL_SURFACE('',#10574,0.175);
#10574 = AXIS2_PLACEMENT_3D('',#10575,#10576,#10577);
#10575 = CARTESIAN_POINT('',(0.,0.,0.));
#10576 = DIRECTION('',(0.,0.,1.));
#10577 = DIRECTION('',(1.,0.,-0.));
#10578 = ( GEOMETRIC_REPRESENTATION_CONTEXT(3) 
GLOBAL_UNCERTAINTY_ASSIGNED_CONTEXT((#10582)) 
GLOBAL_UNIT_ASSIGNED_CONTEXT((#10579,#10580,#10581)) 
REPRESENTATION_CONTEXT('Context #1',
  '3D Context with UNIT and UNCERTAINTY') );
#10579 = ( LENGTH_UNIT() NAMED_UNIT(*) SI_UNIT(.MILLI.,.METRE.) );
#10580 = ( NAMED_UNIT(*) PLANE_ANGLE_UNIT() SI_UNIT($,.RADIAN.) );
#10581 = ( NAMED_UNIT(*) SI_UNIT($,.STERADIAN.) SOLID_ANGLE_UNIT() );
#10582 = UNCERTAINTY_MEASURE_WITH_UNIT(LENGTH_MEASURE(1.E-07),#10579,
  'distance_accuracy_value','confusion accuracy');
#10583 = CONTEXT_DEPENDENT_SHAPE_REPRESENTATION(#10584,#10586);
#10584 = ( REPRESENTATION_RELATIONSHIP('','',#10565,#112) 
REPRESENTATION_RELATIONSHIP_WITH_TRANSFORMATION(#10585) 
SHAPE_REPRESENTATION_RELATIONSHIP() );
#10585 = ITEM_DEFINED_TRANSFORMATION('','',#11,#1273);
#10586 = PRODUCT_DEFINITION_SHAPE('Placement','Placement of an item',
  #10587);
#10587 = NEXT_ASSEMBLY_USAGE_OCCURRENCE('1854','P16','',#107,#10560,$);
#10588 = PRODUCT_RELATED_PRODUCT_CATEGORY('part',$,(#10562));
#10589 = SHAPE_DEFINITION_REPRESENTATION(#10590,#10596);
#10590 = PRODUCT_DEFINITION_SHAPE('','',#10591);
#10591 = PRODUCT_DEFINITION('design','',#10592,#10595);
#10592 = PRODUCT_DEFINITION_FORMATION('','',#10593);
#10593 = PRODUCT('N16','N16','',(#10594));
#10594 = PRODUCT_CONTEXT('',#2,'mechanical');
#10595 = PRODUCT_DEFINITION_CONTEXT('part definition',#2,'design');
#10596 = ADVANCED_BREP_SHAPE_REPRESENTATION('',(#11,#10597),#10609);
#10597 = MANIFOLD_SOLID_BREP('',#10598);
#10598 = CLOSED_SHELL('',(#10599));
#10599 = ADVANCED_FACE('',(#10600),#10604,.T.);
#10600 = FACE_BOUND('',#10601,.T.);
#10601 = VERTEX_LOOP('',#10602);
#10602 = VERTEX_POINT('',#10603);
#10603 = CARTESIAN_POINT('',(0.,0.,-0.175));
#10604 = SPHERICAL_SURFACE('',#10605,0.175);
#10605 = AXIS2_PLACEMENT_3D('',#10606,#10607,#10608);
#10606 = CARTESIAN_POINT('',(0.,0.,0.));
#10607 = DIRECTION('',(0.,0.,1.));
#10608 = DIRECTION('',(1.,0.,-0.));
#10609 = ( GEOMETRIC_REPRESENTATION_CONTEXT(3) 
GLOBAL_UNCERTAINTY_ASSIGNED_CONTEXT((#10613)) 
GLOBAL_UNIT_ASSIGNED_CONTEXT((#10610,#10611,#10612)) 
REPRESENTATION_CONTEXT('Context #1',
  '3D Context with UNIT and UNCERTAINTY') );
#10610 = ( LENGTH_UNIT() NAMED_UNIT(*) SI_UNIT(.MILLI.,.METRE.) );
#10611 = ( NAMED_UNIT(*) PLANE_ANGLE_UNIT() SI_UNIT($,.RADIAN.) );
#10612 = ( NAMED_UNIT(*) SI_UNIT($,.STERADIAN.) SOLID_ANGLE_UNIT() );
#10613 = UNCERTAINTY_MEASURE_WITH_UNIT(LENGTH_MEASURE(1.E-07),#10610,
  'distance_accuracy_value','confusion accuracy');
#10614 = CONTEXT_DEPENDENT_SHAPE_REPRESENTATION(#10615,#10617);
#10615 = ( REPRESENTATION_RELATIONSHIP('','',#10596,#112) 
REPRESENTATION_RELATIONSHIP_WITH_TRANSFORMATION(#10616) 
SHAPE_REPRESENTATION_RELATIONSHIP() );
#10616 = ITEM_DEFINED_TRANSFORMATION('','',#11,#1277);
#10617 = PRODUCT_DEFINITION_SHAPE('Placement','Placement of an item',
  #10618);
#10618 = NEXT_ASSEMBLY_USAGE_OCCURRENCE('1855','N16','',#107,#10591,$);
#10619 = PRODUCT_RELATED_PRODUCT_CATEGORY('part',$,(#10593));
#10620 = SHAPE_DEFINITION_REPRESENTATION(#10621,#10627);
#10621 = PRODUCT_DEFINITION_SHAPE('','',#10622);
#10622 = PRODUCT_DEFINITION('design','',#10623,#10626);
#10623 = PRODUCT_DEFINITION_FORMATION('','',#10624);
#10624 = PRODUCT('M16','M16','',(#10625));
#10625 = PRODUCT_CONTEXT('',#2,'mechanical');
#10626 = PRODUCT_DEFINITION_CONTEXT('part definition',#2,'design');
#10627 = ADVANCED_BREP_SHAPE_REPRESENTATION('',(#11,#10628),#10640);
#10628 = MANIFOLD_SOLID_BREP('',#10629);
#10629 = CLOSED_SHELL('',(#10630));
#10630 = ADVANCED_FACE('',(#10631),#10635,.T.);
#10631 = FACE_BOUND('',#10632,.T.);
#10632 = VERTEX_LOOP('',#10633);
#10633 = VERTEX_POINT('',#10634);
#10634 = CARTESIAN_POINT('',(0.,0.,-0.175));
#10635 = SPHERICAL_SURFACE('',#10636,0.175);
#10636 = AXIS2_PLACEMENT_3D('',#10637,#10638,#10639);
#10637 = CARTESIAN_POINT('',(0.,0.,0.));
#10638 = DIRECTION('',(0.,0.,1.));
#10639 = DIRECTION('',(1.,0.,-0.));
#10640 = ( GEOMETRIC_REPRESENTATION_CONTEXT(3) 
GLOBAL_UNCERTAINTY_ASSIGNED_CONTEXT((#10644)) 
GLOBAL_UNIT_ASSIGNED_CONTEXT((#10641,#10642,#10643)) 
REPRESENTATION_CONTEXT('Context #1',
  '3D Context with UNIT and UNCERTAINTY') );
#10641 = ( LENGTH_UNIT() NAMED_UNIT(*) SI_UNIT(.MILLI.,.METRE.) );
#10642 = ( NAMED_UNIT(*) PLANE_ANGLE_UNIT() SI_UNIT($,.RADIAN.) );
#10643 = ( NAMED_UNIT(*) SI_UNIT($,.STERADIAN.) SOLID_ANGLE_UNIT() );
#10644 = UNCERTAINTY_MEASURE_WITH_UNIT(LENGTH_MEASURE(1.E-07),#10641,
  'distance_accuracy_value','confusion accuracy');
#10645 = CONTEXT_DEPENDENT_SHAPE_REPRESENTATION(#10646,#10648);
#10646 = ( REPRESENTATION_RELATIONSHIP('','',#10627,#112) 
REPRESENTATION_RELATIONSHIP_WITH_TRANSFORMATION(#10647) 
SHAPE_REPRESENTATION_RELATIONSHIP() );
#10647 = ITEM_DEFINED_TRANSFORMATION('','',#11,#1281);
#10648 = PRODUCT_DEFINITION_SHAPE('Placement','Placement of an item',
  #10649);
#10649 = NEXT_ASSEMBLY_USAGE_OCCURRENCE('1856','M16','',#107,#10622,$);
#10650 = PRODUCT_RELATED_PRODUCT_CATEGORY('part',$,(#10624));
#10651 = SHAPE_DEFINITION_REPRESENTATION(#10652,#10658);
#10652 = PRODUCT_DEFINITION_SHAPE('','',#10653);
#10653 = PRODUCT_DEFINITION('design','',#10654,#10657);
#10654 = PRODUCT_DEFINITION_FORMATION('','',#10655);
#10655 = PRODUCT('L16','L16','',(#10656));
#10656 = PRODUCT_CONTEXT('',#2,'mechanical');
#10657 = PRODUCT_DEFINITION_CONTEXT('part definition',#2,'design');
#10658 = ADVANCED_BREP_SHAPE_REPRESENTATION('',(#11,#10659),#10671);
#10659 = MANIFOLD_SOLID_BREP('',#10660);
#10660 = CLOSED_SHELL('',(#10661));
#10661 = ADVANCED_FACE('',(#10662),#10666,.T.);
#10662 = FACE_BOUND('',#10663,.T.);
#10663 = VERTEX_LOOP('',#10664);
#10664 = VERTEX_POINT('',#10665);
#10665 = CARTESIAN_POINT('',(0.,0.,-0.175));
#10666 = SPHERICAL_SURFACE('',#10667,0.175);
#10667 = AXIS2_PLACEMENT_3D('',#10668,#10669,#10670);
#10668 = CARTESIAN_POINT('',(0.,0.,0.));
#10669 = DIRECTION('',(0.,0.,1.));
#10670 = DIRECTION('',(1.,0.,-0.));
#10671 = ( GEOMETRIC_REPRESENTATION_CONTEXT(3) 
GLOBAL_UNCERTAINTY_ASSIGNED_CONTEXT((#10675)) 
GLOBAL_UNIT_ASSIGNED_CONTEXT((#10672,#10673,#10674)) 
REPRESENTATION_CONTEXT('Context #1',
  '3D Context with UNIT and UNCERTAINTY') );
#10672 = ( LENGTH_UNIT() NAMED_UNIT(*) SI_UNIT(.MILLI.,.METRE.) );
#10673 = ( NAMED_UNIT(*) PLANE_ANGLE_UNIT() SI_UNIT($,.RADIAN.) );
#10674 = ( NAMED_UNIT(*) SI_UNIT($,.STERADIAN.) SOLID_ANGLE_UNIT() );
#10675 = UNCERTAINTY_MEASURE_WITH_UNIT(LENGTH_MEASURE(1.E-07),#10672,
  'distance_accuracy_value','confusion accuracy');
#10676 = CONTEXT_DEPENDENT_SHAPE_REPRESENTATION(#10677,#10679);
#10677 = ( REPRESENTATION_RELATIONSHIP('','',#10658,#112) 
REPRESENTATION_RELATIONSHIP_WITH_TRANSFORMATION(#10678) 
SHAPE_REPRESENTATION_RELATIONSHIP() );
#10678 = ITEM_DEFINED_TRANSFORMATION('','',#11,#1285);
#10679 = PRODUCT_DEFINITION_SHAPE('Placement','Placement of an item',
  #10680);
#10680 = NEXT_ASSEMBLY_USAGE_OCCURRENCE('1857','L16','',#107,#10653,$);
#10681 = PRODUCT_RELATED_PRODUCT_CATEGORY('part',$,(#10655));
#10682 = SHAPE_DEFINITION_REPRESENTATION(#10683,#10689);
#10683 = PRODUCT_DEFINITION_SHAPE('','',#10684);
#10684 = PRODUCT_DEFINITION('design','',#10685,#10688);
#10685 = PRODUCT_DEFINITION_FORMATION('','',#10686);
#10686 = PRODUCT('K16','K16','',(#10687));
#10687 = PRODUCT_CONTEXT('',#2,'mechanical');
#10688 = PRODUCT_DEFINITION_CONTEXT('part definition',#2,'design');
#10689 = ADVANCED_BREP_SHAPE_REPRESENTATION('',(#11,#10690),#10702);
#10690 = MANIFOLD_SOLID_BREP('',#10691);
#10691 = CLOSED_SHELL('',(#10692));
#10692 = ADVANCED_FACE('',(#10693),#10697,.T.);
#10693 = FACE_BOUND('',#10694,.T.);
#10694 = VERTEX_LOOP('',#10695);
#10695 = VERTEX_POINT('',#10696);
#10696 = CARTESIAN_POINT('',(0.,0.,-0.175));
#10697 = SPHERICAL_SURFACE('',#10698,0.175);
#10698 = AXIS2_PLACEMENT_3D('',#10699,#10700,#10701);
#10699 = CARTESIAN_POINT('',(0.,0.,0.));
#10700 = DIRECTION('',(0.,0.,1.));
#10701 = DIRECTION('',(1.,0.,-0.));
#10702 = ( GEOMETRIC_REPRESENTATION_CONTEXT(3) 
GLOBAL_UNCERTAINTY_ASSIGNED_CONTEXT((#10706)) 
GLOBAL_UNIT_ASSIGNED_CONTEXT((#10703,#10704,#10705)) 
REPRESENTATION_CONTEXT('Context #1',
  '3D Context with UNIT and UNCERTAINTY') );
#10703 = ( LENGTH_UNIT() NAMED_UNIT(*) SI_UNIT(.MILLI.,.METRE.) );
#10704 = ( NAMED_UNIT(*) PLANE_ANGLE_UNIT() SI_UNIT($,.RADIAN.) );
#10705 = ( NAMED_UNIT(*) SI_UNIT($,.STERADIAN.) SOLID_ANGLE_UNIT() );
#10706 = UNCERTAINTY_MEASURE_WITH_UNIT(LENGTH_MEASURE(1.E-07),#10703,
  'distance_accuracy_value','confusion accuracy');
#10707 = CONTEXT_DEPENDENT_SHAPE_REPRESENTATION(#10708,#10710);
#10708 = ( REPRESENTATION_RELATIONSHIP('','',#10689,#112) 
REPRESENTATION_RELATIONSHIP_WITH_TRANSFORMATION(#10709) 
SHAPE_REPRESENTATION_RELATIONSHIP() );
#10709 = ITEM_DEFINED_TRANSFORMATION('','',#11,#1289);
#10710 = PRODUCT_DEFINITION_SHAPE('Placement','Placement of an item',
  #10711);
#10711 = NEXT_ASSEMBLY_USAGE_OCCURRENCE('1858','K16','',#107,#10684,$);
#10712 = PRODUCT_RELATED_PRODUCT_CATEGORY('part',$,(#10686));
#10713 = SHAPE_DEFINITION_REPRESENTATION(#10714,#10720);
#10714 = PRODUCT_DEFINITION_SHAPE('','',#10715);
#10715 = PRODUCT_DEFINITION('design','',#10716,#10719);
#10716 = PRODUCT_DEFINITION_FORMATION('','',#10717);
#10717 = PRODUCT('J16','J16','',(#10718));
#10718 = PRODUCT_CONTEXT('',#2,'mechanical');
#10719 = PRODUCT_DEFINITION_CONTEXT('part definition',#2,'design');
#10720 = ADVANCED_BREP_SHAPE_REPRESENTATION('',(#11,#10721),#10733);
#10721 = MANIFOLD_SOLID_BREP('',#10722);
#10722 = CLOSED_SHELL('',(#10723));
#10723 = ADVANCED_FACE('',(#10724),#10728,.T.);
#10724 = FACE_BOUND('',#10725,.T.);
#10725 = VERTEX_LOOP('',#10726);
#10726 = VERTEX_POINT('',#10727);
#10727 = CARTESIAN_POINT('',(0.,0.,-0.175));
#10728 = SPHERICAL_SURFACE('',#10729,0.175);
#10729 = AXIS2_PLACEMENT_3D('',#10730,#10731,#10732);
#10730 = CARTESIAN_POINT('',(0.,0.,0.));
#10731 = DIRECTION('',(0.,0.,1.));
#10732 = DIRECTION('',(1.,0.,-0.));
#10733 = ( GEOMETRIC_REPRESENTATION_CONTEXT(3) 
GLOBAL_UNCERTAINTY_ASSIGNED_CONTEXT((#10737)) 
GLOBAL_UNIT_ASSIGNED_CONTEXT((#10734,#10735,#10736)) 
REPRESENTATION_CONTEXT('Context #1',
  '3D Context with UNIT and UNCERTAINTY') );
#10734 = ( LENGTH_UNIT() NAMED_UNIT(*) SI_UNIT(.MILLI.,.METRE.) );
#10735 = ( NAMED_UNIT(*) PLANE_ANGLE_UNIT() SI_UNIT($,.RADIAN.) );
#10736 = ( NAMED_UNIT(*) SI_UNIT($,.STERADIAN.) SOLID_ANGLE_UNIT() );
#10737 = UNCERTAINTY_MEASURE_WITH_UNIT(LENGTH_MEASURE(1.E-07),#10734,
  'distance_accuracy_value','confusion accuracy');
#10738 = CONTEXT_DEPENDENT_SHAPE_REPRESENTATION(#10739,#10741);
#10739 = ( REPRESENTATION_RELATIONSHIP('','',#10720,#112) 
REPRESENTATION_RELATIONSHIP_WITH_TRANSFORMATION(#10740) 
SHAPE_REPRESENTATION_RELATIONSHIP() );
#10740 = ITEM_DEFINED_TRANSFORMATION('','',#11,#1293);
#10741 = PRODUCT_DEFINITION_SHAPE('Placement','Placement of an item',
  #10742);
#10742 = NEXT_ASSEMBLY_USAGE_OCCURRENCE('1859','J16','',#107,#10715,$);
#10743 = PRODUCT_RELATED_PRODUCT_CATEGORY('part',$,(#10717));
#10744 = SHAPE_DEFINITION_REPRESENTATION(#10745,#10751);
#10745 = PRODUCT_DEFINITION_SHAPE('','',#10746);
#10746 = PRODUCT_DEFINITION('design','',#10747,#10750);
#10747 = PRODUCT_DEFINITION_FORMATION('','',#10748);
#10748 = PRODUCT('H16','H16','',(#10749));
#10749 = PRODUCT_CONTEXT('',#2,'mechanical');
#10750 = PRODUCT_DEFINITION_CONTEXT('part definition',#2,'design');
#10751 = ADVANCED_BREP_SHAPE_REPRESENTATION('',(#11,#10752),#10764);
#10752 = MANIFOLD_SOLID_BREP('',#10753);
#10753 = CLOSED_SHELL('',(#10754));
#10754 = ADVANCED_FACE('',(#10755),#10759,.T.);
#10755 = FACE_BOUND('',#10756,.T.);
#10756 = VERTEX_LOOP('',#10757);
#10757 = VERTEX_POINT('',#10758);
#10758 = CARTESIAN_POINT('',(0.,0.,-0.175));
#10759 = SPHERICAL_SURFACE('',#10760,0.175);
#10760 = AXIS2_PLACEMENT_3D('',#10761,#10762,#10763);
#10761 = CARTESIAN_POINT('',(0.,0.,0.));
#10762 = DIRECTION('',(0.,0.,1.));
#10763 = DIRECTION('',(1.,0.,-0.));
#10764 = ( GEOMETRIC_REPRESENTATION_CONTEXT(3) 
GLOBAL_UNCERTAINTY_ASSIGNED_CONTEXT((#10768)) 
GLOBAL_UNIT_ASSIGNED_CONTEXT((#10765,#10766,#10767)) 
REPRESENTATION_CONTEXT('Context #1',
  '3D Context with UNIT and UNCERTAINTY') );
#10765 = ( LENGTH_UNIT() NAMED_UNIT(*) SI_UNIT(.MILLI.,.METRE.) );
#10766 = ( NAMED_UNIT(*) PLANE_ANGLE_UNIT() SI_UNIT($,.RADIAN.) );
#10767 = ( NAMED_UNIT(*) SI_UNIT($,.STERADIAN.) SOLID_ANGLE_UNIT() );
#10768 = UNCERTAINTY_MEASURE_WITH_UNIT(LENGTH_MEASURE(1.E-07),#10765,
  'distance_accuracy_value','confusion accuracy');
#10769 = CONTEXT_DEPENDENT_SHAPE_REPRESENTATION(#10770,#10772);
#10770 = ( REPRESENTATION_RELATIONSHIP('','',#10751,#112) 
REPRESENTATION_RELATIONSHIP_WITH_TRANSFORMATION(#10771) 
SHAPE_REPRESENTATION_RELATIONSHIP() );
#10771 = ITEM_DEFINED_TRANSFORMATION('','',#11,#1297);
#10772 = PRODUCT_DEFINITION_SHAPE('Placement','Placement of an item',
  #10773);
#10773 = NEXT_ASSEMBLY_USAGE_OCCURRENCE('1860','H16','',#107,#10746,$);
#10774 = PRODUCT_RELATED_PRODUCT_CATEGORY('part',$,(#10748));
#10775 = SHAPE_DEFINITION_REPRESENTATION(#10776,#10782);
#10776 = PRODUCT_DEFINITION_SHAPE('','',#10777);
#10777 = PRODUCT_DEFINITION('design','',#10778,#10781);
#10778 = PRODUCT_DEFINITION_FORMATION('','',#10779);
#10779 = PRODUCT('G16','G16','',(#10780));
#10780 = PRODUCT_CONTEXT('',#2,'mechanical');
#10781 = PRODUCT_DEFINITION_CONTEXT('part definition',#2,'design');
#10782 = ADVANCED_BREP_SHAPE_REPRESENTATION('',(#11,#10783),#10795);
#10783 = MANIFOLD_SOLID_BREP('',#10784);
#10784 = CLOSED_SHELL('',(#10785));
#10785 = ADVANCED_FACE('',(#10786),#10790,.T.);
#10786 = FACE_BOUND('',#10787,.T.);
#10787 = VERTEX_LOOP('',#10788);
#10788 = VERTEX_POINT('',#10789);
#10789 = CARTESIAN_POINT('',(0.,0.,-0.175));
#10790 = SPHERICAL_SURFACE('',#10791,0.175);
#10791 = AXIS2_PLACEMENT_3D('',#10792,#10793,#10794);
#10792 = CARTESIAN_POINT('',(0.,0.,0.));
#10793 = DIRECTION('',(0.,0.,1.));
#10794 = DIRECTION('',(1.,0.,-0.));
#10795 = ( GEOMETRIC_REPRESENTATION_CONTEXT(3) 
GLOBAL_UNCERTAINTY_ASSIGNED_CONTEXT((#10799)) 
GLOBAL_UNIT_ASSIGNED_CONTEXT((#10796,#10797,#10798)) 
REPRESENTATION_CONTEXT('Context #1',
  '3D Context with UNIT and UNCERTAINTY') );
#10796 = ( LENGTH_UNIT() NAMED_UNIT(*) SI_UNIT(.MILLI.,.METRE.) );
#10797 = ( NAMED_UNIT(*) PLANE_ANGLE_UNIT() SI_UNIT($,.RADIAN.) );
#10798 = ( NAMED_UNIT(*) SI_UNIT($,.STERADIAN.) SOLID_ANGLE_UNIT() );
#10799 = UNCERTAINTY_MEASURE_WITH_UNIT(LENGTH_MEASURE(1.E-07),#10796,
  'distance_accuracy_value','confusion accuracy');
#10800 = CONTEXT_DEPENDENT_SHAPE_REPRESENTATION(#10801,#10803);
#10801 = ( REPRESENTATION_RELATIONSHIP('','',#10782,#112) 
REPRESENTATION_RELATIONSHIP_WITH_TRANSFORMATION(#10802) 
SHAPE_REPRESENTATION_RELATIONSHIP() );
#10802 = ITEM_DEFINED_TRANSFORMATION('','',#11,#1301);
#10803 = PRODUCT_DEFINITION_SHAPE('Placement','Placement of an item',
  #10804);
#10804 = NEXT_ASSEMBLY_USAGE_OCCURRENCE('1861','G16','',#107,#10777,$);
#10805 = PRODUCT_RELATED_PRODUCT_CATEGORY('part',$,(#10779));
#10806 = SHAPE_DEFINITION_REPRESENTATION(#10807,#10813);
#10807 = PRODUCT_DEFINITION_SHAPE('','',#10808);
#10808 = PRODUCT_DEFINITION('design','',#10809,#10812);
#10809 = PRODUCT_DEFINITION_FORMATION('','',#10810);
#10810 = PRODUCT('F16','F16','',(#10811));
#10811 = PRODUCT_CONTEXT('',#2,'mechanical');
#10812 = PRODUCT_DEFINITION_CONTEXT('part definition',#2,'design');
#10813 = ADVANCED_BREP_SHAPE_REPRESENTATION('',(#11,#10814),#10826);
#10814 = MANIFOLD_SOLID_BREP('',#10815);
#10815 = CLOSED_SHELL('',(#10816));
#10816 = ADVANCED_FACE('',(#10817),#10821,.T.);
#10817 = FACE_BOUND('',#10818,.T.);
#10818 = VERTEX_LOOP('',#10819);
#10819 = VERTEX_POINT('',#10820);
#10820 = CARTESIAN_POINT('',(0.,0.,-0.175));
#10821 = SPHERICAL_SURFACE('',#10822,0.175);
#10822 = AXIS2_PLACEMENT_3D('',#10823,#10824,#10825);
#10823 = CARTESIAN_POINT('',(0.,0.,0.));
#10824 = DIRECTION('',(0.,0.,1.));
#10825 = DIRECTION('',(1.,0.,-0.));
#10826 = ( GEOMETRIC_REPRESENTATION_CONTEXT(3) 
GLOBAL_UNCERTAINTY_ASSIGNED_CONTEXT((#10830)) 
GLOBAL_UNIT_ASSIGNED_CONTEXT((#10827,#10828,#10829)) 
REPRESENTATION_CONTEXT('Context #1',
  '3D Context with UNIT and UNCERTAINTY') );
#10827 = ( LENGTH_UNIT() NAMED_UNIT(*) SI_UNIT(.MILLI.,.METRE.) );
#10828 = ( NAMED_UNIT(*) PLANE_ANGLE_UNIT() SI_UNIT($,.RADIAN.) );
#10829 = ( NAMED_UNIT(*) SI_UNIT($,.STERADIAN.) SOLID_ANGLE_UNIT() );
#10830 = UNCERTAINTY_MEASURE_WITH_UNIT(LENGTH_MEASURE(1.E-07),#10827,
  'distance_accuracy_value','confusion accuracy');
#10831 = CONTEXT_DEPENDENT_SHAPE_REPRESENTATION(#10832,#10834);
#10832 = ( REPRESENTATION_RELATIONSHIP('','',#10813,#112) 
REPRESENTATION_RELATIONSHIP_WITH_TRANSFORMATION(#10833) 
SHAPE_REPRESENTATION_RELATIONSHIP() );
#10833 = ITEM_DEFINED_TRANSFORMATION('','',#11,#1305);
#10834 = PRODUCT_DEFINITION_SHAPE('Placement','Placement of an item',
  #10835);
#10835 = NEXT_ASSEMBLY_USAGE_OCCURRENCE('1862','F16','',#107,#10808,$);
#10836 = PRODUCT_RELATED_PRODUCT_CATEGORY('part',$,(#10810));
#10837 = SHAPE_DEFINITION_REPRESENTATION(#10838,#10844);
#10838 = PRODUCT_DEFINITION_SHAPE('','',#10839);
#10839 = PRODUCT_DEFINITION('design','',#10840,#10843);
#10840 = PRODUCT_DEFINITION_FORMATION('','',#10841);
#10841 = PRODUCT('E16','E16','',(#10842));
#10842 = PRODUCT_CONTEXT('',#2,'mechanical');
#10843 = PRODUCT_DEFINITION_CONTEXT('part definition',#2,'design');
#10844 = ADVANCED_BREP_SHAPE_REPRESENTATION('',(#11,#10845),#10857);
#10845 = MANIFOLD_SOLID_BREP('',#10846);
#10846 = CLOSED_SHELL('',(#10847));
#10847 = ADVANCED_FACE('',(#10848),#10852,.T.);
#10848 = FACE_BOUND('',#10849,.T.);
#10849 = VERTEX_LOOP('',#10850);
#10850 = VERTEX_POINT('',#10851);
#10851 = CARTESIAN_POINT('',(0.,0.,-0.175));
#10852 = SPHERICAL_SURFACE('',#10853,0.175);
#10853 = AXIS2_PLACEMENT_3D('',#10854,#10855,#10856);
#10854 = CARTESIAN_POINT('',(0.,0.,0.));
#10855 = DIRECTION('',(0.,0.,1.));
#10856 = DIRECTION('',(1.,0.,-0.));
#10857 = ( GEOMETRIC_REPRESENTATION_CONTEXT(3) 
GLOBAL_UNCERTAINTY_ASSIGNED_CONTEXT((#10861)) 
GLOBAL_UNIT_ASSIGNED_CONTEXT((#10858,#10859,#10860)) 
REPRESENTATION_CONTEXT('Context #1',
  '3D Context with UNIT and UNCERTAINTY') );
#10858 = ( LENGTH_UNIT() NAMED_UNIT(*) SI_UNIT(.MILLI.,.METRE.) );
#10859 = ( NAMED_UNIT(*) PLANE_ANGLE_UNIT() SI_UNIT($,.RADIAN.) );
#10860 = ( NAMED_UNIT(*) SI_UNIT($,.STERADIAN.) SOLID_ANGLE_UNIT() );
#10861 = UNCERTAINTY_MEASURE_WITH_UNIT(LENGTH_MEASURE(1.E-07),#10858,
  'distance_accuracy_value','confusion accuracy');
#10862 = CONTEXT_DEPENDENT_SHAPE_REPRESENTATION(#10863,#10865);
#10863 = ( REPRESENTATION_RELATIONSHIP('','',#10844,#112) 
REPRESENTATION_RELATIONSHIP_WITH_TRANSFORMATION(#10864) 
SHAPE_REPRESENTATION_RELATIONSHIP() );
#10864 = ITEM_DEFINED_TRANSFORMATION('','',#11,#1309);
#10865 = PRODUCT_DEFINITION_SHAPE('Placement','Placement of an item',
  #10866);
#10866 = NEXT_ASSEMBLY_USAGE_OCCURRENCE('1863','E16','',#107,#10839,$);
#10867 = PRODUCT_RELATED_PRODUCT_CATEGORY('part',$,(#10841));
#10868 = SHAPE_DEFINITION_REPRESENTATION(#10869,#10875);
#10869 = PRODUCT_DEFINITION_SHAPE('','',#10870);
#10870 = PRODUCT_DEFINITION('design','',#10871,#10874);
#10871 = PRODUCT_DEFINITION_FORMATION('','',#10872);
#10872 = PRODUCT('D16','D16','',(#10873));
#10873 = PRODUCT_CONTEXT('',#2,'mechanical');
#10874 = PRODUCT_DEFINITION_CONTEXT('part definition',#2,'design');
#10875 = ADVANCED_BREP_SHAPE_REPRESENTATION('',(#11,#10876),#10888);
#10876 = MANIFOLD_SOLID_BREP('',#10877);
#10877 = CLOSED_SHELL('',(#10878));
#10878 = ADVANCED_FACE('',(#10879),#10883,.T.);
#10879 = FACE_BOUND('',#10880,.T.);
#10880 = VERTEX_LOOP('',#10881);
#10881 = VERTEX_POINT('',#10882);
#10882 = CARTESIAN_POINT('',(0.,0.,-0.175));
#10883 = SPHERICAL_SURFACE('',#10884,0.175);
#10884 = AXIS2_PLACEMENT_3D('',#10885,#10886,#10887);
#10885 = CARTESIAN_POINT('',(0.,0.,0.));
#10886 = DIRECTION('',(0.,0.,1.));
#10887 = DIRECTION('',(1.,0.,-0.));
#10888 = ( GEOMETRIC_REPRESENTATION_CONTEXT(3) 
GLOBAL_UNCERTAINTY_ASSIGNED_CONTEXT((#10892)) 
GLOBAL_UNIT_ASSIGNED_CONTEXT((#10889,#10890,#10891)) 
REPRESENTATION_CONTEXT('Context #1',
  '3D Context with UNIT and UNCERTAINTY') );
#10889 = ( LENGTH_UNIT() NAMED_UNIT(*) SI_UNIT(.MILLI.,.METRE.) );
#10890 = ( NAMED_UNIT(*) PLANE_ANGLE_UNIT() SI_UNIT($,.RADIAN.) );
#10891 = ( NAMED_UNIT(*) SI_UNIT($,.STERADIAN.) SOLID_ANGLE_UNIT() );
#10892 = UNCERTAINTY_MEASURE_WITH_UNIT(LENGTH_MEASURE(1.E-07),#10889,
  'distance_accuracy_value','confusion accuracy');
#10893 = CONTEXT_DEPENDENT_SHAPE_REPRESENTATION(#10894,#10896);
#10894 = ( REPRESENTATION_RELATIONSHIP('','',#10875,#112) 
REPRESENTATION_RELATIONSHIP_WITH_TRANSFORMATION(#10895) 
SHAPE_REPRESENTATION_RELATIONSHIP() );
#10895 = ITEM_DEFINED_TRANSFORMATION('','',#11,#1313);
#10896 = PRODUCT_DEFINITION_SHAPE('Placement','Placement of an item',
  #10897);
#10897 = NEXT_ASSEMBLY_USAGE_OCCURRENCE('1864','D16','',#107,#10870,$);
#10898 = PRODUCT_RELATED_PRODUCT_CATEGORY('part',$,(#10872));
#10899 = SHAPE_DEFINITION_REPRESENTATION(#10900,#10906);
#10900 = PRODUCT_DEFINITION_SHAPE('','',#10901);
#10901 = PRODUCT_DEFINITION('design','',#10902,#10905);
#10902 = PRODUCT_DEFINITION_FORMATION('','',#10903);
#10903 = PRODUCT('C16','C16','',(#10904));
#10904 = PRODUCT_CONTEXT('',#2,'mechanical');
#10905 = PRODUCT_DEFINITION_CONTEXT('part definition',#2,'design');
#10906 = ADVANCED_BREP_SHAPE_REPRESENTATION('',(#11,#10907),#10919);
#10907 = MANIFOLD_SOLID_BREP('',#10908);
#10908 = CLOSED_SHELL('',(#10909));
#10909 = ADVANCED_FACE('',(#10910),#10914,.T.);
#10910 = FACE_BOUND('',#10911,.T.);
#10911 = VERTEX_LOOP('',#10912);
#10912 = VERTEX_POINT('',#10913);
#10913 = CARTESIAN_POINT('',(0.,0.,-0.175));
#10914 = SPHERICAL_SURFACE('',#10915,0.175);
#10915 = AXIS2_PLACEMENT_3D('',#10916,#10917,#10918);
#10916 = CARTESIAN_POINT('',(0.,0.,0.));
#10917 = DIRECTION('',(0.,0.,1.));
#10918 = DIRECTION('',(1.,0.,-0.));
#10919 = ( GEOMETRIC_REPRESENTATION_CONTEXT(3) 
GLOBAL_UNCERTAINTY_ASSIGNED_CONTEXT((#10923)) 
GLOBAL_UNIT_ASSIGNED_CONTEXT((#10920,#10921,#10922)) 
REPRESENTATION_CONTEXT('Context #1',
  '3D Context with UNIT and UNCERTAINTY') );
#10920 = ( LENGTH_UNIT() NAMED_UNIT(*) SI_UNIT(.MILLI.,.METRE.) );
#10921 = ( NAMED_UNIT(*) PLANE_ANGLE_UNIT() SI_UNIT($,.RADIAN.) );
#10922 = ( NAMED_UNIT(*) SI_UNIT($,.STERADIAN.) SOLID_ANGLE_UNIT() );
#10923 = UNCERTAINTY_MEASURE_WITH_UNIT(LENGTH_MEASURE(1.E-07),#10920,
  'distance_accuracy_value','confusion accuracy');
#10924 = CONTEXT_DEPENDENT_SHAPE_REPRESENTATION(#10925,#10927);
#10925 = ( REPRESENTATION_RELATIONSHIP('','',#10906,#112) 
REPRESENTATION_RELATIONSHIP_WITH_TRANSFORMATION(#10926) 
SHAPE_REPRESENTATION_RELATIONSHIP() );
#10926 = ITEM_DEFINED_TRANSFORMATION('','',#11,#1317);
#10927 = PRODUCT_DEFINITION_SHAPE('Placement','Placement of an item',
  #10928);
#10928 = NEXT_ASSEMBLY_USAGE_OCCURRENCE('1865','C16','',#107,#10901,$);
#10929 = PRODUCT_RELATED_PRODUCT_CATEGORY('part',$,(#10903));
#10930 = SHAPE_DEFINITION_REPRESENTATION(#10931,#10937);
#10931 = PRODUCT_DEFINITION_SHAPE('','',#10932);
#10932 = PRODUCT_DEFINITION('design','',#10933,#10936);
#10933 = PRODUCT_DEFINITION_FORMATION('','',#10934);
#10934 = PRODUCT('B16','B16','',(#10935));
#10935 = PRODUCT_CONTEXT('',#2,'mechanical');
#10936 = PRODUCT_DEFINITION_CONTEXT('part definition',#2,'design');
#10937 = ADVANCED_BREP_SHAPE_REPRESENTATION('',(#11,#10938),#10950);
#10938 = MANIFOLD_SOLID_BREP('',#10939);
#10939 = CLOSED_SHELL('',(#10940));
#10940 = ADVANCED_FACE('',(#10941),#10945,.T.);
#10941 = FACE_BOUND('',#10942,.T.);
#10942 = VERTEX_LOOP('',#10943);
#10943 = VERTEX_POINT('',#10944);
#10944 = CARTESIAN_POINT('',(0.,0.,-0.175));
#10945 = SPHERICAL_SURFACE('',#10946,0.175);
#10946 = AXIS2_PLACEMENT_3D('',#10947,#10948,#10949);
#10947 = CARTESIAN_POINT('',(0.,0.,0.));
#10948 = DIRECTION('',(0.,0.,1.));
#10949 = DIRECTION('',(1.,0.,-0.));
#10950 = ( GEOMETRIC_REPRESENTATION_CONTEXT(3) 
GLOBAL_UNCERTAINTY_ASSIGNED_CONTEXT((#10954)) 
GLOBAL_UNIT_ASSIGNED_CONTEXT((#10951,#10952,#10953)) 
REPRESENTATION_CONTEXT('Context #1',
  '3D Context with UNIT and UNCERTAINTY') );
#10951 = ( LENGTH_UNIT() NAMED_UNIT(*) SI_UNIT(.MILLI.,.METRE.) );
#10952 = ( NAMED_UNIT(*) PLANE_ANGLE_UNIT() SI_UNIT($,.RADIAN.) );
#10953 = ( NAMED_UNIT(*) SI_UNIT($,.STERADIAN.) SOLID_ANGLE_UNIT() );
#10954 = UNCERTAINTY_MEASURE_WITH_UNIT(LENGTH_MEASURE(1.E-07),#10951,
  'distance_accuracy_value','confusion accuracy');
#10955 = CONTEXT_DEPENDENT_SHAPE_REPRESENTATION(#10956,#10958);
#10956 = ( REPRESENTATION_RELATIONSHIP('','',#10937,#112) 
REPRESENTATION_RELATIONSHIP_WITH_TRANSFORMATION(#10957) 
SHAPE_REPRESENTATION_RELATIONSHIP() );
#10957 = ITEM_DEFINED_TRANSFORMATION('','',#11,#1321);
#10958 = PRODUCT_DEFINITION_SHAPE('Placement','Placement of an item',
  #10959);
#10959 = NEXT_ASSEMBLY_USAGE_OCCURRENCE('1866','B16','',#107,#10932,$);
#10960 = PRODUCT_RELATED_PRODUCT_CATEGORY('part',$,(#10934));
#10961 = SHAPE_DEFINITION_REPRESENTATION(#10962,#10968);
#10962 = PRODUCT_DEFINITION_SHAPE('','',#10963);
#10963 = PRODUCT_DEFINITION('design','',#10964,#10967);
#10964 = PRODUCT_DEFINITION_FORMATION('','',#10965);
#10965 = PRODUCT('A16','A16','',(#10966));
#10966 = PRODUCT_CONTEXT('',#2,'mechanical');
#10967 = PRODUCT_DEFINITION_CONTEXT('part definition',#2,'design');
#10968 = ADVANCED_BREP_SHAPE_REPRESENTATION('',(#11,#10969),#10981);
#10969 = MANIFOLD_SOLID_BREP('',#10970);
#10970 = CLOSED_SHELL('',(#10971));
#10971 = ADVANCED_FACE('',(#10972),#10976,.T.);
#10972 = FACE_BOUND('',#10973,.T.);
#10973 = VERTEX_LOOP('',#10974);
#10974 = VERTEX_POINT('',#10975);
#10975 = CARTESIAN_POINT('',(0.,0.,-0.175));
#10976 = SPHERICAL_SURFACE('',#10977,0.175);
#10977 = AXIS2_PLACEMENT_3D('',#10978,#10979,#10980);
#10978 = CARTESIAN_POINT('',(0.,0.,0.));
#10979 = DIRECTION('',(0.,0.,1.));
#10980 = DIRECTION('',(1.,0.,-0.));
#10981 = ( GEOMETRIC_REPRESENTATION_CONTEXT(3) 
GLOBAL_UNCERTAINTY_ASSIGNED_CONTEXT((#10985)) 
GLOBAL_UNIT_ASSIGNED_CONTEXT((#10982,#10983,#10984)) 
REPRESENTATION_CONTEXT('Context #1',
  '3D Context with UNIT and UNCERTAINTY') );
#10982 = ( LENGTH_UNIT() NAMED_UNIT(*) SI_UNIT(.MILLI.,.METRE.) );
#10983 = ( NAMED_UNIT(*) PLANE_ANGLE_UNIT() SI_UNIT($,.RADIAN.) );
#10984 = ( NAMED_UNIT(*) SI_UNIT($,.STERADIAN.) SOLID_ANGLE_UNIT() );
#10985 = UNCERTAINTY_MEASURE_WITH_UNIT(LENGTH_MEASURE(1.E-07),#10982,
  'distance_accuracy_value','confusion accuracy');
#10986 = CONTEXT_DEPENDENT_SHAPE_REPRESENTATION(#10987,#10989);
#10987 = ( REPRESENTATION_RELATIONSHIP('','',#10968,#112) 
REPRESENTATION_RELATIONSHIP_WITH_TRANSFORMATION(#10988) 
SHAPE_REPRESENTATION_RELATIONSHIP() );
#10988 = ITEM_DEFINED_TRANSFORMATION('','',#11,#1325);
#10989 = PRODUCT_DEFINITION_SHAPE('Placement','Placement of an item',
  #10990);
#10990 = NEXT_ASSEMBLY_USAGE_OCCURRENCE('1867','A16','',#107,#10963,$);
#10991 = PRODUCT_RELATED_PRODUCT_CATEGORY('part',$,(#10965));
#10992 = SHAPE_DEFINITION_REPRESENTATION(#10993,#10999);
#10993 = PRODUCT_DEFINITION_SHAPE('','',#10994);
#10994 = PRODUCT_DEFINITION('design','',#10995,#10998);
#10995 = PRODUCT_DEFINITION_FORMATION('','',#10996);
#10996 = PRODUCT('W17','W17','',(#10997));
#10997 = PRODUCT_CONTEXT('',#2,'mechanical');
#10998 = PRODUCT_DEFINITION_CONTEXT('part definition',#2,'design');
#10999 = ADVANCED_BREP_SHAPE_REPRESENTATION('',(#11,#11000),#11012);
#11000 = MANIFOLD_SOLID_BREP('',#11001);
#11001 = CLOSED_SHELL('',(#11002));
#11002 = ADVANCED_FACE('',(#11003),#11007,.T.);
#11003 = FACE_BOUND('',#11004,.T.);
#11004 = VERTEX_LOOP('',#11005);
#11005 = VERTEX_POINT('',#11006);
#11006 = CARTESIAN_POINT('',(0.,0.,-0.175));
#11007 = SPHERICAL_SURFACE('',#11008,0.175);
#11008 = AXIS2_PLACEMENT_3D('',#11009,#11010,#11011);
#11009 = CARTESIAN_POINT('',(0.,0.,0.));
#11010 = DIRECTION('',(0.,0.,1.));
#11011 = DIRECTION('',(1.,0.,-0.));
#11012 = ( GEOMETRIC_REPRESENTATION_CONTEXT(3) 
GLOBAL_UNCERTAINTY_ASSIGNED_CONTEXT((#11016)) 
GLOBAL_UNIT_ASSIGNED_CONTEXT((#11013,#11014,#11015)) 
REPRESENTATION_CONTEXT('Context #1',
  '3D Context with UNIT and UNCERTAINTY') );
#11013 = ( LENGTH_UNIT() NAMED_UNIT(*) SI_UNIT(.MILLI.,.METRE.) );
#11014 = ( NAMED_UNIT(*) PLANE_ANGLE_UNIT() SI_UNIT($,.RADIAN.) );
#11015 = ( NAMED_UNIT(*) SI_UNIT($,.STERADIAN.) SOLID_ANGLE_UNIT() );
#11016 = UNCERTAINTY_MEASURE_WITH_UNIT(LENGTH_MEASURE(1.E-07),#11013,
  'distance_accuracy_value','confusion accuracy');
#11017 = CONTEXT_DEPENDENT_SHAPE_REPRESENTATION(#11018,#11020);
#11018 = ( REPRESENTATION_RELATIONSHIP('','',#10999,#112) 
REPRESENTATION_RELATIONSHIP_WITH_TRANSFORMATION(#11019) 
SHAPE_REPRESENTATION_RELATIONSHIP() );
#11019 = ITEM_DEFINED_TRANSFORMATION('','',#11,#1329);
#11020 = PRODUCT_DEFINITION_SHAPE('Placement','Placement of an item',
  #11021);
#11021 = NEXT_ASSEMBLY_USAGE_OCCURRENCE('1868','W17','',#107,#10994,$);
#11022 = PRODUCT_RELATED_PRODUCT_CATEGORY('part',$,(#10996));
#11023 = SHAPE_DEFINITION_REPRESENTATION(#11024,#11030);
#11024 = PRODUCT_DEFINITION_SHAPE('','',#11025);
#11025 = PRODUCT_DEFINITION('design','',#11026,#11029);
#11026 = PRODUCT_DEFINITION_FORMATION('','',#11027);
#11027 = PRODUCT('V17','V17','',(#11028));
#11028 = PRODUCT_CONTEXT('',#2,'mechanical');
#11029 = PRODUCT_DEFINITION_CONTEXT('part definition',#2,'design');
#11030 = ADVANCED_BREP_SHAPE_REPRESENTATION('',(#11,#11031),#11043);
#11031 = MANIFOLD_SOLID_BREP('',#11032);
#11032 = CLOSED_SHELL('',(#11033));
#11033 = ADVANCED_FACE('',(#11034),#11038,.T.);
#11034 = FACE_BOUND('',#11035,.T.);
#11035 = VERTEX_LOOP('',#11036);
#11036 = VERTEX_POINT('',#11037);
#11037 = CARTESIAN_POINT('',(0.,0.,-0.175));
#11038 = SPHERICAL_SURFACE('',#11039,0.175);
#11039 = AXIS2_PLACEMENT_3D('',#11040,#11041,#11042);
#11040 = CARTESIAN_POINT('',(0.,0.,0.));
#11041 = DIRECTION('',(0.,0.,1.));
#11042 = DIRECTION('',(1.,0.,-0.));
#11043 = ( GEOMETRIC_REPRESENTATION_CONTEXT(3) 
GLOBAL_UNCERTAINTY_ASSIGNED_CONTEXT((#11047)) 
GLOBAL_UNIT_ASSIGNED_CONTEXT((#11044,#11045,#11046)) 
REPRESENTATION_CONTEXT('Context #1',
  '3D Context with UNIT and UNCERTAINTY') );
#11044 = ( LENGTH_UNIT() NAMED_UNIT(*) SI_UNIT(.MILLI.,.METRE.) );
#11045 = ( NAMED_UNIT(*) PLANE_ANGLE_UNIT() SI_UNIT($,.RADIAN.) );
#11046 = ( NAMED_UNIT(*) SI_UNIT($,.STERADIAN.) SOLID_ANGLE_UNIT() );
#11047 = UNCERTAINTY_MEASURE_WITH_UNIT(LENGTH_MEASURE(1.E-07),#11044,
  'distance_accuracy_value','confusion accuracy');
#11048 = CONTEXT_DEPENDENT_SHAPE_REPRESENTATION(#11049,#11051);
#11049 = ( REPRESENTATION_RELATIONSHIP('','',#11030,#112) 
REPRESENTATION_RELATIONSHIP_WITH_TRANSFORMATION(#11050) 
SHAPE_REPRESENTATION_RELATIONSHIP() );
#11050 = ITEM_DEFINED_TRANSFORMATION('','',#11,#1333);
#11051 = PRODUCT_DEFINITION_SHAPE('Placement','Placement of an item',
  #11052);
#11052 = NEXT_ASSEMBLY_USAGE_OCCURRENCE('1869','V17','',#107,#11025,$);
#11053 = PRODUCT_RELATED_PRODUCT_CATEGORY('part',$,(#11027));
#11054 = SHAPE_DEFINITION_REPRESENTATION(#11055,#11061);
#11055 = PRODUCT_DEFINITION_SHAPE('','',#11056);
#11056 = PRODUCT_DEFINITION('design','',#11057,#11060);
#11057 = PRODUCT_DEFINITION_FORMATION('','',#11058);
#11058 = PRODUCT('U17','U17','',(#11059));
#11059 = PRODUCT_CONTEXT('',#2,'mechanical');
#11060 = PRODUCT_DEFINITION_CONTEXT('part definition',#2,'design');
#11061 = ADVANCED_BREP_SHAPE_REPRESENTATION('',(#11,#11062),#11074);
#11062 = MANIFOLD_SOLID_BREP('',#11063);
#11063 = CLOSED_SHELL('',(#11064));
#11064 = ADVANCED_FACE('',(#11065),#11069,.T.);
#11065 = FACE_BOUND('',#11066,.T.);
#11066 = VERTEX_LOOP('',#11067);
#11067 = VERTEX_POINT('',#11068);
#11068 = CARTESIAN_POINT('',(0.,0.,-0.175));
#11069 = SPHERICAL_SURFACE('',#11070,0.175);
#11070 = AXIS2_PLACEMENT_3D('',#11071,#11072,#11073);
#11071 = CARTESIAN_POINT('',(0.,0.,0.));
#11072 = DIRECTION('',(0.,0.,1.));
#11073 = DIRECTION('',(1.,0.,-0.));
#11074 = ( GEOMETRIC_REPRESENTATION_CONTEXT(3) 
GLOBAL_UNCERTAINTY_ASSIGNED_CONTEXT((#11078)) 
GLOBAL_UNIT_ASSIGNED_CONTEXT((#11075,#11076,#11077)) 
REPRESENTATION_CONTEXT('Context #1',
  '3D Context with UNIT and UNCERTAINTY') );
#11075 = ( LENGTH_UNIT() NAMED_UNIT(*) SI_UNIT(.MILLI.,.METRE.) );
#11076 = ( NAMED_UNIT(*) PLANE_ANGLE_UNIT() SI_UNIT($,.RADIAN.) );
#11077 = ( NAMED_UNIT(*) SI_UNIT($,.STERADIAN.) SOLID_ANGLE_UNIT() );
#11078 = UNCERTAINTY_MEASURE_WITH_UNIT(LENGTH_MEASURE(1.E-07),#11075,
  'distance_accuracy_value','confusion accuracy');
#11079 = CONTEXT_DEPENDENT_SHAPE_REPRESENTATION(#11080,#11082);
#11080 = ( REPRESENTATION_RELATIONSHIP('','',#11061,#112) 
REPRESENTATION_RELATIONSHIP_WITH_TRANSFORMATION(#11081) 
SHAPE_REPRESENTATION_RELATIONSHIP() );
#11081 = ITEM_DEFINED_TRANSFORMATION('','',#11,#1337);
#11082 = PRODUCT_DEFINITION_SHAPE('Placement','Placement of an item',
  #11083);
#11083 = NEXT_ASSEMBLY_USAGE_OCCURRENCE('1870','U17','',#107,#11056,$);
#11084 = PRODUCT_RELATED_PRODUCT_CATEGORY('part',$,(#11058));
#11085 = SHAPE_DEFINITION_REPRESENTATION(#11086,#11092);
#11086 = PRODUCT_DEFINITION_SHAPE('','',#11087);
#11087 = PRODUCT_DEFINITION('design','',#11088,#11091);
#11088 = PRODUCT_DEFINITION_FORMATION('','',#11089);
#11089 = PRODUCT('T17','T17','',(#11090));
#11090 = PRODUCT_CONTEXT('',#2,'mechanical');
#11091 = PRODUCT_DEFINITION_CONTEXT('part definition',#2,'design');
#11092 = ADVANCED_BREP_SHAPE_REPRESENTATION('',(#11,#11093),#11105);
#11093 = MANIFOLD_SOLID_BREP('',#11094);
#11094 = CLOSED_SHELL('',(#11095));
#11095 = ADVANCED_FACE('',(#11096),#11100,.T.);
#11096 = FACE_BOUND('',#11097,.T.);
#11097 = VERTEX_LOOP('',#11098);
#11098 = VERTEX_POINT('',#11099);
#11099 = CARTESIAN_POINT('',(0.,0.,-0.175));
#11100 = SPHERICAL_SURFACE('',#11101,0.175);
#11101 = AXIS2_PLACEMENT_3D('',#11102,#11103,#11104);
#11102 = CARTESIAN_POINT('',(0.,0.,0.));
#11103 = DIRECTION('',(0.,0.,1.));
#11104 = DIRECTION('',(1.,0.,-0.));
#11105 = ( GEOMETRIC_REPRESENTATION_CONTEXT(3) 
GLOBAL_UNCERTAINTY_ASSIGNED_CONTEXT((#11109)) 
GLOBAL_UNIT_ASSIGNED_CONTEXT((#11106,#11107,#11108)) 
REPRESENTATION_CONTEXT('Context #1',
  '3D Context with UNIT and UNCERTAINTY') );
#11106 = ( LENGTH_UNIT() NAMED_UNIT(*) SI_UNIT(.MILLI.,.METRE.) );
#11107 = ( NAMED_UNIT(*) PLANE_ANGLE_UNIT() SI_UNIT($,.RADIAN.) );
#11108 = ( NAMED_UNIT(*) SI_UNIT($,.STERADIAN.) SOLID_ANGLE_UNIT() );
#11109 = UNCERTAINTY_MEASURE_WITH_UNIT(LENGTH_MEASURE(1.E-07),#11106,
  'distance_accuracy_value','confusion accuracy');
#11110 = CONTEXT_DEPENDENT_SHAPE_REPRESENTATION(#11111,#11113);
#11111 = ( REPRESENTATION_RELATIONSHIP('','',#11092,#112) 
REPRESENTATION_RELATIONSHIP_WITH_TRANSFORMATION(#11112) 
SHAPE_REPRESENTATION_RELATIONSHIP() );
#11112 = ITEM_DEFINED_TRANSFORMATION('','',#11,#1341);
#11113 = PRODUCT_DEFINITION_SHAPE('Placement','Placement of an item',
  #11114);
#11114 = NEXT_ASSEMBLY_USAGE_OCCURRENCE('1871','T17','',#107,#11087,$);
#11115 = PRODUCT_RELATED_PRODUCT_CATEGORY('part',$,(#11089));
#11116 = SHAPE_DEFINITION_REPRESENTATION(#11117,#11123);
#11117 = PRODUCT_DEFINITION_SHAPE('','',#11118);
#11118 = PRODUCT_DEFINITION('design','',#11119,#11122);
#11119 = PRODUCT_DEFINITION_FORMATION('','',#11120);
#11120 = PRODUCT('R17','R17','',(#11121));
#11121 = PRODUCT_CONTEXT('',#2,'mechanical');
#11122 = PRODUCT_DEFINITION_CONTEXT('part definition',#2,'design');
#11123 = ADVANCED_BREP_SHAPE_REPRESENTATION('',(#11,#11124),#11136);
#11124 = MANIFOLD_SOLID_BREP('',#11125);
#11125 = CLOSED_SHELL('',(#11126));
#11126 = ADVANCED_FACE('',(#11127),#11131,.T.);
#11127 = FACE_BOUND('',#11128,.T.);
#11128 = VERTEX_LOOP('',#11129);
#11129 = VERTEX_POINT('',#11130);
#11130 = CARTESIAN_POINT('',(0.,0.,-0.175));
#11131 = SPHERICAL_SURFACE('',#11132,0.175);
#11132 = AXIS2_PLACEMENT_3D('',#11133,#11134,#11135);
#11133 = CARTESIAN_POINT('',(0.,0.,0.));
#11134 = DIRECTION('',(0.,0.,1.));
#11135 = DIRECTION('',(1.,0.,-0.));
#11136 = ( GEOMETRIC_REPRESENTATION_CONTEXT(3) 
GLOBAL_UNCERTAINTY_ASSIGNED_CONTEXT((#11140)) 
GLOBAL_UNIT_ASSIGNED_CONTEXT((#11137,#11138,#11139)) 
REPRESENTATION_CONTEXT('Context #1',
  '3D Context with UNIT and UNCERTAINTY') );
#11137 = ( LENGTH_UNIT() NAMED_UNIT(*) SI_UNIT(.MILLI.,.METRE.) );
#11138 = ( NAMED_UNIT(*) PLANE_ANGLE_UNIT() SI_UNIT($,.RADIAN.) );
#11139 = ( NAMED_UNIT(*) SI_UNIT($,.STERADIAN.) SOLID_ANGLE_UNIT() );
#11140 = UNCERTAINTY_MEASURE_WITH_UNIT(LENGTH_MEASURE(1.E-07),#11137,
  'distance_accuracy_value','confusion accuracy');
#11141 = CONTEXT_DEPENDENT_SHAPE_REPRESENTATION(#11142,#11144);
#11142 = ( REPRESENTATION_RELATIONSHIP('','',#11123,#112) 
REPRESENTATION_RELATIONSHIP_WITH_TRANSFORMATION(#11143) 
SHAPE_REPRESENTATION_RELATIONSHIP() );
#11143 = ITEM_DEFINED_TRANSFORMATION('','',#11,#1345);
#11144 = PRODUCT_DEFINITION_SHAPE('Placement','Placement of an item',
  #11145);
#11145 = NEXT_ASSEMBLY_USAGE_OCCURRENCE('1872','R17','',#107,#11118,$);
#11146 = PRODUCT_RELATED_PRODUCT_CATEGORY('part',$,(#11120));
#11147 = SHAPE_DEFINITION_REPRESENTATION(#11148,#11154);
#11148 = PRODUCT_DEFINITION_SHAPE('','',#11149);
#11149 = PRODUCT_DEFINITION('design','',#11150,#11153);
#11150 = PRODUCT_DEFINITION_FORMATION('','',#11151);
#11151 = PRODUCT('P17','P17','',(#11152));
#11152 = PRODUCT_CONTEXT('',#2,'mechanical');
#11153 = PRODUCT_DEFINITION_CONTEXT('part definition',#2,'design');
#11154 = ADVANCED_BREP_SHAPE_REPRESENTATION('',(#11,#11155),#11167);
#11155 = MANIFOLD_SOLID_BREP('',#11156);
#11156 = CLOSED_SHELL('',(#11157));
#11157 = ADVANCED_FACE('',(#11158),#11162,.T.);
#11158 = FACE_BOUND('',#11159,.T.);
#11159 = VERTEX_LOOP('',#11160);
#11160 = VERTEX_POINT('',#11161);
#11161 = CARTESIAN_POINT('',(0.,0.,-0.175));
#11162 = SPHERICAL_SURFACE('',#11163,0.175);
#11163 = AXIS2_PLACEMENT_3D('',#11164,#11165,#11166);
#11164 = CARTESIAN_POINT('',(0.,0.,0.));
#11165 = DIRECTION('',(0.,0.,1.));
#11166 = DIRECTION('',(1.,0.,-0.));
#11167 = ( GEOMETRIC_REPRESENTATION_CONTEXT(3) 
GLOBAL_UNCERTAINTY_ASSIGNED_CONTEXT((#11171)) 
GLOBAL_UNIT_ASSIGNED_CONTEXT((#11168,#11169,#11170)) 
REPRESENTATION_CONTEXT('Context #1',
  '3D Context with UNIT and UNCERTAINTY') );
#11168 = ( LENGTH_UNIT() NAMED_UNIT(*) SI_UNIT(.MILLI.,.METRE.) );
#11169 = ( NAMED_UNIT(*) PLANE_ANGLE_UNIT() SI_UNIT($,.RADIAN.) );
#11170 = ( NAMED_UNIT(*) SI_UNIT($,.STERADIAN.) SOLID_ANGLE_UNIT() );
#11171 = UNCERTAINTY_MEASURE_WITH_UNIT(LENGTH_MEASURE(1.E-07),#11168,
  'distance_accuracy_value','confusion accuracy');
#11172 = CONTEXT_DEPENDENT_SHAPE_REPRESENTATION(#11173,#11175);
#11173 = ( REPRESENTATION_RELATIONSHIP('','',#11154,#112) 
REPRESENTATION_RELATIONSHIP_WITH_TRANSFORMATION(#11174) 
SHAPE_REPRESENTATION_RELATIONSHIP() );
#11174 = ITEM_DEFINED_TRANSFORMATION('','',#11,#1349);
#11175 = PRODUCT_DEFINITION_SHAPE('Placement','Placement of an item',
  #11176);
#11176 = NEXT_ASSEMBLY_USAGE_OCCURRENCE('1873','P17','',#107,#11149,$);
#11177 = PRODUCT_RELATED_PRODUCT_CATEGORY('part',$,(#11151));
#11178 = SHAPE_DEFINITION_REPRESENTATION(#11179,#11185);
#11179 = PRODUCT_DEFINITION_SHAPE('','',#11180);
#11180 = PRODUCT_DEFINITION('design','',#11181,#11184);
#11181 = PRODUCT_DEFINITION_FORMATION('','',#11182);
#11182 = PRODUCT('N17','N17','',(#11183));
#11183 = PRODUCT_CONTEXT('',#2,'mechanical');
#11184 = PRODUCT_DEFINITION_CONTEXT('part definition',#2,'design');
#11185 = ADVANCED_BREP_SHAPE_REPRESENTATION('',(#11,#11186),#11198);
#11186 = MANIFOLD_SOLID_BREP('',#11187);
#11187 = CLOSED_SHELL('',(#11188));
#11188 = ADVANCED_FACE('',(#11189),#11193,.T.);
#11189 = FACE_BOUND('',#11190,.T.);
#11190 = VERTEX_LOOP('',#11191);
#11191 = VERTEX_POINT('',#11192);
#11192 = CARTESIAN_POINT('',(0.,0.,-0.175));
#11193 = SPHERICAL_SURFACE('',#11194,0.175);
#11194 = AXIS2_PLACEMENT_3D('',#11195,#11196,#11197);
#11195 = CARTESIAN_POINT('',(0.,0.,0.));
#11196 = DIRECTION('',(0.,0.,1.));
#11197 = DIRECTION('',(1.,0.,-0.));
#11198 = ( GEOMETRIC_REPRESENTATION_CONTEXT(3) 
GLOBAL_UNCERTAINTY_ASSIGNED_CONTEXT((#11202)) 
GLOBAL_UNIT_ASSIGNED_CONTEXT((#11199,#11200,#11201)) 
REPRESENTATION_CONTEXT('Context #1',
  '3D Context with UNIT and UNCERTAINTY') );
#11199 = ( LENGTH_UNIT() NAMED_UNIT(*) SI_UNIT(.MILLI.,.METRE.) );
#11200 = ( NAMED_UNIT(*) PLANE_ANGLE_UNIT() SI_UNIT($,.RADIAN.) );
#11201 = ( NAMED_UNIT(*) SI_UNIT($,.STERADIAN.) SOLID_ANGLE_UNIT() );
#11202 = UNCERTAINTY_MEASURE_WITH_UNIT(LENGTH_MEASURE(1.E-07),#11199,
  'distance_accuracy_value','confusion accuracy');
#11203 = CONTEXT_DEPENDENT_SHAPE_REPRESENTATION(#11204,#11206);
#11204 = ( REPRESENTATION_RELATIONSHIP('','',#11185,#112) 
REPRESENTATION_RELATIONSHIP_WITH_TRANSFORMATION(#11205) 
SHAPE_REPRESENTATION_RELATIONSHIP() );
#11205 = ITEM_DEFINED_TRANSFORMATION('','',#11,#1353);
#11206 = PRODUCT_DEFINITION_SHAPE('Placement','Placement of an item',
  #11207);
#11207 = NEXT_ASSEMBLY_USAGE_OCCURRENCE('1874','N17','',#107,#11180,$);
#11208 = PRODUCT_RELATED_PRODUCT_CATEGORY('part',$,(#11182));
#11209 = SHAPE_DEFINITION_REPRESENTATION(#11210,#11216);
#11210 = PRODUCT_DEFINITION_SHAPE('','',#11211);
#11211 = PRODUCT_DEFINITION('design','',#11212,#11215);
#11212 = PRODUCT_DEFINITION_FORMATION('','',#11213);
#11213 = PRODUCT('M17','M17','',(#11214));
#11214 = PRODUCT_CONTEXT('',#2,'mechanical');
#11215 = PRODUCT_DEFINITION_CONTEXT('part definition',#2,'design');
#11216 = ADVANCED_BREP_SHAPE_REPRESENTATION('',(#11,#11217),#11229);
#11217 = MANIFOLD_SOLID_BREP('',#11218);
#11218 = CLOSED_SHELL('',(#11219));
#11219 = ADVANCED_FACE('',(#11220),#11224,.T.);
#11220 = FACE_BOUND('',#11221,.T.);
#11221 = VERTEX_LOOP('',#11222);
#11222 = VERTEX_POINT('',#11223);
#11223 = CARTESIAN_POINT('',(0.,0.,-0.175));
#11224 = SPHERICAL_SURFACE('',#11225,0.175);
#11225 = AXIS2_PLACEMENT_3D('',#11226,#11227,#11228);
#11226 = CARTESIAN_POINT('',(0.,0.,0.));
#11227 = DIRECTION('',(0.,0.,1.));
#11228 = DIRECTION('',(1.,0.,-0.));
#11229 = ( GEOMETRIC_REPRESENTATION_CONTEXT(3) 
GLOBAL_UNCERTAINTY_ASSIGNED_CONTEXT((#11233)) 
GLOBAL_UNIT_ASSIGNED_CONTEXT((#11230,#11231,#11232)) 
REPRESENTATION_CONTEXT('Context #1',
  '3D Context with UNIT and UNCERTAINTY') );
#11230 = ( LENGTH_UNIT() NAMED_UNIT(*) SI_UNIT(.MILLI.,.METRE.) );
#11231 = ( NAMED_UNIT(*) PLANE_ANGLE_UNIT() SI_UNIT($,.RADIAN.) );
#11232 = ( NAMED_UNIT(*) SI_UNIT($,.STERADIAN.) SOLID_ANGLE_UNIT() );
#11233 = UNCERTAINTY_MEASURE_WITH_UNIT(LENGTH_MEASURE(1.E-07),#11230,
  'distance_accuracy_value','confusion accuracy');
#11234 = CONTEXT_DEPENDENT_SHAPE_REPRESENTATION(#11235,#11237);
#11235 = ( REPRESENTATION_RELATIONSHIP('','',#11216,#112) 
REPRESENTATION_RELATIONSHIP_WITH_TRANSFORMATION(#11236) 
SHAPE_REPRESENTATION_RELATIONSHIP() );
#11236 = ITEM_DEFINED_TRANSFORMATION('','',#11,#1357);
#11237 = PRODUCT_DEFINITION_SHAPE('Placement','Placement of an item',
  #11238);
#11238 = NEXT_ASSEMBLY_USAGE_OCCURRENCE('1875','M17','',#107,#11211,$);
#11239 = PRODUCT_RELATED_PRODUCT_CATEGORY('part',$,(#11213));
#11240 = SHAPE_DEFINITION_REPRESENTATION(#11241,#11247);
#11241 = PRODUCT_DEFINITION_SHAPE('','',#11242);
#11242 = PRODUCT_DEFINITION('design','',#11243,#11246);
#11243 = PRODUCT_DEFINITION_FORMATION('','',#11244);
#11244 = PRODUCT('L17','L17','',(#11245));
#11245 = PRODUCT_CONTEXT('',#2,'mechanical');
#11246 = PRODUCT_DEFINITION_CONTEXT('part definition',#2,'design');
#11247 = ADVANCED_BREP_SHAPE_REPRESENTATION('',(#11,#11248),#11260);
#11248 = MANIFOLD_SOLID_BREP('',#11249);
#11249 = CLOSED_SHELL('',(#11250));
#11250 = ADVANCED_FACE('',(#11251),#11255,.T.);
#11251 = FACE_BOUND('',#11252,.T.);
#11252 = VERTEX_LOOP('',#11253);
#11253 = VERTEX_POINT('',#11254);
#11254 = CARTESIAN_POINT('',(0.,0.,-0.175));
#11255 = SPHERICAL_SURFACE('',#11256,0.175);
#11256 = AXIS2_PLACEMENT_3D('',#11257,#11258,#11259);
#11257 = CARTESIAN_POINT('',(0.,0.,0.));
#11258 = DIRECTION('',(0.,0.,1.));
#11259 = DIRECTION('',(1.,0.,-0.));
#11260 = ( GEOMETRIC_REPRESENTATION_CONTEXT(3) 
GLOBAL_UNCERTAINTY_ASSIGNED_CONTEXT((#11264)) 
GLOBAL_UNIT_ASSIGNED_CONTEXT((#11261,#11262,#11263)) 
REPRESENTATION_CONTEXT('Context #1',
  '3D Context with UNIT and UNCERTAINTY') );
#11261 = ( LENGTH_UNIT() NAMED_UNIT(*) SI_UNIT(.MILLI.,.METRE.) );
#11262 = ( NAMED_UNIT(*) PLANE_ANGLE_UNIT() SI_UNIT($,.RADIAN.) );
#11263 = ( NAMED_UNIT(*) SI_UNIT($,.STERADIAN.) SOLID_ANGLE_UNIT() );
#11264 = UNCERTAINTY_MEASURE_WITH_UNIT(LENGTH_MEASURE(1.E-07),#11261,
  'distance_accuracy_value','confusion accuracy');
#11265 = CONTEXT_DEPENDENT_SHAPE_REPRESENTATION(#11266,#11268);
#11266 = ( REPRESENTATION_RELATIONSHIP('','',#11247,#112) 
REPRESENTATION_RELATIONSHIP_WITH_TRANSFORMATION(#11267) 
SHAPE_REPRESENTATION_RELATIONSHIP() );
#11267 = ITEM_DEFINED_TRANSFORMATION('','',#11,#1361);
#11268 = PRODUCT_DEFINITION_SHAPE('Placement','Placement of an item',
  #11269);
#11269 = NEXT_ASSEMBLY_USAGE_OCCURRENCE('1876','L17','',#107,#11242,$);
#11270 = PRODUCT_RELATED_PRODUCT_CATEGORY('part',$,(#11244));
#11271 = SHAPE_DEFINITION_REPRESENTATION(#11272,#11278);
#11272 = PRODUCT_DEFINITION_SHAPE('','',#11273);
#11273 = PRODUCT_DEFINITION('design','',#11274,#11277);
#11274 = PRODUCT_DEFINITION_FORMATION('','',#11275);
#11275 = PRODUCT('K17','K17','',(#11276));
#11276 = PRODUCT_CONTEXT('',#2,'mechanical');
#11277 = PRODUCT_DEFINITION_CONTEXT('part definition',#2,'design');
#11278 = ADVANCED_BREP_SHAPE_REPRESENTATION('',(#11,#11279),#11291);
#11279 = MANIFOLD_SOLID_BREP('',#11280);
#11280 = CLOSED_SHELL('',(#11281));
#11281 = ADVANCED_FACE('',(#11282),#11286,.T.);
#11282 = FACE_BOUND('',#11283,.T.);
#11283 = VERTEX_LOOP('',#11284);
#11284 = VERTEX_POINT('',#11285);
#11285 = CARTESIAN_POINT('',(0.,0.,-0.175));
#11286 = SPHERICAL_SURFACE('',#11287,0.175);
#11287 = AXIS2_PLACEMENT_3D('',#11288,#11289,#11290);
#11288 = CARTESIAN_POINT('',(0.,0.,0.));
#11289 = DIRECTION('',(0.,0.,1.));
#11290 = DIRECTION('',(1.,0.,-0.));
#11291 = ( GEOMETRIC_REPRESENTATION_CONTEXT(3) 
GLOBAL_UNCERTAINTY_ASSIGNED_CONTEXT((#11295)) 
GLOBAL_UNIT_ASSIGNED_CONTEXT((#11292,#11293,#11294)) 
REPRESENTATION_CONTEXT('Context #1',
  '3D Context with UNIT and UNCERTAINTY') );
#11292 = ( LENGTH_UNIT() NAMED_UNIT(*) SI_UNIT(.MILLI.,.METRE.) );
#11293 = ( NAMED_UNIT(*) PLANE_ANGLE_UNIT() SI_UNIT($,.RADIAN.) );
#11294 = ( NAMED_UNIT(*) SI_UNIT($,.STERADIAN.) SOLID_ANGLE_UNIT() );
#11295 = UNCERTAINTY_MEASURE_WITH_UNIT(LENGTH_MEASURE(1.E-07),#11292,
  'distance_accuracy_value','confusion accuracy');
#11296 = CONTEXT_DEPENDENT_SHAPE_REPRESENTATION(#11297,#11299);
#11297 = ( REPRESENTATION_RELATIONSHIP('','',#11278,#112) 
REPRESENTATION_RELATIONSHIP_WITH_TRANSFORMATION(#11298) 
SHAPE_REPRESENTATION_RELATIONSHIP() );
#11298 = ITEM_DEFINED_TRANSFORMATION('','',#11,#1365);
#11299 = PRODUCT_DEFINITION_SHAPE('Placement','Placement of an item',
  #11300);
#11300 = NEXT_ASSEMBLY_USAGE_OCCURRENCE('1877','K17','',#107,#11273,$);
#11301 = PRODUCT_RELATED_PRODUCT_CATEGORY('part',$,(#11275));
#11302 = SHAPE_DEFINITION_REPRESENTATION(#11303,#11309);
#11303 = PRODUCT_DEFINITION_SHAPE('','',#11304);
#11304 = PRODUCT_DEFINITION('design','',#11305,#11308);
#11305 = PRODUCT_DEFINITION_FORMATION('','',#11306);
#11306 = PRODUCT('J17','J17','',(#11307));
#11307 = PRODUCT_CONTEXT('',#2,'mechanical');
#11308 = PRODUCT_DEFINITION_CONTEXT('part definition',#2,'design');
#11309 = ADVANCED_BREP_SHAPE_REPRESENTATION('',(#11,#11310),#11322);
#11310 = MANIFOLD_SOLID_BREP('',#11311);
#11311 = CLOSED_SHELL('',(#11312));
#11312 = ADVANCED_FACE('',(#11313),#11317,.T.);
#11313 = FACE_BOUND('',#11314,.T.);
#11314 = VERTEX_LOOP('',#11315);
#11315 = VERTEX_POINT('',#11316);
#11316 = CARTESIAN_POINT('',(0.,0.,-0.175));
#11317 = SPHERICAL_SURFACE('',#11318,0.175);
#11318 = AXIS2_PLACEMENT_3D('',#11319,#11320,#11321);
#11319 = CARTESIAN_POINT('',(0.,0.,0.));
#11320 = DIRECTION('',(0.,0.,1.));
#11321 = DIRECTION('',(1.,0.,-0.));
#11322 = ( GEOMETRIC_REPRESENTATION_CONTEXT(3) 
GLOBAL_UNCERTAINTY_ASSIGNED_CONTEXT((#11326)) 
GLOBAL_UNIT_ASSIGNED_CONTEXT((#11323,#11324,#11325)) 
REPRESENTATION_CONTEXT('Context #1',
  '3D Context with UNIT and UNCERTAINTY') );
#11323 = ( LENGTH_UNIT() NAMED_UNIT(*) SI_UNIT(.MILLI.,.METRE.) );
#11324 = ( NAMED_UNIT(*) PLANE_ANGLE_UNIT() SI_UNIT($,.RADIAN.) );
#11325 = ( NAMED_UNIT(*) SI_UNIT($,.STERADIAN.) SOLID_ANGLE_UNIT() );
#11326 = UNCERTAINTY_MEASURE_WITH_UNIT(LENGTH_MEASURE(1.E-07),#11323,
  'distance_accuracy_value','confusion accuracy');
#11327 = CONTEXT_DEPENDENT_SHAPE_REPRESENTATION(#11328,#11330);
#11328 = ( REPRESENTATION_RELATIONSHIP('','',#11309,#112) 
REPRESENTATION_RELATIONSHIP_WITH_TRANSFORMATION(#11329) 
SHAPE_REPRESENTATION_RELATIONSHIP() );
#11329 = ITEM_DEFINED_TRANSFORMATION('','',#11,#1369);
#11330 = PRODUCT_DEFINITION_SHAPE('Placement','Placement of an item',
  #11331);
#11331 = NEXT_ASSEMBLY_USAGE_OCCURRENCE('1878','J17','',#107,#11304,$);
#11332 = PRODUCT_RELATED_PRODUCT_CATEGORY('part',$,(#11306));
#11333 = SHAPE_DEFINITION_REPRESENTATION(#11334,#11340);
#11334 = PRODUCT_DEFINITION_SHAPE('','',#11335);
#11335 = PRODUCT_DEFINITION('design','',#11336,#11339);
#11336 = PRODUCT_DEFINITION_FORMATION('','',#11337);
#11337 = PRODUCT('H17','H17','',(#11338));
#11338 = PRODUCT_CONTEXT('',#2,'mechanical');
#11339 = PRODUCT_DEFINITION_CONTEXT('part definition',#2,'design');
#11340 = ADVANCED_BREP_SHAPE_REPRESENTATION('',(#11,#11341),#11353);
#11341 = MANIFOLD_SOLID_BREP('',#11342);
#11342 = CLOSED_SHELL('',(#11343));
#11343 = ADVANCED_FACE('',(#11344),#11348,.T.);
#11344 = FACE_BOUND('',#11345,.T.);
#11345 = VERTEX_LOOP('',#11346);
#11346 = VERTEX_POINT('',#11347);
#11347 = CARTESIAN_POINT('',(0.,0.,-0.175));
#11348 = SPHERICAL_SURFACE('',#11349,0.175);
#11349 = AXIS2_PLACEMENT_3D('',#11350,#11351,#11352);
#11350 = CARTESIAN_POINT('',(0.,0.,0.));
#11351 = DIRECTION('',(0.,0.,1.));
#11352 = DIRECTION('',(1.,0.,-0.));
#11353 = ( GEOMETRIC_REPRESENTATION_CONTEXT(3) 
GLOBAL_UNCERTAINTY_ASSIGNED_CONTEXT((#11357)) 
GLOBAL_UNIT_ASSIGNED_CONTEXT((#11354,#11355,#11356)) 
REPRESENTATION_CONTEXT('Context #1',
  '3D Context with UNIT and UNCERTAINTY') );
#11354 = ( LENGTH_UNIT() NAMED_UNIT(*) SI_UNIT(.MILLI.,.METRE.) );
#11355 = ( NAMED_UNIT(*) PLANE_ANGLE_UNIT() SI_UNIT($,.RADIAN.) );
#11356 = ( NAMED_UNIT(*) SI_UNIT($,.STERADIAN.) SOLID_ANGLE_UNIT() );
#11357 = UNCERTAINTY_MEASURE_WITH_UNIT(LENGTH_MEASURE(1.E-07),#11354,
  'distance_accuracy_value','confusion accuracy');
#11358 = CONTEXT_DEPENDENT_SHAPE_REPRESENTATION(#11359,#11361);
#11359 = ( REPRESENTATION_RELATIONSHIP('','',#11340,#112) 
REPRESENTATION_RELATIONSHIP_WITH_TRANSFORMATION(#11360) 
SHAPE_REPRESENTATION_RELATIONSHIP() );
#11360 = ITEM_DEFINED_TRANSFORMATION('','',#11,#1373);
#11361 = PRODUCT_DEFINITION_SHAPE('Placement','Placement of an item',
  #11362);
#11362 = NEXT_ASSEMBLY_USAGE_OCCURRENCE('1879','H17','',#107,#11335,$);
#11363 = PRODUCT_RELATED_PRODUCT_CATEGORY('part',$,(#11337));
#11364 = SHAPE_DEFINITION_REPRESENTATION(#11365,#11371);
#11365 = PRODUCT_DEFINITION_SHAPE('','',#11366);
#11366 = PRODUCT_DEFINITION('design','',#11367,#11370);
#11367 = PRODUCT_DEFINITION_FORMATION('','',#11368);
#11368 = PRODUCT('G17','G17','',(#11369));
#11369 = PRODUCT_CONTEXT('',#2,'mechanical');
#11370 = PRODUCT_DEFINITION_CONTEXT('part definition',#2,'design');
#11371 = ADVANCED_BREP_SHAPE_REPRESENTATION('',(#11,#11372),#11384);
#11372 = MANIFOLD_SOLID_BREP('',#11373);
#11373 = CLOSED_SHELL('',(#11374));
#11374 = ADVANCED_FACE('',(#11375),#11379,.T.);
#11375 = FACE_BOUND('',#11376,.T.);
#11376 = VERTEX_LOOP('',#11377);
#11377 = VERTEX_POINT('',#11378);
#11378 = CARTESIAN_POINT('',(0.,0.,-0.175));
#11379 = SPHERICAL_SURFACE('',#11380,0.175);
#11380 = AXIS2_PLACEMENT_3D('',#11381,#11382,#11383);
#11381 = CARTESIAN_POINT('',(0.,0.,0.));
#11382 = DIRECTION('',(0.,0.,1.));
#11383 = DIRECTION('',(1.,0.,-0.));
#11384 = ( GEOMETRIC_REPRESENTATION_CONTEXT(3) 
GLOBAL_UNCERTAINTY_ASSIGNED_CONTEXT((#11388)) 
GLOBAL_UNIT_ASSIGNED_CONTEXT((#11385,#11386,#11387)) 
REPRESENTATION_CONTEXT('Context #1',
  '3D Context with UNIT and UNCERTAINTY') );
#11385 = ( LENGTH_UNIT() NAMED_UNIT(*) SI_UNIT(.MILLI.,.METRE.) );
#11386 = ( NAMED_UNIT(*) PLANE_ANGLE_UNIT() SI_UNIT($,.RADIAN.) );
#11387 = ( NAMED_UNIT(*) SI_UNIT($,.STERADIAN.) SOLID_ANGLE_UNIT() );
#11388 = UNCERTAINTY_MEASURE_WITH_UNIT(LENGTH_MEASURE(1.E-07),#11385,
  'distance_accuracy_value','confusion accuracy');
#11389 = CONTEXT_DEPENDENT_SHAPE_REPRESENTATION(#11390,#11392);
#11390 = ( REPRESENTATION_RELATIONSHIP('','',#11371,#112) 
REPRESENTATION_RELATIONSHIP_WITH_TRANSFORMATION(#11391) 
SHAPE_REPRESENTATION_RELATIONSHIP() );
#11391 = ITEM_DEFINED_TRANSFORMATION('','',#11,#1377);
#11392 = PRODUCT_DEFINITION_SHAPE('Placement','Placement of an item',
  #11393);
#11393 = NEXT_ASSEMBLY_USAGE_OCCURRENCE('1880','G17','',#107,#11366,$);
#11394 = PRODUCT_RELATED_PRODUCT_CATEGORY('part',$,(#11368));
#11395 = SHAPE_DEFINITION_REPRESENTATION(#11396,#11402);
#11396 = PRODUCT_DEFINITION_SHAPE('','',#11397);
#11397 = PRODUCT_DEFINITION('design','',#11398,#11401);
#11398 = PRODUCT_DEFINITION_FORMATION('','',#11399);
#11399 = PRODUCT('F17','F17','',(#11400));
#11400 = PRODUCT_CONTEXT('',#2,'mechanical');
#11401 = PRODUCT_DEFINITION_CONTEXT('part definition',#2,'design');
#11402 = ADVANCED_BREP_SHAPE_REPRESENTATION('',(#11,#11403),#11415);
#11403 = MANIFOLD_SOLID_BREP('',#11404);
#11404 = CLOSED_SHELL('',(#11405));
#11405 = ADVANCED_FACE('',(#11406),#11410,.T.);
#11406 = FACE_BOUND('',#11407,.T.);
#11407 = VERTEX_LOOP('',#11408);
#11408 = VERTEX_POINT('',#11409);
#11409 = CARTESIAN_POINT('',(0.,0.,-0.175));
#11410 = SPHERICAL_SURFACE('',#11411,0.175);
#11411 = AXIS2_PLACEMENT_3D('',#11412,#11413,#11414);
#11412 = CARTESIAN_POINT('',(0.,0.,0.));
#11413 = DIRECTION('',(0.,0.,1.));
#11414 = DIRECTION('',(1.,0.,-0.));
#11415 = ( GEOMETRIC_REPRESENTATION_CONTEXT(3) 
GLOBAL_UNCERTAINTY_ASSIGNED_CONTEXT((#11419)) 
GLOBAL_UNIT_ASSIGNED_CONTEXT((#11416,#11417,#11418)) 
REPRESENTATION_CONTEXT('Context #1',
  '3D Context with UNIT and UNCERTAINTY') );
#11416 = ( LENGTH_UNIT() NAMED_UNIT(*) SI_UNIT(.MILLI.,.METRE.) );
#11417 = ( NAMED_UNIT(*) PLANE_ANGLE_UNIT() SI_UNIT($,.RADIAN.) );
#11418 = ( NAMED_UNIT(*) SI_UNIT($,.STERADIAN.) SOLID_ANGLE_UNIT() );
#11419 = UNCERTAINTY_MEASURE_WITH_UNIT(LENGTH_MEASURE(1.E-07),#11416,
  'distance_accuracy_value','confusion accuracy');
#11420 = CONTEXT_DEPENDENT_SHAPE_REPRESENTATION(#11421,#11423);
#11421 = ( REPRESENTATION_RELATIONSHIP('','',#11402,#112) 
REPRESENTATION_RELATIONSHIP_WITH_TRANSFORMATION(#11422) 
SHAPE_REPRESENTATION_RELATIONSHIP() );
#11422 = ITEM_DEFINED_TRANSFORMATION('','',#11,#1381);
#11423 = PRODUCT_DEFINITION_SHAPE('Placement','Placement of an item',
  #11424);
#11424 = NEXT_ASSEMBLY_USAGE_OCCURRENCE('1881','F17','',#107,#11397,$);
#11425 = PRODUCT_RELATED_PRODUCT_CATEGORY('part',$,(#11399));
#11426 = SHAPE_DEFINITION_REPRESENTATION(#11427,#11433);
#11427 = PRODUCT_DEFINITION_SHAPE('','',#11428);
#11428 = PRODUCT_DEFINITION('design','',#11429,#11432);
#11429 = PRODUCT_DEFINITION_FORMATION('','',#11430);
#11430 = PRODUCT('E17','E17','',(#11431));
#11431 = PRODUCT_CONTEXT('',#2,'mechanical');
#11432 = PRODUCT_DEFINITION_CONTEXT('part definition',#2,'design');
#11433 = ADVANCED_BREP_SHAPE_REPRESENTATION('',(#11,#11434),#11446);
#11434 = MANIFOLD_SOLID_BREP('',#11435);
#11435 = CLOSED_SHELL('',(#11436));
#11436 = ADVANCED_FACE('',(#11437),#11441,.T.);
#11437 = FACE_BOUND('',#11438,.T.);
#11438 = VERTEX_LOOP('',#11439);
#11439 = VERTEX_POINT('',#11440);
#11440 = CARTESIAN_POINT('',(0.,0.,-0.175));
#11441 = SPHERICAL_SURFACE('',#11442,0.175);
#11442 = AXIS2_PLACEMENT_3D('',#11443,#11444,#11445);
#11443 = CARTESIAN_POINT('',(0.,0.,0.));
#11444 = DIRECTION('',(0.,0.,1.));
#11445 = DIRECTION('',(1.,0.,-0.));
#11446 = ( GEOMETRIC_REPRESENTATION_CONTEXT(3) 
GLOBAL_UNCERTAINTY_ASSIGNED_CONTEXT((#11450)) 
GLOBAL_UNIT_ASSIGNED_CONTEXT((#11447,#11448,#11449)) 
REPRESENTATION_CONTEXT('Context #1',
  '3D Context with UNIT and UNCERTAINTY') );
#11447 = ( LENGTH_UNIT() NAMED_UNIT(*) SI_UNIT(.MILLI.,.METRE.) );
#11448 = ( NAMED_UNIT(*) PLANE_ANGLE_UNIT() SI_UNIT($,.RADIAN.) );
#11449 = ( NAMED_UNIT(*) SI_UNIT($,.STERADIAN.) SOLID_ANGLE_UNIT() );
#11450 = UNCERTAINTY_MEASURE_WITH_UNIT(LENGTH_MEASURE(1.E-07),#11447,
  'distance_accuracy_value','confusion accuracy');
#11451 = CONTEXT_DEPENDENT_SHAPE_REPRESENTATION(#11452,#11454);
#11452 = ( REPRESENTATION_RELATIONSHIP('','',#11433,#112) 
REPRESENTATION_RELATIONSHIP_WITH_TRANSFORMATION(#11453) 
SHAPE_REPRESENTATION_RELATIONSHIP() );
#11453 = ITEM_DEFINED_TRANSFORMATION('','',#11,#1385);
#11454 = PRODUCT_DEFINITION_SHAPE('Placement','Placement of an item',
  #11455);
#11455 = NEXT_ASSEMBLY_USAGE_OCCURRENCE('1882','E17','',#107,#11428,$);
#11456 = PRODUCT_RELATED_PRODUCT_CATEGORY('part',$,(#11430));
#11457 = SHAPE_DEFINITION_REPRESENTATION(#11458,#11464);
#11458 = PRODUCT_DEFINITION_SHAPE('','',#11459);
#11459 = PRODUCT_DEFINITION('design','',#11460,#11463);
#11460 = PRODUCT_DEFINITION_FORMATION('','',#11461);
#11461 = PRODUCT('D17','D17','',(#11462));
#11462 = PRODUCT_CONTEXT('',#2,'mechanical');
#11463 = PRODUCT_DEFINITION_CONTEXT('part definition',#2,'design');
#11464 = ADVANCED_BREP_SHAPE_REPRESENTATION('',(#11,#11465),#11477);
#11465 = MANIFOLD_SOLID_BREP('',#11466);
#11466 = CLOSED_SHELL('',(#11467));
#11467 = ADVANCED_FACE('',(#11468),#11472,.T.);
#11468 = FACE_BOUND('',#11469,.T.);
#11469 = VERTEX_LOOP('',#11470);
#11470 = VERTEX_POINT('',#11471);
#11471 = CARTESIAN_POINT('',(0.,0.,-0.175));
#11472 = SPHERICAL_SURFACE('',#11473,0.175);
#11473 = AXIS2_PLACEMENT_3D('',#11474,#11475,#11476);
#11474 = CARTESIAN_POINT('',(0.,0.,0.));
#11475 = DIRECTION('',(0.,0.,1.));
#11476 = DIRECTION('',(1.,0.,-0.));
#11477 = ( GEOMETRIC_REPRESENTATION_CONTEXT(3) 
GLOBAL_UNCERTAINTY_ASSIGNED_CONTEXT((#11481)) 
GLOBAL_UNIT_ASSIGNED_CONTEXT((#11478,#11479,#11480)) 
REPRESENTATION_CONTEXT('Context #1',
  '3D Context with UNIT and UNCERTAINTY') );
#11478 = ( LENGTH_UNIT() NAMED_UNIT(*) SI_UNIT(.MILLI.,.METRE.) );
#11479 = ( NAMED_UNIT(*) PLANE_ANGLE_UNIT() SI_UNIT($,.RADIAN.) );
#11480 = ( NAMED_UNIT(*) SI_UNIT($,.STERADIAN.) SOLID_ANGLE_UNIT() );
#11481 = UNCERTAINTY_MEASURE_WITH_UNIT(LENGTH_MEASURE(1.E-07),#11478,
  'distance_accuracy_value','confusion accuracy');
#11482 = CONTEXT_DEPENDENT_SHAPE_REPRESENTATION(#11483,#11485);
#11483 = ( REPRESENTATION_RELATIONSHIP('','',#11464,#112) 
REPRESENTATION_RELATIONSHIP_WITH_TRANSFORMATION(#11484) 
SHAPE_REPRESENTATION_RELATIONSHIP() );
#11484 = ITEM_DEFINED_TRANSFORMATION('','',#11,#1389);
#11485 = PRODUCT_DEFINITION_SHAPE('Placement','Placement of an item',
  #11486);
#11486 = NEXT_ASSEMBLY_USAGE_OCCURRENCE('1883','D17','',#107,#11459,$);
#11487 = PRODUCT_RELATED_PRODUCT_CATEGORY('part',$,(#11461));
#11488 = SHAPE_DEFINITION_REPRESENTATION(#11489,#11495);
#11489 = PRODUCT_DEFINITION_SHAPE('','',#11490);
#11490 = PRODUCT_DEFINITION('design','',#11491,#11494);
#11491 = PRODUCT_DEFINITION_FORMATION('','',#11492);
#11492 = PRODUCT('C17','C17','',(#11493));
#11493 = PRODUCT_CONTEXT('',#2,'mechanical');
#11494 = PRODUCT_DEFINITION_CONTEXT('part definition',#2,'design');
#11495 = ADVANCED_BREP_SHAPE_REPRESENTATION('',(#11,#11496),#11508);
#11496 = MANIFOLD_SOLID_BREP('',#11497);
#11497 = CLOSED_SHELL('',(#11498));
#11498 = ADVANCED_FACE('',(#11499),#11503,.T.);
#11499 = FACE_BOUND('',#11500,.T.);
#11500 = VERTEX_LOOP('',#11501);
#11501 = VERTEX_POINT('',#11502);
#11502 = CARTESIAN_POINT('',(0.,0.,-0.175));
#11503 = SPHERICAL_SURFACE('',#11504,0.175);
#11504 = AXIS2_PLACEMENT_3D('',#11505,#11506,#11507);
#11505 = CARTESIAN_POINT('',(0.,0.,0.));
#11506 = DIRECTION('',(0.,0.,1.));
#11507 = DIRECTION('',(1.,0.,-0.));
#11508 = ( GEOMETRIC_REPRESENTATION_CONTEXT(3) 
GLOBAL_UNCERTAINTY_ASSIGNED_CONTEXT((#11512)) 
GLOBAL_UNIT_ASSIGNED_CONTEXT((#11509,#11510,#11511)) 
REPRESENTATION_CONTEXT('Context #1',
  '3D Context with UNIT and UNCERTAINTY') );
#11509 = ( LENGTH_UNIT() NAMED_UNIT(*) SI_UNIT(.MILLI.,.METRE.) );
#11510 = ( NAMED_UNIT(*) PLANE_ANGLE_UNIT() SI_UNIT($,.RADIAN.) );
#11511 = ( NAMED_UNIT(*) SI_UNIT($,.STERADIAN.) SOLID_ANGLE_UNIT() );
#11512 = UNCERTAINTY_MEASURE_WITH_UNIT(LENGTH_MEASURE(1.E-07),#11509,
  'distance_accuracy_value','confusion accuracy');
#11513 = CONTEXT_DEPENDENT_SHAPE_REPRESENTATION(#11514,#11516);
#11514 = ( REPRESENTATION_RELATIONSHIP('','',#11495,#112) 
REPRESENTATION_RELATIONSHIP_WITH_TRANSFORMATION(#11515) 
SHAPE_REPRESENTATION_RELATIONSHIP() );
#11515 = ITEM_DEFINED_TRANSFORMATION('','',#11,#1393);
#11516 = PRODUCT_DEFINITION_SHAPE('Placement','Placement of an item',
  #11517);
#11517 = NEXT_ASSEMBLY_USAGE_OCCURRENCE('1884','C17','',#107,#11490,$);
#11518 = PRODUCT_RELATED_PRODUCT_CATEGORY('part',$,(#11492));
#11519 = SHAPE_DEFINITION_REPRESENTATION(#11520,#11526);
#11520 = PRODUCT_DEFINITION_SHAPE('','',#11521);
#11521 = PRODUCT_DEFINITION('design','',#11522,#11525);
#11522 = PRODUCT_DEFINITION_FORMATION('','',#11523);
#11523 = PRODUCT('B17','B17','',(#11524));
#11524 = PRODUCT_CONTEXT('',#2,'mechanical');
#11525 = PRODUCT_DEFINITION_CONTEXT('part definition',#2,'design');
#11526 = ADVANCED_BREP_SHAPE_REPRESENTATION('',(#11,#11527),#11539);
#11527 = MANIFOLD_SOLID_BREP('',#11528);
#11528 = CLOSED_SHELL('',(#11529));
#11529 = ADVANCED_FACE('',(#11530),#11534,.T.);
#11530 = FACE_BOUND('',#11531,.T.);
#11531 = VERTEX_LOOP('',#11532);
#11532 = VERTEX_POINT('',#11533);
#11533 = CARTESIAN_POINT('',(0.,0.,-0.175));
#11534 = SPHERICAL_SURFACE('',#11535,0.175);
#11535 = AXIS2_PLACEMENT_3D('',#11536,#11537,#11538);
#11536 = CARTESIAN_POINT('',(0.,0.,0.));
#11537 = DIRECTION('',(0.,0.,1.));
#11538 = DIRECTION('',(1.,0.,-0.));
#11539 = ( GEOMETRIC_REPRESENTATION_CONTEXT(3) 
GLOBAL_UNCERTAINTY_ASSIGNED_CONTEXT((#11543)) 
GLOBAL_UNIT_ASSIGNED_CONTEXT((#11540,#11541,#11542)) 
REPRESENTATION_CONTEXT('Context #1',
  '3D Context with UNIT and UNCERTAINTY') );
#11540 = ( LENGTH_UNIT() NAMED_UNIT(*) SI_UNIT(.MILLI.,.METRE.) );
#11541 = ( NAMED_UNIT(*) PLANE_ANGLE_UNIT() SI_UNIT($,.RADIAN.) );
#11542 = ( NAMED_UNIT(*) SI_UNIT($,.STERADIAN.) SOLID_ANGLE_UNIT() );
#11543 = UNCERTAINTY_MEASURE_WITH_UNIT(LENGTH_MEASURE(1.E-07),#11540,
  'distance_accuracy_value','confusion accuracy');
#11544 = CONTEXT_DEPENDENT_SHAPE_REPRESENTATION(#11545,#11547);
#11545 = ( REPRESENTATION_RELATIONSHIP('','',#11526,#112) 
REPRESENTATION_RELATIONSHIP_WITH_TRANSFORMATION(#11546) 
SHAPE_REPRESENTATION_RELATIONSHIP() );
#11546 = ITEM_DEFINED_TRANSFORMATION('','',#11,#1397);
#11547 = PRODUCT_DEFINITION_SHAPE('Placement','Placement of an item',
  #11548);
#11548 = NEXT_ASSEMBLY_USAGE_OCCURRENCE('1885','B17','',#107,#11521,$);
#11549 = PRODUCT_RELATED_PRODUCT_CATEGORY('part',$,(#11523));
#11550 = SHAPE_DEFINITION_REPRESENTATION(#11551,#11557);
#11551 = PRODUCT_DEFINITION_SHAPE('','',#11552);
#11552 = PRODUCT_DEFINITION('design','',#11553,#11556);
#11553 = PRODUCT_DEFINITION_FORMATION('','',#11554);
#11554 = PRODUCT('A17','A17','',(#11555));
#11555 = PRODUCT_CONTEXT('',#2,'mechanical');
#11556 = PRODUCT_DEFINITION_CONTEXT('part definition',#2,'design');
#11557 = ADVANCED_BREP_SHAPE_REPRESENTATION('',(#11,#11558),#11570);
#11558 = MANIFOLD_SOLID_BREP('',#11559);
#11559 = CLOSED_SHELL('',(#11560));
#11560 = ADVANCED_FACE('',(#11561),#11565,.T.);
#11561 = FACE_BOUND('',#11562,.T.);
#11562 = VERTEX_LOOP('',#11563);
#11563 = VERTEX_POINT('',#11564);
#11564 = CARTESIAN_POINT('',(0.,0.,-0.175));
#11565 = SPHERICAL_SURFACE('',#11566,0.175);
#11566 = AXIS2_PLACEMENT_3D('',#11567,#11568,#11569);
#11567 = CARTESIAN_POINT('',(0.,0.,0.));
#11568 = DIRECTION('',(0.,0.,1.));
#11569 = DIRECTION('',(1.,0.,-0.));
#11570 = ( GEOMETRIC_REPRESENTATION_CONTEXT(3) 
GLOBAL_UNCERTAINTY_ASSIGNED_CONTEXT((#11574)) 
GLOBAL_UNIT_ASSIGNED_CONTEXT((#11571,#11572,#11573)) 
REPRESENTATION_CONTEXT('Context #1',
  '3D Context with UNIT and UNCERTAINTY') );
#11571 = ( LENGTH_UNIT() NAMED_UNIT(*) SI_UNIT(.MILLI.,.METRE.) );
#11572 = ( NAMED_UNIT(*) PLANE_ANGLE_UNIT() SI_UNIT($,.RADIAN.) );
#11573 = ( NAMED_UNIT(*) SI_UNIT($,.STERADIAN.) SOLID_ANGLE_UNIT() );
#11574 = UNCERTAINTY_MEASURE_WITH_UNIT(LENGTH_MEASURE(1.E-07),#11571,
  'distance_accuracy_value','confusion accuracy');
#11575 = CONTEXT_DEPENDENT_SHAPE_REPRESENTATION(#11576,#11578);
#11576 = ( REPRESENTATION_RELATIONSHIP('','',#11557,#112) 
REPRESENTATION_RELATIONSHIP_WITH_TRANSFORMATION(#11577) 
SHAPE_REPRESENTATION_RELATIONSHIP() );
#11577 = ITEM_DEFINED_TRANSFORMATION('','',#11,#1401);
#11578 = PRODUCT_DEFINITION_SHAPE('Placement','Placement of an item',
  #11579);
#11579 = NEXT_ASSEMBLY_USAGE_OCCURRENCE('1886','A17','',#107,#11552,$);
#11580 = PRODUCT_RELATED_PRODUCT_CATEGORY('part',$,(#11554));
#11581 = SHAPE_DEFINITION_REPRESENTATION(#11582,#11588);
#11582 = PRODUCT_DEFINITION_SHAPE('','',#11583);
#11583 = PRODUCT_DEFINITION('design','',#11584,#11587);
#11584 = PRODUCT_DEFINITION_FORMATION('','',#11585);
#11585 = PRODUCT('W18','W18','',(#11586));
#11586 = PRODUCT_CONTEXT('',#2,'mechanical');
#11587 = PRODUCT_DEFINITION_CONTEXT('part definition',#2,'design');
#11588 = ADVANCED_BREP_SHAPE_REPRESENTATION('',(#11,#11589),#11601);
#11589 = MANIFOLD_SOLID_BREP('',#11590);
#11590 = CLOSED_SHELL('',(#11591));
#11591 = ADVANCED_FACE('',(#11592),#11596,.T.);
#11592 = FACE_BOUND('',#11593,.T.);
#11593 = VERTEX_LOOP('',#11594);
#11594 = VERTEX_POINT('',#11595);
#11595 = CARTESIAN_POINT('',(0.,0.,-0.175));
#11596 = SPHERICAL_SURFACE('',#11597,0.175);
#11597 = AXIS2_PLACEMENT_3D('',#11598,#11599,#11600);
#11598 = CARTESIAN_POINT('',(0.,0.,0.));
#11599 = DIRECTION('',(0.,0.,1.));
#11600 = DIRECTION('',(1.,0.,-0.));
#11601 = ( GEOMETRIC_REPRESENTATION_CONTEXT(3) 
GLOBAL_UNCERTAINTY_ASSIGNED_CONTEXT((#11605)) 
GLOBAL_UNIT_ASSIGNED_CONTEXT((#11602,#11603,#11604)) 
REPRESENTATION_CONTEXT('Context #1',
  '3D Context with UNIT and UNCERTAINTY') );
#11602 = ( LENGTH_UNIT() NAMED_UNIT(*) SI_UNIT(.MILLI.,.METRE.) );
#11603 = ( NAMED_UNIT(*) PLANE_ANGLE_UNIT() SI_UNIT($,.RADIAN.) );
#11604 = ( NAMED_UNIT(*) SI_UNIT($,.STERADIAN.) SOLID_ANGLE_UNIT() );
#11605 = UNCERTAINTY_MEASURE_WITH_UNIT(LENGTH_MEASURE(1.E-07),#11602,
  'distance_accuracy_value','confusion accuracy');
#11606 = CONTEXT_DEPENDENT_SHAPE_REPRESENTATION(#11607,#11609);
#11607 = ( REPRESENTATION_RELATIONSHIP('','',#11588,#112) 
REPRESENTATION_RELATIONSHIP_WITH_TRANSFORMATION(#11608) 
SHAPE_REPRESENTATION_RELATIONSHIP() );
#11608 = ITEM_DEFINED_TRANSFORMATION('','',#11,#1405);
#11609 = PRODUCT_DEFINITION_SHAPE('Placement','Placement of an item',
  #11610);
#11610 = NEXT_ASSEMBLY_USAGE_OCCURRENCE('1887','W18','',#107,#11583,$);
#11611 = PRODUCT_RELATED_PRODUCT_CATEGORY('part',$,(#11585));
#11612 = SHAPE_DEFINITION_REPRESENTATION(#11613,#11619);
#11613 = PRODUCT_DEFINITION_SHAPE('','',#11614);
#11614 = PRODUCT_DEFINITION('design','',#11615,#11618);
#11615 = PRODUCT_DEFINITION_FORMATION('','',#11616);
#11616 = PRODUCT('V18','V18','',(#11617));
#11617 = PRODUCT_CONTEXT('',#2,'mechanical');
#11618 = PRODUCT_DEFINITION_CONTEXT('part definition',#2,'design');
#11619 = ADVANCED_BREP_SHAPE_REPRESENTATION('',(#11,#11620),#11632);
#11620 = MANIFOLD_SOLID_BREP('',#11621);
#11621 = CLOSED_SHELL('',(#11622));
#11622 = ADVANCED_FACE('',(#11623),#11627,.T.);
#11623 = FACE_BOUND('',#11624,.T.);
#11624 = VERTEX_LOOP('',#11625);
#11625 = VERTEX_POINT('',#11626);
#11626 = CARTESIAN_POINT('',(0.,0.,-0.175));
#11627 = SPHERICAL_SURFACE('',#11628,0.175);
#11628 = AXIS2_PLACEMENT_3D('',#11629,#11630,#11631);
#11629 = CARTESIAN_POINT('',(0.,0.,0.));
#11630 = DIRECTION('',(0.,0.,1.));
#11631 = DIRECTION('',(1.,0.,-0.));
#11632 = ( GEOMETRIC_REPRESENTATION_CONTEXT(3) 
GLOBAL_UNCERTAINTY_ASSIGNED_CONTEXT((#11636)) 
GLOBAL_UNIT_ASSIGNED_CONTEXT((#11633,#11634,#11635)) 
REPRESENTATION_CONTEXT('Context #1',
  '3D Context with UNIT and UNCERTAINTY') );
#11633 = ( LENGTH_UNIT() NAMED_UNIT(*) SI_UNIT(.MILLI.,.METRE.) );
#11634 = ( NAMED_UNIT(*) PLANE_ANGLE_UNIT() SI_UNIT($,.RADIAN.) );
#11635 = ( NAMED_UNIT(*) SI_UNIT($,.STERADIAN.) SOLID_ANGLE_UNIT() );
#11636 = UNCERTAINTY_MEASURE_WITH_UNIT(LENGTH_MEASURE(1.E-07),#11633,
  'distance_accuracy_value','confusion accuracy');
#11637 = CONTEXT_DEPENDENT_SHAPE_REPRESENTATION(#11638,#11640);
#11638 = ( REPRESENTATION_RELATIONSHIP('','',#11619,#112) 
REPRESENTATION_RELATIONSHIP_WITH_TRANSFORMATION(#11639) 
SHAPE_REPRESENTATION_RELATIONSHIP() );
#11639 = ITEM_DEFINED_TRANSFORMATION('','',#11,#1409);
#11640 = PRODUCT_DEFINITION_SHAPE('Placement','Placement of an item',
  #11641);
#11641 = NEXT_ASSEMBLY_USAGE_OCCURRENCE('1888','V18','',#107,#11614,$);
#11642 = PRODUCT_RELATED_PRODUCT_CATEGORY('part',$,(#11616));
#11643 = SHAPE_DEFINITION_REPRESENTATION(#11644,#11650);
#11644 = PRODUCT_DEFINITION_SHAPE('','',#11645);
#11645 = PRODUCT_DEFINITION('design','',#11646,#11649);
#11646 = PRODUCT_DEFINITION_FORMATION('','',#11647);
#11647 = PRODUCT('U18','U18','',(#11648));
#11648 = PRODUCT_CONTEXT('',#2,'mechanical');
#11649 = PRODUCT_DEFINITION_CONTEXT('part definition',#2,'design');
#11650 = ADVANCED_BREP_SHAPE_REPRESENTATION('',(#11,#11651),#11663);
#11651 = MANIFOLD_SOLID_BREP('',#11652);
#11652 = CLOSED_SHELL('',(#11653));
#11653 = ADVANCED_FACE('',(#11654),#11658,.T.);
#11654 = FACE_BOUND('',#11655,.T.);
#11655 = VERTEX_LOOP('',#11656);
#11656 = VERTEX_POINT('',#11657);
#11657 = CARTESIAN_POINT('',(0.,0.,-0.175));
#11658 = SPHERICAL_SURFACE('',#11659,0.175);
#11659 = AXIS2_PLACEMENT_3D('',#11660,#11661,#11662);
#11660 = CARTESIAN_POINT('',(0.,0.,0.));
#11661 = DIRECTION('',(0.,0.,1.));
#11662 = DIRECTION('',(1.,0.,-0.));
#11663 = ( GEOMETRIC_REPRESENTATION_CONTEXT(3) 
GLOBAL_UNCERTAINTY_ASSIGNED_CONTEXT((#11667)) 
GLOBAL_UNIT_ASSIGNED_CONTEXT((#11664,#11665,#11666)) 
REPRESENTATION_CONTEXT('Context #1',
  '3D Context with UNIT and UNCERTAINTY') );
#11664 = ( LENGTH_UNIT() NAMED_UNIT(*) SI_UNIT(.MILLI.,.METRE.) );
#11665 = ( NAMED_UNIT(*) PLANE_ANGLE_UNIT() SI_UNIT($,.RADIAN.) );
#11666 = ( NAMED_UNIT(*) SI_UNIT($,.STERADIAN.) SOLID_ANGLE_UNIT() );
#11667 = UNCERTAINTY_MEASURE_WITH_UNIT(LENGTH_MEASURE(1.E-07),#11664,
  'distance_accuracy_value','confusion accuracy');
#11668 = CONTEXT_DEPENDENT_SHAPE_REPRESENTATION(#11669,#11671);
#11669 = ( REPRESENTATION_RELATIONSHIP('','',#11650,#112) 
REPRESENTATION_RELATIONSHIP_WITH_TRANSFORMATION(#11670) 
SHAPE_REPRESENTATION_RELATIONSHIP() );
#11670 = ITEM_DEFINED_TRANSFORMATION('','',#11,#1413);
#11671 = PRODUCT_DEFINITION_SHAPE('Placement','Placement of an item',
  #11672);
#11672 = NEXT_ASSEMBLY_USAGE_OCCURRENCE('1889','U18','',#107,#11645,$);
#11673 = PRODUCT_RELATED_PRODUCT_CATEGORY('part',$,(#11647));
#11674 = SHAPE_DEFINITION_REPRESENTATION(#11675,#11681);
#11675 = PRODUCT_DEFINITION_SHAPE('','',#11676);
#11676 = PRODUCT_DEFINITION('design','',#11677,#11680);
#11677 = PRODUCT_DEFINITION_FORMATION('','',#11678);
#11678 = PRODUCT('T18','T18','',(#11679));
#11679 = PRODUCT_CONTEXT('',#2,'mechanical');
#11680 = PRODUCT_DEFINITION_CONTEXT('part definition',#2,'design');
#11681 = ADVANCED_BREP_SHAPE_REPRESENTATION('',(#11,#11682),#11694);
#11682 = MANIFOLD_SOLID_BREP('',#11683);
#11683 = CLOSED_SHELL('',(#11684));
#11684 = ADVANCED_FACE('',(#11685),#11689,.T.);
#11685 = FACE_BOUND('',#11686,.T.);
#11686 = VERTEX_LOOP('',#11687);
#11687 = VERTEX_POINT('',#11688);
#11688 = CARTESIAN_POINT('',(0.,0.,-0.175));
#11689 = SPHERICAL_SURFACE('',#11690,0.175);
#11690 = AXIS2_PLACEMENT_3D('',#11691,#11692,#11693);
#11691 = CARTESIAN_POINT('',(0.,0.,0.));
#11692 = DIRECTION('',(0.,0.,1.));
#11693 = DIRECTION('',(1.,0.,-0.));
#11694 = ( GEOMETRIC_REPRESENTATION_CONTEXT(3) 
GLOBAL_UNCERTAINTY_ASSIGNED_CONTEXT((#11698)) 
GLOBAL_UNIT_ASSIGNED_CONTEXT((#11695,#11696,#11697)) 
REPRESENTATION_CONTEXT('Context #1',
  '3D Context with UNIT and UNCERTAINTY') );
#11695 = ( LENGTH_UNIT() NAMED_UNIT(*) SI_UNIT(.MILLI.,.METRE.) );
#11696 = ( NAMED_UNIT(*) PLANE_ANGLE_UNIT() SI_UNIT($,.RADIAN.) );
#11697 = ( NAMED_UNIT(*) SI_UNIT($,.STERADIAN.) SOLID_ANGLE_UNIT() );
#11698 = UNCERTAINTY_MEASURE_WITH_UNIT(LENGTH_MEASURE(1.E-07),#11695,
  'distance_accuracy_value','confusion accuracy');
#11699 = CONTEXT_DEPENDENT_SHAPE_REPRESENTATION(#11700,#11702);
#11700 = ( REPRESENTATION_RELATIONSHIP('','',#11681,#112) 
REPRESENTATION_RELATIONSHIP_WITH_TRANSFORMATION(#11701) 
SHAPE_REPRESENTATION_RELATIONSHIP() );
#11701 = ITEM_DEFINED_TRANSFORMATION('','',#11,#1417);
#11702 = PRODUCT_DEFINITION_SHAPE('Placement','Placement of an item',
  #11703);
#11703 = NEXT_ASSEMBLY_USAGE_OCCURRENCE('1890','T18','',#107,#11676,$);
#11704 = PRODUCT_RELATED_PRODUCT_CATEGORY('part',$,(#11678));
#11705 = SHAPE_DEFINITION_REPRESENTATION(#11706,#11712);
#11706 = PRODUCT_DEFINITION_SHAPE('','',#11707);
#11707 = PRODUCT_DEFINITION('design','',#11708,#11711);
#11708 = PRODUCT_DEFINITION_FORMATION('','',#11709);
#11709 = PRODUCT('R18','R18','',(#11710));
#11710 = PRODUCT_CONTEXT('',#2,'mechanical');
#11711 = PRODUCT_DEFINITION_CONTEXT('part definition',#2,'design');
#11712 = ADVANCED_BREP_SHAPE_REPRESENTATION('',(#11,#11713),#11725);
#11713 = MANIFOLD_SOLID_BREP('',#11714);
#11714 = CLOSED_SHELL('',(#11715));
#11715 = ADVANCED_FACE('',(#11716),#11720,.T.);
#11716 = FACE_BOUND('',#11717,.T.);
#11717 = VERTEX_LOOP('',#11718);
#11718 = VERTEX_POINT('',#11719);
#11719 = CARTESIAN_POINT('',(0.,0.,-0.175));
#11720 = SPHERICAL_SURFACE('',#11721,0.175);
#11721 = AXIS2_PLACEMENT_3D('',#11722,#11723,#11724);
#11722 = CARTESIAN_POINT('',(0.,0.,0.));
#11723 = DIRECTION('',(0.,0.,1.));
#11724 = DIRECTION('',(1.,0.,-0.));
#11725 = ( GEOMETRIC_REPRESENTATION_CONTEXT(3) 
GLOBAL_UNCERTAINTY_ASSIGNED_CONTEXT((#11729)) 
GLOBAL_UNIT_ASSIGNED_CONTEXT((#11726,#11727,#11728)) 
REPRESENTATION_CONTEXT('Context #1',
  '3D Context with UNIT and UNCERTAINTY') );
#11726 = ( LENGTH_UNIT() NAMED_UNIT(*) SI_UNIT(.MILLI.,.METRE.) );
#11727 = ( NAMED_UNIT(*) PLANE_ANGLE_UNIT() SI_UNIT($,.RADIAN.) );
#11728 = ( NAMED_UNIT(*) SI_UNIT($,.STERADIAN.) SOLID_ANGLE_UNIT() );
#11729 = UNCERTAINTY_MEASURE_WITH_UNIT(LENGTH_MEASURE(1.E-07),#11726,
  'distance_accuracy_value','confusion accuracy');
#11730 = CONTEXT_DEPENDENT_SHAPE_REPRESENTATION(#11731,#11733);
#11731 = ( REPRESENTATION_RELATIONSHIP('','',#11712,#112) 
REPRESENTATION_RELATIONSHIP_WITH_TRANSFORMATION(#11732) 
SHAPE_REPRESENTATION_RELATIONSHIP() );
#11732 = ITEM_DEFINED_TRANSFORMATION('','',#11,#1421);
#11733 = PRODUCT_DEFINITION_SHAPE('Placement','Placement of an item',
  #11734);
#11734 = NEXT_ASSEMBLY_USAGE_OCCURRENCE('1891','R18','',#107,#11707,$);
#11735 = PRODUCT_RELATED_PRODUCT_CATEGORY('part',$,(#11709));
#11736 = SHAPE_DEFINITION_REPRESENTATION(#11737,#11743);
#11737 = PRODUCT_DEFINITION_SHAPE('','',#11738);
#11738 = PRODUCT_DEFINITION('design','',#11739,#11742);
#11739 = PRODUCT_DEFINITION_FORMATION('','',#11740);
#11740 = PRODUCT('P18','P18','',(#11741));
#11741 = PRODUCT_CONTEXT('',#2,'mechanical');
#11742 = PRODUCT_DEFINITION_CONTEXT('part definition',#2,'design');
#11743 = ADVANCED_BREP_SHAPE_REPRESENTATION('',(#11,#11744),#11756);
#11744 = MANIFOLD_SOLID_BREP('',#11745);
#11745 = CLOSED_SHELL('',(#11746));
#11746 = ADVANCED_FACE('',(#11747),#11751,.T.);
#11747 = FACE_BOUND('',#11748,.T.);
#11748 = VERTEX_LOOP('',#11749);
#11749 = VERTEX_POINT('',#11750);
#11750 = CARTESIAN_POINT('',(0.,0.,-0.175));
#11751 = SPHERICAL_SURFACE('',#11752,0.175);
#11752 = AXIS2_PLACEMENT_3D('',#11753,#11754,#11755);
#11753 = CARTESIAN_POINT('',(0.,0.,0.));
#11754 = DIRECTION('',(0.,0.,1.));
#11755 = DIRECTION('',(1.,0.,-0.));
#11756 = ( GEOMETRIC_REPRESENTATION_CONTEXT(3) 
GLOBAL_UNCERTAINTY_ASSIGNED_CONTEXT((#11760)) 
GLOBAL_UNIT_ASSIGNED_CONTEXT((#11757,#11758,#11759)) 
REPRESENTATION_CONTEXT('Context #1',
  '3D Context with UNIT and UNCERTAINTY') );
#11757 = ( LENGTH_UNIT() NAMED_UNIT(*) SI_UNIT(.MILLI.,.METRE.) );
#11758 = ( NAMED_UNIT(*) PLANE_ANGLE_UNIT() SI_UNIT($,.RADIAN.) );
#11759 = ( NAMED_UNIT(*) SI_UNIT($,.STERADIAN.) SOLID_ANGLE_UNIT() );
#11760 = UNCERTAINTY_MEASURE_WITH_UNIT(LENGTH_MEASURE(1.E-07),#11757,
  'distance_accuracy_value','confusion accuracy');
#11761 = CONTEXT_DEPENDENT_SHAPE_REPRESENTATION(#11762,#11764);
#11762 = ( REPRESENTATION_RELATIONSHIP('','',#11743,#112) 
REPRESENTATION_RELATIONSHIP_WITH_TRANSFORMATION(#11763) 
SHAPE_REPRESENTATION_RELATIONSHIP() );
#11763 = ITEM_DEFINED_TRANSFORMATION('','',#11,#1425);
#11764 = PRODUCT_DEFINITION_SHAPE('Placement','Placement of an item',
  #11765);
#11765 = NEXT_ASSEMBLY_USAGE_OCCURRENCE('1892','P18','',#107,#11738,$);
#11766 = PRODUCT_RELATED_PRODUCT_CATEGORY('part',$,(#11740));
#11767 = SHAPE_DEFINITION_REPRESENTATION(#11768,#11774);
#11768 = PRODUCT_DEFINITION_SHAPE('','',#11769);
#11769 = PRODUCT_DEFINITION('design','',#11770,#11773);
#11770 = PRODUCT_DEFINITION_FORMATION('','',#11771);
#11771 = PRODUCT('N18','N18','',(#11772));
#11772 = PRODUCT_CONTEXT('',#2,'mechanical');
#11773 = PRODUCT_DEFINITION_CONTEXT('part definition',#2,'design');
#11774 = ADVANCED_BREP_SHAPE_REPRESENTATION('',(#11,#11775),#11787);
#11775 = MANIFOLD_SOLID_BREP('',#11776);
#11776 = CLOSED_SHELL('',(#11777));
#11777 = ADVANCED_FACE('',(#11778),#11782,.T.);
#11778 = FACE_BOUND('',#11779,.T.);
#11779 = VERTEX_LOOP('',#11780);
#11780 = VERTEX_POINT('',#11781);
#11781 = CARTESIAN_POINT('',(0.,0.,-0.175));
#11782 = SPHERICAL_SURFACE('',#11783,0.175);
#11783 = AXIS2_PLACEMENT_3D('',#11784,#11785,#11786);
#11784 = CARTESIAN_POINT('',(0.,0.,0.));
#11785 = DIRECTION('',(0.,0.,1.));
#11786 = DIRECTION('',(1.,0.,-0.));
#11787 = ( GEOMETRIC_REPRESENTATION_CONTEXT(3) 
GLOBAL_UNCERTAINTY_ASSIGNED_CONTEXT((#11791)) 
GLOBAL_UNIT_ASSIGNED_CONTEXT((#11788,#11789,#11790)) 
REPRESENTATION_CONTEXT('Context #1',
  '3D Context with UNIT and UNCERTAINTY') );
#11788 = ( LENGTH_UNIT() NAMED_UNIT(*) SI_UNIT(.MILLI.,.METRE.) );
#11789 = ( NAMED_UNIT(*) PLANE_ANGLE_UNIT() SI_UNIT($,.RADIAN.) );
#11790 = ( NAMED_UNIT(*) SI_UNIT($,.STERADIAN.) SOLID_ANGLE_UNIT() );
#11791 = UNCERTAINTY_MEASURE_WITH_UNIT(LENGTH_MEASURE(1.E-07),#11788,
  'distance_accuracy_value','confusion accuracy');
#11792 = CONTEXT_DEPENDENT_SHAPE_REPRESENTATION(#11793,#11795);
#11793 = ( REPRESENTATION_RELATIONSHIP('','',#11774,#112) 
REPRESENTATION_RELATIONSHIP_WITH_TRANSFORMATION(#11794) 
SHAPE_REPRESENTATION_RELATIONSHIP() );
#11794 = ITEM_DEFINED_TRANSFORMATION('','',#11,#1429);
#11795 = PRODUCT_DEFINITION_SHAPE('Placement','Placement of an item',
  #11796);
#11796 = NEXT_ASSEMBLY_USAGE_OCCURRENCE('1893','N18','',#107,#11769,$);
#11797 = PRODUCT_RELATED_PRODUCT_CATEGORY('part',$,(#11771));
#11798 = SHAPE_DEFINITION_REPRESENTATION(#11799,#11805);
#11799 = PRODUCT_DEFINITION_SHAPE('','',#11800);
#11800 = PRODUCT_DEFINITION('design','',#11801,#11804);
#11801 = PRODUCT_DEFINITION_FORMATION('','',#11802);
#11802 = PRODUCT('M18','M18','',(#11803));
#11803 = PRODUCT_CONTEXT('',#2,'mechanical');
#11804 = PRODUCT_DEFINITION_CONTEXT('part definition',#2,'design');
#11805 = ADVANCED_BREP_SHAPE_REPRESENTATION('',(#11,#11806),#11818);
#11806 = MANIFOLD_SOLID_BREP('',#11807);
#11807 = CLOSED_SHELL('',(#11808));
#11808 = ADVANCED_FACE('',(#11809),#11813,.T.);
#11809 = FACE_BOUND('',#11810,.T.);
#11810 = VERTEX_LOOP('',#11811);
#11811 = VERTEX_POINT('',#11812);
#11812 = CARTESIAN_POINT('',(0.,0.,-0.175));
#11813 = SPHERICAL_SURFACE('',#11814,0.175);
#11814 = AXIS2_PLACEMENT_3D('',#11815,#11816,#11817);
#11815 = CARTESIAN_POINT('',(0.,0.,0.));
#11816 = DIRECTION('',(0.,0.,1.));
#11817 = DIRECTION('',(1.,0.,-0.));
#11818 = ( GEOMETRIC_REPRESENTATION_CONTEXT(3) 
GLOBAL_UNCERTAINTY_ASSIGNED_CONTEXT((#11822)) 
GLOBAL_UNIT_ASSIGNED_CONTEXT((#11819,#11820,#11821)) 
REPRESENTATION_CONTEXT('Context #1',
  '3D Context with UNIT and UNCERTAINTY') );
#11819 = ( LENGTH_UNIT() NAMED_UNIT(*) SI_UNIT(.MILLI.,.METRE.) );
#11820 = ( NAMED_UNIT(*) PLANE_ANGLE_UNIT() SI_UNIT($,.RADIAN.) );
#11821 = ( NAMED_UNIT(*) SI_UNIT($,.STERADIAN.) SOLID_ANGLE_UNIT() );
#11822 = UNCERTAINTY_MEASURE_WITH_UNIT(LENGTH_MEASURE(1.E-07),#11819,
  'distance_accuracy_value','confusion accuracy');
#11823 = CONTEXT_DEPENDENT_SHAPE_REPRESENTATION(#11824,#11826);
#11824 = ( REPRESENTATION_RELATIONSHIP('','',#11805,#112) 
REPRESENTATION_RELATIONSHIP_WITH_TRANSFORMATION(#11825) 
SHAPE_REPRESENTATION_RELATIONSHIP() );
#11825 = ITEM_DEFINED_TRANSFORMATION('','',#11,#1433);
#11826 = PRODUCT_DEFINITION_SHAPE('Placement','Placement of an item',
  #11827);
#11827 = NEXT_ASSEMBLY_USAGE_OCCURRENCE('1894','M18','',#107,#11800,$);
#11828 = PRODUCT_RELATED_PRODUCT_CATEGORY('part',$,(#11802));
#11829 = SHAPE_DEFINITION_REPRESENTATION(#11830,#11836);
#11830 = PRODUCT_DEFINITION_SHAPE('','',#11831);
#11831 = PRODUCT_DEFINITION('design','',#11832,#11835);
#11832 = PRODUCT_DEFINITION_FORMATION('','',#11833);
#11833 = PRODUCT('L18','L18','',(#11834));
#11834 = PRODUCT_CONTEXT('',#2,'mechanical');
#11835 = PRODUCT_DEFINITION_CONTEXT('part definition',#2,'design');
#11836 = ADVANCED_BREP_SHAPE_REPRESENTATION('',(#11,#11837),#11849);
#11837 = MANIFOLD_SOLID_BREP('',#11838);
#11838 = CLOSED_SHELL('',(#11839));
#11839 = ADVANCED_FACE('',(#11840),#11844,.T.);
#11840 = FACE_BOUND('',#11841,.T.);
#11841 = VERTEX_LOOP('',#11842);
#11842 = VERTEX_POINT('',#11843);
#11843 = CARTESIAN_POINT('',(0.,0.,-0.175));
#11844 = SPHERICAL_SURFACE('',#11845,0.175);
#11845 = AXIS2_PLACEMENT_3D('',#11846,#11847,#11848);
#11846 = CARTESIAN_POINT('',(0.,0.,0.));
#11847 = DIRECTION('',(0.,0.,1.));
#11848 = DIRECTION('',(1.,0.,-0.));
#11849 = ( GEOMETRIC_REPRESENTATION_CONTEXT(3) 
GLOBAL_UNCERTAINTY_ASSIGNED_CONTEXT((#11853)) 
GLOBAL_UNIT_ASSIGNED_CONTEXT((#11850,#11851,#11852)) 
REPRESENTATION_CONTEXT('Context #1',
  '3D Context with UNIT and UNCERTAINTY') );
#11850 = ( LENGTH_UNIT() NAMED_UNIT(*) SI_UNIT(.MILLI.,.METRE.) );
#11851 = ( NAMED_UNIT(*) PLANE_ANGLE_UNIT() SI_UNIT($,.RADIAN.) );
#11852 = ( NAMED_UNIT(*) SI_UNIT($,.STERADIAN.) SOLID_ANGLE_UNIT() );
#11853 = UNCERTAINTY_MEASURE_WITH_UNIT(LENGTH_MEASURE(1.E-07),#11850,
  'distance_accuracy_value','confusion accuracy');
#11854 = CONTEXT_DEPENDENT_SHAPE_REPRESENTATION(#11855,#11857);
#11855 = ( REPRESENTATION_RELATIONSHIP('','',#11836,#112) 
REPRESENTATION_RELATIONSHIP_WITH_TRANSFORMATION(#11856) 
SHAPE_REPRESENTATION_RELATIONSHIP() );
#11856 = ITEM_DEFINED_TRANSFORMATION('','',#11,#1437);
#11857 = PRODUCT_DEFINITION_SHAPE('Placement','Placement of an item',
  #11858);
#11858 = NEXT_ASSEMBLY_USAGE_OCCURRENCE('1895','L18','',#107,#11831,$);
#11859 = PRODUCT_RELATED_PRODUCT_CATEGORY('part',$,(#11833));
#11860 = SHAPE_DEFINITION_REPRESENTATION(#11861,#11867);
#11861 = PRODUCT_DEFINITION_SHAPE('','',#11862);
#11862 = PRODUCT_DEFINITION('design','',#11863,#11866);
#11863 = PRODUCT_DEFINITION_FORMATION('','',#11864);
#11864 = PRODUCT('K18','K18','',(#11865));
#11865 = PRODUCT_CONTEXT('',#2,'mechanical');
#11866 = PRODUCT_DEFINITION_CONTEXT('part definition',#2,'design');
#11867 = ADVANCED_BREP_SHAPE_REPRESENTATION('',(#11,#11868),#11880);
#11868 = MANIFOLD_SOLID_BREP('',#11869);
#11869 = CLOSED_SHELL('',(#11870));
#11870 = ADVANCED_FACE('',(#11871),#11875,.T.);
#11871 = FACE_BOUND('',#11872,.T.);
#11872 = VERTEX_LOOP('',#11873);
#11873 = VERTEX_POINT('',#11874);
#11874 = CARTESIAN_POINT('',(0.,0.,-0.175));
#11875 = SPHERICAL_SURFACE('',#11876,0.175);
#11876 = AXIS2_PLACEMENT_3D('',#11877,#11878,#11879);
#11877 = CARTESIAN_POINT('',(0.,0.,0.));
#11878 = DIRECTION('',(0.,0.,1.));
#11879 = DIRECTION('',(1.,0.,-0.));
#11880 = ( GEOMETRIC_REPRESENTATION_CONTEXT(3) 
GLOBAL_UNCERTAINTY_ASSIGNED_CONTEXT((#11884)) 
GLOBAL_UNIT_ASSIGNED_CONTEXT((#11881,#11882,#11883)) 
REPRESENTATION_CONTEXT('Context #1',
  '3D Context with UNIT and UNCERTAINTY') );
#11881 = ( LENGTH_UNIT() NAMED_UNIT(*) SI_UNIT(.MILLI.,.METRE.) );
#11882 = ( NAMED_UNIT(*) PLANE_ANGLE_UNIT() SI_UNIT($,.RADIAN.) );
#11883 = ( NAMED_UNIT(*) SI_UNIT($,.STERADIAN.) SOLID_ANGLE_UNIT() );
#11884 = UNCERTAINTY_MEASURE_WITH_UNIT(LENGTH_MEASURE(1.E-07),#11881,
  'distance_accuracy_value','confusion accuracy');
#11885 = CONTEXT_DEPENDENT_SHAPE_REPRESENTATION(#11886,#11888);
#11886 = ( REPRESENTATION_RELATIONSHIP('','',#11867,#112) 
REPRESENTATION_RELATIONSHIP_WITH_TRANSFORMATION(#11887) 
SHAPE_REPRESENTATION_RELATIONSHIP() );
#11887 = ITEM_DEFINED_TRANSFORMATION('','',#11,#1441);
#11888 = PRODUCT_DEFINITION_SHAPE('Placement','Placement of an item',
  #11889);
#11889 = NEXT_ASSEMBLY_USAGE_OCCURRENCE('1896','K18','',#107,#11862,$);
#11890 = PRODUCT_RELATED_PRODUCT_CATEGORY('part',$,(#11864));
#11891 = SHAPE_DEFINITION_REPRESENTATION(#11892,#11898);
#11892 = PRODUCT_DEFINITION_SHAPE('','',#11893);
#11893 = PRODUCT_DEFINITION('design','',#11894,#11897);
#11894 = PRODUCT_DEFINITION_FORMATION('','',#11895);
#11895 = PRODUCT('J18','J18','',(#11896));
#11896 = PRODUCT_CONTEXT('',#2,'mechanical');
#11897 = PRODUCT_DEFINITION_CONTEXT('part definition',#2,'design');
#11898 = ADVANCED_BREP_SHAPE_REPRESENTATION('',(#11,#11899),#11911);
#11899 = MANIFOLD_SOLID_BREP('',#11900);
#11900 = CLOSED_SHELL('',(#11901));
#11901 = ADVANCED_FACE('',(#11902),#11906,.T.);
#11902 = FACE_BOUND('',#11903,.T.);
#11903 = VERTEX_LOOP('',#11904);
#11904 = VERTEX_POINT('',#11905);
#11905 = CARTESIAN_POINT('',(0.,0.,-0.175));
#11906 = SPHERICAL_SURFACE('',#11907,0.175);
#11907 = AXIS2_PLACEMENT_3D('',#11908,#11909,#11910);
#11908 = CARTESIAN_POINT('',(0.,0.,0.));
#11909 = DIRECTION('',(0.,0.,1.));
#11910 = DIRECTION('',(1.,0.,-0.));
#11911 = ( GEOMETRIC_REPRESENTATION_CONTEXT(3) 
GLOBAL_UNCERTAINTY_ASSIGNED_CONTEXT((#11915)) 
GLOBAL_UNIT_ASSIGNED_CONTEXT((#11912,#11913,#11914)) 
REPRESENTATION_CONTEXT('Context #1',
  '3D Context with UNIT and UNCERTAINTY') );
#11912 = ( LENGTH_UNIT() NAMED_UNIT(*) SI_UNIT(.MILLI.,.METRE.) );
#11913 = ( NAMED_UNIT(*) PLANE_ANGLE_UNIT() SI_UNIT($,.RADIAN.) );
#11914 = ( NAMED_UNIT(*) SI_UNIT($,.STERADIAN.) SOLID_ANGLE_UNIT() );
#11915 = UNCERTAINTY_MEASURE_WITH_UNIT(LENGTH_MEASURE(1.E-07),#11912,
  'distance_accuracy_value','confusion accuracy');
#11916 = CONTEXT_DEPENDENT_SHAPE_REPRESENTATION(#11917,#11919);
#11917 = ( REPRESENTATION_RELATIONSHIP('','',#11898,#112) 
REPRESENTATION_RELATIONSHIP_WITH_TRANSFORMATION(#11918) 
SHAPE_REPRESENTATION_RELATIONSHIP() );
#11918 = ITEM_DEFINED_TRANSFORMATION('','',#11,#1445);
#11919 = PRODUCT_DEFINITION_SHAPE('Placement','Placement of an item',
  #11920);
#11920 = NEXT_ASSEMBLY_USAGE_OCCURRENCE('1897','J18','',#107,#11893,$);
#11921 = PRODUCT_RELATED_PRODUCT_CATEGORY('part',$,(#11895));
#11922 = SHAPE_DEFINITION_REPRESENTATION(#11923,#11929);
#11923 = PRODUCT_DEFINITION_SHAPE('','',#11924);
#11924 = PRODUCT_DEFINITION('design','',#11925,#11928);
#11925 = PRODUCT_DEFINITION_FORMATION('','',#11926);
#11926 = PRODUCT('H18','H18','',(#11927));
#11927 = PRODUCT_CONTEXT('',#2,'mechanical');
#11928 = PRODUCT_DEFINITION_CONTEXT('part definition',#2,'design');
#11929 = ADVANCED_BREP_SHAPE_REPRESENTATION('',(#11,#11930),#11942);
#11930 = MANIFOLD_SOLID_BREP('',#11931);
#11931 = CLOSED_SHELL('',(#11932));
#11932 = ADVANCED_FACE('',(#11933),#11937,.T.);
#11933 = FACE_BOUND('',#11934,.T.);
#11934 = VERTEX_LOOP('',#11935);
#11935 = VERTEX_POINT('',#11936);
#11936 = CARTESIAN_POINT('',(0.,0.,-0.175));
#11937 = SPHERICAL_SURFACE('',#11938,0.175);
#11938 = AXIS2_PLACEMENT_3D('',#11939,#11940,#11941);
#11939 = CARTESIAN_POINT('',(0.,0.,0.));
#11940 = DIRECTION('',(0.,0.,1.));
#11941 = DIRECTION('',(1.,0.,-0.));
#11942 = ( GEOMETRIC_REPRESENTATION_CONTEXT(3) 
GLOBAL_UNCERTAINTY_ASSIGNED_CONTEXT((#11946)) 
GLOBAL_UNIT_ASSIGNED_CONTEXT((#11943,#11944,#11945)) 
REPRESENTATION_CONTEXT('Context #1',
  '3D Context with UNIT and UNCERTAINTY') );
#11943 = ( LENGTH_UNIT() NAMED_UNIT(*) SI_UNIT(.MILLI.,.METRE.) );
#11944 = ( NAMED_UNIT(*) PLANE_ANGLE_UNIT() SI_UNIT($,.RADIAN.) );
#11945 = ( NAMED_UNIT(*) SI_UNIT($,.STERADIAN.) SOLID_ANGLE_UNIT() );
#11946 = UNCERTAINTY_MEASURE_WITH_UNIT(LENGTH_MEASURE(1.E-07),#11943,
  'distance_accuracy_value','confusion accuracy');
#11947 = CONTEXT_DEPENDENT_SHAPE_REPRESENTATION(#11948,#11950);
#11948 = ( REPRESENTATION_RELATIONSHIP('','',#11929,#112) 
REPRESENTATION_RELATIONSHIP_WITH_TRANSFORMATION(#11949) 
SHAPE_REPRESENTATION_RELATIONSHIP() );
#11949 = ITEM_DEFINED_TRANSFORMATION('','',#11,#1449);
#11950 = PRODUCT_DEFINITION_SHAPE('Placement','Placement of an item',
  #11951);
#11951 = NEXT_ASSEMBLY_USAGE_OCCURRENCE('1898','H18','',#107,#11924,$);
#11952 = PRODUCT_RELATED_PRODUCT_CATEGORY('part',$,(#11926));
#11953 = SHAPE_DEFINITION_REPRESENTATION(#11954,#11960);
#11954 = PRODUCT_DEFINITION_SHAPE('','',#11955);
#11955 = PRODUCT_DEFINITION('design','',#11956,#11959);
#11956 = PRODUCT_DEFINITION_FORMATION('','',#11957);
#11957 = PRODUCT('G18','G18','',(#11958));
#11958 = PRODUCT_CONTEXT('',#2,'mechanical');
#11959 = PRODUCT_DEFINITION_CONTEXT('part definition',#2,'design');
#11960 = ADVANCED_BREP_SHAPE_REPRESENTATION('',(#11,#11961),#11973);
#11961 = MANIFOLD_SOLID_BREP('',#11962);
#11962 = CLOSED_SHELL('',(#11963));
#11963 = ADVANCED_FACE('',(#11964),#11968,.T.);
#11964 = FACE_BOUND('',#11965,.T.);
#11965 = VERTEX_LOOP('',#11966);
#11966 = VERTEX_POINT('',#11967);
#11967 = CARTESIAN_POINT('',(0.,0.,-0.175));
#11968 = SPHERICAL_SURFACE('',#11969,0.175);
#11969 = AXIS2_PLACEMENT_3D('',#11970,#11971,#11972);
#11970 = CARTESIAN_POINT('',(0.,0.,0.));
#11971 = DIRECTION('',(0.,0.,1.));
#11972 = DIRECTION('',(1.,0.,-0.));
#11973 = ( GEOMETRIC_REPRESENTATION_CONTEXT(3) 
GLOBAL_UNCERTAINTY_ASSIGNED_CONTEXT((#11977)) 
GLOBAL_UNIT_ASSIGNED_CONTEXT((#11974,#11975,#11976)) 
REPRESENTATION_CONTEXT('Context #1',
  '3D Context with UNIT and UNCERTAINTY') );
#11974 = ( LENGTH_UNIT() NAMED_UNIT(*) SI_UNIT(.MILLI.,.METRE.) );
#11975 = ( NAMED_UNIT(*) PLANE_ANGLE_UNIT() SI_UNIT($,.RADIAN.) );
#11976 = ( NAMED_UNIT(*) SI_UNIT($,.STERADIAN.) SOLID_ANGLE_UNIT() );
#11977 = UNCERTAINTY_MEASURE_WITH_UNIT(LENGTH_MEASURE(1.E-07),#11974,
  'distance_accuracy_value','confusion accuracy');
#11978 = CONTEXT_DEPENDENT_SHAPE_REPRESENTATION(#11979,#11981);
#11979 = ( REPRESENTATION_RELATIONSHIP('','',#11960,#112) 
REPRESENTATION_RELATIONSHIP_WITH_TRANSFORMATION(#11980) 
SHAPE_REPRESENTATION_RELATIONSHIP() );
#11980 = ITEM_DEFINED_TRANSFORMATION('','',#11,#1453);
#11981 = PRODUCT_DEFINITION_SHAPE('Placement','Placement of an item',
  #11982);
#11982 = NEXT_ASSEMBLY_USAGE_OCCURRENCE('1899','G18','',#107,#11955,$);
#11983 = PRODUCT_RELATED_PRODUCT_CATEGORY('part',$,(#11957));
#11984 = SHAPE_DEFINITION_REPRESENTATION(#11985,#11991);
#11985 = PRODUCT_DEFINITION_SHAPE('','',#11986);
#11986 = PRODUCT_DEFINITION('design','',#11987,#11990);
#11987 = PRODUCT_DEFINITION_FORMATION('','',#11988);
#11988 = PRODUCT('F18','F18','',(#11989));
#11989 = PRODUCT_CONTEXT('',#2,'mechanical');
#11990 = PRODUCT_DEFINITION_CONTEXT('part definition',#2,'design');
#11991 = ADVANCED_BREP_SHAPE_REPRESENTATION('',(#11,#11992),#12004);
#11992 = MANIFOLD_SOLID_BREP('',#11993);
#11993 = CLOSED_SHELL('',(#11994));
#11994 = ADVANCED_FACE('',(#11995),#11999,.T.);
#11995 = FACE_BOUND('',#11996,.T.);
#11996 = VERTEX_LOOP('',#11997);
#11997 = VERTEX_POINT('',#11998);
#11998 = CARTESIAN_POINT('',(0.,0.,-0.175));
#11999 = SPHERICAL_SURFACE('',#12000,0.175);
#12000 = AXIS2_PLACEMENT_3D('',#12001,#12002,#12003);
#12001 = CARTESIAN_POINT('',(0.,0.,0.));
#12002 = DIRECTION('',(0.,0.,1.));
#12003 = DIRECTION('',(1.,0.,-0.));
#12004 = ( GEOMETRIC_REPRESENTATION_CONTEXT(3) 
GLOBAL_UNCERTAINTY_ASSIGNED_CONTEXT((#12008)) 
GLOBAL_UNIT_ASSIGNED_CONTEXT((#12005,#12006,#12007)) 
REPRESENTATION_CONTEXT('Context #1',
  '3D Context with UNIT and UNCERTAINTY') );
#12005 = ( LENGTH_UNIT() NAMED_UNIT(*) SI_UNIT(.MILLI.,.METRE.) );
#12006 = ( NAMED_UNIT(*) PLANE_ANGLE_UNIT() SI_UNIT($,.RADIAN.) );
#12007 = ( NAMED_UNIT(*) SI_UNIT($,.STERADIAN.) SOLID_ANGLE_UNIT() );
#12008 = UNCERTAINTY_MEASURE_WITH_UNIT(LENGTH_MEASURE(1.E-07),#12005,
  'distance_accuracy_value','confusion accuracy');
#12009 = CONTEXT_DEPENDENT_SHAPE_REPRESENTATION(#12010,#12012);
#12010 = ( REPRESENTATION_RELATIONSHIP('','',#11991,#112) 
REPRESENTATION_RELATIONSHIP_WITH_TRANSFORMATION(#12011) 
SHAPE_REPRESENTATION_RELATIONSHIP() );
#12011 = ITEM_DEFINED_TRANSFORMATION('','',#11,#1457);
#12012 = PRODUCT_DEFINITION_SHAPE('Placement','Placement of an item',
  #12013);
#12013 = NEXT_ASSEMBLY_USAGE_OCCURRENCE('1900','F18','',#107,#11986,$);
#12014 = PRODUCT_RELATED_PRODUCT_CATEGORY('part',$,(#11988));
#12015 = SHAPE_DEFINITION_REPRESENTATION(#12016,#12022);
#12016 = PRODUCT_DEFINITION_SHAPE('','',#12017);
#12017 = PRODUCT_DEFINITION('design','',#12018,#12021);
#12018 = PRODUCT_DEFINITION_FORMATION('','',#12019);
#12019 = PRODUCT('E18','E18','',(#12020));
#12020 = PRODUCT_CONTEXT('',#2,'mechanical');
#12021 = PRODUCT_DEFINITION_CONTEXT('part definition',#2,'design');
#12022 = ADVANCED_BREP_SHAPE_REPRESENTATION('',(#11,#12023),#12035);
#12023 = MANIFOLD_SOLID_BREP('',#12024);
#12024 = CLOSED_SHELL('',(#12025));
#12025 = ADVANCED_FACE('',(#12026),#12030,.T.);
#12026 = FACE_BOUND('',#12027,.T.);
#12027 = VERTEX_LOOP('',#12028);
#12028 = VERTEX_POINT('',#12029);
#12029 = CARTESIAN_POINT('',(0.,0.,-0.175));
#12030 = SPHERICAL_SURFACE('',#12031,0.175);
#12031 = AXIS2_PLACEMENT_3D('',#12032,#12033,#12034);
#12032 = CARTESIAN_POINT('',(0.,0.,0.));
#12033 = DIRECTION('',(0.,0.,1.));
#12034 = DIRECTION('',(1.,0.,-0.));
#12035 = ( GEOMETRIC_REPRESENTATION_CONTEXT(3) 
GLOBAL_UNCERTAINTY_ASSIGNED_CONTEXT((#12039)) 
GLOBAL_UNIT_ASSIGNED_CONTEXT((#12036,#12037,#12038)) 
REPRESENTATION_CONTEXT('Context #1',
  '3D Context with UNIT and UNCERTAINTY') );
#12036 = ( LENGTH_UNIT() NAMED_UNIT(*) SI_UNIT(.MILLI.,.METRE.) );
#12037 = ( NAMED_UNIT(*) PLANE_ANGLE_UNIT() SI_UNIT($,.RADIAN.) );
#12038 = ( NAMED_UNIT(*) SI_UNIT($,.STERADIAN.) SOLID_ANGLE_UNIT() );
#12039 = UNCERTAINTY_MEASURE_WITH_UNIT(LENGTH_MEASURE(1.E-07),#12036,
  'distance_accuracy_value','confusion accuracy');
#12040 = CONTEXT_DEPENDENT_SHAPE_REPRESENTATION(#12041,#12043);
#12041 = ( REPRESENTATION_RELATIONSHIP('','',#12022,#112) 
REPRESENTATION_RELATIONSHIP_WITH_TRANSFORMATION(#12042) 
SHAPE_REPRESENTATION_RELATIONSHIP() );
#12042 = ITEM_DEFINED_TRANSFORMATION('','',#11,#1461);
#12043 = PRODUCT_DEFINITION_SHAPE('Placement','Placement of an item',
  #12044);
#12044 = NEXT_ASSEMBLY_USAGE_OCCURRENCE('1901','E18','',#107,#12017,$);
#12045 = PRODUCT_RELATED_PRODUCT_CATEGORY('part',$,(#12019));
#12046 = SHAPE_DEFINITION_REPRESENTATION(#12047,#12053);
#12047 = PRODUCT_DEFINITION_SHAPE('','',#12048);
#12048 = PRODUCT_DEFINITION('design','',#12049,#12052);
#12049 = PRODUCT_DEFINITION_FORMATION('','',#12050);
#12050 = PRODUCT('D18','D18','',(#12051));
#12051 = PRODUCT_CONTEXT('',#2,'mechanical');
#12052 = PRODUCT_DEFINITION_CONTEXT('part definition',#2,'design');
#12053 = ADVANCED_BREP_SHAPE_REPRESENTATION('',(#11,#12054),#12066);
#12054 = MANIFOLD_SOLID_BREP('',#12055);
#12055 = CLOSED_SHELL('',(#12056));
#12056 = ADVANCED_FACE('',(#12057),#12061,.T.);
#12057 = FACE_BOUND('',#12058,.T.);
#12058 = VERTEX_LOOP('',#12059);
#12059 = VERTEX_POINT('',#12060);
#12060 = CARTESIAN_POINT('',(0.,0.,-0.175));
#12061 = SPHERICAL_SURFACE('',#12062,0.175);
#12062 = AXIS2_PLACEMENT_3D('',#12063,#12064,#12065);
#12063 = CARTESIAN_POINT('',(0.,0.,0.));
#12064 = DIRECTION('',(0.,0.,1.));
#12065 = DIRECTION('',(1.,0.,-0.));
#12066 = ( GEOMETRIC_REPRESENTATION_CONTEXT(3) 
GLOBAL_UNCERTAINTY_ASSIGNED_CONTEXT((#12070)) 
GLOBAL_UNIT_ASSIGNED_CONTEXT((#12067,#12068,#12069)) 
REPRESENTATION_CONTEXT('Context #1',
  '3D Context with UNIT and UNCERTAINTY') );
#12067 = ( LENGTH_UNIT() NAMED_UNIT(*) SI_UNIT(.MILLI.,.METRE.) );
#12068 = ( NAMED_UNIT(*) PLANE_ANGLE_UNIT() SI_UNIT($,.RADIAN.) );
#12069 = ( NAMED_UNIT(*) SI_UNIT($,.STERADIAN.) SOLID_ANGLE_UNIT() );
#12070 = UNCERTAINTY_MEASURE_WITH_UNIT(LENGTH_MEASURE(1.E-07),#12067,
  'distance_accuracy_value','confusion accuracy');
#12071 = CONTEXT_DEPENDENT_SHAPE_REPRESENTATION(#12072,#12074);
#12072 = ( REPRESENTATION_RELATIONSHIP('','',#12053,#112) 
REPRESENTATION_RELATIONSHIP_WITH_TRANSFORMATION(#12073) 
SHAPE_REPRESENTATION_RELATIONSHIP() );
#12073 = ITEM_DEFINED_TRANSFORMATION('','',#11,#1465);
#12074 = PRODUCT_DEFINITION_SHAPE('Placement','Placement of an item',
  #12075);
#12075 = NEXT_ASSEMBLY_USAGE_OCCURRENCE('1902','D18','',#107,#12048,$);
#12076 = PRODUCT_RELATED_PRODUCT_CATEGORY('part',$,(#12050));
#12077 = SHAPE_DEFINITION_REPRESENTATION(#12078,#12084);
#12078 = PRODUCT_DEFINITION_SHAPE('','',#12079);
#12079 = PRODUCT_DEFINITION('design','',#12080,#12083);
#12080 = PRODUCT_DEFINITION_FORMATION('','',#12081);
#12081 = PRODUCT('C18','C18','',(#12082));
#12082 = PRODUCT_CONTEXT('',#2,'mechanical');
#12083 = PRODUCT_DEFINITION_CONTEXT('part definition',#2,'design');
#12084 = ADVANCED_BREP_SHAPE_REPRESENTATION('',(#11,#12085),#12097);
#12085 = MANIFOLD_SOLID_BREP('',#12086);
#12086 = CLOSED_SHELL('',(#12087));
#12087 = ADVANCED_FACE('',(#12088),#12092,.T.);
#12088 = FACE_BOUND('',#12089,.T.);
#12089 = VERTEX_LOOP('',#12090);
#12090 = VERTEX_POINT('',#12091);
#12091 = CARTESIAN_POINT('',(0.,0.,-0.175));
#12092 = SPHERICAL_SURFACE('',#12093,0.175);
#12093 = AXIS2_PLACEMENT_3D('',#12094,#12095,#12096);
#12094 = CARTESIAN_POINT('',(0.,0.,0.));
#12095 = DIRECTION('',(0.,0.,1.));
#12096 = DIRECTION('',(1.,0.,-0.));
#12097 = ( GEOMETRIC_REPRESENTATION_CONTEXT(3) 
GLOBAL_UNCERTAINTY_ASSIGNED_CONTEXT((#12101)) 
GLOBAL_UNIT_ASSIGNED_CONTEXT((#12098,#12099,#12100)) 
REPRESENTATION_CONTEXT('Context #1',
  '3D Context with UNIT and UNCERTAINTY') );
#12098 = ( LENGTH_UNIT() NAMED_UNIT(*) SI_UNIT(.MILLI.,.METRE.) );
#12099 = ( NAMED_UNIT(*) PLANE_ANGLE_UNIT() SI_UNIT($,.RADIAN.) );
#12100 = ( NAMED_UNIT(*) SI_UNIT($,.STERADIAN.) SOLID_ANGLE_UNIT() );
#12101 = UNCERTAINTY_MEASURE_WITH_UNIT(LENGTH_MEASURE(1.E-07),#12098,
  'distance_accuracy_value','confusion accuracy');
#12102 = CONTEXT_DEPENDENT_SHAPE_REPRESENTATION(#12103,#12105);
#12103 = ( REPRESENTATION_RELATIONSHIP('','',#12084,#112) 
REPRESENTATION_RELATIONSHIP_WITH_TRANSFORMATION(#12104) 
SHAPE_REPRESENTATION_RELATIONSHIP() );
#12104 = ITEM_DEFINED_TRANSFORMATION('','',#11,#1469);
#12105 = PRODUCT_DEFINITION_SHAPE('Placement','Placement of an item',
  #12106);
#12106 = NEXT_ASSEMBLY_USAGE_OCCURRENCE('1903','C18','',#107,#12079,$);
#12107 = PRODUCT_RELATED_PRODUCT_CATEGORY('part',$,(#12081));
#12108 = SHAPE_DEFINITION_REPRESENTATION(#12109,#12115);
#12109 = PRODUCT_DEFINITION_SHAPE('','',#12110);
#12110 = PRODUCT_DEFINITION('design','',#12111,#12114);
#12111 = PRODUCT_DEFINITION_FORMATION('','',#12112);
#12112 = PRODUCT('B18','B18','',(#12113));
#12113 = PRODUCT_CONTEXT('',#2,'mechanical');
#12114 = PRODUCT_DEFINITION_CONTEXT('part definition',#2,'design');
#12115 = ADVANCED_BREP_SHAPE_REPRESENTATION('',(#11,#12116),#12128);
#12116 = MANIFOLD_SOLID_BREP('',#12117);
#12117 = CLOSED_SHELL('',(#12118));
#12118 = ADVANCED_FACE('',(#12119),#12123,.T.);
#12119 = FACE_BOUND('',#12120,.T.);
#12120 = VERTEX_LOOP('',#12121);
#12121 = VERTEX_POINT('',#12122);
#12122 = CARTESIAN_POINT('',(0.,0.,-0.175));
#12123 = SPHERICAL_SURFACE('',#12124,0.175);
#12124 = AXIS2_PLACEMENT_3D('',#12125,#12126,#12127);
#12125 = CARTESIAN_POINT('',(0.,0.,0.));
#12126 = DIRECTION('',(0.,0.,1.));
#12127 = DIRECTION('',(1.,0.,-0.));
#12128 = ( GEOMETRIC_REPRESENTATION_CONTEXT(3) 
GLOBAL_UNCERTAINTY_ASSIGNED_CONTEXT((#12132)) 
GLOBAL_UNIT_ASSIGNED_CONTEXT((#12129,#12130,#12131)) 
REPRESENTATION_CONTEXT('Context #1',
  '3D Context with UNIT and UNCERTAINTY') );
#12129 = ( LENGTH_UNIT() NAMED_UNIT(*) SI_UNIT(.MILLI.,.METRE.) );
#12130 = ( NAMED_UNIT(*) PLANE_ANGLE_UNIT() SI_UNIT($,.RADIAN.) );
#12131 = ( NAMED_UNIT(*) SI_UNIT($,.STERADIAN.) SOLID_ANGLE_UNIT() );
#12132 = UNCERTAINTY_MEASURE_WITH_UNIT(LENGTH_MEASURE(1.E-07),#12129,
  'distance_accuracy_value','confusion accuracy');
#12133 = CONTEXT_DEPENDENT_SHAPE_REPRESENTATION(#12134,#12136);
#12134 = ( REPRESENTATION_RELATIONSHIP('','',#12115,#112) 
REPRESENTATION_RELATIONSHIP_WITH_TRANSFORMATION(#12135) 
SHAPE_REPRESENTATION_RELATIONSHIP() );
#12135 = ITEM_DEFINED_TRANSFORMATION('','',#11,#1473);
#12136 = PRODUCT_DEFINITION_SHAPE('Placement','Placement of an item',
  #12137);
#12137 = NEXT_ASSEMBLY_USAGE_OCCURRENCE('1904','B18','',#107,#12110,$);
#12138 = PRODUCT_RELATED_PRODUCT_CATEGORY('part',$,(#12112));
#12139 = SHAPE_DEFINITION_REPRESENTATION(#12140,#12146);
#12140 = PRODUCT_DEFINITION_SHAPE('','',#12141);
#12141 = PRODUCT_DEFINITION('design','',#12142,#12145);
#12142 = PRODUCT_DEFINITION_FORMATION('','',#12143);
#12143 = PRODUCT('A18','A18','',(#12144));
#12144 = PRODUCT_CONTEXT('',#2,'mechanical');
#12145 = PRODUCT_DEFINITION_CONTEXT('part definition',#2,'design');
#12146 = ADVANCED_BREP_SHAPE_REPRESENTATION('',(#11,#12147),#12159);
#12147 = MANIFOLD_SOLID_BREP('',#12148);
#12148 = CLOSED_SHELL('',(#12149));
#12149 = ADVANCED_FACE('',(#12150),#12154,.T.);
#12150 = FACE_BOUND('',#12151,.T.);
#12151 = VERTEX_LOOP('',#12152);
#12152 = VERTEX_POINT('',#12153);
#12153 = CARTESIAN_POINT('',(0.,0.,-0.175));
#12154 = SPHERICAL_SURFACE('',#12155,0.175);
#12155 = AXIS2_PLACEMENT_3D('',#12156,#12157,#12158);
#12156 = CARTESIAN_POINT('',(0.,0.,0.));
#12157 = DIRECTION('',(0.,0.,1.));
#12158 = DIRECTION('',(1.,0.,-0.));
#12159 = ( GEOMETRIC_REPRESENTATION_CONTEXT(3) 
GLOBAL_UNCERTAINTY_ASSIGNED_CONTEXT((#12163)) 
GLOBAL_UNIT_ASSIGNED_CONTEXT((#12160,#12161,#12162)) 
REPRESENTATION_CONTEXT('Context #1',
  '3D Context with UNIT and UNCERTAINTY') );
#12160 = ( LENGTH_UNIT() NAMED_UNIT(*) SI_UNIT(.MILLI.,.METRE.) );
#12161 = ( NAMED_UNIT(*) PLANE_ANGLE_UNIT() SI_UNIT($,.RADIAN.) );
#12162 = ( NAMED_UNIT(*) SI_UNIT($,.STERADIAN.) SOLID_ANGLE_UNIT() );
#12163 = UNCERTAINTY_MEASURE_WITH_UNIT(LENGTH_MEASURE(1.E-07),#12160,
  'distance_accuracy_value','confusion accuracy');
#12164 = CONTEXT_DEPENDENT_SHAPE_REPRESENTATION(#12165,#12167);
#12165 = ( REPRESENTATION_RELATIONSHIP('','',#12146,#112) 
REPRESENTATION_RELATIONSHIP_WITH_TRANSFORMATION(#12166) 
SHAPE_REPRESENTATION_RELATIONSHIP() );
#12166 = ITEM_DEFINED_TRANSFORMATION('','',#11,#1477);
#12167 = PRODUCT_DEFINITION_SHAPE('Placement','Placement of an item',
  #12168);
#12168 = NEXT_ASSEMBLY_USAGE_OCCURRENCE('1905','A18','',#107,#12141,$);
#12169 = PRODUCT_RELATED_PRODUCT_CATEGORY('part',$,(#12143));
#12170 = SHAPE_DEFINITION_REPRESENTATION(#12171,#12177);
#12171 = PRODUCT_DEFINITION_SHAPE('','',#12172);
#12172 = PRODUCT_DEFINITION('design','',#12173,#12176);
#12173 = PRODUCT_DEFINITION_FORMATION('','',#12174);
#12174 = PRODUCT('W19','W19','',(#12175));
#12175 = PRODUCT_CONTEXT('',#2,'mechanical');
#12176 = PRODUCT_DEFINITION_CONTEXT('part definition',#2,'design');
#12177 = ADVANCED_BREP_SHAPE_REPRESENTATION('',(#11,#12178),#12190);
#12178 = MANIFOLD_SOLID_BREP('',#12179);
#12179 = CLOSED_SHELL('',(#12180));
#12180 = ADVANCED_FACE('',(#12181),#12185,.T.);
#12181 = FACE_BOUND('',#12182,.T.);
#12182 = VERTEX_LOOP('',#12183);
#12183 = VERTEX_POINT('',#12184);
#12184 = CARTESIAN_POINT('',(0.,0.,-0.175));
#12185 = SPHERICAL_SURFACE('',#12186,0.175);
#12186 = AXIS2_PLACEMENT_3D('',#12187,#12188,#12189);
#12187 = CARTESIAN_POINT('',(0.,0.,0.));
#12188 = DIRECTION('',(0.,0.,1.));
#12189 = DIRECTION('',(1.,0.,-0.));
#12190 = ( GEOMETRIC_REPRESENTATION_CONTEXT(3) 
GLOBAL_UNCERTAINTY_ASSIGNED_CONTEXT((#12194)) 
GLOBAL_UNIT_ASSIGNED_CONTEXT((#12191,#12192,#12193)) 
REPRESENTATION_CONTEXT('Context #1',
  '3D Context with UNIT and UNCERTAINTY') );
#12191 = ( LENGTH_UNIT() NAMED_UNIT(*) SI_UNIT(.MILLI.,.METRE.) );
#12192 = ( NAMED_UNIT(*) PLANE_ANGLE_UNIT() SI_UNIT($,.RADIAN.) );
#12193 = ( NAMED_UNIT(*) SI_UNIT($,.STERADIAN.) SOLID_ANGLE_UNIT() );
#12194 = UNCERTAINTY_MEASURE_WITH_UNIT(LENGTH_MEASURE(1.E-07),#12191,
  'distance_accuracy_value','confusion accuracy');
#12195 = CONTEXT_DEPENDENT_SHAPE_REPRESENTATION(#12196,#12198);
#12196 = ( REPRESENTATION_RELATIONSHIP('','',#12177,#112) 
REPRESENTATION_RELATIONSHIP_WITH_TRANSFORMATION(#12197) 
SHAPE_REPRESENTATION_RELATIONSHIP() );
#12197 = ITEM_DEFINED_TRANSFORMATION('','',#11,#1481);
#12198 = PRODUCT_DEFINITION_SHAPE('Placement','Placement of an item',
  #12199);
#12199 = NEXT_ASSEMBLY_USAGE_OCCURRENCE('1906','W19','',#107,#12172,$);
#12200 = PRODUCT_RELATED_PRODUCT_CATEGORY('part',$,(#12174));
#12201 = SHAPE_DEFINITION_REPRESENTATION(#12202,#12208);
#12202 = PRODUCT_DEFINITION_SHAPE('','',#12203);
#12203 = PRODUCT_DEFINITION('design','',#12204,#12207);
#12204 = PRODUCT_DEFINITION_FORMATION('','',#12205);
#12205 = PRODUCT('V19','V19','',(#12206));
#12206 = PRODUCT_CONTEXT('',#2,'mechanical');
#12207 = PRODUCT_DEFINITION_CONTEXT('part definition',#2,'design');
#12208 = ADVANCED_BREP_SHAPE_REPRESENTATION('',(#11,#12209),#12221);
#12209 = MANIFOLD_SOLID_BREP('',#12210);
#12210 = CLOSED_SHELL('',(#12211));
#12211 = ADVANCED_FACE('',(#12212),#12216,.T.);
#12212 = FACE_BOUND('',#12213,.T.);
#12213 = VERTEX_LOOP('',#12214);
#12214 = VERTEX_POINT('',#12215);
#12215 = CARTESIAN_POINT('',(0.,0.,-0.175));
#12216 = SPHERICAL_SURFACE('',#12217,0.175);
#12217 = AXIS2_PLACEMENT_3D('',#12218,#12219,#12220);
#12218 = CARTESIAN_POINT('',(0.,0.,0.));
#12219 = DIRECTION('',(0.,0.,1.));
#12220 = DIRECTION('',(1.,0.,-0.));
#12221 = ( GEOMETRIC_REPRESENTATION_CONTEXT(3) 
GLOBAL_UNCERTAINTY_ASSIGNED_CONTEXT((#12225)) 
GLOBAL_UNIT_ASSIGNED_CONTEXT((#12222,#12223,#12224)) 
REPRESENTATION_CONTEXT('Context #1',
  '3D Context with UNIT and UNCERTAINTY') );
#12222 = ( LENGTH_UNIT() NAMED_UNIT(*) SI_UNIT(.MILLI.,.METRE.) );
#12223 = ( NAMED_UNIT(*) PLANE_ANGLE_UNIT() SI_UNIT($,.RADIAN.) );
#12224 = ( NAMED_UNIT(*) SI_UNIT($,.STERADIAN.) SOLID_ANGLE_UNIT() );
#12225 = UNCERTAINTY_MEASURE_WITH_UNIT(LENGTH_MEASURE(1.E-07),#12222,
  'distance_accuracy_value','confusion accuracy');
#12226 = CONTEXT_DEPENDENT_SHAPE_REPRESENTATION(#12227,#12229);
#12227 = ( REPRESENTATION_RELATIONSHIP('','',#12208,#112) 
REPRESENTATION_RELATIONSHIP_WITH_TRANSFORMATION(#12228) 
SHAPE_REPRESENTATION_RELATIONSHIP() );
#12228 = ITEM_DEFINED_TRANSFORMATION('','',#11,#1485);
#12229 = PRODUCT_DEFINITION_SHAPE('Placement','Placement of an item',
  #12230);
#12230 = NEXT_ASSEMBLY_USAGE_OCCURRENCE('1907','V19','',#107,#12203,$);
#12231 = PRODUCT_RELATED_PRODUCT_CATEGORY('part',$,(#12205));
#12232 = SHAPE_DEFINITION_REPRESENTATION(#12233,#12239);
#12233 = PRODUCT_DEFINITION_SHAPE('','',#12234);
#12234 = PRODUCT_DEFINITION('design','',#12235,#12238);
#12235 = PRODUCT_DEFINITION_FORMATION('','',#12236);
#12236 = PRODUCT('U19','U19','',(#12237));
#12237 = PRODUCT_CONTEXT('',#2,'mechanical');
#12238 = PRODUCT_DEFINITION_CONTEXT('part definition',#2,'design');
#12239 = ADVANCED_BREP_SHAPE_REPRESENTATION('',(#11,#12240),#12252);
#12240 = MANIFOLD_SOLID_BREP('',#12241);
#12241 = CLOSED_SHELL('',(#12242));
#12242 = ADVANCED_FACE('',(#12243),#12247,.T.);
#12243 = FACE_BOUND('',#12244,.T.);
#12244 = VERTEX_LOOP('',#12245);
#12245 = VERTEX_POINT('',#12246);
#12246 = CARTESIAN_POINT('',(0.,0.,-0.175));
#12247 = SPHERICAL_SURFACE('',#12248,0.175);
#12248 = AXIS2_PLACEMENT_3D('',#12249,#12250,#12251);
#12249 = CARTESIAN_POINT('',(0.,0.,0.));
#12250 = DIRECTION('',(0.,0.,1.));
#12251 = DIRECTION('',(1.,0.,-0.));
#12252 = ( GEOMETRIC_REPRESENTATION_CONTEXT(3) 
GLOBAL_UNCERTAINTY_ASSIGNED_CONTEXT((#12256)) 
GLOBAL_UNIT_ASSIGNED_CONTEXT((#12253,#12254,#12255)) 
REPRESENTATION_CONTEXT('Context #1',
  '3D Context with UNIT and UNCERTAINTY') );
#12253 = ( LENGTH_UNIT() NAMED_UNIT(*) SI_UNIT(.MILLI.,.METRE.) );
#12254 = ( NAMED_UNIT(*) PLANE_ANGLE_UNIT() SI_UNIT($,.RADIAN.) );
#12255 = ( NAMED_UNIT(*) SI_UNIT($,.STERADIAN.) SOLID_ANGLE_UNIT() );
#12256 = UNCERTAINTY_MEASURE_WITH_UNIT(LENGTH_MEASURE(1.E-07),#12253,
  'distance_accuracy_value','confusion accuracy');
#12257 = CONTEXT_DEPENDENT_SHAPE_REPRESENTATION(#12258,#12260);
#12258 = ( REPRESENTATION_RELATIONSHIP('','',#12239,#112) 
REPRESENTATION_RELATIONSHIP_WITH_TRANSFORMATION(#12259) 
SHAPE_REPRESENTATION_RELATIONSHIP() );
#12259 = ITEM_DEFINED_TRANSFORMATION('','',#11,#1489);
#12260 = PRODUCT_DEFINITION_SHAPE('Placement','Placement of an item',
  #12261);
#12261 = NEXT_ASSEMBLY_USAGE_OCCURRENCE('1908','U19','',#107,#12234,$);
#12262 = PRODUCT_RELATED_PRODUCT_CATEGORY('part',$,(#12236));
#12263 = SHAPE_DEFINITION_REPRESENTATION(#12264,#12270);
#12264 = PRODUCT_DEFINITION_SHAPE('','',#12265);
#12265 = PRODUCT_DEFINITION('design','',#12266,#12269);
#12266 = PRODUCT_DEFINITION_FORMATION('','',#12267);
#12267 = PRODUCT('T19','T19','',(#12268));
#12268 = PRODUCT_CONTEXT('',#2,'mechanical');
#12269 = PRODUCT_DEFINITION_CONTEXT('part definition',#2,'design');
#12270 = ADVANCED_BREP_SHAPE_REPRESENTATION('',(#11,#12271),#12283);
#12271 = MANIFOLD_SOLID_BREP('',#12272);
#12272 = CLOSED_SHELL('',(#12273));
#12273 = ADVANCED_FACE('',(#12274),#12278,.T.);
#12274 = FACE_BOUND('',#12275,.T.);
#12275 = VERTEX_LOOP('',#12276);
#12276 = VERTEX_POINT('',#12277);
#12277 = CARTESIAN_POINT('',(0.,0.,-0.175));
#12278 = SPHERICAL_SURFACE('',#12279,0.175);
#12279 = AXIS2_PLACEMENT_3D('',#12280,#12281,#12282);
#12280 = CARTESIAN_POINT('',(0.,0.,0.));
#12281 = DIRECTION('',(0.,0.,1.));
#12282 = DIRECTION('',(1.,0.,-0.));
#12283 = ( GEOMETRIC_REPRESENTATION_CONTEXT(3) 
GLOBAL_UNCERTAINTY_ASSIGNED_CONTEXT((#12287)) 
GLOBAL_UNIT_ASSIGNED_CONTEXT((#12284,#12285,#12286)) 
REPRESENTATION_CONTEXT('Context #1',
  '3D Context with UNIT and UNCERTAINTY') );
#12284 = ( LENGTH_UNIT() NAMED_UNIT(*) SI_UNIT(.MILLI.,.METRE.) );
#12285 = ( NAMED_UNIT(*) PLANE_ANGLE_UNIT() SI_UNIT($,.RADIAN.) );
#12286 = ( NAMED_UNIT(*) SI_UNIT($,.STERADIAN.) SOLID_ANGLE_UNIT() );
#12287 = UNCERTAINTY_MEASURE_WITH_UNIT(LENGTH_MEASURE(1.E-07),#12284,
  'distance_accuracy_value','confusion accuracy');
#12288 = CONTEXT_DEPENDENT_SHAPE_REPRESENTATION(#12289,#12291);
#12289 = ( REPRESENTATION_RELATIONSHIP('','',#12270,#112) 
REPRESENTATION_RELATIONSHIP_WITH_TRANSFORMATION(#12290) 
SHAPE_REPRESENTATION_RELATIONSHIP() );
#12290 = ITEM_DEFINED_TRANSFORMATION('','',#11,#1493);
#12291 = PRODUCT_DEFINITION_SHAPE('Placement','Placement of an item',
  #12292);
#12292 = NEXT_ASSEMBLY_USAGE_OCCURRENCE('1909','T19','',#107,#12265,$);
#12293 = PRODUCT_RELATED_PRODUCT_CATEGORY('part',$,(#12267));
#12294 = SHAPE_DEFINITION_REPRESENTATION(#12295,#12301);
#12295 = PRODUCT_DEFINITION_SHAPE('','',#12296);
#12296 = PRODUCT_DEFINITION('design','',#12297,#12300);
#12297 = PRODUCT_DEFINITION_FORMATION('','',#12298);
#12298 = PRODUCT('R19','R19','',(#12299));
#12299 = PRODUCT_CONTEXT('',#2,'mechanical');
#12300 = PRODUCT_DEFINITION_CONTEXT('part definition',#2,'design');
#12301 = ADVANCED_BREP_SHAPE_REPRESENTATION('',(#11,#12302),#12314);
#12302 = MANIFOLD_SOLID_BREP('',#12303);
#12303 = CLOSED_SHELL('',(#12304));
#12304 = ADVANCED_FACE('',(#12305),#12309,.T.);
#12305 = FACE_BOUND('',#12306,.T.);
#12306 = VERTEX_LOOP('',#12307);
#12307 = VERTEX_POINT('',#12308);
#12308 = CARTESIAN_POINT('',(0.,0.,-0.175));
#12309 = SPHERICAL_SURFACE('',#12310,0.175);
#12310 = AXIS2_PLACEMENT_3D('',#12311,#12312,#12313);
#12311 = CARTESIAN_POINT('',(0.,0.,0.));
#12312 = DIRECTION('',(0.,0.,1.));
#12313 = DIRECTION('',(1.,0.,-0.));
#12314 = ( GEOMETRIC_REPRESENTATION_CONTEXT(3) 
GLOBAL_UNCERTAINTY_ASSIGNED_CONTEXT((#12318)) 
GLOBAL_UNIT_ASSIGNED_CONTEXT((#12315,#12316,#12317)) 
REPRESENTATION_CONTEXT('Context #1',
  '3D Context with UNIT and UNCERTAINTY') );
#12315 = ( LENGTH_UNIT() NAMED_UNIT(*) SI_UNIT(.MILLI.,.METRE.) );
#12316 = ( NAMED_UNIT(*) PLANE_ANGLE_UNIT() SI_UNIT($,.RADIAN.) );
#12317 = ( NAMED_UNIT(*) SI_UNIT($,.STERADIAN.) SOLID_ANGLE_UNIT() );
#12318 = UNCERTAINTY_MEASURE_WITH_UNIT(LENGTH_MEASURE(1.E-07),#12315,
  'distance_accuracy_value','confusion accuracy');
#12319 = CONTEXT_DEPENDENT_SHAPE_REPRESENTATION(#12320,#12322);
#12320 = ( REPRESENTATION_RELATIONSHIP('','',#12301,#112) 
REPRESENTATION_RELATIONSHIP_WITH_TRANSFORMATION(#12321) 
SHAPE_REPRESENTATION_RELATIONSHIP() );
#12321 = ITEM_DEFINED_TRANSFORMATION('','',#11,#1497);
#12322 = PRODUCT_DEFINITION_SHAPE('Placement','Placement of an item',
  #12323);
#12323 = NEXT_ASSEMBLY_USAGE_OCCURRENCE('1910','R19','',#107,#12296,$);
#12324 = PRODUCT_RELATED_PRODUCT_CATEGORY('part',$,(#12298));
#12325 = SHAPE_DEFINITION_REPRESENTATION(#12326,#12332);
#12326 = PRODUCT_DEFINITION_SHAPE('','',#12327);
#12327 = PRODUCT_DEFINITION('design','',#12328,#12331);
#12328 = PRODUCT_DEFINITION_FORMATION('','',#12329);
#12329 = PRODUCT('P19','P19','',(#12330));
#12330 = PRODUCT_CONTEXT('',#2,'mechanical');
#12331 = PRODUCT_DEFINITION_CONTEXT('part definition',#2,'design');
#12332 = ADVANCED_BREP_SHAPE_REPRESENTATION('',(#11,#12333),#12345);
#12333 = MANIFOLD_SOLID_BREP('',#12334);
#12334 = CLOSED_SHELL('',(#12335));
#12335 = ADVANCED_FACE('',(#12336),#12340,.T.);
#12336 = FACE_BOUND('',#12337,.T.);
#12337 = VERTEX_LOOP('',#12338);
#12338 = VERTEX_POINT('',#12339);
#12339 = CARTESIAN_POINT('',(0.,0.,-0.175));
#12340 = SPHERICAL_SURFACE('',#12341,0.175);
#12341 = AXIS2_PLACEMENT_3D('',#12342,#12343,#12344);
#12342 = CARTESIAN_POINT('',(0.,0.,0.));
#12343 = DIRECTION('',(0.,0.,1.));
#12344 = DIRECTION('',(1.,0.,-0.));
#12345 = ( GEOMETRIC_REPRESENTATION_CONTEXT(3) 
GLOBAL_UNCERTAINTY_ASSIGNED_CONTEXT((#12349)) 
GLOBAL_UNIT_ASSIGNED_CONTEXT((#12346,#12347,#12348)) 
REPRESENTATION_CONTEXT('Context #1',
  '3D Context with UNIT and UNCERTAINTY') );
#12346 = ( LENGTH_UNIT() NAMED_UNIT(*) SI_UNIT(.MILLI.,.METRE.) );
#12347 = ( NAMED_UNIT(*) PLANE_ANGLE_UNIT() SI_UNIT($,.RADIAN.) );
#12348 = ( NAMED_UNIT(*) SI_UNIT($,.STERADIAN.) SOLID_ANGLE_UNIT() );
#12349 = UNCERTAINTY_MEASURE_WITH_UNIT(LENGTH_MEASURE(1.E-07),#12346,
  'distance_accuracy_value','confusion accuracy');
#12350 = CONTEXT_DEPENDENT_SHAPE_REPRESENTATION(#12351,#12353);
#12351 = ( REPRESENTATION_RELATIONSHIP('','',#12332,#112) 
REPRESENTATION_RELATIONSHIP_WITH_TRANSFORMATION(#12352) 
SHAPE_REPRESENTATION_RELATIONSHIP() );
#12352 = ITEM_DEFINED_TRANSFORMATION('','',#11,#1501);
#12353 = PRODUCT_DEFINITION_SHAPE('Placement','Placement of an item',
  #12354);
#12354 = NEXT_ASSEMBLY_USAGE_OCCURRENCE('1911','P19','',#107,#12327,$);
#12355 = PRODUCT_RELATED_PRODUCT_CATEGORY('part',$,(#12329));
#12356 = SHAPE_DEFINITION_REPRESENTATION(#12357,#12363);
#12357 = PRODUCT_DEFINITION_SHAPE('','',#12358);
#12358 = PRODUCT_DEFINITION('design','',#12359,#12362);
#12359 = PRODUCT_DEFINITION_FORMATION('','',#12360);
#12360 = PRODUCT('N19','N19','',(#12361));
#12361 = PRODUCT_CONTEXT('',#2,'mechanical');
#12362 = PRODUCT_DEFINITION_CONTEXT('part definition',#2,'design');
#12363 = ADVANCED_BREP_SHAPE_REPRESENTATION('',(#11,#12364),#12376);
#12364 = MANIFOLD_SOLID_BREP('',#12365);
#12365 = CLOSED_SHELL('',(#12366));
#12366 = ADVANCED_FACE('',(#12367),#12371,.T.);
#12367 = FACE_BOUND('',#12368,.T.);
#12368 = VERTEX_LOOP('',#12369);
#12369 = VERTEX_POINT('',#12370);
#12370 = CARTESIAN_POINT('',(0.,0.,-0.175));
#12371 = SPHERICAL_SURFACE('',#12372,0.175);
#12372 = AXIS2_PLACEMENT_3D('',#12373,#12374,#12375);
#12373 = CARTESIAN_POINT('',(0.,0.,0.));
#12374 = DIRECTION('',(0.,0.,1.));
#12375 = DIRECTION('',(1.,0.,-0.));
#12376 = ( GEOMETRIC_REPRESENTATION_CONTEXT(3) 
GLOBAL_UNCERTAINTY_ASSIGNED_CONTEXT((#12380)) 
GLOBAL_UNIT_ASSIGNED_CONTEXT((#12377,#12378,#12379)) 
REPRESENTATION_CONTEXT('Context #1',
  '3D Context with UNIT and UNCERTAINTY') );
#12377 = ( LENGTH_UNIT() NAMED_UNIT(*) SI_UNIT(.MILLI.,.METRE.) );
#12378 = ( NAMED_UNIT(*) PLANE_ANGLE_UNIT() SI_UNIT($,.RADIAN.) );
#12379 = ( NAMED_UNIT(*) SI_UNIT($,.STERADIAN.) SOLID_ANGLE_UNIT() );
#12380 = UNCERTAINTY_MEASURE_WITH_UNIT(LENGTH_MEASURE(1.E-07),#12377,
  'distance_accuracy_value','confusion accuracy');
#12381 = CONTEXT_DEPENDENT_SHAPE_REPRESENTATION(#12382,#12384);
#12382 = ( REPRESENTATION_RELATIONSHIP('','',#12363,#112) 
REPRESENTATION_RELATIONSHIP_WITH_TRANSFORMATION(#12383) 
SHAPE_REPRESENTATION_RELATIONSHIP() );
#12383 = ITEM_DEFINED_TRANSFORMATION('','',#11,#1505);
#12384 = PRODUCT_DEFINITION_SHAPE('Placement','Placement of an item',
  #12385);
#12385 = NEXT_ASSEMBLY_USAGE_OCCURRENCE('1912','N19','',#107,#12358,$);
#12386 = PRODUCT_RELATED_PRODUCT_CATEGORY('part',$,(#12360));
#12387 = SHAPE_DEFINITION_REPRESENTATION(#12388,#12394);
#12388 = PRODUCT_DEFINITION_SHAPE('','',#12389);
#12389 = PRODUCT_DEFINITION('design','',#12390,#12393);
#12390 = PRODUCT_DEFINITION_FORMATION('','',#12391);
#12391 = PRODUCT('M19','M19','',(#12392));
#12392 = PRODUCT_CONTEXT('',#2,'mechanical');
#12393 = PRODUCT_DEFINITION_CONTEXT('part definition',#2,'design');
#12394 = ADVANCED_BREP_SHAPE_REPRESENTATION('',(#11,#12395),#12407);
#12395 = MANIFOLD_SOLID_BREP('',#12396);
#12396 = CLOSED_SHELL('',(#12397));
#12397 = ADVANCED_FACE('',(#12398),#12402,.T.);
#12398 = FACE_BOUND('',#12399,.T.);
#12399 = VERTEX_LOOP('',#12400);
#12400 = VERTEX_POINT('',#12401);
#12401 = CARTESIAN_POINT('',(0.,0.,-0.175));
#12402 = SPHERICAL_SURFACE('',#12403,0.175);
#12403 = AXIS2_PLACEMENT_3D('',#12404,#12405,#12406);
#12404 = CARTESIAN_POINT('',(0.,0.,0.));
#12405 = DIRECTION('',(0.,0.,1.));
#12406 = DIRECTION('',(1.,0.,-0.));
#12407 = ( GEOMETRIC_REPRESENTATION_CONTEXT(3) 
GLOBAL_UNCERTAINTY_ASSIGNED_CONTEXT((#12411)) 
GLOBAL_UNIT_ASSIGNED_CONTEXT((#12408,#12409,#12410)) 
REPRESENTATION_CONTEXT('Context #1',
  '3D Context with UNIT and UNCERTAINTY') );
#12408 = ( LENGTH_UNIT() NAMED_UNIT(*) SI_UNIT(.MILLI.,.METRE.) );
#12409 = ( NAMED_UNIT(*) PLANE_ANGLE_UNIT() SI_UNIT($,.RADIAN.) );
#12410 = ( NAMED_UNIT(*) SI_UNIT($,.STERADIAN.) SOLID_ANGLE_UNIT() );
#12411 = UNCERTAINTY_MEASURE_WITH_UNIT(LENGTH_MEASURE(1.E-07),#12408,
  'distance_accuracy_value','confusion accuracy');
#12412 = CONTEXT_DEPENDENT_SHAPE_REPRESENTATION(#12413,#12415);
#12413 = ( REPRESENTATION_RELATIONSHIP('','',#12394,#112) 
REPRESENTATION_RELATIONSHIP_WITH_TRANSFORMATION(#12414) 
SHAPE_REPRESENTATION_RELATIONSHIP() );
#12414 = ITEM_DEFINED_TRANSFORMATION('','',#11,#1509);
#12415 = PRODUCT_DEFINITION_SHAPE('Placement','Placement of an item',
  #12416);
#12416 = NEXT_ASSEMBLY_USAGE_OCCURRENCE('1913','M19','',#107,#12389,$);
#12417 = PRODUCT_RELATED_PRODUCT_CATEGORY('part',$,(#12391));
#12418 = SHAPE_DEFINITION_REPRESENTATION(#12419,#12425);
#12419 = PRODUCT_DEFINITION_SHAPE('','',#12420);
#12420 = PRODUCT_DEFINITION('design','',#12421,#12424);
#12421 = PRODUCT_DEFINITION_FORMATION('','',#12422);
#12422 = PRODUCT('L19','L19','',(#12423));
#12423 = PRODUCT_CONTEXT('',#2,'mechanical');
#12424 = PRODUCT_DEFINITION_CONTEXT('part definition',#2,'design');
#12425 = ADVANCED_BREP_SHAPE_REPRESENTATION('',(#11,#12426),#12438);
#12426 = MANIFOLD_SOLID_BREP('',#12427);
#12427 = CLOSED_SHELL('',(#12428));
#12428 = ADVANCED_FACE('',(#12429),#12433,.T.);
#12429 = FACE_BOUND('',#12430,.T.);
#12430 = VERTEX_LOOP('',#12431);
#12431 = VERTEX_POINT('',#12432);
#12432 = CARTESIAN_POINT('',(0.,0.,-0.175));
#12433 = SPHERICAL_SURFACE('',#12434,0.175);
#12434 = AXIS2_PLACEMENT_3D('',#12435,#12436,#12437);
#12435 = CARTESIAN_POINT('',(0.,0.,0.));
#12436 = DIRECTION('',(0.,0.,1.));
#12437 = DIRECTION('',(1.,0.,-0.));
#12438 = ( GEOMETRIC_REPRESENTATION_CONTEXT(3) 
GLOBAL_UNCERTAINTY_ASSIGNED_CONTEXT((#12442)) 
GLOBAL_UNIT_ASSIGNED_CONTEXT((#12439,#12440,#12441)) 
REPRESENTATION_CONTEXT('Context #1',
  '3D Context with UNIT and UNCERTAINTY') );
#12439 = ( LENGTH_UNIT() NAMED_UNIT(*) SI_UNIT(.MILLI.,.METRE.) );
#12440 = ( NAMED_UNIT(*) PLANE_ANGLE_UNIT() SI_UNIT($,.RADIAN.) );
#12441 = ( NAMED_UNIT(*) SI_UNIT($,.STERADIAN.) SOLID_ANGLE_UNIT() );
#12442 = UNCERTAINTY_MEASURE_WITH_UNIT(LENGTH_MEASURE(1.E-07),#12439,
  'distance_accuracy_value','confusion accuracy');
#12443 = CONTEXT_DEPENDENT_SHAPE_REPRESENTATION(#12444,#12446);
#12444 = ( REPRESENTATION_RELATIONSHIP('','',#12425,#112) 
REPRESENTATION_RELATIONSHIP_WITH_TRANSFORMATION(#12445) 
SHAPE_REPRESENTATION_RELATIONSHIP() );
#12445 = ITEM_DEFINED_TRANSFORMATION('','',#11,#1513);
#12446 = PRODUCT_DEFINITION_SHAPE('Placement','Placement of an item',
  #12447);
#12447 = NEXT_ASSEMBLY_USAGE_OCCURRENCE('1914','L19','',#107,#12420,$);
#12448 = PRODUCT_RELATED_PRODUCT_CATEGORY('part',$,(#12422));
#12449 = SHAPE_DEFINITION_REPRESENTATION(#12450,#12456);
#12450 = PRODUCT_DEFINITION_SHAPE('','',#12451);
#12451 = PRODUCT_DEFINITION('design','',#12452,#12455);
#12452 = PRODUCT_DEFINITION_FORMATION('','',#12453);
#12453 = PRODUCT('K19','K19','',(#12454));
#12454 = PRODUCT_CONTEXT('',#2,'mechanical');
#12455 = PRODUCT_DEFINITION_CONTEXT('part definition',#2,'design');
#12456 = ADVANCED_BREP_SHAPE_REPRESENTATION('',(#11,#12457),#12469);
#12457 = MANIFOLD_SOLID_BREP('',#12458);
#12458 = CLOSED_SHELL('',(#12459));
#12459 = ADVANCED_FACE('',(#12460),#12464,.T.);
#12460 = FACE_BOUND('',#12461,.T.);
#12461 = VERTEX_LOOP('',#12462);
#12462 = VERTEX_POINT('',#12463);
#12463 = CARTESIAN_POINT('',(0.,0.,-0.175));
#12464 = SPHERICAL_SURFACE('',#12465,0.175);
#12465 = AXIS2_PLACEMENT_3D('',#12466,#12467,#12468);
#12466 = CARTESIAN_POINT('',(0.,0.,0.));
#12467 = DIRECTION('',(0.,0.,1.));
#12468 = DIRECTION('',(1.,0.,-0.));
#12469 = ( GEOMETRIC_REPRESENTATION_CONTEXT(3) 
GLOBAL_UNCERTAINTY_ASSIGNED_CONTEXT((#12473)) 
GLOBAL_UNIT_ASSIGNED_CONTEXT((#12470,#12471,#12472)) 
REPRESENTATION_CONTEXT('Context #1',
  '3D Context with UNIT and UNCERTAINTY') );
#12470 = ( LENGTH_UNIT() NAMED_UNIT(*) SI_UNIT(.MILLI.,.METRE.) );
#12471 = ( NAMED_UNIT(*) PLANE_ANGLE_UNIT() SI_UNIT($,.RADIAN.) );
#12472 = ( NAMED_UNIT(*) SI_UNIT($,.STERADIAN.) SOLID_ANGLE_UNIT() );
#12473 = UNCERTAINTY_MEASURE_WITH_UNIT(LENGTH_MEASURE(1.E-07),#12470,
  'distance_accuracy_value','confusion accuracy');
#12474 = CONTEXT_DEPENDENT_SHAPE_REPRESENTATION(#12475,#12477);
#12475 = ( REPRESENTATION_RELATIONSHIP('','',#12456,#112) 
REPRESENTATION_RELATIONSHIP_WITH_TRANSFORMATION(#12476) 
SHAPE_REPRESENTATION_RELATIONSHIP() );
#12476 = ITEM_DEFINED_TRANSFORMATION('','',#11,#1517);
#12477 = PRODUCT_DEFINITION_SHAPE('Placement','Placement of an item',
  #12478);
#12478 = NEXT_ASSEMBLY_USAGE_OCCURRENCE('1915','K19','',#107,#12451,$);
#12479 = PRODUCT_RELATED_PRODUCT_CATEGORY('part',$,(#12453));
#12480 = SHAPE_DEFINITION_REPRESENTATION(#12481,#12487);
#12481 = PRODUCT_DEFINITION_SHAPE('','',#12482);
#12482 = PRODUCT_DEFINITION('design','',#12483,#12486);
#12483 = PRODUCT_DEFINITION_FORMATION('','',#12484);
#12484 = PRODUCT('J19','J19','',(#12485));
#12485 = PRODUCT_CONTEXT('',#2,'mechanical');
#12486 = PRODUCT_DEFINITION_CONTEXT('part definition',#2,'design');
#12487 = ADVANCED_BREP_SHAPE_REPRESENTATION('',(#11,#12488),#12500);
#12488 = MANIFOLD_SOLID_BREP('',#12489);
#12489 = CLOSED_SHELL('',(#12490));
#12490 = ADVANCED_FACE('',(#12491),#12495,.T.);
#12491 = FACE_BOUND('',#12492,.T.);
#12492 = VERTEX_LOOP('',#12493);
#12493 = VERTEX_POINT('',#12494);
#12494 = CARTESIAN_POINT('',(0.,0.,-0.175));
#12495 = SPHERICAL_SURFACE('',#12496,0.175);
#12496 = AXIS2_PLACEMENT_3D('',#12497,#12498,#12499);
#12497 = CARTESIAN_POINT('',(0.,0.,0.));
#12498 = DIRECTION('',(0.,0.,1.));
#12499 = DIRECTION('',(1.,0.,-0.));
#12500 = ( GEOMETRIC_REPRESENTATION_CONTEXT(3) 
GLOBAL_UNCERTAINTY_ASSIGNED_CONTEXT((#12504)) 
GLOBAL_UNIT_ASSIGNED_CONTEXT((#12501,#12502,#12503)) 
REPRESENTATION_CONTEXT('Context #1',
  '3D Context with UNIT and UNCERTAINTY') );
#12501 = ( LENGTH_UNIT() NAMED_UNIT(*) SI_UNIT(.MILLI.,.METRE.) );
#12502 = ( NAMED_UNIT(*) PLANE_ANGLE_UNIT() SI_UNIT($,.RADIAN.) );
#12503 = ( NAMED_UNIT(*) SI_UNIT($,.STERADIAN.) SOLID_ANGLE_UNIT() );
#12504 = UNCERTAINTY_MEASURE_WITH_UNIT(LENGTH_MEASURE(1.E-07),#12501,
  'distance_accuracy_value','confusion accuracy');
#12505 = CONTEXT_DEPENDENT_SHAPE_REPRESENTATION(#12506,#12508);
#12506 = ( REPRESENTATION_RELATIONSHIP('','',#12487,#112) 
REPRESENTATION_RELATIONSHIP_WITH_TRANSFORMATION(#12507) 
SHAPE_REPRESENTATION_RELATIONSHIP() );
#12507 = ITEM_DEFINED_TRANSFORMATION('','',#11,#1521);
#12508 = PRODUCT_DEFINITION_SHAPE('Placement','Placement of an item',
  #12509);
#12509 = NEXT_ASSEMBLY_USAGE_OCCURRENCE('1916','J19','',#107,#12482,$);
#12510 = PRODUCT_RELATED_PRODUCT_CATEGORY('part',$,(#12484));
#12511 = SHAPE_DEFINITION_REPRESENTATION(#12512,#12518);
#12512 = PRODUCT_DEFINITION_SHAPE('','',#12513);
#12513 = PRODUCT_DEFINITION('design','',#12514,#12517);
#12514 = PRODUCT_DEFINITION_FORMATION('','',#12515);
#12515 = PRODUCT('H19','H19','',(#12516));
#12516 = PRODUCT_CONTEXT('',#2,'mechanical');
#12517 = PRODUCT_DEFINITION_CONTEXT('part definition',#2,'design');
#12518 = ADVANCED_BREP_SHAPE_REPRESENTATION('',(#11,#12519),#12531);
#12519 = MANIFOLD_SOLID_BREP('',#12520);
#12520 = CLOSED_SHELL('',(#12521));
#12521 = ADVANCED_FACE('',(#12522),#12526,.T.);
#12522 = FACE_BOUND('',#12523,.T.);
#12523 = VERTEX_LOOP('',#12524);
#12524 = VERTEX_POINT('',#12525);
#12525 = CARTESIAN_POINT('',(0.,0.,-0.175));
#12526 = SPHERICAL_SURFACE('',#12527,0.175);
#12527 = AXIS2_PLACEMENT_3D('',#12528,#12529,#12530);
#12528 = CARTESIAN_POINT('',(0.,0.,0.));
#12529 = DIRECTION('',(0.,0.,1.));
#12530 = DIRECTION('',(1.,0.,-0.));
#12531 = ( GEOMETRIC_REPRESENTATION_CONTEXT(3) 
GLOBAL_UNCERTAINTY_ASSIGNED_CONTEXT((#12535)) 
GLOBAL_UNIT_ASSIGNED_CONTEXT((#12532,#12533,#12534)) 
REPRESENTATION_CONTEXT('Context #1',
  '3D Context with UNIT and UNCERTAINTY') );
#12532 = ( LENGTH_UNIT() NAMED_UNIT(*) SI_UNIT(.MILLI.,.METRE.) );
#12533 = ( NAMED_UNIT(*) PLANE_ANGLE_UNIT() SI_UNIT($,.RADIAN.) );
#12534 = ( NAMED_UNIT(*) SI_UNIT($,.STERADIAN.) SOLID_ANGLE_UNIT() );
#12535 = UNCERTAINTY_MEASURE_WITH_UNIT(LENGTH_MEASURE(1.E-07),#12532,
  'distance_accuracy_value','confusion accuracy');
#12536 = CONTEXT_DEPENDENT_SHAPE_REPRESENTATION(#12537,#12539);
#12537 = ( REPRESENTATION_RELATIONSHIP('','',#12518,#112) 
REPRESENTATION_RELATIONSHIP_WITH_TRANSFORMATION(#12538) 
SHAPE_REPRESENTATION_RELATIONSHIP() );
#12538 = ITEM_DEFINED_TRANSFORMATION('','',#11,#1525);
#12539 = PRODUCT_DEFINITION_SHAPE('Placement','Placement of an item',
  #12540);
#12540 = NEXT_ASSEMBLY_USAGE_OCCURRENCE('1917','H19','',#107,#12513,$);
#12541 = PRODUCT_RELATED_PRODUCT_CATEGORY('part',$,(#12515));
#12542 = SHAPE_DEFINITION_REPRESENTATION(#12543,#12549);
#12543 = PRODUCT_DEFINITION_SHAPE('','',#12544);
#12544 = PRODUCT_DEFINITION('design','',#12545,#12548);
#12545 = PRODUCT_DEFINITION_FORMATION('','',#12546);
#12546 = PRODUCT('G19','G19','',(#12547));
#12547 = PRODUCT_CONTEXT('',#2,'mechanical');
#12548 = PRODUCT_DEFINITION_CONTEXT('part definition',#2,'design');
#12549 = ADVANCED_BREP_SHAPE_REPRESENTATION('',(#11,#12550),#12562);
#12550 = MANIFOLD_SOLID_BREP('',#12551);
#12551 = CLOSED_SHELL('',(#12552));
#12552 = ADVANCED_FACE('',(#12553),#12557,.T.);
#12553 = FACE_BOUND('',#12554,.T.);
#12554 = VERTEX_LOOP('',#12555);
#12555 = VERTEX_POINT('',#12556);
#12556 = CARTESIAN_POINT('',(0.,0.,-0.175));
#12557 = SPHERICAL_SURFACE('',#12558,0.175);
#12558 = AXIS2_PLACEMENT_3D('',#12559,#12560,#12561);
#12559 = CARTESIAN_POINT('',(0.,0.,0.));
#12560 = DIRECTION('',(0.,0.,1.));
#12561 = DIRECTION('',(1.,0.,-0.));
#12562 = ( GEOMETRIC_REPRESENTATION_CONTEXT(3) 
GLOBAL_UNCERTAINTY_ASSIGNED_CONTEXT((#12566)) 
GLOBAL_UNIT_ASSIGNED_CONTEXT((#12563,#12564,#12565)) 
REPRESENTATION_CONTEXT('Context #1',
  '3D Context with UNIT and UNCERTAINTY') );
#12563 = ( LENGTH_UNIT() NAMED_UNIT(*) SI_UNIT(.MILLI.,.METRE.) );
#12564 = ( NAMED_UNIT(*) PLANE_ANGLE_UNIT() SI_UNIT($,.RADIAN.) );
#12565 = ( NAMED_UNIT(*) SI_UNIT($,.STERADIAN.) SOLID_ANGLE_UNIT() );
#12566 = UNCERTAINTY_MEASURE_WITH_UNIT(LENGTH_MEASURE(1.E-07),#12563,
  'distance_accuracy_value','confusion accuracy');
#12567 = CONTEXT_DEPENDENT_SHAPE_REPRESENTATION(#12568,#12570);
#12568 = ( REPRESENTATION_RELATIONSHIP('','',#12549,#112) 
REPRESENTATION_RELATIONSHIP_WITH_TRANSFORMATION(#12569) 
SHAPE_REPRESENTATION_RELATIONSHIP() );
#12569 = ITEM_DEFINED_TRANSFORMATION('','',#11,#1529);
#12570 = PRODUCT_DEFINITION_SHAPE('Placement','Placement of an item',
  #12571);
#12571 = NEXT_ASSEMBLY_USAGE_OCCURRENCE('1918','G19','',#107,#12544,$);
#12572 = PRODUCT_RELATED_PRODUCT_CATEGORY('part',$,(#12546));
#12573 = SHAPE_DEFINITION_REPRESENTATION(#12574,#12580);
#12574 = PRODUCT_DEFINITION_SHAPE('','',#12575);
#12575 = PRODUCT_DEFINITION('design','',#12576,#12579);
#12576 = PRODUCT_DEFINITION_FORMATION('','',#12577);
#12577 = PRODUCT('F19','F19','',(#12578));
#12578 = PRODUCT_CONTEXT('',#2,'mechanical');
#12579 = PRODUCT_DEFINITION_CONTEXT('part definition',#2,'design');
#12580 = ADVANCED_BREP_SHAPE_REPRESENTATION('',(#11,#12581),#12593);
#12581 = MANIFOLD_SOLID_BREP('',#12582);
#12582 = CLOSED_SHELL('',(#12583));
#12583 = ADVANCED_FACE('',(#12584),#12588,.T.);
#12584 = FACE_BOUND('',#12585,.T.);
#12585 = VERTEX_LOOP('',#12586);
#12586 = VERTEX_POINT('',#12587);
#12587 = CARTESIAN_POINT('',(0.,0.,-0.175));
#12588 = SPHERICAL_SURFACE('',#12589,0.175);
#12589 = AXIS2_PLACEMENT_3D('',#12590,#12591,#12592);
#12590 = CARTESIAN_POINT('',(0.,0.,0.));
#12591 = DIRECTION('',(0.,0.,1.));
#12592 = DIRECTION('',(1.,0.,-0.));
#12593 = ( GEOMETRIC_REPRESENTATION_CONTEXT(3) 
GLOBAL_UNCERTAINTY_ASSIGNED_CONTEXT((#12597)) 
GLOBAL_UNIT_ASSIGNED_CONTEXT((#12594,#12595,#12596)) 
REPRESENTATION_CONTEXT('Context #1',
  '3D Context with UNIT and UNCERTAINTY') );
#12594 = ( LENGTH_UNIT() NAMED_UNIT(*) SI_UNIT(.MILLI.,.METRE.) );
#12595 = ( NAMED_UNIT(*) PLANE_ANGLE_UNIT() SI_UNIT($,.RADIAN.) );
#12596 = ( NAMED_UNIT(*) SI_UNIT($,.STERADIAN.) SOLID_ANGLE_UNIT() );
#12597 = UNCERTAINTY_MEASURE_WITH_UNIT(LENGTH_MEASURE(1.E-07),#12594,
  'distance_accuracy_value','confusion accuracy');
#12598 = CONTEXT_DEPENDENT_SHAPE_REPRESENTATION(#12599,#12601);
#12599 = ( REPRESENTATION_RELATIONSHIP('','',#12580,#112) 
REPRESENTATION_RELATIONSHIP_WITH_TRANSFORMATION(#12600) 
SHAPE_REPRESENTATION_RELATIONSHIP() );
#12600 = ITEM_DEFINED_TRANSFORMATION('','',#11,#1533);
#12601 = PRODUCT_DEFINITION_SHAPE('Placement','Placement of an item',
  #12602);
#12602 = NEXT_ASSEMBLY_USAGE_OCCURRENCE('1919','F19','',#107,#12575,$);
#12603 = PRODUCT_RELATED_PRODUCT_CATEGORY('part',$,(#12577));
#12604 = SHAPE_DEFINITION_REPRESENTATION(#12605,#12611);
#12605 = PRODUCT_DEFINITION_SHAPE('','',#12606);
#12606 = PRODUCT_DEFINITION('design','',#12607,#12610);
#12607 = PRODUCT_DEFINITION_FORMATION('','',#12608);
#12608 = PRODUCT('E19','E19','',(#12609));
#12609 = PRODUCT_CONTEXT('',#2,'mechanical');
#12610 = PRODUCT_DEFINITION_CONTEXT('part definition',#2,'design');
#12611 = ADVANCED_BREP_SHAPE_REPRESENTATION('',(#11,#12612),#12624);
#12612 = MANIFOLD_SOLID_BREP('',#12613);
#12613 = CLOSED_SHELL('',(#12614));
#12614 = ADVANCED_FACE('',(#12615),#12619,.T.);
#12615 = FACE_BOUND('',#12616,.T.);
#12616 = VERTEX_LOOP('',#12617);
#12617 = VERTEX_POINT('',#12618);
#12618 = CARTESIAN_POINT('',(0.,0.,-0.175));
#12619 = SPHERICAL_SURFACE('',#12620,0.175);
#12620 = AXIS2_PLACEMENT_3D('',#12621,#12622,#12623);
#12621 = CARTESIAN_POINT('',(0.,0.,0.));
#12622 = DIRECTION('',(0.,0.,1.));
#12623 = DIRECTION('',(1.,0.,-0.));
#12624 = ( GEOMETRIC_REPRESENTATION_CONTEXT(3) 
GLOBAL_UNCERTAINTY_ASSIGNED_CONTEXT((#12628)) 
GLOBAL_UNIT_ASSIGNED_CONTEXT((#12625,#12626,#12627)) 
REPRESENTATION_CONTEXT('Context #1',
  '3D Context with UNIT and UNCERTAINTY') );
#12625 = ( LENGTH_UNIT() NAMED_UNIT(*) SI_UNIT(.MILLI.,.METRE.) );
#12626 = ( NAMED_UNIT(*) PLANE_ANGLE_UNIT() SI_UNIT($,.RADIAN.) );
#12627 = ( NAMED_UNIT(*) SI_UNIT($,.STERADIAN.) SOLID_ANGLE_UNIT() );
#12628 = UNCERTAINTY_MEASURE_WITH_UNIT(LENGTH_MEASURE(1.E-07),#12625,
  'distance_accuracy_value','confusion accuracy');
#12629 = CONTEXT_DEPENDENT_SHAPE_REPRESENTATION(#12630,#12632);
#12630 = ( REPRESENTATION_RELATIONSHIP('','',#12611,#112) 
REPRESENTATION_RELATIONSHIP_WITH_TRANSFORMATION(#12631) 
SHAPE_REPRESENTATION_RELATIONSHIP() );
#12631 = ITEM_DEFINED_TRANSFORMATION('','',#11,#1537);
#12632 = PRODUCT_DEFINITION_SHAPE('Placement','Placement of an item',
  #12633);
#12633 = NEXT_ASSEMBLY_USAGE_OCCURRENCE('1920','E19','',#107,#12606,$);
#12634 = PRODUCT_RELATED_PRODUCT_CATEGORY('part',$,(#12608));
#12635 = SHAPE_DEFINITION_REPRESENTATION(#12636,#12642);
#12636 = PRODUCT_DEFINITION_SHAPE('','',#12637);
#12637 = PRODUCT_DEFINITION('design','',#12638,#12641);
#12638 = PRODUCT_DEFINITION_FORMATION('','',#12639);
#12639 = PRODUCT('D19','D19','',(#12640));
#12640 = PRODUCT_CONTEXT('',#2,'mechanical');
#12641 = PRODUCT_DEFINITION_CONTEXT('part definition',#2,'design');
#12642 = ADVANCED_BREP_SHAPE_REPRESENTATION('',(#11,#12643),#12655);
#12643 = MANIFOLD_SOLID_BREP('',#12644);
#12644 = CLOSED_SHELL('',(#12645));
#12645 = ADVANCED_FACE('',(#12646),#12650,.T.);
#12646 = FACE_BOUND('',#12647,.T.);
#12647 = VERTEX_LOOP('',#12648);
#12648 = VERTEX_POINT('',#12649);
#12649 = CARTESIAN_POINT('',(0.,0.,-0.175));
#12650 = SPHERICAL_SURFACE('',#12651,0.175);
#12651 = AXIS2_PLACEMENT_3D('',#12652,#12653,#12654);
#12652 = CARTESIAN_POINT('',(0.,0.,0.));
#12653 = DIRECTION('',(0.,0.,1.));
#12654 = DIRECTION('',(1.,0.,-0.));
#12655 = ( GEOMETRIC_REPRESENTATION_CONTEXT(3) 
GLOBAL_UNCERTAINTY_ASSIGNED_CONTEXT((#12659)) 
GLOBAL_UNIT_ASSIGNED_CONTEXT((#12656,#12657,#12658)) 
REPRESENTATION_CONTEXT('Context #1',
  '3D Context with UNIT and UNCERTAINTY') );
#12656 = ( LENGTH_UNIT() NAMED_UNIT(*) SI_UNIT(.MILLI.,.METRE.) );
#12657 = ( NAMED_UNIT(*) PLANE_ANGLE_UNIT() SI_UNIT($,.RADIAN.) );
#12658 = ( NAMED_UNIT(*) SI_UNIT($,.STERADIAN.) SOLID_ANGLE_UNIT() );
#12659 = UNCERTAINTY_MEASURE_WITH_UNIT(LENGTH_MEASURE(1.E-07),#12656,
  'distance_accuracy_value','confusion accuracy');
#12660 = CONTEXT_DEPENDENT_SHAPE_REPRESENTATION(#12661,#12663);
#12661 = ( REPRESENTATION_RELATIONSHIP('','',#12642,#112) 
REPRESENTATION_RELATIONSHIP_WITH_TRANSFORMATION(#12662) 
SHAPE_REPRESENTATION_RELATIONSHIP() );
#12662 = ITEM_DEFINED_TRANSFORMATION('','',#11,#1541);
#12663 = PRODUCT_DEFINITION_SHAPE('Placement','Placement of an item',
  #12664);
#12664 = NEXT_ASSEMBLY_USAGE_OCCURRENCE('1921','D19','',#107,#12637,$);
#12665 = PRODUCT_RELATED_PRODUCT_CATEGORY('part',$,(#12639));
#12666 = SHAPE_DEFINITION_REPRESENTATION(#12667,#12673);
#12667 = PRODUCT_DEFINITION_SHAPE('','',#12668);
#12668 = PRODUCT_DEFINITION('design','',#12669,#12672);
#12669 = PRODUCT_DEFINITION_FORMATION('','',#12670);
#12670 = PRODUCT('C19','C19','',(#12671));
#12671 = PRODUCT_CONTEXT('',#2,'mechanical');
#12672 = PRODUCT_DEFINITION_CONTEXT('part definition',#2,'design');
#12673 = ADVANCED_BREP_SHAPE_REPRESENTATION('',(#11,#12674),#12686);
#12674 = MANIFOLD_SOLID_BREP('',#12675);
#12675 = CLOSED_SHELL('',(#12676));
#12676 = ADVANCED_FACE('',(#12677),#12681,.T.);
#12677 = FACE_BOUND('',#12678,.T.);
#12678 = VERTEX_LOOP('',#12679);
#12679 = VERTEX_POINT('',#12680);
#12680 = CARTESIAN_POINT('',(0.,0.,-0.175));
#12681 = SPHERICAL_SURFACE('',#12682,0.175);
#12682 = AXIS2_PLACEMENT_3D('',#12683,#12684,#12685);
#12683 = CARTESIAN_POINT('',(0.,0.,0.));
#12684 = DIRECTION('',(0.,0.,1.));
#12685 = DIRECTION('',(1.,0.,-0.));
#12686 = ( GEOMETRIC_REPRESENTATION_CONTEXT(3) 
GLOBAL_UNCERTAINTY_ASSIGNED_CONTEXT((#12690)) 
GLOBAL_UNIT_ASSIGNED_CONTEXT((#12687,#12688,#12689)) 
REPRESENTATION_CONTEXT('Context #1',
  '3D Context with UNIT and UNCERTAINTY') );
#12687 = ( LENGTH_UNIT() NAMED_UNIT(*) SI_UNIT(.MILLI.,.METRE.) );
#12688 = ( NAMED_UNIT(*) PLANE_ANGLE_UNIT() SI_UNIT($,.RADIAN.) );
#12689 = ( NAMED_UNIT(*) SI_UNIT($,.STERADIAN.) SOLID_ANGLE_UNIT() );
#12690 = UNCERTAINTY_MEASURE_WITH_UNIT(LENGTH_MEASURE(1.E-07),#12687,
  'distance_accuracy_value','confusion accuracy');
#12691 = CONTEXT_DEPENDENT_SHAPE_REPRESENTATION(#12692,#12694);
#12692 = ( REPRESENTATION_RELATIONSHIP('','',#12673,#112) 
REPRESENTATION_RELATIONSHIP_WITH_TRANSFORMATION(#12693) 
SHAPE_REPRESENTATION_RELATIONSHIP() );
#12693 = ITEM_DEFINED_TRANSFORMATION('','',#11,#1545);
#12694 = PRODUCT_DEFINITION_SHAPE('Placement','Placement of an item',
  #12695);
#12695 = NEXT_ASSEMBLY_USAGE_OCCURRENCE('1922','C19','',#107,#12668,$);
#12696 = PRODUCT_RELATED_PRODUCT_CATEGORY('part',$,(#12670));
#12697 = SHAPE_DEFINITION_REPRESENTATION(#12698,#12704);
#12698 = PRODUCT_DEFINITION_SHAPE('','',#12699);
#12699 = PRODUCT_DEFINITION('design','',#12700,#12703);
#12700 = PRODUCT_DEFINITION_FORMATION('','',#12701);
#12701 = PRODUCT('B19','B19','',(#12702));
#12702 = PRODUCT_CONTEXT('',#2,'mechanical');
#12703 = PRODUCT_DEFINITION_CONTEXT('part definition',#2,'design');
#12704 = ADVANCED_BREP_SHAPE_REPRESENTATION('',(#11,#12705),#12717);
#12705 = MANIFOLD_SOLID_BREP('',#12706);
#12706 = CLOSED_SHELL('',(#12707));
#12707 = ADVANCED_FACE('',(#12708),#12712,.T.);
#12708 = FACE_BOUND('',#12709,.T.);
#12709 = VERTEX_LOOP('',#12710);
#12710 = VERTEX_POINT('',#12711);
#12711 = CARTESIAN_POINT('',(0.,0.,-0.175));
#12712 = SPHERICAL_SURFACE('',#12713,0.175);
#12713 = AXIS2_PLACEMENT_3D('',#12714,#12715,#12716);
#12714 = CARTESIAN_POINT('',(0.,0.,0.));
#12715 = DIRECTION('',(0.,0.,1.));
#12716 = DIRECTION('',(1.,0.,-0.));
#12717 = ( GEOMETRIC_REPRESENTATION_CONTEXT(3) 
GLOBAL_UNCERTAINTY_ASSIGNED_CONTEXT((#12721)) 
GLOBAL_UNIT_ASSIGNED_CONTEXT((#12718,#12719,#12720)) 
REPRESENTATION_CONTEXT('Context #1',
  '3D Context with UNIT and UNCERTAINTY') );
#12718 = ( LENGTH_UNIT() NAMED_UNIT(*) SI_UNIT(.MILLI.,.METRE.) );
#12719 = ( NAMED_UNIT(*) PLANE_ANGLE_UNIT() SI_UNIT($,.RADIAN.) );
#12720 = ( NAMED_UNIT(*) SI_UNIT($,.STERADIAN.) SOLID_ANGLE_UNIT() );
#12721 = UNCERTAINTY_MEASURE_WITH_UNIT(LENGTH_MEASURE(1.E-07),#12718,
  'distance_accuracy_value','confusion accuracy');
#12722 = CONTEXT_DEPENDENT_SHAPE_REPRESENTATION(#12723,#12725);
#12723 = ( REPRESENTATION_RELATIONSHIP('','',#12704,#112) 
REPRESENTATION_RELATIONSHIP_WITH_TRANSFORMATION(#12724) 
SHAPE_REPRESENTATION_RELATIONSHIP() );
#12724 = ITEM_DEFINED_TRANSFORMATION('','',#11,#1549);
#12725 = PRODUCT_DEFINITION_SHAPE('Placement','Placement of an item',
  #12726);
#12726 = NEXT_ASSEMBLY_USAGE_OCCURRENCE('1923','B19','',#107,#12699,$);
#12727 = PRODUCT_RELATED_PRODUCT_CATEGORY('part',$,(#12701));
#12728 = SHAPE_DEFINITION_REPRESENTATION(#12729,#12735);
#12729 = PRODUCT_DEFINITION_SHAPE('','',#12730);
#12730 = PRODUCT_DEFINITION('design','',#12731,#12734);
#12731 = PRODUCT_DEFINITION_FORMATION('','',#12732);
#12732 = PRODUCT('A19','A19','',(#12733));
#12733 = PRODUCT_CONTEXT('',#2,'mechanical');
#12734 = PRODUCT_DEFINITION_CONTEXT('part definition',#2,'design');
#12735 = ADVANCED_BREP_SHAPE_REPRESENTATION('',(#11,#12736),#12748);
#12736 = MANIFOLD_SOLID_BREP('',#12737);
#12737 = CLOSED_SHELL('',(#12738));
#12738 = ADVANCED_FACE('',(#12739),#12743,.T.);
#12739 = FACE_BOUND('',#12740,.T.);
#12740 = VERTEX_LOOP('',#12741);
#12741 = VERTEX_POINT('',#12742);
#12742 = CARTESIAN_POINT('',(0.,0.,-0.175));
#12743 = SPHERICAL_SURFACE('',#12744,0.175);
#12744 = AXIS2_PLACEMENT_3D('',#12745,#12746,#12747);
#12745 = CARTESIAN_POINT('',(0.,0.,0.));
#12746 = DIRECTION('',(0.,0.,1.));
#12747 = DIRECTION('',(1.,0.,-0.));
#12748 = ( GEOMETRIC_REPRESENTATION_CONTEXT(3) 
GLOBAL_UNCERTAINTY_ASSIGNED_CONTEXT((#12752)) 
GLOBAL_UNIT_ASSIGNED_CONTEXT((#12749,#12750,#12751)) 
REPRESENTATION_CONTEXT('Context #1',
  '3D Context with UNIT and UNCERTAINTY') );
#12749 = ( LENGTH_UNIT() NAMED_UNIT(*) SI_UNIT(.MILLI.,.METRE.) );
#12750 = ( NAMED_UNIT(*) PLANE_ANGLE_UNIT() SI_UNIT($,.RADIAN.) );
#12751 = ( NAMED_UNIT(*) SI_UNIT($,.STERADIAN.) SOLID_ANGLE_UNIT() );
#12752 = UNCERTAINTY_MEASURE_WITH_UNIT(LENGTH_MEASURE(1.E-07),#12749,
  'distance_accuracy_value','confusion accuracy');
#12753 = CONTEXT_DEPENDENT_SHAPE_REPRESENTATION(#12754,#12756);
#12754 = ( REPRESENTATION_RELATIONSHIP('','',#12735,#112) 
REPRESENTATION_RELATIONSHIP_WITH_TRANSFORMATION(#12755) 
SHAPE_REPRESENTATION_RELATIONSHIP() );
#12755 = ITEM_DEFINED_TRANSFORMATION('','',#11,#1553);
#12756 = PRODUCT_DEFINITION_SHAPE('Placement','Placement of an item',
  #12757);
#12757 = NEXT_ASSEMBLY_USAGE_OCCURRENCE('1924','A19','',#107,#12730,$);
#12758 = PRODUCT_RELATED_PRODUCT_CATEGORY('part',$,(#12732));
#12759 = SHAPE_DEFINITION_REPRESENTATION(#12760,#12766);
#12760 = PRODUCT_DEFINITION_SHAPE('','',#12761);
#12761 = PRODUCT_DEFINITION('design','',#12762,#12765);
#12762 = PRODUCT_DEFINITION_FORMATION('','',#12763);
#12763 = PRODUCT('Fusion','Fusion','',(#12764));
#12764 = PRODUCT_CONTEXT('',#2,'mechanical');
#12765 = PRODUCT_DEFINITION_CONTEXT('part definition',#2,'design');
#12766 = ADVANCED_BREP_SHAPE_REPRESENTATION('',(#11,#12767),#12917);
#12767 = MANIFOLD_SOLID_BREP('',#12768);
#12768 = CLOSED_SHELL('',(#12769,#12809,#12840,#12871,#12888,#12905));
#12769 = ADVANCED_FACE('',(#12770),#12804,.T.);
#12770 = FACE_BOUND('',#12771,.T.);
#12771 = EDGE_LOOP('',(#12772,#12782,#12790,#12798));
#12772 = ORIENTED_EDGE('',*,*,#12773,.F.);
#12773 = EDGE_CURVE('',#12774,#12776,#12778,.T.);
#12774 = VERTEX_POINT('',#12775);
#12775 = CARTESIAN_POINT('',(-6.5,-6.5,0.698));
#12776 = VERTEX_POINT('',#12777);
#12777 = CARTESIAN_POINT('',(-6.5,6.5,0.698));
#12778 = LINE('',#12779,#12780);
#12779 = CARTESIAN_POINT('',(-6.5,-6.5,0.698));
#12780 = VECTOR('',#12781,1.);
#12781 = DIRECTION('',(0.,1.,0.));
#12782 = ORIENTED_EDGE('',*,*,#12783,.T.);
#12783 = EDGE_CURVE('',#12774,#12784,#12786,.T.);
#12784 = VERTEX_POINT('',#12785);
#12785 = CARTESIAN_POINT('',(6.5,-6.5,0.698));
#12786 = LINE('',#12787,#12788);
#12787 = CARTESIAN_POINT('',(-6.5,-6.5,0.698));
#12788 = VECTOR('',#12789,1.);
#12789 = DIRECTION('',(1.,0.,0.));
#12790 = ORIENTED_EDGE('',*,*,#12791,.T.);
#12791 = EDGE_CURVE('',#12784,#12792,#12794,.T.);
#12792 = VERTEX_POINT('',#12793);
#12793 = CARTESIAN_POINT('',(6.5,6.5,0.698));
#12794 = LINE('',#12795,#12796);
#12795 = CARTESIAN_POINT('',(6.5,-6.5,0.698));
#12796 = VECTOR('',#12797,1.);
#12797 = DIRECTION('',(0.,1.,0.));
#12798 = ORIENTED_EDGE('',*,*,#12799,.F.);
#12799 = EDGE_CURVE('',#12776,#12792,#12800,.T.);
#12800 = LINE('',#12801,#12802);
#12801 = CARTESIAN_POINT('',(-6.5,6.5,0.698));
#12802 = VECTOR('',#12803,1.);
#12803 = DIRECTION('',(1.,0.,0.));
#12804 = PLANE('',#12805);
#12805 = AXIS2_PLACEMENT_3D('',#12806,#12807,#12808);
#12806 = CARTESIAN_POINT('',(-6.5,-6.5,0.698));
#12807 = DIRECTION('',(0.,0.,1.));
#12808 = DIRECTION('',(1.,0.,0.));
#12809 = ADVANCED_FACE('',(#12810),#12835,.T.);
#12810 = FACE_BOUND('',#12811,.T.);
#12811 = EDGE_LOOP('',(#12812,#12820,#12821,#12829));
#12812 = ORIENTED_EDGE('',*,*,#12813,.T.);
#12813 = EDGE_CURVE('',#12814,#12774,#12816,.T.);
#12814 = VERTEX_POINT('',#12815);
#12815 = CARTESIAN_POINT('',(-6.5,-6.5,0.));
#12816 = LINE('',#12817,#12818);
#12817 = CARTESIAN_POINT('',(-6.5,-6.5,0.));
#12818 = VECTOR('',#12819,1.);
#12819 = DIRECTION('',(0.,0.,1.));
#12820 = ORIENTED_EDGE('',*,*,#12773,.T.);
#12821 = ORIENTED_EDGE('',*,*,#12822,.F.);
#12822 = EDGE_CURVE('',#12823,#12776,#12825,.T.);
#12823 = VERTEX_POINT('',#12824);
#12824 = CARTESIAN_POINT('',(-6.5,6.5,0.));
#12825 = LINE('',#12826,#12827);
#12826 = CARTESIAN_POINT('',(-6.5,6.5,0.248));
#12827 = VECTOR('',#12828,1.);
#12828 = DIRECTION('',(0.,0.,1.));
#12829 = ORIENTED_EDGE('',*,*,#12830,.F.);
#12830 = EDGE_CURVE('',#12814,#12823,#12831,.T.);
#12831 = LINE('',#12832,#12833);
#12832 = CARTESIAN_POINT('',(-6.5,-6.5,0.));
#12833 = VECTOR('',#12834,1.);
#12834 = DIRECTION('',(0.,1.,0.));
#12835 = PLANE('',#12836);
#12836 = AXIS2_PLACEMENT_3D('',#12837,#12838,#12839);
#12837 = CARTESIAN_POINT('',(-6.5,0.,0.349));
#12838 = DIRECTION('',(-1.,-0.,-0.));
#12839 = DIRECTION('',(0.,0.,-1.));
#12840 = ADVANCED_FACE('',(#12841),#12866,.F.);
#12841 = FACE_BOUND('',#12842,.F.);
#12842 = EDGE_LOOP('',(#12843,#12844,#12852,#12860));
#12843 = ORIENTED_EDGE('',*,*,#12830,.F.);
#12844 = ORIENTED_EDGE('',*,*,#12845,.T.);
#12845 = EDGE_CURVE('',#12814,#12846,#12848,.T.);
#12846 = VERTEX_POINT('',#12847);
#12847 = CARTESIAN_POINT('',(6.5,-6.5,0.));
#12848 = LINE('',#12849,#12850);
#12849 = CARTESIAN_POINT('',(-6.5,-6.5,0.));
#12850 = VECTOR('',#12851,1.);
#12851 = DIRECTION('',(1.,0.,0.));
#12852 = ORIENTED_EDGE('',*,*,#12853,.T.);
#12853 = EDGE_CURVE('',#12846,#12854,#12856,.T.);
#12854 = VERTEX_POINT('',#12855);
#12855 = CARTESIAN_POINT('',(6.5,6.5,0.));
#12856 = LINE('',#12857,#12858);
#12857 = CARTESIAN_POINT('',(6.5,-6.5,0.));
#12858 = VECTOR('',#12859,1.);
#12859 = DIRECTION('',(0.,1.,0.));
#12860 = ORIENTED_EDGE('',*,*,#12861,.F.);
#12861 = EDGE_CURVE('',#12823,#12854,#12862,.T.);
#12862 = LINE('',#12863,#12864);
#12863 = CARTESIAN_POINT('',(-6.5,6.5,0.));
#12864 = VECTOR('',#12865,1.);
#12865 = DIRECTION('',(1.,0.,0.));
#12866 = PLANE('',#12867);
#12867 = AXIS2_PLACEMENT_3D('',#12868,#12869,#12870);
#12868 = CARTESIAN_POINT('',(-6.5,-6.5,0.));
#12869 = DIRECTION('',(0.,0.,1.));
#12870 = DIRECTION('',(1.,0.,0.));
#12871 = ADVANCED_FACE('',(#12872),#12883,.T.);
#12872 = FACE_BOUND('',#12873,.T.);
#12873 = EDGE_LOOP('',(#12874,#12875,#12881,#12882));
#12874 = ORIENTED_EDGE('',*,*,#12845,.T.);
#12875 = ORIENTED_EDGE('',*,*,#12876,.T.);
#12876 = EDGE_CURVE('',#12846,#12784,#12877,.T.);
#12877 = LINE('',#12878,#12879);
#12878 = CARTESIAN_POINT('',(6.5,-6.5,0.));
#12879 = VECTOR('',#12880,1.);
#12880 = DIRECTION('',(0.,0.,1.));
#12881 = ORIENTED_EDGE('',*,*,#12783,.F.);
#12882 = ORIENTED_EDGE('',*,*,#12813,.F.);
#12883 = PLANE('',#12884);
#12884 = AXIS2_PLACEMENT_3D('',#12885,#12886,#12887);
#12885 = CARTESIAN_POINT('',(-3.E-17,-6.5,0.349));
#12886 = DIRECTION('',(-0.,-1.,-0.));
#12887 = DIRECTION('',(0.,0.,-1.));
#12888 = ADVANCED_FACE('',(#12889),#12900,.T.);
#12889 = FACE_BOUND('',#12890,.T.);
#12890 = EDGE_LOOP('',(#12891,#12892,#12893,#12894));
#12891 = ORIENTED_EDGE('',*,*,#12861,.F.);
#12892 = ORIENTED_EDGE('',*,*,#12822,.T.);
#12893 = ORIENTED_EDGE('',*,*,#12799,.T.);
#12894 = ORIENTED_EDGE('',*,*,#12895,.F.);
#12895 = EDGE_CURVE('',#12854,#12792,#12896,.T.);
#12896 = LINE('',#12897,#12898);
#12897 = CARTESIAN_POINT('',(6.5,6.5,0.248));
#12898 = VECTOR('',#12899,1.);
#12899 = DIRECTION('',(0.,0.,1.));
#12900 = PLANE('',#12901);
#12901 = AXIS2_PLACEMENT_3D('',#12902,#12903,#12904);
#12902 = CARTESIAN_POINT('',(3.E-17,6.5,0.349));
#12903 = DIRECTION('',(0.,1.,0.));
#12904 = DIRECTION('',(0.,-0.,1.));
#12905 = ADVANCED_FACE('',(#12906),#12912,.T.);
#12906 = FACE_BOUND('',#12907,.T.);
#12907 = EDGE_LOOP('',(#12908,#12909,#12910,#12911));
#12908 = ORIENTED_EDGE('',*,*,#12876,.F.);
#12909 = ORIENTED_EDGE('',*,*,#12853,.T.);
#12910 = ORIENTED_EDGE('',*,*,#12895,.T.);
#12911 = ORIENTED_EDGE('',*,*,#12791,.F.);
#12912 = PLANE('',#12913);
#12913 = AXIS2_PLACEMENT_3D('',#12914,#12915,#12916);
#12914 = CARTESIAN_POINT('',(6.5,-1.E-16,0.349));
#12915 = DIRECTION('',(1.,0.,0.));
#12916 = DIRECTION('',(-0.,0.,1.));
#12917 = ( GEOMETRIC_REPRESENTATION_CONTEXT(3) 
GLOBAL_UNCERTAINTY_ASSIGNED_CONTEXT((#12921)) 
GLOBAL_UNIT_ASSIGNED_CONTEXT((#12918,#12919,#12920)) 
REPRESENTATION_CONTEXT('Context #1',
  '3D Context with UNIT and UNCERTAINTY') );
#12918 = ( LENGTH_UNIT() NAMED_UNIT(*) SI_UNIT(.MILLI.,.METRE.) );
#12919 = ( NAMED_UNIT(*) PLANE_ANGLE_UNIT() SI_UNIT($,.RADIAN.) );
#12920 = ( NAMED_UNIT(*) SI_UNIT($,.STERADIAN.) SOLID_ANGLE_UNIT() );
#12921 = UNCERTAINTY_MEASURE_WITH_UNIT(LENGTH_MEASURE(1.E-07),#12918,
  'distance_accuracy_value','confusion accuracy');
#12922 = CONTEXT_DEPENDENT_SHAPE_REPRESENTATION(#12923,#12925);
#12923 = ( REPRESENTATION_RELATIONSHIP('','',#12766,#10) 
REPRESENTATION_RELATIONSHIP_WITH_TRANSFORMATION(#12924) 
SHAPE_REPRESENTATION_RELATIONSHIP() );
#12924 = ITEM_DEFINED_TRANSFORMATION('','',#11,#23);
#12925 = PRODUCT_DEFINITION_SHAPE('Placement','Placement of an item',
  #12926);
#12926 = NEXT_ASSEMBLY_USAGE_OCCURRENCE('1926','Fusion','',#5,#12761,$);
#12927 = PRODUCT_RELATED_PRODUCT_CATEGORY('part',$,(#12763));
#12928 = MECHANICAL_DESIGN_GEOMETRIC_PRESENTATION_REPRESENTATION('',(
    #12929),#12593);
#12929 = STYLED_ITEM('color',(#12930),#12581);
#12930 = PRESENTATION_STYLE_ASSIGNMENT((#12931,#12937));
#12931 = SURFACE_STYLE_USAGE(.BOTH.,#12932);
#12932 = SURFACE_SIDE_STYLE('',(#12933));
#12933 = SURFACE_STYLE_FILL_AREA(#12934);
#12934 = FILL_AREA_STYLE('',(#12935));
#12935 = FILL_AREA_STYLE_COLOUR('',#12936);
#12936 = COLOUR_RGB('',0.678431390124,0.709803936702,0.741176476869);
#12937 = CURVE_STYLE('',#12938,POSITIVE_LENGTH_MEASURE(0.1),#12939);
#12938 = DRAUGHTING_PRE_DEFINED_CURVE_FONT('continuous');
#12939 = COLOUR_RGB('',9.803921802644E-02,9.803921802644E-02,
  9.803921802644E-02);
#12940 = MECHANICAL_DESIGN_GEOMETRIC_PRESENTATION_REPRESENTATION('',(
    #12941),#6393);
#12941 = STYLED_ITEM('color',(#12942),#6381);
#12942 = PRESENTATION_STYLE_ASSIGNMENT((#12943,#12948));
#12943 = SURFACE_STYLE_USAGE(.BOTH.,#12944);
#12944 = SURFACE_SIDE_STYLE('',(#12945));
#12945 = SURFACE_STYLE_FILL_AREA(#12946);
#12946 = FILL_AREA_STYLE('',(#12947));
#12947 = FILL_AREA_STYLE_COLOUR('',#12936);
#12948 = CURVE_STYLE('',#12949,POSITIVE_LENGTH_MEASURE(0.1),#12939);
#12949 = DRAUGHTING_PRE_DEFINED_CURVE_FONT('continuous');
#12950 = MECHANICAL_DESIGN_GEOMETRIC_PRESENTATION_REPRESENTATION('',(
    #12951),#12717);
#12951 = STYLED_ITEM('color',(#12952),#12705);
#12952 = PRESENTATION_STYLE_ASSIGNMENT((#12953,#12958));
#12953 = SURFACE_STYLE_USAGE(.BOTH.,#12954);
#12954 = SURFACE_SIDE_STYLE('',(#12955));
#12955 = SURFACE_STYLE_FILL_AREA(#12956);
#12956 = FILL_AREA_STYLE('',(#12957));
#12957 = FILL_AREA_STYLE_COLOUR('',#12936);
#12958 = CURVE_STYLE('',#12959,POSITIVE_LENGTH_MEASURE(0.1),#12939);
#12959 = DRAUGHTING_PRE_DEFINED_CURVE_FONT('continuous');
#12960 = MECHANICAL_DESIGN_GEOMETRIC_PRESENTATION_REPRESENTATION('',(
    #12961),#4161);
#12961 = STYLED_ITEM('color',(#12962),#4149);
#12962 = PRESENTATION_STYLE_ASSIGNMENT((#12963,#12968));
#12963 = SURFACE_STYLE_USAGE(.BOTH.,#12964);
#12964 = SURFACE_SIDE_STYLE('',(#12965));
#12965 = SURFACE_STYLE_FILL_AREA(#12966);
#12966 = FILL_AREA_STYLE('',(#12967));
#12967 = FILL_AREA_STYLE_COLOUR('',#12936);
#12968 = CURVE_STYLE('',#12969,POSITIVE_LENGTH_MEASURE(0.1),#12939);
#12969 = DRAUGHTING_PRE_DEFINED_CURVE_FONT('continuous');
#12970 = MECHANICAL_DESIGN_GEOMETRIC_PRESENTATION_REPRESENTATION('',(
    #12971),#8687);
#12971 = STYLED_ITEM('color',(#12972),#8675);
#12972 = PRESENTATION_STYLE_ASSIGNMENT((#12973,#12978));
#12973 = SURFACE_STYLE_USAGE(.BOTH.,#12974);
#12974 = SURFACE_SIDE_STYLE('',(#12975));
#12975 = SURFACE_STYLE_FILL_AREA(#12976);
#12976 = FILL_AREA_STYLE('',(#12977));
#12977 = FILL_AREA_STYLE_COLOUR('',#12936);
#12978 = CURVE_STYLE('',#12979,POSITIVE_LENGTH_MEASURE(0.1),#12939);
#12979 = DRAUGHTING_PRE_DEFINED_CURVE_FONT('continuous');
#12980 = MECHANICAL_DESIGN_GEOMETRIC_PRESENTATION_REPRESENTATION('',(
    #12981),#7850);
#12981 = STYLED_ITEM('color',(#12982),#7838);
#12982 = PRESENTATION_STYLE_ASSIGNMENT((#12983,#12988));
#12983 = SURFACE_STYLE_USAGE(.BOTH.,#12984);
#12984 = SURFACE_SIDE_STYLE('',(#12985));
#12985 = SURFACE_STYLE_FILL_AREA(#12986);
#12986 = FILL_AREA_STYLE('',(#12987));
#12987 = FILL_AREA_STYLE_COLOUR('',#12936);
#12988 = CURVE_STYLE('',#12989,POSITIVE_LENGTH_MEASURE(0.1),#12939);
#12989 = DRAUGHTING_PRE_DEFINED_CURVE_FONT('continuous');
#12990 = MECHANICAL_DESIGN_GEOMETRIC_PRESENTATION_REPRESENTATION('',(
    #12991),#5680);
#12991 = STYLED_ITEM('color',(#12992),#5668);
#12992 = PRESENTATION_STYLE_ASSIGNMENT((#12993,#12998));
#12993 = SURFACE_STYLE_USAGE(.BOTH.,#12994);
#12994 = SURFACE_SIDE_STYLE('',(#12995));
#12995 = SURFACE_STYLE_FILL_AREA(#12996);
#12996 = FILL_AREA_STYLE('',(#12997));
#12997 = FILL_AREA_STYLE_COLOUR('',#12936);
#12998 = CURVE_STYLE('',#12999,POSITIVE_LENGTH_MEASURE(0.1),#12939);
#12999 = DRAUGHTING_PRE_DEFINED_CURVE_FONT('continuous');
#13000 = MECHANICAL_DESIGN_GEOMETRIC_PRESENTATION_REPRESENTATION('',(
    #13001),#10175);
#13001 = STYLED_ITEM('color',(#13002),#10163);
#13002 = PRESENTATION_STYLE_ASSIGNMENT((#13003,#13008));
#13003 = SURFACE_STYLE_USAGE(.BOTH.,#13004);
#13004 = SURFACE_SIDE_STYLE('',(#13005));
#13005 = SURFACE_STYLE_FILL_AREA(#13006);
#13006 = FILL_AREA_STYLE('',(#13007));
#13007 = FILL_AREA_STYLE_COLOUR('',#12936);
#13008 = CURVE_STYLE('',#13009,POSITIVE_LENGTH_MEASURE(0.1),#12939);
#13009 = DRAUGHTING_PRE_DEFINED_CURVE_FONT('continuous');
#13010 = MECHANICAL_DESIGN_GEOMETRIC_PRESENTATION_REPRESENTATION('',(
    #13011),#8098);
#13011 = STYLED_ITEM('color',(#13012),#8086);
#13012 = PRESENTATION_STYLE_ASSIGNMENT((#13013,#13018));
#13013 = SURFACE_STYLE_USAGE(.BOTH.,#13014);
#13014 = SURFACE_SIDE_STYLE('',(#13015));
#13015 = SURFACE_STYLE_FILL_AREA(#13016);
#13016 = FILL_AREA_STYLE('',(#13017));
#13017 = FILL_AREA_STYLE_COLOUR('',#12936);
#13018 = CURVE_STYLE('',#13019,POSITIVE_LENGTH_MEASURE(0.1),#12939);
#13019 = DRAUGHTING_PRE_DEFINED_CURVE_FONT('continuous');
#13020 = MECHANICAL_DESIGN_GEOMETRIC_PRESENTATION_REPRESENTATION('',(
    #13021),#4347);
#13021 = STYLED_ITEM('color',(#13022),#4335);
#13022 = PRESENTATION_STYLE_ASSIGNMENT((#13023,#13028));
#13023 = SURFACE_STYLE_USAGE(.BOTH.,#13024);
#13024 = SURFACE_SIDE_STYLE('',(#13025));
#13025 = SURFACE_STYLE_FILL_AREA(#13026);
#13026 = FILL_AREA_STYLE('',(#13027));
#13027 = FILL_AREA_STYLE_COLOUR('',#12936);
#13028 = CURVE_STYLE('',#13029,POSITIVE_LENGTH_MEASURE(0.1),#12939);
#13029 = DRAUGHTING_PRE_DEFINED_CURVE_FONT('continuous');
#13030 = MECHANICAL_DESIGN_GEOMETRIC_PRESENTATION_REPRESENTATION('',(
    #13031),#2208);
#13031 = STYLED_ITEM('color',(#13032),#2196);
#13032 = PRESENTATION_STYLE_ASSIGNMENT((#13033,#13038));
#13033 = SURFACE_STYLE_USAGE(.BOTH.,#13034);
#13034 = SURFACE_SIDE_STYLE('',(#13035));
#13035 = SURFACE_STYLE_FILL_AREA(#13036);
#13036 = FILL_AREA_STYLE('',(#13037));
#13037 = FILL_AREA_STYLE_COLOUR('',#12936);
#13038 = CURVE_STYLE('',#13039,POSITIVE_LENGTH_MEASURE(0.1),#12939);
#13039 = DRAUGHTING_PRE_DEFINED_CURVE_FONT('continuous');
#13040 = MECHANICAL_DESIGN_GEOMETRIC_PRESENTATION_REPRESENTATION('',(
    #13041),#9617);
#13041 = STYLED_ITEM('color',(#13042),#9605);
#13042 = PRESENTATION_STYLE_ASSIGNMENT((#13043,#13048));
#13043 = SURFACE_STYLE_USAGE(.BOTH.,#13044);
#13044 = SURFACE_SIDE_STYLE('',(#13045));
#13045 = SURFACE_STYLE_FILL_AREA(#13046);
#13046 = FILL_AREA_STYLE('',(#13047));
#13047 = FILL_AREA_STYLE_COLOUR('',#12936);
#13048 = CURVE_STYLE('',#13049,POSITIVE_LENGTH_MEASURE(0.1),#12939);
#13049 = DRAUGHTING_PRE_DEFINED_CURVE_FONT('continuous');
#13050 = MECHANICAL_DESIGN_GEOMETRIC_PRESENTATION_REPRESENTATION('',(
    #13051),#5401);
#13051 = STYLED_ITEM('color',(#13052),#5389);
#13052 = PRESENTATION_STYLE_ASSIGNMENT((#13053,#13058));
#13053 = SURFACE_STYLE_USAGE(.BOTH.,#13054);
#13054 = SURFACE_SIDE_STYLE('',(#13055));
#13055 = SURFACE_STYLE_FILL_AREA(#13056);
#13056 = FILL_AREA_STYLE('',(#13057));
#13057 = FILL_AREA_STYLE_COLOUR('',#12936);
#13058 = CURVE_STYLE('',#13059,POSITIVE_LENGTH_MEASURE(0.1),#12939);
#13059 = DRAUGHTING_PRE_DEFINED_CURVE_FONT('continuous');
#13060 = MECHANICAL_DESIGN_GEOMETRIC_PRESENTATION_REPRESENTATION('',(
    #13061),#6610);
#13061 = STYLED_ITEM('color',(#13062),#6598);
#13062 = PRESENTATION_STYLE_ASSIGNMENT((#13063,#13068));
#13063 = SURFACE_STYLE_USAGE(.BOTH.,#13064);
#13064 = SURFACE_SIDE_STYLE('',(#13065));
#13065 = SURFACE_STYLE_FILL_AREA(#13066);
#13066 = FILL_AREA_STYLE('',(#13067));
#13067 = FILL_AREA_STYLE_COLOUR('',#12936);
#13068 = CURVE_STYLE('',#13069,POSITIVE_LENGTH_MEASURE(0.1),#12939);
#13069 = DRAUGHTING_PRE_DEFINED_CURVE_FONT('continuous');
#13070 = MECHANICAL_DESIGN_GEOMETRIC_PRESENTATION_REPRESENTATION('',(
    #13071),#2797);
#13071 = STYLED_ITEM('color',(#13072),#2785);
#13072 = PRESENTATION_STYLE_ASSIGNMENT((#13073,#13078));
#13073 = SURFACE_STYLE_USAGE(.BOTH.,#13074);
#13074 = SURFACE_SIDE_STYLE('',(#13075));
#13075 = SURFACE_STYLE_FILL_AREA(#13076);
#13076 = FILL_AREA_STYLE('',(#13077));
#13077 = FILL_AREA_STYLE_COLOUR('',#12936);
#13078 = CURVE_STYLE('',#13079,POSITIVE_LENGTH_MEASURE(0.1),#12939);
#13079 = DRAUGHTING_PRE_DEFINED_CURVE_FONT('continuous');
#13080 = MECHANICAL_DESIGN_GEOMETRIC_PRESENTATION_REPRESENTATION('',(
    #13081),#8594);
#13081 = STYLED_ITEM('color',(#13082),#8582);
#13082 = PRESENTATION_STYLE_ASSIGNMENT((#13083,#13088));
#13083 = SURFACE_STYLE_USAGE(.BOTH.,#13084);
#13084 = SURFACE_SIDE_STYLE('',(#13085));
#13085 = SURFACE_STYLE_FILL_AREA(#13086);
#13086 = FILL_AREA_STYLE('',(#13087));
#13087 = FILL_AREA_STYLE_COLOUR('',#12936);
#13088 = CURVE_STYLE('',#13089,POSITIVE_LENGTH_MEASURE(0.1),#12939);
#13089 = DRAUGHTING_PRE_DEFINED_CURVE_FONT('continuous');
#13090 = MECHANICAL_DESIGN_GEOMETRIC_PRESENTATION_REPRESENTATION('',(
    #13091),#7168);
#13091 = STYLED_ITEM('color',(#13092),#7156);
#13092 = PRESENTATION_STYLE_ASSIGNMENT((#13093,#13098));
#13093 = SURFACE_STYLE_USAGE(.BOTH.,#13094);
#13094 = SURFACE_SIDE_STYLE('',(#13095));
#13095 = SURFACE_STYLE_FILL_AREA(#13096);
#13096 = FILL_AREA_STYLE('',(#13097));
#13097 = FILL_AREA_STYLE_COLOUR('',#12936);
#13098 = CURVE_STYLE('',#13099,POSITIVE_LENGTH_MEASURE(0.1),#12939);
#13099 = DRAUGHTING_PRE_DEFINED_CURVE_FONT('continuous');
#13100 = MECHANICAL_DESIGN_GEOMETRIC_PRESENTATION_REPRESENTATION('',(
    #13101),#1650);
#13101 = STYLED_ITEM('color',(#13102),#1638);
#13102 = PRESENTATION_STYLE_ASSIGNMENT((#13103,#13108));
#13103 = SURFACE_STYLE_USAGE(.BOTH.,#13104);
#13104 = SURFACE_SIDE_STYLE('',(#13105));
#13105 = SURFACE_STYLE_FILL_AREA(#13106);
#13106 = FILL_AREA_STYLE('',(#13107));
#13107 = FILL_AREA_STYLE_COLOUR('',#12936);
#13108 = CURVE_STYLE('',#13109,POSITIVE_LENGTH_MEASURE(0.1),#12939);
#13109 = DRAUGHTING_PRE_DEFINED_CURVE_FONT('continuous');
#13110 = MECHANICAL_DESIGN_GEOMETRIC_PRESENTATION_REPRESENTATION('',(
    #13111),#4502);
#13111 = STYLED_ITEM('color',(#13112),#4490);
#13112 = PRESENTATION_STYLE_ASSIGNMENT((#13113,#13118));
#13113 = SURFACE_STYLE_USAGE(.BOTH.,#13114);
#13114 = SURFACE_SIDE_STYLE('',(#13115));
#13115 = SURFACE_STYLE_FILL_AREA(#13116);
#13116 = FILL_AREA_STYLE('',(#13117));
#13117 = FILL_AREA_STYLE_COLOUR('',#12936);
#13118 = CURVE_STYLE('',#13119,POSITIVE_LENGTH_MEASURE(0.1),#12939);
#13119 = DRAUGHTING_PRE_DEFINED_CURVE_FONT('continuous');
#13120 = MECHANICAL_DESIGN_GEOMETRIC_PRESENTATION_REPRESENTATION('',(
    #13121),#2332);
#13121 = STYLED_ITEM('color',(#13122),#2320);
#13122 = PRESENTATION_STYLE_ASSIGNMENT((#13123,#13128));
#13123 = SURFACE_STYLE_USAGE(.BOTH.,#13124);
#13124 = SURFACE_SIDE_STYLE('',(#13125));
#13125 = SURFACE_STYLE_FILL_AREA(#13126);
#13126 = FILL_AREA_STYLE('',(#13127));
#13127 = FILL_AREA_STYLE_COLOUR('',#12936);
#13128 = CURVE_STYLE('',#13129,POSITIVE_LENGTH_MEASURE(0.1),#12939);
#13129 = DRAUGHTING_PRE_DEFINED_CURVE_FONT('continuous');
#13130 = MECHANICAL_DESIGN_GEOMETRIC_PRESENTATION_REPRESENTATION('',(
    #13131),#5897);
#13131 = STYLED_ITEM('color',(#13132),#5885);
#13132 = PRESENTATION_STYLE_ASSIGNMENT((#13133,#13138));
#13133 = SURFACE_STYLE_USAGE(.BOTH.,#13134);
#13134 = SURFACE_SIDE_STYLE('',(#13135));
#13135 = SURFACE_STYLE_FILL_AREA(#13136);
#13136 = FILL_AREA_STYLE('',(#13137));
#13137 = FILL_AREA_STYLE_COLOUR('',#12936);
#13138 = CURVE_STYLE('',#13139,POSITIVE_LENGTH_MEASURE(0.1),#12939);
#13139 = DRAUGHTING_PRE_DEFINED_CURVE_FONT('continuous');
#13140 = MECHANICAL_DESIGN_GEOMETRIC_PRESENTATION_REPRESENTATION('',(
    #13141),#3510);
#13141 = STYLED_ITEM('color',(#13142),#3498);
#13142 = PRESENTATION_STYLE_ASSIGNMENT((#13143,#13148));
#13143 = SURFACE_STYLE_USAGE(.BOTH.,#13144);
#13144 = SURFACE_SIDE_STYLE('',(#13145));
#13145 = SURFACE_STYLE_FILL_AREA(#13146);
#13146 = FILL_AREA_STYLE('',(#13147));
#13147 = FILL_AREA_STYLE_COLOUR('',#12936);
#13148 = CURVE_STYLE('',#13149,POSITIVE_LENGTH_MEASURE(0.1),#12939);
#13149 = DRAUGHTING_PRE_DEFINED_CURVE_FONT('continuous');
#13150 = MECHANICAL_DESIGN_GEOMETRIC_PRESENTATION_REPRESENTATION('',(
    #13151),#6362);
#13151 = STYLED_ITEM('color',(#13152),#6350);
#13152 = PRESENTATION_STYLE_ASSIGNMENT((#13153,#13158));
#13153 = SURFACE_STYLE_USAGE(.BOTH.,#13154);
#13154 = SURFACE_SIDE_STYLE('',(#13155));
#13155 = SURFACE_STYLE_FILL_AREA(#13156);
#13156 = FILL_AREA_STYLE('',(#13157));
#13157 = FILL_AREA_STYLE_COLOUR('',#12936);
#13158 = CURVE_STYLE('',#13159,POSITIVE_LENGTH_MEASURE(0.1),#12939);
#13159 = DRAUGHTING_PRE_DEFINED_CURVE_FONT('continuous');
#13160 = MECHANICAL_DESIGN_GEOMETRIC_PRESENTATION_REPRESENTATION('',(
    #13161),#3448);
#13161 = STYLED_ITEM('color',(#13162),#3436);
#13162 = PRESENTATION_STYLE_ASSIGNMENT((#13163,#13168));
#13163 = SURFACE_STYLE_USAGE(.BOTH.,#13164);
#13164 = SURFACE_SIDE_STYLE('',(#13165));
#13165 = SURFACE_STYLE_FILL_AREA(#13166);
#13166 = FILL_AREA_STYLE('',(#13167));
#13167 = FILL_AREA_STYLE_COLOUR('',#12936);
#13168 = CURVE_STYLE('',#13169,POSITIVE_LENGTH_MEASURE(0.1),#12939);
#13169 = DRAUGHTING_PRE_DEFINED_CURVE_FONT('continuous');
#13170 = MECHANICAL_DESIGN_GEOMETRIC_PRESENTATION_REPRESENTATION('',(
    #13171),#3200);
#13171 = STYLED_ITEM('color',(#13172),#3188);
#13172 = PRESENTATION_STYLE_ASSIGNMENT((#13173,#13178));
#13173 = SURFACE_STYLE_USAGE(.BOTH.,#13174);
#13174 = SURFACE_SIDE_STYLE('',(#13175));
#13175 = SURFACE_STYLE_FILL_AREA(#13176);
#13176 = FILL_AREA_STYLE('',(#13177));
#13177 = FILL_AREA_STYLE_COLOUR('',#12936);
#13178 = CURVE_STYLE('',#13179,POSITIVE_LENGTH_MEASURE(0.1),#12939);
#13179 = DRAUGHTING_PRE_DEFINED_CURVE_FONT('continuous');
#13180 = MECHANICAL_DESIGN_GEOMETRIC_PRESENTATION_REPRESENTATION('',(
    #13181),#7292);
#13181 = STYLED_ITEM('color',(#13182),#7280);
#13182 = PRESENTATION_STYLE_ASSIGNMENT((#13183,#13188));
#13183 = SURFACE_STYLE_USAGE(.BOTH.,#13184);
#13184 = SURFACE_SIDE_STYLE('',(#13185));
#13185 = SURFACE_STYLE_FILL_AREA(#13186);
#13186 = FILL_AREA_STYLE('',(#13187));
#13187 = FILL_AREA_STYLE_COLOUR('',#12936);
#13188 = CURVE_STYLE('',#13189,POSITIVE_LENGTH_MEASURE(0.1),#12939);
#13189 = DRAUGHTING_PRE_DEFINED_CURVE_FONT('continuous');
#13190 = MECHANICAL_DESIGN_GEOMETRIC_PRESENTATION_REPRESENTATION('',(
    #13191),#3169);
#13191 = STYLED_ITEM('color',(#13192),#3157);
#13192 = PRESENTATION_STYLE_ASSIGNMENT((#13193,#13198));
#13193 = SURFACE_STYLE_USAGE(.BOTH.,#13194);
#13194 = SURFACE_SIDE_STYLE('',(#13195));
#13195 = SURFACE_STYLE_FILL_AREA(#13196);
#13196 = FILL_AREA_STYLE('',(#13197));
#13197 = FILL_AREA_STYLE_COLOUR('',#12936);
#13198 = CURVE_STYLE('',#13199,POSITIVE_LENGTH_MEASURE(0.1),#12939);
#13199 = DRAUGHTING_PRE_DEFINED_CURVE_FONT('continuous');
#13200 = MECHANICAL_DESIGN_GEOMETRIC_PRESENTATION_REPRESENTATION('',(
    #13201),#6021);
#13201 = STYLED_ITEM('color',(#13202),#6009);
#13202 = PRESENTATION_STYLE_ASSIGNMENT((#13203,#13208));
#13203 = SURFACE_STYLE_USAGE(.BOTH.,#13204);
#13204 = SURFACE_SIDE_STYLE('',(#13205));
#13205 = SURFACE_STYLE_FILL_AREA(#13206);
#13206 = FILL_AREA_STYLE('',(#13207));
#13207 = FILL_AREA_STYLE_COLOUR('',#12936);
#13208 = CURVE_STYLE('',#13209,POSITIVE_LENGTH_MEASURE(0.1),#12939);
#13209 = DRAUGHTING_PRE_DEFINED_CURVE_FONT('continuous');
#13210 = MECHANICAL_DESIGN_GEOMETRIC_PRESENTATION_REPRESENTATION('',(
    #13211),#6207);
#13211 = STYLED_ITEM('color',(#13212),#6195);
#13212 = PRESENTATION_STYLE_ASSIGNMENT((#13213,#13218));
#13213 = SURFACE_STYLE_USAGE(.BOTH.,#13214);
#13214 = SURFACE_SIDE_STYLE('',(#13215));
#13215 = SURFACE_STYLE_FILL_AREA(#13216);
#13216 = FILL_AREA_STYLE('',(#13217));
#13217 = FILL_AREA_STYLE_COLOUR('',#12936);
#13218 = CURVE_STYLE('',#13219,POSITIVE_LENGTH_MEASURE(0.1),#12939);
#13219 = DRAUGHTING_PRE_DEFINED_CURVE_FONT('continuous');
#13220 = MECHANICAL_DESIGN_GEOMETRIC_PRESENTATION_REPRESENTATION('',(
    #13221),#7509);
#13221 = STYLED_ITEM('color',(#13222),#7497);
#13222 = PRESENTATION_STYLE_ASSIGNMENT((#13223,#13228));
#13223 = SURFACE_STYLE_USAGE(.BOTH.,#13224);
#13224 = SURFACE_SIDE_STYLE('',(#13225));
#13225 = SURFACE_STYLE_FILL_AREA(#13226);
#13226 = FILL_AREA_STYLE('',(#13227));
#13227 = FILL_AREA_STYLE_COLOUR('',#12936);
#13228 = CURVE_STYLE('',#13229,POSITIVE_LENGTH_MEASURE(0.1),#12939);
#13229 = DRAUGHTING_PRE_DEFINED_CURVE_FONT('continuous');
#13230 = MECHANICAL_DESIGN_GEOMETRIC_PRESENTATION_REPRESENTATION('',(
    #13231),#4688);
#13231 = STYLED_ITEM('color',(#13232),#4676);
#13232 = PRESENTATION_STYLE_ASSIGNMENT((#13233,#13238));
#13233 = SURFACE_STYLE_USAGE(.BOTH.,#13234);
#13234 = SURFACE_SIDE_STYLE('',(#13235));
#13235 = SURFACE_STYLE_FILL_AREA(#13236);
#13236 = FILL_AREA_STYLE('',(#13237));
#13237 = FILL_AREA_STYLE_COLOUR('',#12936);
#13238 = CURVE_STYLE('',#13239,POSITIVE_LENGTH_MEASURE(0.1),#12939);
#13239 = DRAUGHTING_PRE_DEFINED_CURVE_FONT('continuous');
#13240 = MECHANICAL_DESIGN_GEOMETRIC_PRESENTATION_REPRESENTATION('',(
    #13241),#5556);
#13241 = STYLED_ITEM('color',(#13242),#5544);
#13242 = PRESENTATION_STYLE_ASSIGNMENT((#13243,#13248));
#13243 = SURFACE_STYLE_USAGE(.BOTH.,#13244);
#13244 = SURFACE_SIDE_STYLE('',(#13245));
#13245 = SURFACE_STYLE_FILL_AREA(#13246);
#13246 = FILL_AREA_STYLE('',(#13247));
#13247 = FILL_AREA_STYLE_COLOUR('',#12936);
#13248 = CURVE_STYLE('',#13249,POSITIVE_LENGTH_MEASURE(0.1),#12939);
#13249 = DRAUGHTING_PRE_DEFINED_CURVE_FONT('continuous');
#13250 = MECHANICAL_DESIGN_GEOMETRIC_PRESENTATION_REPRESENTATION('',(
    #13251),#9772);
#13251 = STYLED_ITEM('color',(#13252),#9760);
#13252 = PRESENTATION_STYLE_ASSIGNMENT((#13253,#13258));
#13253 = SURFACE_STYLE_USAGE(.BOTH.,#13254);
#13254 = SURFACE_SIDE_STYLE('',(#13255));
#13255 = SURFACE_STYLE_FILL_AREA(#13256);
#13256 = FILL_AREA_STYLE('',(#13257));
#13257 = FILL_AREA_STYLE_COLOUR('',#12936);
#13258 = CURVE_STYLE('',#13259,POSITIVE_LENGTH_MEASURE(0.1),#12939);
#13259 = DRAUGHTING_PRE_DEFINED_CURVE_FONT('continuous');
#13260 = MECHANICAL_DESIGN_GEOMETRIC_PRESENTATION_REPRESENTATION('',(
    #13261),#4099);
#13261 = STYLED_ITEM('color',(#13262),#4087);
#13262 = PRESENTATION_STYLE_ASSIGNMENT((#13263,#13268));
#13263 = SURFACE_STYLE_USAGE(.BOTH.,#13264);
#13264 = SURFACE_SIDE_STYLE('',(#13265));
#13265 = SURFACE_STYLE_FILL_AREA(#13266);
#13266 = FILL_AREA_STYLE('',(#13267));
#13267 = FILL_AREA_STYLE_COLOUR('',#12936);
#13268 = CURVE_STYLE('',#13269,POSITIVE_LENGTH_MEASURE(0.1),#12939);
#13269 = DRAUGHTING_PRE_DEFINED_CURVE_FONT('continuous');
#13270 = MECHANICAL_DESIGN_GEOMETRIC_PRESENTATION_REPRESENTATION('',(
    #13271),#3727);
#13271 = STYLED_ITEM('color',(#13272),#3715);
#13272 = PRESENTATION_STYLE_ASSIGNMENT((#13273,#13278));
#13273 = SURFACE_STYLE_USAGE(.BOTH.,#13274);
#13274 = SURFACE_SIDE_STYLE('',(#13275));
#13275 = SURFACE_STYLE_FILL_AREA(#13276);
#13276 = FILL_AREA_STYLE('',(#13277));
#13277 = FILL_AREA_STYLE_COLOUR('',#12936);
#13278 = CURVE_STYLE('',#13279,POSITIVE_LENGTH_MEASURE(0.1),#12939);
#13279 = DRAUGHTING_PRE_DEFINED_CURVE_FONT('continuous');
#13280 = MECHANICAL_DESIGN_GEOMETRIC_PRESENTATION_REPRESENTATION('',(
    #13281),#7261);
#13281 = STYLED_ITEM('color',(#13282),#7249);
#13282 = PRESENTATION_STYLE_ASSIGNMENT((#13283,#13288));
#13283 = SURFACE_STYLE_USAGE(.BOTH.,#13284);
#13284 = SURFACE_SIDE_STYLE('',(#13285));
#13285 = SURFACE_STYLE_FILL_AREA(#13286);
#13286 = FILL_AREA_STYLE('',(#13287));
#13287 = FILL_AREA_STYLE_COLOUR('',#12936);
#13288 = CURVE_STYLE('',#13289,POSITIVE_LENGTH_MEASURE(0.1),#12939);
#13289 = DRAUGHTING_PRE_DEFINED_CURVE_FONT('continuous');
#13290 = MECHANICAL_DESIGN_GEOMETRIC_PRESENTATION_REPRESENTATION('',(
    #13291),#5649);
#13291 = STYLED_ITEM('color',(#13292),#5637);
#13292 = PRESENTATION_STYLE_ASSIGNMENT((#13293,#13298));
#13293 = SURFACE_STYLE_USAGE(.BOTH.,#13294);
#13294 = SURFACE_SIDE_STYLE('',(#13295));
#13295 = SURFACE_STYLE_FILL_AREA(#13296);
#13296 = FILL_AREA_STYLE('',(#13297));
#13297 = FILL_AREA_STYLE_COLOUR('',#12936);
#13298 = CURVE_STYLE('',#13299,POSITIVE_LENGTH_MEASURE(0.1),#12939);
#13299 = DRAUGHTING_PRE_DEFINED_CURVE_FONT('continuous');
#13300 = MECHANICAL_DESIGN_GEOMETRIC_PRESENTATION_REPRESENTATION('',(
    #13301),#2704);
#13301 = STYLED_ITEM('color',(#13302),#2692);
#13302 = PRESENTATION_STYLE_ASSIGNMENT((#13303,#13308));
#13303 = SURFACE_STYLE_USAGE(.BOTH.,#13304);
#13304 = SURFACE_SIDE_STYLE('',(#13305));
#13305 = SURFACE_STYLE_FILL_AREA(#13306);
#13306 = FILL_AREA_STYLE('',(#13307));
#13307 = FILL_AREA_STYLE_COLOUR('',#12936);
#13308 = CURVE_STYLE('',#13309,POSITIVE_LENGTH_MEASURE(0.1),#12939);
#13309 = DRAUGHTING_PRE_DEFINED_CURVE_FONT('continuous');
#13310 = MECHANICAL_DESIGN_GEOMETRIC_PRESENTATION_REPRESENTATION('',(
    #13311),#4409);
#13311 = STYLED_ITEM('color',(#13312),#4397);
#13312 = PRESENTATION_STYLE_ASSIGNMENT((#13313,#13318));
#13313 = SURFACE_STYLE_USAGE(.BOTH.,#13314);
#13314 = SURFACE_SIDE_STYLE('',(#13315));
#13315 = SURFACE_STYLE_FILL_AREA(#13316);
#13316 = FILL_AREA_STYLE('',(#13317));
#13317 = FILL_AREA_STYLE_COLOUR('',#12936);
#13318 = CURVE_STYLE('',#13319,POSITIVE_LENGTH_MEASURE(0.1),#12939);
#13319 = DRAUGHTING_PRE_DEFINED_CURVE_FONT('continuous');
#13320 = MECHANICAL_DESIGN_GEOMETRIC_PRESENTATION_REPRESENTATION('',(
    #13321),#7571);
#13321 = STYLED_ITEM('color',(#13322),#7559);
#13322 = PRESENTATION_STYLE_ASSIGNMENT((#13323,#13328));
#13323 = SURFACE_STYLE_USAGE(.BOTH.,#13324);
#13324 = SURFACE_SIDE_STYLE('',(#13325));
#13325 = SURFACE_STYLE_FILL_AREA(#13326);
#13326 = FILL_AREA_STYLE('',(#13327));
#13327 = FILL_AREA_STYLE_COLOUR('',#12936);
#13328 = CURVE_STYLE('',#13329,POSITIVE_LENGTH_MEASURE(0.1),#12939);
#13329 = DRAUGHTING_PRE_DEFINED_CURVE_FONT('continuous');
#13330 = MECHANICAL_DESIGN_GEOMETRIC_PRESENTATION_REPRESENTATION('',(
    #13331),#12221);
#13331 = STYLED_ITEM('color',(#13332),#12209);
#13332 = PRESENTATION_STYLE_ASSIGNMENT((#13333,#13338));
#13333 = SURFACE_STYLE_USAGE(.BOTH.,#13334);
#13334 = SURFACE_SIDE_STYLE('',(#13335));
#13335 = SURFACE_STYLE_FILL_AREA(#13336);
#13336 = FILL_AREA_STYLE('',(#13337));
#13337 = FILL_AREA_STYLE_COLOUR('',#12936);
#13338 = CURVE_STYLE('',#13339,POSITIVE_LENGTH_MEASURE(0.1),#12939);
#13339 = DRAUGHTING_PRE_DEFINED_CURVE_FONT('continuous');
#13340 = MECHANICAL_DESIGN_GEOMETRIC_PRESENTATION_REPRESENTATION('',(
    #13341),#9524);
#13341 = STYLED_ITEM('color',(#13342),#9512);
#13342 = PRESENTATION_STYLE_ASSIGNMENT((#13343,#13348));
#13343 = SURFACE_STYLE_USAGE(.BOTH.,#13344);
#13344 = SURFACE_SIDE_STYLE('',(#13345));
#13345 = SURFACE_STYLE_FILL_AREA(#13346);
#13346 = FILL_AREA_STYLE('',(#13347));
#13347 = FILL_AREA_STYLE_COLOUR('',#12936);
#13348 = CURVE_STYLE('',#13349,POSITIVE_LENGTH_MEASURE(0.1),#12939);
#13349 = DRAUGHTING_PRE_DEFINED_CURVE_FONT('continuous');
#13350 = MECHANICAL_DESIGN_GEOMETRIC_PRESENTATION_REPRESENTATION('',(
    #13351),#4068);
#13351 = STYLED_ITEM('color',(#13352),#4056);
#13352 = PRESENTATION_STYLE_ASSIGNMENT((#13353,#13358));
#13353 = SURFACE_STYLE_USAGE(.BOTH.,#13354);
#13354 = SURFACE_SIDE_STYLE('',(#13355));
#13355 = SURFACE_STYLE_FILL_AREA(#13356);
#13356 = FILL_AREA_STYLE('',(#13357));
#13357 = FILL_AREA_STYLE_COLOUR('',#12936);
#13358 = CURVE_STYLE('',#13359,POSITIVE_LENGTH_MEASURE(0.1),#12939);
#13359 = DRAUGHTING_PRE_DEFINED_CURVE_FONT('continuous');
#13360 = MECHANICAL_DESIGN_GEOMETRIC_PRESENTATION_REPRESENTATION('',(
    #13361),#8904);
#13361 = STYLED_ITEM('color',(#13362),#8892);
#13362 = PRESENTATION_STYLE_ASSIGNMENT((#13363,#13368));
#13363 = SURFACE_STYLE_USAGE(.BOTH.,#13364);
#13364 = SURFACE_SIDE_STYLE('',(#13365));
#13365 = SURFACE_STYLE_FILL_AREA(#13366);
#13366 = FILL_AREA_STYLE('',(#13367));
#13367 = FILL_AREA_STYLE_COLOUR('',#12936);
#13368 = CURVE_STYLE('',#13369,POSITIVE_LENGTH_MEASURE(0.1),#12939);
#13369 = DRAUGHTING_PRE_DEFINED_CURVE_FONT('continuous');
#13370 = MECHANICAL_DESIGN_GEOMETRIC_PRESENTATION_REPRESENTATION('',(
    #13371),#9865);
#13371 = STYLED_ITEM('color',(#13372),#9853);
#13372 = PRESENTATION_STYLE_ASSIGNMENT((#13373,#13378));
#13373 = SURFACE_STYLE_USAGE(.BOTH.,#13374);
#13374 = SURFACE_SIDE_STYLE('',(#13375));
#13375 = SURFACE_STYLE_FILL_AREA(#13376);
#13376 = FILL_AREA_STYLE('',(#13377));
#13377 = FILL_AREA_STYLE_COLOUR('',#12936);
#13378 = CURVE_STYLE('',#13379,POSITIVE_LENGTH_MEASURE(0.1),#12939);
#13379 = DRAUGHTING_PRE_DEFINED_CURVE_FONT('continuous');
#13380 = MECHANICAL_DESIGN_GEOMETRIC_PRESENTATION_REPRESENTATION('',(
    #13381),#5618);
#13381 = STYLED_ITEM('color',(#13382),#5606);
#13382 = PRESENTATION_STYLE_ASSIGNMENT((#13383,#13388));
#13383 = SURFACE_STYLE_USAGE(.BOTH.,#13384);
#13384 = SURFACE_SIDE_STYLE('',(#13385));
#13385 = SURFACE_STYLE_FILL_AREA(#13386);
#13386 = FILL_AREA_STYLE('',(#13387));
#13387 = FILL_AREA_STYLE_COLOUR('',#12936);
#13388 = CURVE_STYLE('',#13389,POSITIVE_LENGTH_MEASURE(0.1),#12939);
#13389 = DRAUGHTING_PRE_DEFINED_CURVE_FONT('continuous');
#13390 = MECHANICAL_DESIGN_GEOMETRIC_PRESENTATION_REPRESENTATION('',(
    #13391),#4750);
#13391 = STYLED_ITEM('color',(#13392),#4738);
#13392 = PRESENTATION_STYLE_ASSIGNMENT((#13393,#13398));
#13393 = SURFACE_STYLE_USAGE(.BOTH.,#13394);
#13394 = SURFACE_SIDE_STYLE('',(#13395));
#13395 = SURFACE_STYLE_FILL_AREA(#13396);
#13396 = FILL_AREA_STYLE('',(#13397));
#13397 = FILL_AREA_STYLE_COLOUR('',#12936);
#13398 = CURVE_STYLE('',#13399,POSITIVE_LENGTH_MEASURE(0.1),#12939);
#13399 = DRAUGHTING_PRE_DEFINED_CURVE_FONT('continuous');
#13400 = MECHANICAL_DESIGN_GEOMETRIC_PRESENTATION_REPRESENTATION('',(
    #13401),#5308);
#13401 = STYLED_ITEM('color',(#13402),#5296);
#13402 = PRESENTATION_STYLE_ASSIGNMENT((#13403,#13408));
#13403 = SURFACE_STYLE_USAGE(.BOTH.,#13404);
#13404 = SURFACE_SIDE_STYLE('',(#13405));
#13405 = SURFACE_STYLE_FILL_AREA(#13406);
#13406 = FILL_AREA_STYLE('',(#13407));
#13407 = FILL_AREA_STYLE_COLOUR('',#12936);
#13408 = CURVE_STYLE('',#13409,POSITIVE_LENGTH_MEASURE(0.1),#12939);
#13409 = DRAUGHTING_PRE_DEFINED_CURVE_FONT('continuous');
#13410 = MECHANICAL_DESIGN_GEOMETRIC_PRESENTATION_REPRESENTATION('',(
    #13411),#3820);
#13411 = STYLED_ITEM('color',(#13412),#3808);
#13412 = PRESENTATION_STYLE_ASSIGNMENT((#13413,#13418));
#13413 = SURFACE_STYLE_USAGE(.BOTH.,#13414);
#13414 = SURFACE_SIDE_STYLE('',(#13415));
#13415 = SURFACE_STYLE_FILL_AREA(#13416);
#13416 = FILL_AREA_STYLE('',(#13417));
#13417 = FILL_AREA_STYLE_COLOUR('',#12936);
#13418 = CURVE_STYLE('',#13419,POSITIVE_LENGTH_MEASURE(0.1),#12939);
#13419 = DRAUGHTING_PRE_DEFINED_CURVE_FONT('continuous');
#13420 = MECHANICAL_DESIGN_GEOMETRIC_PRESENTATION_REPRESENTATION('',(
    #13421),#6052);
#13421 = STYLED_ITEM('color',(#13422),#6040);
#13422 = PRESENTATION_STYLE_ASSIGNMENT((#13423,#13428));
#13423 = SURFACE_STYLE_USAGE(.BOTH.,#13424);
#13424 = SURFACE_SIDE_STYLE('',(#13425));
#13425 = SURFACE_STYLE_FILL_AREA(#13426);
#13426 = FILL_AREA_STYLE('',(#13427));
#13427 = FILL_AREA_STYLE_COLOUR('',#12936);
#13428 = CURVE_STYLE('',#13429,POSITIVE_LENGTH_MEASURE(0.1),#12939);
#13429 = DRAUGHTING_PRE_DEFINED_CURVE_FONT('continuous');
#13430 = MECHANICAL_DESIGN_GEOMETRIC_PRESENTATION_REPRESENTATION('',(
    #13431),#12066);
#13431 = STYLED_ITEM('color',(#13432),#12054);
#13432 = PRESENTATION_STYLE_ASSIGNMENT((#13433,#13438));
#13433 = SURFACE_STYLE_USAGE(.BOTH.,#13434);
#13434 = SURFACE_SIDE_STYLE('',(#13435));
#13435 = SURFACE_STYLE_FILL_AREA(#13436);
#13436 = FILL_AREA_STYLE('',(#13437));
#13437 = FILL_AREA_STYLE_COLOUR('',#12936);
#13438 = CURVE_STYLE('',#13439,POSITIVE_LENGTH_MEASURE(0.1),#12939);
#13439 = DRAUGHTING_PRE_DEFINED_CURVE_FONT('continuous');
#13440 = MECHANICAL_DESIGN_GEOMETRIC_PRESENTATION_REPRESENTATION('',(
    #13441),#8191);
#13441 = STYLED_ITEM('color',(#13442),#8179);
#13442 = PRESENTATION_STYLE_ASSIGNMENT((#13443,#13448));
#13443 = SURFACE_STYLE_USAGE(.BOTH.,#13444);
#13444 = SURFACE_SIDE_STYLE('',(#13445));
#13445 = SURFACE_STYLE_FILL_AREA(#13446);
#13446 = FILL_AREA_STYLE('',(#13447));
#13447 = FILL_AREA_STYLE_COLOUR('',#12936);
#13448 = CURVE_STYLE('',#13449,POSITIVE_LENGTH_MEASURE(0.1),#12939);
#13449 = DRAUGHTING_PRE_DEFINED_CURVE_FONT('continuous');
#13450 = MECHANICAL_DESIGN_GEOMETRIC_PRESENTATION_REPRESENTATION('',(
    #13451),#5525);
#13451 = STYLED_ITEM('color',(#13452),#5513);
#13452 = PRESENTATION_STYLE_ASSIGNMENT((#13453,#13458));
#13453 = SURFACE_STYLE_USAGE(.BOTH.,#13454);
#13454 = SURFACE_SIDE_STYLE('',(#13455));
#13455 = SURFACE_STYLE_FILL_AREA(#13456);
#13456 = FILL_AREA_STYLE('',(#13457));
#13457 = FILL_AREA_STYLE_COLOUR('',#12936);
#13458 = CURVE_STYLE('',#13459,POSITIVE_LENGTH_MEASURE(0.1),#12939);
#13459 = DRAUGHTING_PRE_DEFINED_CURVE_FONT('continuous');
#13460 = MECHANICAL_DESIGN_GEOMETRIC_PRESENTATION_REPRESENTATION('',(
    #13461),#10206);
#13461 = STYLED_ITEM('color',(#13462),#10194);
#13462 = PRESENTATION_STYLE_ASSIGNMENT((#13463,#13468));
#13463 = SURFACE_STYLE_USAGE(.BOTH.,#13464);
#13464 = SURFACE_SIDE_STYLE('',(#13465));
#13465 = SURFACE_STYLE_FILL_AREA(#13466);
#13466 = FILL_AREA_STYLE('',(#13467));
#13467 = FILL_AREA_STYLE_COLOUR('',#12936);
#13468 = CURVE_STYLE('',#13469,POSITIVE_LENGTH_MEASURE(0.1),#12939);
#13469 = DRAUGHTING_PRE_DEFINED_CURVE_FONT('continuous');
#13470 = MECHANICAL_DESIGN_GEOMETRIC_PRESENTATION_REPRESENTATION('',(
    #13471),#2828);
#13471 = STYLED_ITEM('color',(#13472),#2816);
#13472 = PRESENTATION_STYLE_ASSIGNMENT((#13473,#13478));
#13473 = SURFACE_STYLE_USAGE(.BOTH.,#13474);
#13474 = SURFACE_SIDE_STYLE('',(#13475));
#13475 = SURFACE_STYLE_FILL_AREA(#13476);
#13476 = FILL_AREA_STYLE('',(#13477));
#13477 = FILL_AREA_STYLE_COLOUR('',#12936);
#13478 = CURVE_STYLE('',#13479,POSITIVE_LENGTH_MEASURE(0.1),#12939);
#13479 = DRAUGHTING_PRE_DEFINED_CURVE_FONT('continuous');
#13480 = MECHANICAL_DESIGN_GEOMETRIC_PRESENTATION_REPRESENTATION('',(
    #13481),#10702);
#13481 = STYLED_ITEM('color',(#13482),#10690);
#13482 = PRESENTATION_STYLE_ASSIGNMENT((#13483,#13488));
#13483 = SURFACE_STYLE_USAGE(.BOTH.,#13484);
#13484 = SURFACE_SIDE_STYLE('',(#13485));
#13485 = SURFACE_STYLE_FILL_AREA(#13486);
#13486 = FILL_AREA_STYLE('',(#13487));
#13487 = FILL_AREA_STYLE_COLOUR('',#12936);
#13488 = CURVE_STYLE('',#13489,POSITIVE_LENGTH_MEASURE(0.1),#12939);
#13489 = DRAUGHTING_PRE_DEFINED_CURVE_FONT('continuous');
#13490 = MECHANICAL_DESIGN_GEOMETRIC_PRESENTATION_REPRESENTATION('',(
    #13491),#7943);
#13491 = STYLED_ITEM('color',(#13492),#7931);
#13492 = PRESENTATION_STYLE_ASSIGNMENT((#13493,#13498));
#13493 = SURFACE_STYLE_USAGE(.BOTH.,#13494);
#13494 = SURFACE_SIDE_STYLE('',(#13495));
#13495 = SURFACE_STYLE_FILL_AREA(#13496);
#13496 = FILL_AREA_STYLE('',(#13497));
#13497 = FILL_AREA_STYLE_COLOUR('',#12936);
#13498 = CURVE_STYLE('',#13499,POSITIVE_LENGTH_MEASURE(0.1),#12939);
#13499 = DRAUGHTING_PRE_DEFINED_CURVE_FONT('continuous');
#13500 = MECHANICAL_DESIGN_GEOMETRIC_PRESENTATION_REPRESENTATION('',(
    #13501),#8439);
#13501 = STYLED_ITEM('color',(#13502),#8427);
#13502 = PRESENTATION_STYLE_ASSIGNMENT((#13503,#13508));
#13503 = SURFACE_STYLE_USAGE(.BOTH.,#13504);
#13504 = SURFACE_SIDE_STYLE('',(#13505));
#13505 = SURFACE_STYLE_FILL_AREA(#13506);
#13506 = FILL_AREA_STYLE('',(#13507));
#13507 = FILL_AREA_STYLE_COLOUR('',#12936);
#13508 = CURVE_STYLE('',#13509,POSITIVE_LENGTH_MEASURE(0.1),#12939);
#13509 = DRAUGHTING_PRE_DEFINED_CURVE_FONT('continuous');
#13510 = MECHANICAL_DESIGN_GEOMETRIC_PRESENTATION_REPRESENTATION('',(
    #13511),#7478);
#13511 = STYLED_ITEM('color',(#13512),#7466);
#13512 = PRESENTATION_STYLE_ASSIGNMENT((#13513,#13518));
#13513 = SURFACE_STYLE_USAGE(.BOTH.,#13514);
#13514 = SURFACE_SIDE_STYLE('',(#13515));
#13515 = SURFACE_STYLE_FILL_AREA(#13516);
#13516 = FILL_AREA_STYLE('',(#13517));
#13517 = FILL_AREA_STYLE_COLOUR('',#12936);
#13518 = CURVE_STYLE('',#13519,POSITIVE_LENGTH_MEASURE(0.1),#12939);
#13519 = DRAUGHTING_PRE_DEFINED_CURVE_FONT('continuous');
#13520 = MECHANICAL_DESIGN_GEOMETRIC_PRESENTATION_REPRESENTATION('',(
    #13521),#8873);
#13521 = STYLED_ITEM('color',(#13522),#8861);
#13522 = PRESENTATION_STYLE_ASSIGNMENT((#13523,#13528));
#13523 = SURFACE_STYLE_USAGE(.BOTH.,#13524);
#13524 = SURFACE_SIDE_STYLE('',(#13525));
#13525 = SURFACE_STYLE_FILL_AREA(#13526);
#13526 = FILL_AREA_STYLE('',(#13527));
#13527 = FILL_AREA_STYLE_COLOUR('',#12936);
#13528 = CURVE_STYLE('',#13529,POSITIVE_LENGTH_MEASURE(0.1),#12939);
#13529 = DRAUGHTING_PRE_DEFINED_CURVE_FONT('continuous');
#13530 = MECHANICAL_DESIGN_GEOMETRIC_PRESENTATION_REPRESENTATION('',(
    #13531),#3696);
#13531 = STYLED_ITEM('color',(#13532),#3684);
#13532 = PRESENTATION_STYLE_ASSIGNMENT((#13533,#13538));
#13533 = SURFACE_STYLE_USAGE(.BOTH.,#13534);
#13534 = SURFACE_SIDE_STYLE('',(#13535));
#13535 = SURFACE_STYLE_FILL_AREA(#13536);
#13536 = FILL_AREA_STYLE('',(#13537));
#13537 = FILL_AREA_STYLE_COLOUR('',#12936);
#13538 = CURVE_STYLE('',#13539,POSITIVE_LENGTH_MEASURE(0.1),#12939);
#13539 = DRAUGHTING_PRE_DEFINED_CURVE_FONT('continuous');
#13540 = MECHANICAL_DESIGN_GEOMETRIC_PRESENTATION_REPRESENTATION('',(
    #13541),#7602);
#13541 = STYLED_ITEM('color',(#13542),#7590);
#13542 = PRESENTATION_STYLE_ASSIGNMENT((#13543,#13548));
#13543 = SURFACE_STYLE_USAGE(.BOTH.,#13544);
#13544 = SURFACE_SIDE_STYLE('',(#13545));
#13545 = SURFACE_STYLE_FILL_AREA(#13546);
#13546 = FILL_AREA_STYLE('',(#13547));
#13547 = FILL_AREA_STYLE_COLOUR('',#12936);
#13548 = CURVE_STYLE('',#13549,POSITIVE_LENGTH_MEASURE(0.1),#12939);
#13549 = DRAUGHTING_PRE_DEFINED_CURVE_FONT('continuous');
#13550 = MECHANICAL_DESIGN_GEOMETRIC_PRESENTATION_REPRESENTATION('',(
    #13551),#12314);
#13551 = STYLED_ITEM('color',(#13552),#12302);
#13552 = PRESENTATION_STYLE_ASSIGNMENT((#13553,#13558));
#13553 = SURFACE_STYLE_USAGE(.BOTH.,#13554);
#13554 = SURFACE_SIDE_STYLE('',(#13555));
#13555 = SURFACE_STYLE_FILL_AREA(#13556);
#13556 = FILL_AREA_STYLE('',(#13557));
#13557 = FILL_AREA_STYLE_COLOUR('',#12936);
#13558 = CURVE_STYLE('',#13559,POSITIVE_LENGTH_MEASURE(0.1),#12939);
#13559 = DRAUGHTING_PRE_DEFINED_CURVE_FONT('continuous');
#13560 = MECHANICAL_DESIGN_GEOMETRIC_PRESENTATION_REPRESENTATION('',(
    #13561),#9276);
#13561 = STYLED_ITEM('color',(#13562),#9264);
#13562 = PRESENTATION_STYLE_ASSIGNMENT((#13563,#13568));
#13563 = SURFACE_STYLE_USAGE(.BOTH.,#13564);
#13564 = SURFACE_SIDE_STYLE('',(#13565));
#13565 = SURFACE_STYLE_FILL_AREA(#13566);
#13566 = FILL_AREA_STYLE('',(#13567));
#13567 = FILL_AREA_STYLE_COLOUR('',#12936);
#13568 = CURVE_STYLE('',#13569,POSITIVE_LENGTH_MEASURE(0.1),#12939);
#13569 = DRAUGHTING_PRE_DEFINED_CURVE_FONT('continuous');
#13570 = MECHANICAL_DESIGN_GEOMETRIC_PRESENTATION_REPRESENTATION('',(
    #13571),#6920);
#13571 = STYLED_ITEM('color',(#13572),#6908);
#13572 = PRESENTATION_STYLE_ASSIGNMENT((#13573,#13578));
#13573 = SURFACE_STYLE_USAGE(.BOTH.,#13574);
#13574 = SURFACE_SIDE_STYLE('',(#13575));
#13575 = SURFACE_STYLE_FILL_AREA(#13576);
#13576 = FILL_AREA_STYLE('',(#13577));
#13577 = FILL_AREA_STYLE_COLOUR('',#12936);
#13578 = CURVE_STYLE('',#13579,POSITIVE_LENGTH_MEASURE(0.1),#12939);
#13579 = DRAUGHTING_PRE_DEFINED_CURVE_FONT('continuous');
#13580 = MECHANICAL_DESIGN_GEOMETRIC_PRESENTATION_REPRESENTATION('',(
    #13581),#6424);
#13581 = STYLED_ITEM('color',(#13582),#6412);
#13582 = PRESENTATION_STYLE_ASSIGNMENT((#13583,#13588));
#13583 = SURFACE_STYLE_USAGE(.BOTH.,#13584);
#13584 = SURFACE_SIDE_STYLE('',(#13585));
#13585 = SURFACE_STYLE_FILL_AREA(#13586);
#13586 = FILL_AREA_STYLE('',(#13587));
#13587 = FILL_AREA_STYLE_COLOUR('',#12936);
#13588 = CURVE_STYLE('',#13589,POSITIVE_LENGTH_MEASURE(0.1),#12939);
#13589 = DRAUGHTING_PRE_DEFINED_CURVE_FONT('continuous');
#13590 = MECHANICAL_DESIGN_GEOMETRIC_PRESENTATION_REPRESENTATION('',(
    #13591),#2146);
#13591 = STYLED_ITEM('color',(#13592),#2134);
#13592 = PRESENTATION_STYLE_ASSIGNMENT((#13593,#13598));
#13593 = SURFACE_STYLE_USAGE(.BOTH.,#13594);
#13594 = SURFACE_SIDE_STYLE('',(#13595));
#13595 = SURFACE_STYLE_FILL_AREA(#13596);
#13596 = FILL_AREA_STYLE('',(#13597));
#13597 = FILL_AREA_STYLE_COLOUR('',#12936);
#13598 = CURVE_STYLE('',#13599,POSITIVE_LENGTH_MEASURE(0.1),#12939);
#13599 = DRAUGHTING_PRE_DEFINED_CURVE_FONT('continuous');
#13600 = MECHANICAL_DESIGN_GEOMETRIC_PRESENTATION_REPRESENTATION('',(
    #13601),#9803);
#13601 = STYLED_ITEM('color',(#13602),#9791);
#13602 = PRESENTATION_STYLE_ASSIGNMENT((#13603,#13608));
#13603 = SURFACE_STYLE_USAGE(.BOTH.,#13604);
#13604 = SURFACE_SIDE_STYLE('',(#13605));
#13605 = SURFACE_STYLE_FILL_AREA(#13606);
#13606 = FILL_AREA_STYLE('',(#13607));
#13607 = FILL_AREA_STYLE_COLOUR('',#12936);
#13608 = CURVE_STYLE('',#13609,POSITIVE_LENGTH_MEASURE(0.1),#12939);
#13609 = DRAUGHTING_PRE_DEFINED_CURVE_FONT('continuous');
#13610 = MECHANICAL_DESIGN_GEOMETRIC_PRESENTATION_REPRESENTATION('',(
    #13611),#2394);
#13611 = STYLED_ITEM('color',(#13612),#2382);
#13612 = PRESENTATION_STYLE_ASSIGNMENT((#13613,#13618));
#13613 = SURFACE_STYLE_USAGE(.BOTH.,#13614);
#13614 = SURFACE_SIDE_STYLE('',(#13615));
#13615 = SURFACE_STYLE_FILL_AREA(#13616);
#13616 = FILL_AREA_STYLE('',(#13617));
#13617 = FILL_AREA_STYLE_COLOUR('',#12936);
#13618 = CURVE_STYLE('',#13619,POSITIVE_LENGTH_MEASURE(0.1),#12939);
#13619 = DRAUGHTING_PRE_DEFINED_CURVE_FONT('continuous');
#13620 = MECHANICAL_DESIGN_GEOMETRIC_PRESENTATION_REPRESENTATION('',(
    #13621),#6982);
#13621 = STYLED_ITEM('color',(#13622),#6970);
#13622 = PRESENTATION_STYLE_ASSIGNMENT((#13623,#13628));
#13623 = SURFACE_STYLE_USAGE(.BOTH.,#13624);
#13624 = SURFACE_SIDE_STYLE('',(#13625));
#13625 = SURFACE_STYLE_FILL_AREA(#13626);
#13626 = FILL_AREA_STYLE('',(#13627));
#13627 = FILL_AREA_STYLE_COLOUR('',#12936);
#13628 = CURVE_STYLE('',#13629,POSITIVE_LENGTH_MEASURE(0.1),#12939);
#13629 = DRAUGHTING_PRE_DEFINED_CURVE_FONT('continuous');
#13630 = MECHANICAL_DESIGN_GEOMETRIC_PRESENTATION_REPRESENTATION('',(
    #13631),#2301);
#13631 = STYLED_ITEM('color',(#13632),#2289);
#13632 = PRESENTATION_STYLE_ASSIGNMENT((#13633,#13638));
#13633 = SURFACE_STYLE_USAGE(.BOTH.,#13634);
#13634 = SURFACE_SIDE_STYLE('',(#13635));
#13635 = SURFACE_STYLE_FILL_AREA(#13636);
#13636 = FILL_AREA_STYLE('',(#13637));
#13637 = FILL_AREA_STYLE_COLOUR('',#12936);
#13638 = CURVE_STYLE('',#13639,POSITIVE_LENGTH_MEASURE(0.1),#12939);
#13639 = DRAUGHTING_PRE_DEFINED_CURVE_FONT('continuous');
#13640 = MECHANICAL_DESIGN_GEOMETRIC_PRESENTATION_REPRESENTATION('',(
    #13641),#8656);
#13641 = STYLED_ITEM('color',(#13642),#8644);
#13642 = PRESENTATION_STYLE_ASSIGNMENT((#13643,#13648));
#13643 = SURFACE_STYLE_USAGE(.BOTH.,#13644);
#13644 = SURFACE_SIDE_STYLE('',(#13645));
#13645 = SURFACE_STYLE_FILL_AREA(#13646);
#13646 = FILL_AREA_STYLE('',(#13647));
#13647 = FILL_AREA_STYLE_COLOUR('',#12936);
#13648 = CURVE_STYLE('',#13649,POSITIVE_LENGTH_MEASURE(0.1),#12939);
#13649 = DRAUGHTING_PRE_DEFINED_CURVE_FONT('continuous');
#13650 = MECHANICAL_DESIGN_GEOMETRIC_PRESENTATION_REPRESENTATION('',(
    #13651),#6548);
#13651 = STYLED_ITEM('color',(#13652),#6536);
#13652 = PRESENTATION_STYLE_ASSIGNMENT((#13653,#13658));
#13653 = SURFACE_STYLE_USAGE(.BOTH.,#13654);
#13654 = SURFACE_SIDE_STYLE('',(#13655));
#13655 = SURFACE_STYLE_FILL_AREA(#13656);
#13656 = FILL_AREA_STYLE('',(#13657));
#13657 = FILL_AREA_STYLE_COLOUR('',#12936);
#13658 = CURVE_STYLE('',#13659,POSITIVE_LENGTH_MEASURE(0.1),#12939);
#13659 = DRAUGHTING_PRE_DEFINED_CURVE_FONT('continuous');
#13660 = MECHANICAL_DESIGN_GEOMETRIC_PRESENTATION_REPRESENTATION('',(
    #13661),#12376);
#13661 = STYLED_ITEM('color',(#13662),#12364);
#13662 = PRESENTATION_STYLE_ASSIGNMENT((#13663,#13668));
#13663 = SURFACE_STYLE_USAGE(.BOTH.,#13664);
#13664 = SURFACE_SIDE_STYLE('',(#13665));
#13665 = SURFACE_STYLE_FILL_AREA(#13666);
#13666 = FILL_AREA_STYLE('',(#13667));
#13667 = FILL_AREA_STYLE_COLOUR('',#12936);
#13668 = CURVE_STYLE('',#13669,POSITIVE_LENGTH_MEASURE(0.1),#12939);
#13669 = DRAUGHTING_PRE_DEFINED_CURVE_FONT('continuous');
#13670 = MECHANICAL_DESIGN_GEOMETRIC_PRESENTATION_REPRESENTATION('',(
    #13671),#5432);
#13671 = STYLED_ITEM('color',(#13672),#5420);
#13672 = PRESENTATION_STYLE_ASSIGNMENT((#13673,#13678));
#13673 = SURFACE_STYLE_USAGE(.BOTH.,#13674);
#13674 = SURFACE_SIDE_STYLE('',(#13675));
#13675 = SURFACE_STYLE_FILL_AREA(#13676);
#13676 = FILL_AREA_STYLE('',(#13677));
#13677 = FILL_AREA_STYLE_COLOUR('',#12936);
#13678 = CURVE_STYLE('',#13679,POSITIVE_LENGTH_MEASURE(0.1),#12939);
#13679 = DRAUGHTING_PRE_DEFINED_CURVE_FONT('continuous');
#13680 = MECHANICAL_DESIGN_GEOMETRIC_PRESENTATION_REPRESENTATION('',(
    #13681),#3386);
#13681 = STYLED_ITEM('color',(#13682),#3374);
#13682 = PRESENTATION_STYLE_ASSIGNMENT((#13683,#13688));
#13683 = SURFACE_STYLE_USAGE(.BOTH.,#13684);
#13684 = SURFACE_SIDE_STYLE('',(#13685));
#13685 = SURFACE_STYLE_FILL_AREA(#13686);
#13686 = FILL_AREA_STYLE('',(#13687));
#13687 = FILL_AREA_STYLE_COLOUR('',#12936);
#13688 = CURVE_STYLE('',#13689,POSITIVE_LENGTH_MEASURE(0.1),#12939);
#13689 = DRAUGHTING_PRE_DEFINED_CURVE_FONT('continuous');
#13690 = MECHANICAL_DESIGN_GEOMETRIC_PRESENTATION_REPRESENTATION('',(
    #13691),#9679);
#13691 = STYLED_ITEM('color',(#13692),#9667);
#13692 = PRESENTATION_STYLE_ASSIGNMENT((#13693,#13698));
#13693 = SURFACE_STYLE_USAGE(.BOTH.,#13694);
#13694 = SURFACE_SIDE_STYLE('',(#13695));
#13695 = SURFACE_STYLE_FILL_AREA(#13696);
#13696 = FILL_AREA_STYLE('',(#13697));
#13697 = FILL_AREA_STYLE_COLOUR('',#12936);
#13698 = CURVE_STYLE('',#13699,POSITIVE_LENGTH_MEASURE(0.1),#12939);
#13699 = DRAUGHTING_PRE_DEFINED_CURVE_FONT('continuous');
#13700 = MECHANICAL_DESIGN_GEOMETRIC_PRESENTATION_REPRESENTATION('',(
    #13701),#10051);
#13701 = STYLED_ITEM('color',(#13702),#10039);
#13702 = PRESENTATION_STYLE_ASSIGNMENT((#13703,#13708));
#13703 = SURFACE_STYLE_USAGE(.BOTH.,#13704);
#13704 = SURFACE_SIDE_STYLE('',(#13705));
#13705 = SURFACE_STYLE_FILL_AREA(#13706);
#13706 = FILL_AREA_STYLE('',(#13707));
#13707 = FILL_AREA_STYLE_COLOUR('',#12936);
#13708 = CURVE_STYLE('',#13709,POSITIVE_LENGTH_MEASURE(0.1),#12939);
#13709 = DRAUGHTING_PRE_DEFINED_CURVE_FONT('continuous');
#13710 = MECHANICAL_DESIGN_GEOMETRIC_PRESENTATION_REPRESENTATION('',(
    #13711),#2487);
#13711 = STYLED_ITEM('color',(#13712),#2475);
#13712 = PRESENTATION_STYLE_ASSIGNMENT((#13713,#13718));
#13713 = SURFACE_STYLE_USAGE(.BOTH.,#13714);
#13714 = SURFACE_SIDE_STYLE('',(#13715));
#13715 = SURFACE_STYLE_FILL_AREA(#13716);
#13716 = FILL_AREA_STYLE('',(#13717));
#13717 = FILL_AREA_STYLE_COLOUR('',#12936);
#13718 = CURVE_STYLE('',#13719,POSITIVE_LENGTH_MEASURE(0.1),#12939);
#13719 = DRAUGHTING_PRE_DEFINED_CURVE_FONT('continuous');
#13720 = MECHANICAL_DESIGN_GEOMETRIC_PRESENTATION_REPRESENTATION('',(
    #13721),#9090);
#13721 = STYLED_ITEM('color',(#13722),#9078);
#13722 = PRESENTATION_STYLE_ASSIGNMENT((#13723,#13728));
#13723 = SURFACE_STYLE_USAGE(.BOTH.,#13724);
#13724 = SURFACE_SIDE_STYLE('',(#13725));
#13725 = SURFACE_STYLE_FILL_AREA(#13726);
#13726 = FILL_AREA_STYLE('',(#13727));
#13727 = FILL_AREA_STYLE_COLOUR('',#12936);
#13728 = CURVE_STYLE('',#13729,POSITIVE_LENGTH_MEASURE(0.1),#12939);
#13729 = DRAUGHTING_PRE_DEFINED_CURVE_FONT('continuous');
#13730 = MECHANICAL_DESIGN_GEOMETRIC_PRESENTATION_REPRESENTATION('',(
    #13731),#8935);
#13731 = STYLED_ITEM('color',(#13732),#8923);
#13732 = PRESENTATION_STYLE_ASSIGNMENT((#13733,#13738));
#13733 = SURFACE_STYLE_USAGE(.BOTH.,#13734);
#13734 = SURFACE_SIDE_STYLE('',(#13735));
#13735 = SURFACE_STYLE_FILL_AREA(#13736);
#13736 = FILL_AREA_STYLE('',(#13737));
#13737 = FILL_AREA_STYLE_COLOUR('',#12936);
#13738 = CURVE_STYLE('',#13739,POSITIVE_LENGTH_MEASURE(0.1),#12939);
#13739 = DRAUGHTING_PRE_DEFINED_CURVE_FONT('continuous');
#13740 = MECHANICAL_DESIGN_GEOMETRIC_PRESENTATION_REPRESENTATION('',(
    #13741),#7137);
#13741 = STYLED_ITEM('color',(#13742),#7125);
#13742 = PRESENTATION_STYLE_ASSIGNMENT((#13743,#13748));
#13743 = SURFACE_STYLE_USAGE(.BOTH.,#13744);
#13744 = SURFACE_SIDE_STYLE('',(#13745));
#13745 = SURFACE_STYLE_FILL_AREA(#13746);
#13746 = FILL_AREA_STYLE('',(#13747));
#13747 = FILL_AREA_STYLE_COLOUR('',#12936);
#13748 = CURVE_STYLE('',#13749,POSITIVE_LENGTH_MEASURE(0.1),#12939);
#13749 = DRAUGHTING_PRE_DEFINED_CURVE_FONT('continuous');
#13750 = MECHANICAL_DESIGN_GEOMETRIC_PRESENTATION_REPRESENTATION('',(
    #13751),#6176);
#13751 = STYLED_ITEM('color',(#13752),#6164);
#13752 = PRESENTATION_STYLE_ASSIGNMENT((#13753,#13758));
#13753 = SURFACE_STYLE_USAGE(.BOTH.,#13754);
#13754 = SURFACE_SIDE_STYLE('',(#13755));
#13755 = SURFACE_STYLE_FILL_AREA(#13756);
#13756 = FILL_AREA_STYLE('',(#13757));
#13757 = FILL_AREA_STYLE_COLOUR('',#12936);
#13758 = CURVE_STYLE('',#13759,POSITIVE_LENGTH_MEASURE(0.1),#12939);
#13759 = DRAUGHTING_PRE_DEFINED_CURVE_FONT('continuous');
#13760 = MECHANICAL_DESIGN_GEOMETRIC_PRESENTATION_REPRESENTATION('',(
    #13761),#2921);
#13761 = STYLED_ITEM('color',(#13762),#2909);
#13762 = PRESENTATION_STYLE_ASSIGNMENT((#13763,#13768));
#13763 = SURFACE_STYLE_USAGE(.BOTH.,#13764);
#13764 = SURFACE_SIDE_STYLE('',(#13765));
#13765 = SURFACE_STYLE_FILL_AREA(#13766);
#13766 = FILL_AREA_STYLE('',(#13767));
#13767 = FILL_AREA_STYLE_COLOUR('',#12936);
#13768 = CURVE_STYLE('',#13769,POSITIVE_LENGTH_MEASURE(0.1),#12939);
#13769 = DRAUGHTING_PRE_DEFINED_CURVE_FONT('continuous');
#13770 = MECHANICAL_DESIGN_GEOMETRIC_PRESENTATION_REPRESENTATION('',(
    #13771),#12686);
#13771 = STYLED_ITEM('color',(#13772),#12674);
#13772 = PRESENTATION_STYLE_ASSIGNMENT((#13773,#13778));
#13773 = SURFACE_STYLE_USAGE(.BOTH.,#13774);
#13774 = SURFACE_SIDE_STYLE('',(#13775));
#13775 = SURFACE_STYLE_FILL_AREA(#13776);
#13776 = FILL_AREA_STYLE('',(#13777));
#13777 = FILL_AREA_STYLE_COLOUR('',#12936);
#13778 = CURVE_STYLE('',#13779,POSITIVE_LENGTH_MEASURE(0.1),#12939);
#13779 = DRAUGHTING_PRE_DEFINED_CURVE_FONT('continuous');
#13780 = MECHANICAL_DESIGN_GEOMETRIC_PRESENTATION_REPRESENTATION('',(
    #13781),#6889);
#13781 = STYLED_ITEM('color',(#13782),#6877);
#13782 = PRESENTATION_STYLE_ASSIGNMENT((#13783,#13788));
#13783 = SURFACE_STYLE_USAGE(.BOTH.,#13784);
#13784 = SURFACE_SIDE_STYLE('',(#13785));
#13785 = SURFACE_STYLE_FILL_AREA(#13786);
#13786 = FILL_AREA_STYLE('',(#13787));
#13787 = FILL_AREA_STYLE_COLOUR('',#12936);
#13788 = CURVE_STYLE('',#13789,POSITIVE_LENGTH_MEASURE(0.1),#12939);
#13789 = DRAUGHTING_PRE_DEFINED_CURVE_FONT('continuous');
#13790 = MECHANICAL_DESIGN_GEOMETRIC_PRESENTATION_REPRESENTATION('',(
    #13791),#10237);
#13791 = STYLED_ITEM('color',(#13792),#10225);
#13792 = PRESENTATION_STYLE_ASSIGNMENT((#13793,#13798));
#13793 = SURFACE_STYLE_USAGE(.BOTH.,#13794);
#13794 = SURFACE_SIDE_STYLE('',(#13795));
#13795 = SURFACE_STYLE_FILL_AREA(#13796);
#13796 = FILL_AREA_STYLE('',(#13797));
#13797 = FILL_AREA_STYLE_COLOUR('',#12936);
#13798 = CURVE_STYLE('',#13799,POSITIVE_LENGTH_MEASURE(0.1),#12939);
#13799 = DRAUGHTING_PRE_DEFINED_CURVE_FONT('continuous');
#13800 = MECHANICAL_DESIGN_GEOMETRIC_PRESENTATION_REPRESENTATION('',(
    #13801),#9121);
#13801 = STYLED_ITEM('color',(#13802),#9109);
#13802 = PRESENTATION_STYLE_ASSIGNMENT((#13803,#13808));
#13803 = SURFACE_STYLE_USAGE(.BOTH.,#13804);
#13804 = SURFACE_SIDE_STYLE('',(#13805));
#13805 = SURFACE_STYLE_FILL_AREA(#13806);
#13806 = FILL_AREA_STYLE('',(#13807));
#13807 = FILL_AREA_STYLE_COLOUR('',#12936);
#13808 = CURVE_STYLE('',#13809,POSITIVE_LENGTH_MEASURE(0.1),#12939);
#13809 = DRAUGHTING_PRE_DEFINED_CURVE_FONT('continuous');
#13810 = MECHANICAL_DESIGN_GEOMETRIC_PRESENTATION_REPRESENTATION('',(
    #13811),#11105);
#13811 = STYLED_ITEM('color',(#13812),#11093);
#13812 = PRESENTATION_STYLE_ASSIGNMENT((#13813,#13818));
#13813 = SURFACE_STYLE_USAGE(.BOTH.,#13814);
#13814 = SURFACE_SIDE_STYLE('',(#13815));
#13815 = SURFACE_STYLE_FILL_AREA(#13816);
#13816 = FILL_AREA_STYLE('',(#13817));
#13817 = FILL_AREA_STYLE_COLOUR('',#12936);
#13818 = CURVE_STYLE('',#13819,POSITIVE_LENGTH_MEASURE(0.1),#12939);
#13819 = DRAUGHTING_PRE_DEFINED_CURVE_FONT('continuous');
#13820 = MECHANICAL_DESIGN_GEOMETRIC_PRESENTATION_REPRESENTATION('',(
    #13821),#5370);
#13821 = STYLED_ITEM('color',(#13822),#5358);
#13822 = PRESENTATION_STYLE_ASSIGNMENT((#13823,#13828));
#13823 = SURFACE_STYLE_USAGE(.BOTH.,#13824);
#13824 = SURFACE_SIDE_STYLE('',(#13825));
#13825 = SURFACE_STYLE_FILL_AREA(#13826);
#13826 = FILL_AREA_STYLE('',(#13827));
#13827 = FILL_AREA_STYLE_COLOUR('',#12936);
#13828 = CURVE_STYLE('',#13829,POSITIVE_LENGTH_MEASURE(0.1),#12939);
#13829 = DRAUGHTING_PRE_DEFINED_CURVE_FONT('continuous');
#13830 = MECHANICAL_DESIGN_GEOMETRIC_PRESENTATION_REPRESENTATION('',(
    #13831),#10113);
#13831 = STYLED_ITEM('color',(#13832),#10101);
#13832 = PRESENTATION_STYLE_ASSIGNMENT((#13833,#13838));
#13833 = SURFACE_STYLE_USAGE(.BOTH.,#13834);
#13834 = SURFACE_SIDE_STYLE('',(#13835));
#13835 = SURFACE_STYLE_FILL_AREA(#13836);
#13836 = FILL_AREA_STYLE('',(#13837));
#13837 = FILL_AREA_STYLE_COLOUR('',#12936);
#13838 = CURVE_STYLE('',#13839,POSITIVE_LENGTH_MEASURE(0.1),#12939);
#13839 = DRAUGHTING_PRE_DEFINED_CURVE_FONT('continuous');
#13840 = MECHANICAL_DESIGN_GEOMETRIC_PRESENTATION_REPRESENTATION('',(
    #13841),#11477);
#13841 = STYLED_ITEM('color',(#13842),#11465);
#13842 = PRESENTATION_STYLE_ASSIGNMENT((#13843,#13848));
#13843 = SURFACE_STYLE_USAGE(.BOTH.,#13844);
#13844 = SURFACE_SIDE_STYLE('',(#13845));
#13845 = SURFACE_STYLE_FILL_AREA(#13846);
#13846 = FILL_AREA_STYLE('',(#13847));
#13847 = FILL_AREA_STYLE_COLOUR('',#12936);
#13848 = CURVE_STYLE('',#13849,POSITIVE_LENGTH_MEASURE(0.1),#12939);
#13849 = DRAUGHTING_PRE_DEFINED_CURVE_FONT('continuous');
#13850 = MECHANICAL_DESIGN_GEOMETRIC_PRESENTATION_REPRESENTATION('',(
    #13851),#11260);
#13851 = STYLED_ITEM('color',(#13852),#11248);
#13852 = PRESENTATION_STYLE_ASSIGNMENT((#13853,#13858));
#13853 = SURFACE_STYLE_USAGE(.BOTH.,#13854);
#13854 = SURFACE_SIDE_STYLE('',(#13855));
#13855 = SURFACE_STYLE_FILL_AREA(#13856);
#13856 = FILL_AREA_STYLE('',(#13857));
#13857 = FILL_AREA_STYLE_COLOUR('',#12936);
#13858 = CURVE_STYLE('',#13859,POSITIVE_LENGTH_MEASURE(0.1),#12939);
#13859 = DRAUGHTING_PRE_DEFINED_CURVE_FONT('continuous');
#13860 = MECHANICAL_DESIGN_GEOMETRIC_PRESENTATION_REPRESENTATION('',(
    #13861),#12004);
#13861 = STYLED_ITEM('color',(#13862),#11992);
#13862 = PRESENTATION_STYLE_ASSIGNMENT((#13863,#13868));
#13863 = SURFACE_STYLE_USAGE(.BOTH.,#13864);
#13864 = SURFACE_SIDE_STYLE('',(#13865));
#13865 = SURFACE_STYLE_FILL_AREA(#13866);
#13866 = FILL_AREA_STYLE('',(#13867));
#13867 = FILL_AREA_STYLE_COLOUR('',#12936);
#13868 = CURVE_STYLE('',#13869,POSITIVE_LENGTH_MEASURE(0.1),#12939);
#13869 = DRAUGHTING_PRE_DEFINED_CURVE_FONT('continuous');
#13870 = MECHANICAL_DESIGN_GEOMETRIC_PRESENTATION_REPRESENTATION('',(
    #13871),#8842);
#13871 = STYLED_ITEM('color',(#13872),#8830);
#13872 = PRESENTATION_STYLE_ASSIGNMENT((#13873,#13878));
#13873 = SURFACE_STYLE_USAGE(.BOTH.,#13874);
#13874 = SURFACE_SIDE_STYLE('',(#13875));
#13875 = SURFACE_STYLE_FILL_AREA(#13876);
#13876 = FILL_AREA_STYLE('',(#13877));
#13877 = FILL_AREA_STYLE_COLOUR('',#12936);
#13878 = CURVE_STYLE('',#13879,POSITIVE_LENGTH_MEASURE(0.1),#12939);
#13879 = DRAUGHTING_PRE_DEFINED_CURVE_FONT('continuous');
#13880 = MECHANICAL_DESIGN_GEOMETRIC_PRESENTATION_REPRESENTATION('',(
    #13881),#2425);
#13881 = STYLED_ITEM('color',(#13882),#2413);
#13882 = PRESENTATION_STYLE_ASSIGNMENT((#13883,#13888));
#13883 = SURFACE_STYLE_USAGE(.BOTH.,#13884);
#13884 = SURFACE_SIDE_STYLE('',(#13885));
#13885 = SURFACE_STYLE_FILL_AREA(#13886);
#13886 = FILL_AREA_STYLE('',(#13887));
#13887 = FILL_AREA_STYLE_COLOUR('',#12936);
#13888 = CURVE_STYLE('',#13889,POSITIVE_LENGTH_MEASURE(0.1),#12939);
#13889 = DRAUGHTING_PRE_DEFINED_CURVE_FONT('continuous');
#13890 = MECHANICAL_DESIGN_GEOMETRIC_PRESENTATION_REPRESENTATION('',(
    #13891),#10144);
#13891 = STYLED_ITEM('color',(#13892),#10132);
#13892 = PRESENTATION_STYLE_ASSIGNMENT((#13893,#13898));
#13893 = SURFACE_STYLE_USAGE(.BOTH.,#13894);
#13894 = SURFACE_SIDE_STYLE('',(#13895));
#13895 = SURFACE_STYLE_FILL_AREA(#13896);
#13896 = FILL_AREA_STYLE('',(#13897));
#13897 = FILL_AREA_STYLE_COLOUR('',#12936);
#13898 = CURVE_STYLE('',#13899,POSITIVE_LENGTH_MEASURE(0.1),#12939);
#13899 = DRAUGHTING_PRE_DEFINED_CURVE_FONT('continuous');
#13900 = MECHANICAL_DESIGN_GEOMETRIC_PRESENTATION_REPRESENTATION('',(
    #13901),#10082);
#13901 = STYLED_ITEM('color',(#13902),#10070);
#13902 = PRESENTATION_STYLE_ASSIGNMENT((#13903,#13908));
#13903 = SURFACE_STYLE_USAGE(.BOTH.,#13904);
#13904 = SURFACE_SIDE_STYLE('',(#13905));
#13905 = SURFACE_STYLE_FILL_AREA(#13906);
#13906 = FILL_AREA_STYLE('',(#13907));
#13907 = FILL_AREA_STYLE_COLOUR('',#12936);
#13908 = CURVE_STYLE('',#13909,POSITIVE_LENGTH_MEASURE(0.1),#12939);
#13909 = DRAUGHTING_PRE_DEFINED_CURVE_FONT('continuous');
#13910 = MECHANICAL_DESIGN_GEOMETRIC_PRESENTATION_REPRESENTATION('',(
    #13911),#11198);
#13911 = STYLED_ITEM('color',(#13912),#11186);
#13912 = PRESENTATION_STYLE_ASSIGNMENT((#13913,#13918));
#13913 = SURFACE_STYLE_USAGE(.BOTH.,#13914);
#13914 = SURFACE_SIDE_STYLE('',(#13915));
#13915 = SURFACE_STYLE_FILL_AREA(#13916);
#13916 = FILL_AREA_STYLE('',(#13917));
#13917 = FILL_AREA_STYLE_COLOUR('',#12936);
#13918 = CURVE_STYLE('',#13919,POSITIVE_LENGTH_MEASURE(0.1),#12939);
#13919 = DRAUGHTING_PRE_DEFINED_CURVE_FONT('continuous');
#13920 = MECHANICAL_DESIGN_GEOMETRIC_PRESENTATION_REPRESENTATION('',(
    #13921),#6703);
#13921 = STYLED_ITEM('color',(#13922),#6691);
#13922 = PRESENTATION_STYLE_ASSIGNMENT((#13923,#13928));
#13923 = SURFACE_STYLE_USAGE(.BOTH.,#13924);
#13924 = SURFACE_SIDE_STYLE('',(#13925));
#13925 = SURFACE_STYLE_FILL_AREA(#13926);
#13926 = FILL_AREA_STYLE('',(#13927));
#13927 = FILL_AREA_STYLE_COLOUR('',#12936);
#13928 = CURVE_STYLE('',#13929,POSITIVE_LENGTH_MEASURE(0.1),#12939);
#13929 = DRAUGHTING_PRE_DEFINED_CURVE_FONT('continuous');
#13930 = MECHANICAL_DESIGN_GEOMETRIC_PRESENTATION_REPRESENTATION('',(
    #13931),#3944);
#13931 = STYLED_ITEM('color',(#13932),#3932);
#13932 = PRESENTATION_STYLE_ASSIGNMENT((#13933,#13938));
#13933 = SURFACE_STYLE_USAGE(.BOTH.,#13934);
#13934 = SURFACE_SIDE_STYLE('',(#13935));
#13935 = SURFACE_STYLE_FILL_AREA(#13936);
#13936 = FILL_AREA_STYLE('',(#13937));
#13937 = FILL_AREA_STYLE_COLOUR('',#12936);
#13938 = CURVE_STYLE('',#13939,POSITIVE_LENGTH_MEASURE(0.1),#12939);
#13939 = DRAUGHTING_PRE_DEFINED_CURVE_FONT('continuous');
#13940 = MECHANICAL_DESIGN_GEOMETRIC_PRESENTATION_REPRESENTATION('',(
    #13941),#8718);
#13941 = STYLED_ITEM('color',(#13942),#8706);
#13942 = PRESENTATION_STYLE_ASSIGNMENT((#13943,#13948));
#13943 = SURFACE_STYLE_USAGE(.BOTH.,#13944);
#13944 = SURFACE_SIDE_STYLE('',(#13945));
#13945 = SURFACE_STYLE_FILL_AREA(#13946);
#13946 = FILL_AREA_STYLE('',(#13947));
#13947 = FILL_AREA_STYLE_COLOUR('',#12936);
#13948 = CURVE_STYLE('',#13949,POSITIVE_LENGTH_MEASURE(0.1),#12939);
#13949 = DRAUGHTING_PRE_DEFINED_CURVE_FONT('continuous');
#13950 = MECHANICAL_DESIGN_GEOMETRIC_PRESENTATION_REPRESENTATION('',(
    #13951),#7199);
#13951 = STYLED_ITEM('color',(#13952),#7187);
#13952 = PRESENTATION_STYLE_ASSIGNMENT((#13953,#13958));
#13953 = SURFACE_STYLE_USAGE(.BOTH.,#13954);
#13954 = SURFACE_SIDE_STYLE('',(#13955));
#13955 = SURFACE_STYLE_FILL_AREA(#13956);
#13956 = FILL_AREA_STYLE('',(#13957));
#13957 = FILL_AREA_STYLE_COLOUR('',#12936);
#13958 = CURVE_STYLE('',#13959,POSITIVE_LENGTH_MEASURE(0.1),#12939);
#13959 = DRAUGHTING_PRE_DEFINED_CURVE_FONT('continuous');
#13960 = MECHANICAL_DESIGN_GEOMETRIC_PRESENTATION_REPRESENTATION('',(
    #13961),#1960);
#13961 = STYLED_ITEM('color',(#13962),#1948);
#13962 = PRESENTATION_STYLE_ASSIGNMENT((#13963,#13968));
#13963 = SURFACE_STYLE_USAGE(.BOTH.,#13964);
#13964 = SURFACE_SIDE_STYLE('',(#13965));
#13965 = SURFACE_STYLE_FILL_AREA(#13966);
#13966 = FILL_AREA_STYLE('',(#13967));
#13967 = FILL_AREA_STYLE_COLOUR('',#12936);
#13968 = CURVE_STYLE('',#13969,POSITIVE_LENGTH_MEASURE(0.1),#12939);
#13969 = DRAUGHTING_PRE_DEFINED_CURVE_FONT('continuous');
#13970 = MECHANICAL_DESIGN_GEOMETRIC_PRESENTATION_REPRESENTATION('',(
    #13971),#9648);
#13971 = STYLED_ITEM('color',(#13972),#9636);
#13972 = PRESENTATION_STYLE_ASSIGNMENT((#13973,#13978));
#13973 = SURFACE_STYLE_USAGE(.BOTH.,#13974);
#13974 = SURFACE_SIDE_STYLE('',(#13975));
#13975 = SURFACE_STYLE_FILL_AREA(#13976);
#13976 = FILL_AREA_STYLE('',(#13977));
#13977 = FILL_AREA_STYLE_COLOUR('',#12936);
#13978 = CURVE_STYLE('',#13979,POSITIVE_LENGTH_MEASURE(0.1),#12939);
#13979 = DRAUGHTING_PRE_DEFINED_CURVE_FONT('continuous');
#13980 = MECHANICAL_DESIGN_GEOMETRIC_PRESENTATION_REPRESENTATION('',(
    #13981),#9493);
#13981 = STYLED_ITEM('color',(#13982),#9481);
#13982 = PRESENTATION_STYLE_ASSIGNMENT((#13983,#13988));
#13983 = SURFACE_STYLE_USAGE(.BOTH.,#13984);
#13984 = SURFACE_SIDE_STYLE('',(#13985));
#13985 = SURFACE_STYLE_FILL_AREA(#13986);
#13986 = FILL_AREA_STYLE('',(#13987));
#13987 = FILL_AREA_STYLE_COLOUR('',#12936);
#13988 = CURVE_STYLE('',#13989,POSITIVE_LENGTH_MEASURE(0.1),#12939);
#13989 = DRAUGHTING_PRE_DEFINED_CURVE_FONT('continuous');
#13990 = MECHANICAL_DESIGN_GEOMETRIC_PRESENTATION_REPRESENTATION('',(
    #13991),#6238);
#13991 = STYLED_ITEM('color',(#13992),#6226);
#13992 = PRESENTATION_STYLE_ASSIGNMENT((#13993,#13998));
#13993 = SURFACE_STYLE_USAGE(.BOTH.,#13994);
#13994 = SURFACE_SIDE_STYLE('',(#13995));
#13995 = SURFACE_STYLE_FILL_AREA(#13996);
#13996 = FILL_AREA_STYLE('',(#13997));
#13997 = FILL_AREA_STYLE_COLOUR('',#12936);
#13998 = CURVE_STYLE('',#13999,POSITIVE_LENGTH_MEASURE(0.1),#12939);
#13999 = DRAUGHTING_PRE_DEFINED_CURVE_FONT('continuous');
#14000 = MECHANICAL_DESIGN_GEOMETRIC_PRESENTATION_REPRESENTATION('',(
    #14001),#11942);
#14001 = STYLED_ITEM('color',(#14002),#11930);
#14002 = PRESENTATION_STYLE_ASSIGNMENT((#14003,#14008));
#14003 = SURFACE_STYLE_USAGE(.BOTH.,#14004);
#14004 = SURFACE_SIDE_STYLE('',(#14005));
#14005 = SURFACE_STYLE_FILL_AREA(#14006);
#14006 = FILL_AREA_STYLE('',(#14007));
#14007 = FILL_AREA_STYLE_COLOUR('',#12936);
#14008 = CURVE_STYLE('',#14009,POSITIVE_LENGTH_MEASURE(0.1),#12939);
#14009 = DRAUGHTING_PRE_DEFINED_CURVE_FONT('continuous');
#14010 = MECHANICAL_DESIGN_GEOMETRIC_PRESENTATION_REPRESENTATION('',(
    #14011),#10609);
#14011 = STYLED_ITEM('color',(#14012),#10597);
#14012 = PRESENTATION_STYLE_ASSIGNMENT((#14013,#14018));
#14013 = SURFACE_STYLE_USAGE(.BOTH.,#14014);
#14014 = SURFACE_SIDE_STYLE('',(#14015));
#14015 = SURFACE_STYLE_FILL_AREA(#14016);
#14016 = FILL_AREA_STYLE('',(#14017));
#14017 = FILL_AREA_STYLE_COLOUR('',#12936);
#14018 = CURVE_STYLE('',#14019,POSITIVE_LENGTH_MEASURE(0.1),#12939);
#14019 = DRAUGHTING_PRE_DEFINED_CURVE_FONT('continuous');
#14020 = MECHANICAL_DESIGN_GEOMETRIC_PRESENTATION_REPRESENTATION('',(
    #14021),#8966);
#14021 = STYLED_ITEM('color',(#14022),#8954);
#14022 = PRESENTATION_STYLE_ASSIGNMENT((#14023,#14028));
#14023 = SURFACE_STYLE_USAGE(.BOTH.,#14024);
#14024 = SURFACE_SIDE_STYLE('',(#14025));
#14025 = SURFACE_STYLE_FILL_AREA(#14026);
#14026 = FILL_AREA_STYLE('',(#14027));
#14027 = FILL_AREA_STYLE_COLOUR('',#12936);
#14028 = CURVE_STYLE('',#14029,POSITIVE_LENGTH_MEASURE(0.1),#12939);
#14029 = DRAUGHTING_PRE_DEFINED_CURVE_FONT('continuous');
#14030 = MECHANICAL_DESIGN_GEOMETRIC_PRESENTATION_REPRESENTATION('',(
    #14031),#2456);
#14031 = STYLED_ITEM('color',(#14032),#2444);
#14032 = PRESENTATION_STYLE_ASSIGNMENT((#14033,#14038));
#14033 = SURFACE_STYLE_USAGE(.BOTH.,#14034);
#14034 = SURFACE_SIDE_STYLE('',(#14035));
#14035 = SURFACE_STYLE_FILL_AREA(#14036);
#14036 = FILL_AREA_STYLE('',(#14037));
#14037 = FILL_AREA_STYLE_COLOUR('',#12936);
#14038 = CURVE_STYLE('',#14039,POSITIVE_LENGTH_MEASURE(0.1),#12939);
#14039 = DRAUGHTING_PRE_DEFINED_CURVE_FONT('continuous');
#14040 = MECHANICAL_DESIGN_GEOMETRIC_PRESENTATION_REPRESENTATION('',(
    #14041),#9214);
#14041 = STYLED_ITEM('color',(#14042),#9202);
#14042 = PRESENTATION_STYLE_ASSIGNMENT((#14043,#14048));
#14043 = SURFACE_STYLE_USAGE(.BOTH.,#14044);
#14044 = SURFACE_SIDE_STYLE('',(#14045));
#14045 = SURFACE_STYLE_FILL_AREA(#14046);
#14046 = FILL_AREA_STYLE('',(#14047));
#14047 = FILL_AREA_STYLE_COLOUR('',#12936);
#14048 = CURVE_STYLE('',#14049,POSITIVE_LENGTH_MEASURE(0.1),#12939);
#14049 = DRAUGHTING_PRE_DEFINED_CURVE_FONT('continuous');
#14050 = MECHANICAL_DESIGN_GEOMETRIC_PRESENTATION_REPRESENTATION('',(
    #14051),#5153);
#14051 = STYLED_ITEM('color',(#14052),#5141);
#14052 = PRESENTATION_STYLE_ASSIGNMENT((#14053,#14058));
#14053 = SURFACE_STYLE_USAGE(.BOTH.,#14054);
#14054 = SURFACE_SIDE_STYLE('',(#14055));
#14055 = SURFACE_STYLE_FILL_AREA(#14056);
#14056 = FILL_AREA_STYLE('',(#14057));
#14057 = FILL_AREA_STYLE_COLOUR('',#12936);
#14058 = CURVE_STYLE('',#14059,POSITIVE_LENGTH_MEASURE(0.1),#12939);
#14059 = DRAUGHTING_PRE_DEFINED_CURVE_FONT('continuous');
#14060 = MECHANICAL_DESIGN_GEOMETRIC_PRESENTATION_REPRESENTATION('',(
    #14061),#4905);
#14061 = STYLED_ITEM('color',(#14062),#4893);
#14062 = PRESENTATION_STYLE_ASSIGNMENT((#14063,#14068));
#14063 = SURFACE_STYLE_USAGE(.BOTH.,#14064);
#14064 = SURFACE_SIDE_STYLE('',(#14065));
#14065 = SURFACE_STYLE_FILL_AREA(#14066);
#14066 = FILL_AREA_STYLE('',(#14067));
#14067 = FILL_AREA_STYLE_COLOUR('',#12936);
#14068 = CURVE_STYLE('',#14069,POSITIVE_LENGTH_MEASURE(0.1),#12939);
#14069 = DRAUGHTING_PRE_DEFINED_CURVE_FONT('continuous');
#14070 = MECHANICAL_DESIGN_GEOMETRIC_PRESENTATION_REPRESENTATION('',(
    #14071),#7912);
#14071 = STYLED_ITEM('color',(#14072),#7900);
#14072 = PRESENTATION_STYLE_ASSIGNMENT((#14073,#14078));
#14073 = SURFACE_STYLE_USAGE(.BOTH.,#14074);
#14074 = SURFACE_SIDE_STYLE('',(#14075));
#14075 = SURFACE_STYLE_FILL_AREA(#14076);
#14076 = FILL_AREA_STYLE('',(#14077));
#14077 = FILL_AREA_STYLE_COLOUR('',#12936);
#14078 = CURVE_STYLE('',#14079,POSITIVE_LENGTH_MEASURE(0.1),#12939);
#14079 = DRAUGHTING_PRE_DEFINED_CURVE_FONT('continuous');
#14080 = MECHANICAL_DESIGN_GEOMETRIC_PRESENTATION_REPRESENTATION('',(
    #14081),#2115);
#14081 = STYLED_ITEM('color',(#14082),#2103);
#14082 = PRESENTATION_STYLE_ASSIGNMENT((#14083,#14088));
#14083 = SURFACE_STYLE_USAGE(.BOTH.,#14084);
#14084 = SURFACE_SIDE_STYLE('',(#14085));
#14085 = SURFACE_STYLE_FILL_AREA(#14086);
#14086 = FILL_AREA_STYLE('',(#14087));
#14087 = FILL_AREA_STYLE_COLOUR('',#12936);
#14088 = CURVE_STYLE('',#14089,POSITIVE_LENGTH_MEASURE(0.1),#12939);
#14089 = DRAUGHTING_PRE_DEFINED_CURVE_FONT('continuous');
#14090 = MECHANICAL_DESIGN_GEOMETRIC_PRESENTATION_REPRESENTATION('',(
    #14091),#12500);
#14091 = STYLED_ITEM('color',(#14092),#12488);
#14092 = PRESENTATION_STYLE_ASSIGNMENT((#14093,#14098));
#14093 = SURFACE_STYLE_USAGE(.BOTH.,#14094);
#14094 = SURFACE_SIDE_STYLE('',(#14095));
#14095 = SURFACE_STYLE_FILL_AREA(#14096);
#14096 = FILL_AREA_STYLE('',(#14097));
#14097 = FILL_AREA_STYLE_COLOUR('',#12936);
#14098 = CURVE_STYLE('',#14099,POSITIVE_LENGTH_MEASURE(0.1),#12939);
#14099 = DRAUGHTING_PRE_DEFINED_CURVE_FONT('continuous');
#14100 = MECHANICAL_DESIGN_GEOMETRIC_PRESENTATION_REPRESENTATION('',(
    #14101),#12097);
#14101 = STYLED_ITEM('color',(#14102),#12085);
#14102 = PRESENTATION_STYLE_ASSIGNMENT((#14103,#14108));
#14103 = SURFACE_STYLE_USAGE(.BOTH.,#14104);
#14104 = SURFACE_SIDE_STYLE('',(#14105));
#14105 = SURFACE_STYLE_FILL_AREA(#14106);
#14106 = FILL_AREA_STYLE('',(#14107));
#14107 = FILL_AREA_STYLE_COLOUR('',#12936);
#14108 = CURVE_STYLE('',#14109,POSITIVE_LENGTH_MEASURE(0.1),#12939);
#14109 = DRAUGHTING_PRE_DEFINED_CURVE_FONT('continuous');
#14110 = MECHANICAL_DESIGN_GEOMETRIC_PRESENTATION_REPRESENTATION('',(
    #14111),#2580);
#14111 = STYLED_ITEM('color',(#14112),#2568);
#14112 = PRESENTATION_STYLE_ASSIGNMENT((#14113,#14118));
#14113 = SURFACE_STYLE_USAGE(.BOTH.,#14114);
#14114 = SURFACE_SIDE_STYLE('',(#14115));
#14115 = SURFACE_STYLE_FILL_AREA(#14116);
#14116 = FILL_AREA_STYLE('',(#14117));
#14117 = FILL_AREA_STYLE_COLOUR('',#12936);
#14118 = CURVE_STYLE('',#14119,POSITIVE_LENGTH_MEASURE(0.1),#12939);
#14119 = DRAUGHTING_PRE_DEFINED_CURVE_FONT('continuous');
#14120 = MECHANICAL_DESIGN_GEOMETRIC_PRESENTATION_REPRESENTATION('',(
    #14121),#8811);
#14121 = STYLED_ITEM('color',(#14122),#8799);
#14122 = PRESENTATION_STYLE_ASSIGNMENT((#14123,#14128));
#14123 = SURFACE_STYLE_USAGE(.BOTH.,#14124);
#14124 = SURFACE_SIDE_STYLE('',(#14125));
#14125 = SURFACE_STYLE_FILL_AREA(#14126);
#14126 = FILL_AREA_STYLE('',(#14127));
#14127 = FILL_AREA_STYLE_COLOUR('',#12936);
#14128 = CURVE_STYLE('',#14129,POSITIVE_LENGTH_MEASURE(0.1),#12939);
#14129 = DRAUGHTING_PRE_DEFINED_CURVE_FONT('continuous');
#14130 = MECHANICAL_DESIGN_GEOMETRIC_PRESENTATION_REPRESENTATION('',(
    #14131),#8625);
#14131 = STYLED_ITEM('color',(#14132),#8613);
#14132 = PRESENTATION_STYLE_ASSIGNMENT((#14133,#14138));
#14133 = SURFACE_STYLE_USAGE(.BOTH.,#14134);
#14134 = SURFACE_SIDE_STYLE('',(#14135));
#14135 = SURFACE_STYLE_FILL_AREA(#14136);
#14136 = FILL_AREA_STYLE('',(#14137));
#14137 = FILL_AREA_STYLE_COLOUR('',#12936);
#14138 = CURVE_STYLE('',#14139,POSITIVE_LENGTH_MEASURE(0.1),#12939);
#14139 = DRAUGHTING_PRE_DEFINED_CURVE_FONT('continuous');
#14140 = MECHANICAL_DESIGN_GEOMETRIC_PRESENTATION_REPRESENTATION('',(
    #14141),#12345);
#14141 = STYLED_ITEM('color',(#14142),#12333);
#14142 = PRESENTATION_STYLE_ASSIGNMENT((#14143,#14148));
#14143 = SURFACE_STYLE_USAGE(.BOTH.,#14144);
#14144 = SURFACE_SIDE_STYLE('',(#14145));
#14145 = SURFACE_STYLE_FILL_AREA(#14146);
#14146 = FILL_AREA_STYLE('',(#14147));
#14147 = FILL_AREA_STYLE_COLOUR('',#12936);
#14148 = CURVE_STYLE('',#14149,POSITIVE_LENGTH_MEASURE(0.1),#12939);
#14149 = DRAUGHTING_PRE_DEFINED_CURVE_FONT('continuous');
#14150 = MECHANICAL_DESIGN_GEOMETRIC_PRESENTATION_REPRESENTATION('',(
    #14151),#7106);
#14151 = STYLED_ITEM('color',(#14152),#7094);
#14152 = PRESENTATION_STYLE_ASSIGNMENT((#14153,#14158));
#14153 = SURFACE_STYLE_USAGE(.BOTH.,#14154);
#14154 = SURFACE_SIDE_STYLE('',(#14155));
#14155 = SURFACE_STYLE_FILL_AREA(#14156);
#14156 = FILL_AREA_STYLE('',(#14157));
#14157 = FILL_AREA_STYLE_COLOUR('',#12936);
#14158 = CURVE_STYLE('',#14159,POSITIVE_LENGTH_MEASURE(0.1),#12939);
#14159 = DRAUGHTING_PRE_DEFINED_CURVE_FONT('continuous');
#14160 = MECHANICAL_DESIGN_GEOMETRIC_PRESENTATION_REPRESENTATION('',(
    #14161),#11446);
#14161 = STYLED_ITEM('color',(#14162),#11434);
#14162 = PRESENTATION_STYLE_ASSIGNMENT((#14163,#14168));
#14163 = SURFACE_STYLE_USAGE(.BOTH.,#14164);
#14164 = SURFACE_SIDE_STYLE('',(#14165));
#14165 = SURFACE_STYLE_FILL_AREA(#14166);
#14166 = FILL_AREA_STYLE('',(#14167));
#14167 = FILL_AREA_STYLE_COLOUR('',#12936);
#14168 = CURVE_STYLE('',#14169,POSITIVE_LENGTH_MEASURE(0.1),#12939);
#14169 = DRAUGHTING_PRE_DEFINED_CURVE_FONT('continuous');
#14170 = MECHANICAL_DESIGN_GEOMETRIC_PRESENTATION_REPRESENTATION('',(
    #14171),#4533);
#14171 = STYLED_ITEM('color',(#14172),#4521);
#14172 = PRESENTATION_STYLE_ASSIGNMENT((#14173,#14178));
#14173 = SURFACE_STYLE_USAGE(.BOTH.,#14174);
#14174 = SURFACE_SIDE_STYLE('',(#14175));
#14175 = SURFACE_STYLE_FILL_AREA(#14176);
#14176 = FILL_AREA_STYLE('',(#14177));
#14177 = FILL_AREA_STYLE_COLOUR('',#12936);
#14178 = CURVE_STYLE('',#14179,POSITIVE_LENGTH_MEASURE(0.1),#12939);
#14179 = DRAUGHTING_PRE_DEFINED_CURVE_FONT('continuous');
#14180 = MECHANICAL_DESIGN_GEOMETRIC_PRESENTATION_REPRESENTATION('',(
    #14181),#3138);
#14181 = STYLED_ITEM('color',(#14182),#3126);
#14182 = PRESENTATION_STYLE_ASSIGNMENT((#14183,#14188));
#14183 = SURFACE_STYLE_USAGE(.BOTH.,#14184);
#14184 = SURFACE_SIDE_STYLE('',(#14185));
#14185 = SURFACE_STYLE_FILL_AREA(#14186);
#14186 = FILL_AREA_STYLE('',(#14187));
#14187 = FILL_AREA_STYLE_COLOUR('',#12936);
#14188 = CURVE_STYLE('',#14189,POSITIVE_LENGTH_MEASURE(0.1),#12939);
#14189 = DRAUGHTING_PRE_DEFINED_CURVE_FONT('continuous');
#14190 = MECHANICAL_DESIGN_GEOMETRIC_PRESENTATION_REPRESENTATION('',(
    #14191),#8284);
#14191 = STYLED_ITEM('color',(#14192),#8272);
#14192 = PRESENTATION_STYLE_ASSIGNMENT((#14193,#14198));
#14193 = SURFACE_STYLE_USAGE(.BOTH.,#14194);
#14194 = SURFACE_SIDE_STYLE('',(#14195));
#14195 = SURFACE_STYLE_FILL_AREA(#14196);
#14196 = FILL_AREA_STYLE('',(#14197));
#14197 = FILL_AREA_STYLE_COLOUR('',#12936);
#14198 = CURVE_STYLE('',#14199,POSITIVE_LENGTH_MEASURE(0.1),#12939);
#14199 = DRAUGHTING_PRE_DEFINED_CURVE_FONT('continuous');
#14200 = MECHANICAL_DESIGN_GEOMETRIC_PRESENTATION_REPRESENTATION('',(
    #14201),#5835);
#14201 = STYLED_ITEM('color',(#14202),#5823);
#14202 = PRESENTATION_STYLE_ASSIGNMENT((#14203,#14208));
#14203 = SURFACE_STYLE_USAGE(.BOTH.,#14204);
#14204 = SURFACE_SIDE_STYLE('',(#14205));
#14205 = SURFACE_STYLE_FILL_AREA(#14206);
#14206 = FILL_AREA_STYLE('',(#14207));
#14207 = FILL_AREA_STYLE_COLOUR('',#12936);
#14208 = CURVE_STYLE('',#14209,POSITIVE_LENGTH_MEASURE(0.1),#12939);
#14209 = DRAUGHTING_PRE_DEFINED_CURVE_FONT('continuous');
#14210 = MECHANICAL_DESIGN_GEOMETRIC_PRESENTATION_REPRESENTATION('',(
    #14211),#1836);
#14211 = STYLED_ITEM('color',(#14212),#1824);
#14212 = PRESENTATION_STYLE_ASSIGNMENT((#14213,#14218));
#14213 = SURFACE_STYLE_USAGE(.BOTH.,#14214);
#14214 = SURFACE_SIDE_STYLE('',(#14215));
#14215 = SURFACE_STYLE_FILL_AREA(#14216);
#14216 = FILL_AREA_STYLE('',(#14217));
#14217 = FILL_AREA_STYLE_COLOUR('',#12936);
#14218 = CURVE_STYLE('',#14219,POSITIVE_LENGTH_MEASURE(0.1),#12939);
#14219 = DRAUGHTING_PRE_DEFINED_CURVE_FONT('continuous');
#14220 = MECHANICAL_DESIGN_GEOMETRIC_PRESENTATION_REPRESENTATION('',(
    #14221),#6827);
#14221 = STYLED_ITEM('color',(#14222),#6815);
#14222 = PRESENTATION_STYLE_ASSIGNMENT((#14223,#14228));
#14223 = SURFACE_STYLE_USAGE(.BOTH.,#14224);
#14224 = SURFACE_SIDE_STYLE('',(#14225));
#14225 = SURFACE_STYLE_FILL_AREA(#14226);
#14226 = FILL_AREA_STYLE('',(#14227));
#14227 = FILL_AREA_STYLE_COLOUR('',#12936);
#14228 = CURVE_STYLE('',#14229,POSITIVE_LENGTH_MEASURE(0.1),#12939);
#14229 = DRAUGHTING_PRE_DEFINED_CURVE_FONT('continuous');
#14230 = MECHANICAL_DESIGN_GEOMETRIC_PRESENTATION_REPRESENTATION('',(
    #14231),#11787);
#14231 = STYLED_ITEM('color',(#14232),#11775);
#14232 = PRESENTATION_STYLE_ASSIGNMENT((#14233,#14238));
#14233 = SURFACE_STYLE_USAGE(.BOTH.,#14234);
#14234 = SURFACE_SIDE_STYLE('',(#14235));
#14235 = SURFACE_STYLE_FILL_AREA(#14236);
#14236 = FILL_AREA_STYLE('',(#14237));
#14237 = FILL_AREA_STYLE_COLOUR('',#12936);
#14238 = CURVE_STYLE('',#14239,POSITIVE_LENGTH_MEASURE(0.1),#12939);
#14239 = DRAUGHTING_PRE_DEFINED_CURVE_FONT('continuous');
#14240 = MECHANICAL_DESIGN_GEOMETRIC_PRESENTATION_REPRESENTATION('',(
    #14241),#7757);
#14241 = STYLED_ITEM('color',(#14242),#7745);
#14242 = PRESENTATION_STYLE_ASSIGNMENT((#14243,#14248));
#14243 = SURFACE_STYLE_USAGE(.BOTH.,#14244);
#14244 = SURFACE_SIDE_STYLE('',(#14245));
#14245 = SURFACE_STYLE_FILL_AREA(#14246);
#14246 = FILL_AREA_STYLE('',(#14247));
#14247 = FILL_AREA_STYLE_COLOUR('',#12936);
#14248 = CURVE_STYLE('',#14249,POSITIVE_LENGTH_MEASURE(0.1),#12939);
#14249 = DRAUGHTING_PRE_DEFINED_CURVE_FONT('continuous');
#14250 = MECHANICAL_DESIGN_GEOMETRIC_PRESENTATION_REPRESENTATION('',(
    #14251),#2177);
#14251 = STYLED_ITEM('color',(#14252),#2165);
#14252 = PRESENTATION_STYLE_ASSIGNMENT((#14253,#14258));
#14253 = SURFACE_STYLE_USAGE(.BOTH.,#14254);
#14254 = SURFACE_SIDE_STYLE('',(#14255));
#14255 = SURFACE_STYLE_FILL_AREA(#14256);
#14256 = FILL_AREA_STYLE('',(#14257));
#14257 = FILL_AREA_STYLE_COLOUR('',#12936);
#14258 = CURVE_STYLE('',#14259,POSITIVE_LENGTH_MEASURE(0.1),#12939);
#14259 = DRAUGHTING_PRE_DEFINED_CURVE_FONT('continuous');
#14260 = MECHANICAL_DESIGN_GEOMETRIC_PRESENTATION_REPRESENTATION('',(
    #14261),#5339);
#14261 = STYLED_ITEM('color',(#14262),#5327);
#14262 = PRESENTATION_STYLE_ASSIGNMENT((#14263,#14268));
#14263 = SURFACE_STYLE_USAGE(.BOTH.,#14264);
#14264 = SURFACE_SIDE_STYLE('',(#14265));
#14265 = SURFACE_STYLE_FILL_AREA(#14266);
#14266 = FILL_AREA_STYLE('',(#14267));
#14267 = FILL_AREA_STYLE_COLOUR('',#12936);
#14268 = CURVE_STYLE('',#14269,POSITIVE_LENGTH_MEASURE(0.1),#12939);
#14269 = DRAUGHTING_PRE_DEFINED_CURVE_FONT('continuous');
#14270 = MECHANICAL_DESIGN_GEOMETRIC_PRESENTATION_REPRESENTATION('',(
    #14271),#10361);
#14271 = STYLED_ITEM('color',(#14272),#10349);
#14272 = PRESENTATION_STYLE_ASSIGNMENT((#14273,#14278));
#14273 = SURFACE_STYLE_USAGE(.BOTH.,#14274);
#14274 = SURFACE_SIDE_STYLE('',(#14275));
#14275 = SURFACE_STYLE_FILL_AREA(#14276);
#14276 = FILL_AREA_STYLE('',(#14277));
#14277 = FILL_AREA_STYLE_COLOUR('',#12936);
#14278 = CURVE_STYLE('',#14279,POSITIVE_LENGTH_MEASURE(0.1),#12939);
#14279 = DRAUGHTING_PRE_DEFINED_CURVE_FONT('continuous');
#14280 = MECHANICAL_DESIGN_GEOMETRIC_PRESENTATION_REPRESENTATION('',(
    #14281),#9183);
#14281 = STYLED_ITEM('color',(#14282),#9171);
#14282 = PRESENTATION_STYLE_ASSIGNMENT((#14283,#14288));
#14283 = SURFACE_STYLE_USAGE(.BOTH.,#14284);
#14284 = SURFACE_SIDE_STYLE('',(#14285));
#14285 = SURFACE_STYLE_FILL_AREA(#14286);
#14286 = FILL_AREA_STYLE('',(#14287));
#14287 = FILL_AREA_STYLE_COLOUR('',#12936);
#14288 = CURVE_STYLE('',#14289,POSITIVE_LENGTH_MEASURE(0.1),#12939);
#14289 = DRAUGHTING_PRE_DEFINED_CURVE_FONT('continuous');
#14290 = MECHANICAL_DESIGN_GEOMETRIC_PRESENTATION_REPRESENTATION('',(
    #14291),#6641);
#14291 = STYLED_ITEM('color',(#14292),#6629);
#14292 = PRESENTATION_STYLE_ASSIGNMENT((#14293,#14298));
#14293 = SURFACE_STYLE_USAGE(.BOTH.,#14294);
#14294 = SURFACE_SIDE_STYLE('',(#14295));
#14295 = SURFACE_STYLE_FILL_AREA(#14296);
#14296 = FILL_AREA_STYLE('',(#14297));
#14297 = FILL_AREA_STYLE_COLOUR('',#12936);
#14298 = CURVE_STYLE('',#14299,POSITIVE_LENGTH_MEASURE(0.1),#12939);
#14299 = DRAUGHTING_PRE_DEFINED_CURVE_FONT('continuous');
#14300 = MECHANICAL_DESIGN_GEOMETRIC_PRESENTATION_REPRESENTATION('',(
    #14301),#1712);
#14301 = STYLED_ITEM('color',(#14302),#1700);
#14302 = PRESENTATION_STYLE_ASSIGNMENT((#14303,#14308));
#14303 = SURFACE_STYLE_USAGE(.BOTH.,#14304);
#14304 = SURFACE_SIDE_STYLE('',(#14305));
#14305 = SURFACE_STYLE_FILL_AREA(#14306);
#14306 = FILL_AREA_STYLE('',(#14307));
#14307 = FILL_AREA_STYLE_COLOUR('',#12936);
#14308 = CURVE_STYLE('',#14309,POSITIVE_LENGTH_MEASURE(0.1),#12939);
#14309 = DRAUGHTING_PRE_DEFINED_CURVE_FONT('continuous');
#14310 = MECHANICAL_DESIGN_GEOMETRIC_PRESENTATION_REPRESENTATION('',(
    #14311),#9927);
#14311 = STYLED_ITEM('color',(#14312),#9915);
#14312 = PRESENTATION_STYLE_ASSIGNMENT((#14313,#14318));
#14313 = SURFACE_STYLE_USAGE(.BOTH.,#14314);
#14314 = SURFACE_SIDE_STYLE('',(#14315));
#14315 = SURFACE_STYLE_FILL_AREA(#14316);
#14316 = FILL_AREA_STYLE('',(#14317));
#14317 = FILL_AREA_STYLE_COLOUR('',#12936);
#14318 = CURVE_STYLE('',#14319,POSITIVE_LENGTH_MEASURE(0.1),#12939);
#14319 = DRAUGHTING_PRE_DEFINED_CURVE_FONT('continuous');
#14320 = MECHANICAL_DESIGN_GEOMETRIC_PRESENTATION_REPRESENTATION('',(
    #14321),#5990);
#14321 = STYLED_ITEM('color',(#14322),#5978);
#14322 = PRESENTATION_STYLE_ASSIGNMENT((#14323,#14328));
#14323 = SURFACE_STYLE_USAGE(.BOTH.,#14324);
#14324 = SURFACE_SIDE_STYLE('',(#14325));
#14325 = SURFACE_STYLE_FILL_AREA(#14326);
#14326 = FILL_AREA_STYLE('',(#14327));
#14327 = FILL_AREA_STYLE_COLOUR('',#12936);
#14328 = CURVE_STYLE('',#14329,POSITIVE_LENGTH_MEASURE(0.1),#12939);
#14329 = DRAUGHTING_PRE_DEFINED_CURVE_FONT('continuous');
#14330 = MECHANICAL_DESIGN_GEOMETRIC_PRESENTATION_REPRESENTATION('',(
    #14331),#4936);
#14331 = STYLED_ITEM('color',(#14332),#4924);
#14332 = PRESENTATION_STYLE_ASSIGNMENT((#14333,#14338));
#14333 = SURFACE_STYLE_USAGE(.BOTH.,#14334);
#14334 = SURFACE_SIDE_STYLE('',(#14335));
#14335 = SURFACE_STYLE_FILL_AREA(#14336);
#14336 = FILL_AREA_STYLE('',(#14337));
#14337 = FILL_AREA_STYLE_COLOUR('',#12936);
#14338 = CURVE_STYLE('',#14339,POSITIVE_LENGTH_MEASURE(0.1),#12939);
#14339 = DRAUGHTING_PRE_DEFINED_CURVE_FONT('continuous');
#14340 = MECHANICAL_DESIGN_GEOMETRIC_PRESENTATION_REPRESENTATION('',(
    #14341),#3882);
#14341 = STYLED_ITEM('color',(#14342),#3870);
#14342 = PRESENTATION_STYLE_ASSIGNMENT((#14343,#14348));
#14343 = SURFACE_STYLE_USAGE(.BOTH.,#14344);
#14344 = SURFACE_SIDE_STYLE('',(#14345));
#14345 = SURFACE_STYLE_FILL_AREA(#14346);
#14346 = FILL_AREA_STYLE('',(#14347));
#14347 = FILL_AREA_STYLE_COLOUR('',#12936);
#14348 = CURVE_STYLE('',#14349,POSITIVE_LENGTH_MEASURE(0.1),#12939);
#14349 = DRAUGHTING_PRE_DEFINED_CURVE_FONT('continuous');
#14350 = MECHANICAL_DESIGN_GEOMETRIC_PRESENTATION_REPRESENTATION('',(
    #14351),#1619);
#14351 = STYLED_ITEM('color',(#14352),#1607);
#14352 = PRESENTATION_STYLE_ASSIGNMENT((#14353,#14358));
#14353 = SURFACE_STYLE_USAGE(.BOTH.,#14354);
#14354 = SURFACE_SIDE_STYLE('',(#14355));
#14355 = SURFACE_STYLE_FILL_AREA(#14356);
#14356 = FILL_AREA_STYLE('',(#14357));
#14357 = FILL_AREA_STYLE_COLOUR('',#12936);
#14358 = CURVE_STYLE('',#14359,POSITIVE_LENGTH_MEASURE(0.1),#12939);
#14359 = DRAUGHTING_PRE_DEFINED_CURVE_FONT('continuous');
#14360 = MECHANICAL_DESIGN_GEOMETRIC_PRESENTATION_REPRESENTATION('',(
    #14361),#9152);
#14361 = STYLED_ITEM('color',(#14362),#9140);
#14362 = PRESENTATION_STYLE_ASSIGNMENT((#14363,#14368));
#14363 = SURFACE_STYLE_USAGE(.BOTH.,#14364);
#14364 = SURFACE_SIDE_STYLE('',(#14365));
#14365 = SURFACE_STYLE_FILL_AREA(#14366);
#14366 = FILL_AREA_STYLE('',(#14367));
#14367 = FILL_AREA_STYLE_COLOUR('',#12936);
#14368 = CURVE_STYLE('',#14369,POSITIVE_LENGTH_MEASURE(0.1),#12939);
#14369 = DRAUGHTING_PRE_DEFINED_CURVE_FONT('continuous');
#14370 = MECHANICAL_DESIGN_GEOMETRIC_PRESENTATION_REPRESENTATION('',(
    #14371),#3913);
#14371 = STYLED_ITEM('color',(#14372),#3901);
#14372 = PRESENTATION_STYLE_ASSIGNMENT((#14373,#14378));
#14373 = SURFACE_STYLE_USAGE(.BOTH.,#14374);
#14374 = SURFACE_SIDE_STYLE('',(#14375));
#14375 = SURFACE_STYLE_FILL_AREA(#14376);
#14376 = FILL_AREA_STYLE('',(#14377));
#14377 = FILL_AREA_STYLE_COLOUR('',#12936);
#14378 = CURVE_STYLE('',#14379,POSITIVE_LENGTH_MEASURE(0.1),#12939);
#14379 = DRAUGHTING_PRE_DEFINED_CURVE_FONT('continuous');
#14380 = MECHANICAL_DESIGN_GEOMETRIC_PRESENTATION_REPRESENTATION('',(
    #14381),#3603);
#14381 = STYLED_ITEM('color',(#14382),#3591);
#14382 = PRESENTATION_STYLE_ASSIGNMENT((#14383,#14388));
#14383 = SURFACE_STYLE_USAGE(.BOTH.,#14384);
#14384 = SURFACE_SIDE_STYLE('',(#14385));
#14385 = SURFACE_STYLE_FILL_AREA(#14386);
#14386 = FILL_AREA_STYLE('',(#14387));
#14387 = FILL_AREA_STYLE_COLOUR('',#12936);
#14388 = CURVE_STYLE('',#14389,POSITIVE_LENGTH_MEASURE(0.1),#12939);
#14389 = DRAUGHTING_PRE_DEFINED_CURVE_FONT('continuous');
#14390 = MECHANICAL_DESIGN_GEOMETRIC_PRESENTATION_REPRESENTATION('',(
    #14391),#2239);
#14391 = STYLED_ITEM('color',(#14392),#2227);
#14392 = PRESENTATION_STYLE_ASSIGNMENT((#14393,#14398));
#14393 = SURFACE_STYLE_USAGE(.BOTH.,#14394);
#14394 = SURFACE_SIDE_STYLE('',(#14395));
#14395 = SURFACE_STYLE_FILL_AREA(#14396);
#14396 = FILL_AREA_STYLE('',(#14397));
#14397 = FILL_AREA_STYLE_COLOUR('',#12936);
#14398 = CURVE_STYLE('',#14399,POSITIVE_LENGTH_MEASURE(0.1),#12939);
#14399 = DRAUGHTING_PRE_DEFINED_CURVE_FONT('continuous');
#14400 = MECHANICAL_DESIGN_GEOMETRIC_PRESENTATION_REPRESENTATION('',(
    #14401),#5184);
#14401 = STYLED_ITEM('color',(#14402),#5172);
#14402 = PRESENTATION_STYLE_ASSIGNMENT((#14403,#14408));
#14403 = SURFACE_STYLE_USAGE(.BOTH.,#14404);
#14404 = SURFACE_SIDE_STYLE('',(#14405));
#14405 = SURFACE_STYLE_FILL_AREA(#14406);
#14406 = FILL_AREA_STYLE('',(#14407));
#14407 = FILL_AREA_STYLE_COLOUR('',#12936);
#14408 = CURVE_STYLE('',#14409,POSITIVE_LENGTH_MEASURE(0.1),#12939);
#14409 = DRAUGHTING_PRE_DEFINED_CURVE_FONT('continuous');
#14410 = MECHANICAL_DESIGN_GEOMETRIC_PRESENTATION_REPRESENTATION('',(
    #14411),#10671);
#14411 = STYLED_ITEM('color',(#14412),#10659);
#14412 = PRESENTATION_STYLE_ASSIGNMENT((#14413,#14418));
#14413 = SURFACE_STYLE_USAGE(.BOTH.,#14414);
#14414 = SURFACE_SIDE_STYLE('',(#14415));
#14415 = SURFACE_STYLE_FILL_AREA(#14416);
#14416 = FILL_AREA_STYLE('',(#14417));
#14417 = FILL_AREA_STYLE_COLOUR('',#12936);
#14418 = CURVE_STYLE('',#14419,POSITIVE_LENGTH_MEASURE(0.1),#12939);
#14419 = DRAUGHTING_PRE_DEFINED_CURVE_FONT('continuous');
#14420 = MECHANICAL_DESIGN_GEOMETRIC_PRESENTATION_REPRESENTATION('',(
    #14421),#8067);
#14421 = STYLED_ITEM('color',(#14422),#8055);
#14422 = PRESENTATION_STYLE_ASSIGNMENT((#14423,#14428));
#14423 = SURFACE_STYLE_USAGE(.BOTH.,#14424);
#14424 = SURFACE_SIDE_STYLE('',(#14425));
#14425 = SURFACE_STYLE_FILL_AREA(#14426);
#14426 = FILL_AREA_STYLE('',(#14427));
#14427 = FILL_AREA_STYLE_COLOUR('',#12936);
#14428 = CURVE_STYLE('',#14429,POSITIVE_LENGTH_MEASURE(0.1),#12939);
#14429 = DRAUGHTING_PRE_DEFINED_CURVE_FONT('continuous');
#14430 = MECHANICAL_DESIGN_GEOMETRIC_PRESENTATION_REPRESENTATION('',(
    #14431),#10516);
#14431 = STYLED_ITEM('color',(#14432),#10504);
#14432 = PRESENTATION_STYLE_ASSIGNMENT((#14433,#14438));
#14433 = SURFACE_STYLE_USAGE(.BOTH.,#14434);
#14434 = SURFACE_SIDE_STYLE('',(#14435));
#14435 = SURFACE_STYLE_FILL_AREA(#14436);
#14436 = FILL_AREA_STYLE('',(#14437));
#14437 = FILL_AREA_STYLE_COLOUR('',#12936);
#14438 = CURVE_STYLE('',#14439,POSITIVE_LENGTH_MEASURE(0.1),#12939);
#14439 = DRAUGHTING_PRE_DEFINED_CURVE_FONT('continuous');
#14440 = MECHANICAL_DESIGN_GEOMETRIC_PRESENTATION_REPRESENTATION('',(
    #14441),#2952);
#14441 = STYLED_ITEM('color',(#14442),#2940);
#14442 = PRESENTATION_STYLE_ASSIGNMENT((#14443,#14448));
#14443 = SURFACE_STYLE_USAGE(.BOTH.,#14444);
#14444 = SURFACE_SIDE_STYLE('',(#14445));
#14445 = SURFACE_STYLE_FILL_AREA(#14446);
#14446 = FILL_AREA_STYLE('',(#14447));
#14447 = FILL_AREA_STYLE_COLOUR('',#12936);
#14448 = CURVE_STYLE('',#14449,POSITIVE_LENGTH_MEASURE(0.1),#12939);
#14449 = DRAUGHTING_PRE_DEFINED_CURVE_FONT('continuous');
#14450 = MECHANICAL_DESIGN_GEOMETRIC_PRESENTATION_REPRESENTATION('',(
    #14451),#10640);
#14451 = STYLED_ITEM('color',(#14452),#10628);
#14452 = PRESENTATION_STYLE_ASSIGNMENT((#14453,#14458));
#14453 = SURFACE_STYLE_USAGE(.BOTH.,#14454);
#14454 = SURFACE_SIDE_STYLE('',(#14455));
#14455 = SURFACE_STYLE_FILL_AREA(#14456);
#14456 = FILL_AREA_STYLE('',(#14457));
#14457 = FILL_AREA_STYLE_COLOUR('',#12936);
#14458 = CURVE_STYLE('',#14459,POSITIVE_LENGTH_MEASURE(0.1),#12939);
#14459 = DRAUGHTING_PRE_DEFINED_CURVE_FONT('continuous');
#14460 = MECHANICAL_DESIGN_GEOMETRIC_PRESENTATION_REPRESENTATION('',(
    #14461),#3572);
#14461 = STYLED_ITEM('color',(#14462),#3560);
#14462 = PRESENTATION_STYLE_ASSIGNMENT((#14463,#14468));
#14463 = SURFACE_STYLE_USAGE(.BOTH.,#14464);
#14464 = SURFACE_SIDE_STYLE('',(#14465));
#14465 = SURFACE_STYLE_FILL_AREA(#14466);
#14466 = FILL_AREA_STYLE('',(#14467));
#14467 = FILL_AREA_STYLE_COLOUR('',#12936);
#14468 = CURVE_STYLE('',#14469,POSITIVE_LENGTH_MEASURE(0.1),#12939);
#14469 = DRAUGHTING_PRE_DEFINED_CURVE_FONT('continuous');
#14470 = MECHANICAL_DESIGN_GEOMETRIC_PRESENTATION_REPRESENTATION('',(
    #14471),#5773);
#14471 = STYLED_ITEM('color',(#14472),#5761);
#14472 = PRESENTATION_STYLE_ASSIGNMENT((#14473,#14478));
#14473 = SURFACE_STYLE_USAGE(.BOTH.,#14474);
#14474 = SURFACE_SIDE_STYLE('',(#14475));
#14475 = SURFACE_STYLE_FILL_AREA(#14476);
#14476 = FILL_AREA_STYLE('',(#14477));
#14477 = FILL_AREA_STYLE_COLOUR('',#12936);
#14478 = CURVE_STYLE('',#14479,POSITIVE_LENGTH_MEASURE(0.1),#12939);
#14479 = DRAUGHTING_PRE_DEFINED_CURVE_FONT('continuous');
#14480 = MECHANICAL_DESIGN_GEOMETRIC_PRESENTATION_REPRESENTATION('',(
    #14481),#4378);
#14481 = STYLED_ITEM('color',(#14482),#4366);
#14482 = PRESENTATION_STYLE_ASSIGNMENT((#14483,#14488));
#14483 = SURFACE_STYLE_USAGE(.BOTH.,#14484);
#14484 = SURFACE_SIDE_STYLE('',(#14485));
#14485 = SURFACE_STYLE_FILL_AREA(#14486);
#14486 = FILL_AREA_STYLE('',(#14487));
#14487 = FILL_AREA_STYLE_COLOUR('',#12936);
#14488 = CURVE_STYLE('',#14489,POSITIVE_LENGTH_MEASURE(0.1),#12939);
#14489 = DRAUGHTING_PRE_DEFINED_CURVE_FONT('continuous');
#14490 = MECHANICAL_DESIGN_GEOMETRIC_PRESENTATION_REPRESENTATION('',(
    #14491),#6083);
#14491 = STYLED_ITEM('color',(#14492),#6071);
#14492 = PRESENTATION_STYLE_ASSIGNMENT((#14493,#14498));
#14493 = SURFACE_STYLE_USAGE(.BOTH.,#14494);
#14494 = SURFACE_SIDE_STYLE('',(#14495));
#14495 = SURFACE_STYLE_FILL_AREA(#14496);
#14496 = FILL_AREA_STYLE('',(#14497));
#14497 = FILL_AREA_STYLE_COLOUR('',#12936);
#14498 = CURVE_STYLE('',#14499,POSITIVE_LENGTH_MEASURE(0.1),#12939);
#14499 = DRAUGHTING_PRE_DEFINED_CURVE_FONT('continuous');
#14500 = MECHANICAL_DESIGN_GEOMETRIC_PRESENTATION_REPRESENTATION('',(
    #14501),#6765);
#14501 = STYLED_ITEM('color',(#14502),#6753);
#14502 = PRESENTATION_STYLE_ASSIGNMENT((#14503,#14508));
#14503 = SURFACE_STYLE_USAGE(.BOTH.,#14504);
#14504 = SURFACE_SIDE_STYLE('',(#14505));
#14505 = SURFACE_STYLE_FILL_AREA(#14506);
#14506 = FILL_AREA_STYLE('',(#14507));
#14507 = FILL_AREA_STYLE_COLOUR('',#12936);
#14508 = CURVE_STYLE('',#14509,POSITIVE_LENGTH_MEASURE(0.1),#12939);
#14509 = DRAUGHTING_PRE_DEFINED_CURVE_FONT('continuous');
#14510 = MECHANICAL_DESIGN_GEOMETRIC_PRESENTATION_REPRESENTATION('',(
    #14511),#7881);
#14511 = STYLED_ITEM('color',(#14512),#7869);
#14512 = PRESENTATION_STYLE_ASSIGNMENT((#14513,#14518));
#14513 = SURFACE_STYLE_USAGE(.BOTH.,#14514);
#14514 = SURFACE_SIDE_STYLE('',(#14515));
#14515 = SURFACE_STYLE_FILL_AREA(#14516);
#14516 = FILL_AREA_STYLE('',(#14517));
#14517 = FILL_AREA_STYLE_COLOUR('',#12936);
#14518 = CURVE_STYLE('',#14519,POSITIVE_LENGTH_MEASURE(0.1),#12939);
#14519 = DRAUGHTING_PRE_DEFINED_CURVE_FONT('continuous');
#14520 = MECHANICAL_DESIGN_GEOMETRIC_PRESENTATION_REPRESENTATION('',(
    #14521),#8532);
#14521 = STYLED_ITEM('color',(#14522),#8520);
#14522 = PRESENTATION_STYLE_ASSIGNMENT((#14523,#14528));
#14523 = SURFACE_STYLE_USAGE(.BOTH.,#14524);
#14524 = SURFACE_SIDE_STYLE('',(#14525));
#14525 = SURFACE_STYLE_FILL_AREA(#14526);
#14526 = FILL_AREA_STYLE('',(#14527));
#14527 = FILL_AREA_STYLE_COLOUR('',#12936);
#14528 = CURVE_STYLE('',#14529,POSITIVE_LENGTH_MEASURE(0.1),#12939);
#14529 = DRAUGHTING_PRE_DEFINED_CURVE_FONT('continuous');
#14530 = MECHANICAL_DESIGN_GEOMETRIC_PRESENTATION_REPRESENTATION('',(
    #14531),#10268);
#14531 = STYLED_ITEM('color',(#14532),#10256);
#14532 = PRESENTATION_STYLE_ASSIGNMENT((#14533,#14538));
#14533 = SURFACE_STYLE_USAGE(.BOTH.,#14534);
#14534 = SURFACE_SIDE_STYLE('',(#14535));
#14535 = SURFACE_STYLE_FILL_AREA(#14536);
#14536 = FILL_AREA_STYLE('',(#14537));
#14537 = FILL_AREA_STYLE_COLOUR('',#12936);
#14538 = CURVE_STYLE('',#14539,POSITIVE_LENGTH_MEASURE(0.1),#12939);
#14539 = DRAUGHTING_PRE_DEFINED_CURVE_FONT('continuous');
#14540 = MECHANICAL_DESIGN_GEOMETRIC_PRESENTATION_REPRESENTATION('',(
    #14541),#3076);
#14541 = STYLED_ITEM('color',(#14542),#3064);
#14542 = PRESENTATION_STYLE_ASSIGNMENT((#14543,#14548));
#14543 = SURFACE_STYLE_USAGE(.BOTH.,#14544);
#14544 = SURFACE_SIDE_STYLE('',(#14545));
#14545 = SURFACE_STYLE_FILL_AREA(#14546);
#14546 = FILL_AREA_STYLE('',(#14547));
#14547 = FILL_AREA_STYLE_COLOUR('',#12936);
#14548 = CURVE_STYLE('',#14549,POSITIVE_LENGTH_MEASURE(0.1),#12939);
#14549 = DRAUGHTING_PRE_DEFINED_CURVE_FONT('continuous');
#14550 = MECHANICAL_DESIGN_GEOMETRIC_PRESENTATION_REPRESENTATION('',(
    #14551),#5277);
#14551 = STYLED_ITEM('color',(#14552),#5265);
#14552 = PRESENTATION_STYLE_ASSIGNMENT((#14553,#14558));
#14553 = SURFACE_STYLE_USAGE(.BOTH.,#14554);
#14554 = SURFACE_SIDE_STYLE('',(#14555));
#14555 = SURFACE_STYLE_FILL_AREA(#14556);
#14556 = FILL_AREA_STYLE('',(#14557));
#14557 = FILL_AREA_STYLE_COLOUR('',#12936);
#14558 = CURVE_STYLE('',#14559,POSITIVE_LENGTH_MEASURE(0.1),#12939);
#14559 = DRAUGHTING_PRE_DEFINED_CURVE_FONT('continuous');
#14560 = MECHANICAL_DESIGN_GEOMETRIC_PRESENTATION_REPRESENTATION('',(
    #14561),#3541);
#14561 = STYLED_ITEM('color',(#14562),#3529);
#14562 = PRESENTATION_STYLE_ASSIGNMENT((#14563,#14568));
#14563 = SURFACE_STYLE_USAGE(.BOTH.,#14564);
#14564 = SURFACE_SIDE_STYLE('',(#14565));
#14565 = SURFACE_STYLE_FILL_AREA(#14566);
#14566 = FILL_AREA_STYLE('',(#14567));
#14567 = FILL_AREA_STYLE_COLOUR('',#12936);
#14568 = CURVE_STYLE('',#14569,POSITIVE_LENGTH_MEASURE(0.1),#12939);
#14569 = DRAUGHTING_PRE_DEFINED_CURVE_FONT('continuous');
#14570 = MECHANICAL_DESIGN_GEOMETRIC_PRESENTATION_REPRESENTATION('',(
    #14571),#9896);
#14571 = STYLED_ITEM('color',(#14572),#9884);
#14572 = PRESENTATION_STYLE_ASSIGNMENT((#14573,#14578));
#14573 = SURFACE_STYLE_USAGE(.BOTH.,#14574);
#14574 = SURFACE_SIDE_STYLE('',(#14575));
#14575 = SURFACE_STYLE_FILL_AREA(#14576);
#14576 = FILL_AREA_STYLE('',(#14577));
#14577 = FILL_AREA_STYLE_COLOUR('',#12936);
#14578 = CURVE_STYLE('',#14579,POSITIVE_LENGTH_MEASURE(0.1),#12939);
#14579 = DRAUGHTING_PRE_DEFINED_CURVE_FONT('continuous');
#14580 = MECHANICAL_DESIGN_GEOMETRIC_PRESENTATION_REPRESENTATION('',(
    #14581),#8501);
#14581 = STYLED_ITEM('color',(#14582),#8489);
#14582 = PRESENTATION_STYLE_ASSIGNMENT((#14583,#14588));
#14583 = SURFACE_STYLE_USAGE(.BOTH.,#14584);
#14584 = SURFACE_SIDE_STYLE('',(#14585));
#14585 = SURFACE_STYLE_FILL_AREA(#14586);
#14586 = FILL_AREA_STYLE('',(#14587));
#14587 = FILL_AREA_STYLE_COLOUR('',#12936);
#14588 = CURVE_STYLE('',#14589,POSITIVE_LENGTH_MEASURE(0.1),#12939);
#14589 = DRAUGHTING_PRE_DEFINED_CURVE_FONT('continuous');
#14590 = MECHANICAL_DESIGN_GEOMETRIC_PRESENTATION_REPRESENTATION('',(
    #14591),#3107);
#14591 = STYLED_ITEM('color',(#14592),#3095);
#14592 = PRESENTATION_STYLE_ASSIGNMENT((#14593,#14598));
#14593 = SURFACE_STYLE_USAGE(.BOTH.,#14594);
#14594 = SURFACE_SIDE_STYLE('',(#14595));
#14595 = SURFACE_STYLE_FILL_AREA(#14596);
#14596 = FILL_AREA_STYLE('',(#14597));
#14597 = FILL_AREA_STYLE_COLOUR('',#12936);
#14598 = CURVE_STYLE('',#14599,POSITIVE_LENGTH_MEASURE(0.1),#12939);
#14599 = DRAUGHTING_PRE_DEFINED_CURVE_FONT('continuous');
#14600 = MECHANICAL_DESIGN_GEOMETRIC_PRESENTATION_REPRESENTATION('',(
    #14601),#7354);
#14601 = STYLED_ITEM('color',(#14602),#7342);
#14602 = PRESENTATION_STYLE_ASSIGNMENT((#14603,#14608));
#14603 = SURFACE_STYLE_USAGE(.BOTH.,#14604);
#14604 = SURFACE_SIDE_STYLE('',(#14605));
#14605 = SURFACE_STYLE_FILL_AREA(#14606);
#14606 = FILL_AREA_STYLE('',(#14607));
#14607 = FILL_AREA_STYLE_COLOUR('',#12936);
#14608 = CURVE_STYLE('',#14609,POSITIVE_LENGTH_MEASURE(0.1),#12939);
#14609 = DRAUGHTING_PRE_DEFINED_CURVE_FONT('continuous');
#14610 = MECHANICAL_DESIGN_GEOMETRIC_PRESENTATION_REPRESENTATION('',(
    #14611),#3975);
#14611 = STYLED_ITEM('color',(#14612),#3963);
#14612 = PRESENTATION_STYLE_ASSIGNMENT((#14613,#14618));
#14613 = SURFACE_STYLE_USAGE(.BOTH.,#14614);
#14614 = SURFACE_SIDE_STYLE('',(#14615));
#14615 = SURFACE_STYLE_FILL_AREA(#14616);
#14616 = FILL_AREA_STYLE('',(#14617));
#14617 = FILL_AREA_STYLE_COLOUR('',#12936);
#14618 = CURVE_STYLE('',#14619,POSITIVE_LENGTH_MEASURE(0.1),#12939);
#14619 = DRAUGHTING_PRE_DEFINED_CURVE_FONT('continuous');
#14620 = MECHANICAL_DESIGN_GEOMETRIC_PRESENTATION_REPRESENTATION('',(
    #14621),#3851);
#14621 = STYLED_ITEM('color',(#14622),#3839);
#14622 = PRESENTATION_STYLE_ASSIGNMENT((#14623,#14628));
#14623 = SURFACE_STYLE_USAGE(.BOTH.,#14624);
#14624 = SURFACE_SIDE_STYLE('',(#14625));
#14625 = SURFACE_STYLE_FILL_AREA(#14626);
#14626 = FILL_AREA_STYLE('',(#14627));
#14627 = FILL_AREA_STYLE_COLOUR('',#12936);
#14628 = CURVE_STYLE('',#14629,POSITIVE_LENGTH_MEASURE(0.1),#12939);
#14629 = DRAUGHTING_PRE_DEFINED_CURVE_FONT('continuous');
#14630 = MECHANICAL_DESIGN_GEOMETRIC_PRESENTATION_REPRESENTATION('',(
    #14631),#4595);
#14631 = STYLED_ITEM('color',(#14632),#4583);
#14632 = PRESENTATION_STYLE_ASSIGNMENT((#14633,#14638));
#14633 = SURFACE_STYLE_USAGE(.BOTH.,#14634);
#14634 = SURFACE_SIDE_STYLE('',(#14635));
#14635 = SURFACE_STYLE_FILL_AREA(#14636);
#14636 = FILL_AREA_STYLE('',(#14637));
#14637 = FILL_AREA_STYLE_COLOUR('',#12936);
#14638 = CURVE_STYLE('',#14639,POSITIVE_LENGTH_MEASURE(0.1),#12939);
#14639 = DRAUGHTING_PRE_DEFINED_CURVE_FONT('continuous');
#14640 = MECHANICAL_DESIGN_GEOMETRIC_PRESENTATION_REPRESENTATION('',(
    #14641),#5246);
#14641 = STYLED_ITEM('color',(#14642),#5234);
#14642 = PRESENTATION_STYLE_ASSIGNMENT((#14643,#14648));
#14643 = SURFACE_STYLE_USAGE(.BOTH.,#14644);
#14644 = SURFACE_SIDE_STYLE('',(#14645));
#14645 = SURFACE_STYLE_FILL_AREA(#14646);
#14646 = FILL_AREA_STYLE('',(#14647));
#14647 = FILL_AREA_STYLE_COLOUR('',#12936);
#14648 = CURVE_STYLE('',#14649,POSITIVE_LENGTH_MEASURE(0.1),#12939);
#14649 = DRAUGHTING_PRE_DEFINED_CURVE_FONT('continuous');
#14650 = MECHANICAL_DESIGN_GEOMETRIC_PRESENTATION_REPRESENTATION('',(
    #14651),#3324);
#14651 = STYLED_ITEM('color',(#14652),#3312);
#14652 = PRESENTATION_STYLE_ASSIGNMENT((#14653,#14658));
#14653 = SURFACE_STYLE_USAGE(.BOTH.,#14654);
#14654 = SURFACE_SIDE_STYLE('',(#14655));
#14655 = SURFACE_STYLE_FILL_AREA(#14656);
#14656 = FILL_AREA_STYLE('',(#14657));
#14657 = FILL_AREA_STYLE_COLOUR('',#12936);
#14658 = CURVE_STYLE('',#14659,POSITIVE_LENGTH_MEASURE(0.1),#12939);
#14659 = DRAUGHTING_PRE_DEFINED_CURVE_FONT('continuous');
#14660 = MECHANICAL_DESIGN_GEOMETRIC_PRESENTATION_REPRESENTATION('',(
    #14661),#12562);
#14661 = STYLED_ITEM('color',(#14662),#12550);
#14662 = PRESENTATION_STYLE_ASSIGNMENT((#14663,#14668));
#14663 = SURFACE_STYLE_USAGE(.BOTH.,#14664);
#14664 = SURFACE_SIDE_STYLE('',(#14665));
#14665 = SURFACE_STYLE_FILL_AREA(#14666);
#14666 = FILL_AREA_STYLE('',(#14667));
#14667 = FILL_AREA_STYLE_COLOUR('',#12936);
#14668 = CURVE_STYLE('',#14669,POSITIVE_LENGTH_MEASURE(0.1),#12939);
#14669 = DRAUGHTING_PRE_DEFINED_CURVE_FONT('continuous');
#14670 = MECHANICAL_DESIGN_GEOMETRIC_PRESENTATION_REPRESENTATION('',(
    #14671),#6951);
#14671 = STYLED_ITEM('color',(#14672),#6939);
#14672 = PRESENTATION_STYLE_ASSIGNMENT((#14673,#14678));
#14673 = SURFACE_STYLE_USAGE(.BOTH.,#14674);
#14674 = SURFACE_SIDE_STYLE('',(#14675));
#14675 = SURFACE_STYLE_FILL_AREA(#14676);
#14676 = FILL_AREA_STYLE('',(#14677));
#14677 = FILL_AREA_STYLE_COLOUR('',#12936);
#14678 = CURVE_STYLE('',#14679,POSITIVE_LENGTH_MEASURE(0.1),#12939);
#14679 = DRAUGHTING_PRE_DEFINED_CURVE_FONT('continuous');
#14680 = MECHANICAL_DESIGN_GEOMETRIC_PRESENTATION_REPRESENTATION('',(
    #14681),#9400);
#14681 = STYLED_ITEM('color',(#14682),#9388);
#14682 = PRESENTATION_STYLE_ASSIGNMENT((#14683,#14688));
#14683 = SURFACE_STYLE_USAGE(.BOTH.,#14684);
#14684 = SURFACE_SIDE_STYLE('',(#14685));
#14685 = SURFACE_STYLE_FILL_AREA(#14686);
#14686 = FILL_AREA_STYLE('',(#14687));
#14687 = FILL_AREA_STYLE_COLOUR('',#12936);
#14688 = CURVE_STYLE('',#14689,POSITIVE_LENGTH_MEASURE(0.1),#12939);
#14689 = DRAUGHTING_PRE_DEFINED_CURVE_FONT('continuous');
#14690 = MECHANICAL_DESIGN_GEOMETRIC_PRESENTATION_REPRESENTATION('',(
    #14691),#11756);
#14691 = STYLED_ITEM('color',(#14692),#11744);
#14692 = PRESENTATION_STYLE_ASSIGNMENT((#14693,#14698));
#14693 = SURFACE_STYLE_USAGE(.BOTH.,#14694);
#14694 = SURFACE_SIDE_STYLE('',(#14695));
#14695 = SURFACE_STYLE_FILL_AREA(#14696);
#14696 = FILL_AREA_STYLE('',(#14697));
#14697 = FILL_AREA_STYLE_COLOUR('',#12936);
#14698 = CURVE_STYLE('',#14699,POSITIVE_LENGTH_MEASURE(0.1),#12939);
#14699 = DRAUGHTING_PRE_DEFINED_CURVE_FONT('continuous');
#14700 = MECHANICAL_DESIGN_GEOMETRIC_PRESENTATION_REPRESENTATION('',(
    #14701),#7633);
#14701 = STYLED_ITEM('color',(#14702),#7621);
#14702 = PRESENTATION_STYLE_ASSIGNMENT((#14703,#14708));
#14703 = SURFACE_STYLE_USAGE(.BOTH.,#14704);
#14704 = SURFACE_SIDE_STYLE('',(#14705));
#14705 = SURFACE_STYLE_FILL_AREA(#14706);
#14706 = FILL_AREA_STYLE('',(#14707));
#14707 = FILL_AREA_STYLE_COLOUR('',#12936);
#14708 = CURVE_STYLE('',#14709,POSITIVE_LENGTH_MEASURE(0.1),#12939);
#14709 = DRAUGHTING_PRE_DEFINED_CURVE_FONT('continuous');
#14710 = MECHANICAL_DESIGN_GEOMETRIC_PRESENTATION_REPRESENTATION('',(
    #14711),#4874);
#14711 = STYLED_ITEM('color',(#14712),#4862);
#14712 = PRESENTATION_STYLE_ASSIGNMENT((#14713,#14718));
#14713 = SURFACE_STYLE_USAGE(.BOTH.,#14714);
#14714 = SURFACE_SIDE_STYLE('',(#14715));
#14715 = SURFACE_STYLE_FILL_AREA(#14716);
#14716 = FILL_AREA_STYLE('',(#14717));
#14717 = FILL_AREA_STYLE_COLOUR('',#12936);
#14718 = CURVE_STYLE('',#14719,POSITIVE_LENGTH_MEASURE(0.1),#12939);
#14719 = DRAUGHTING_PRE_DEFINED_CURVE_FONT('continuous');
#14720 = MECHANICAL_DESIGN_GEOMETRIC_PRESENTATION_REPRESENTATION('',(
    #14721),#4843);
#14721 = STYLED_ITEM('color',(#14722),#4831);
#14722 = PRESENTATION_STYLE_ASSIGNMENT((#14723,#14728));
#14723 = SURFACE_STYLE_USAGE(.BOTH.,#14724);
#14724 = SURFACE_SIDE_STYLE('',(#14725));
#14725 = SURFACE_STYLE_FILL_AREA(#14726);
#14726 = FILL_AREA_STYLE('',(#14727));
#14727 = FILL_AREA_STYLE_COLOUR('',#12936);
#14728 = CURVE_STYLE('',#14729,POSITIVE_LENGTH_MEASURE(0.1),#12939);
#14729 = DRAUGHTING_PRE_DEFINED_CURVE_FONT('continuous');
#14730 = MECHANICAL_DESIGN_GEOMETRIC_PRESENTATION_REPRESENTATION('',(
    #14731),#1743);
#14731 = STYLED_ITEM('color',(#14732),#1731);
#14732 = PRESENTATION_STYLE_ASSIGNMENT((#14733,#14738));
#14733 = SURFACE_STYLE_USAGE(.BOTH.,#14734);
#14734 = SURFACE_SIDE_STYLE('',(#14735));
#14735 = SURFACE_STYLE_FILL_AREA(#14736);
#14736 = FILL_AREA_STYLE('',(#14737));
#14737 = FILL_AREA_STYLE_COLOUR('',#12936);
#14738 = CURVE_STYLE('',#14739,POSITIVE_LENGTH_MEASURE(0.1),#12939);
#14739 = DRAUGHTING_PRE_DEFINED_CURVE_FONT('continuous');
#14740 = MECHANICAL_DESIGN_GEOMETRIC_PRESENTATION_REPRESENTATION('',(
    #14741),#6331);
#14741 = STYLED_ITEM('color',(#14742),#6319);
#14742 = PRESENTATION_STYLE_ASSIGNMENT((#14743,#14748));
#14743 = SURFACE_STYLE_USAGE(.BOTH.,#14744);
#14744 = SURFACE_SIDE_STYLE('',(#14745));
#14745 = SURFACE_STYLE_FILL_AREA(#14746);
#14746 = FILL_AREA_STYLE('',(#14747));
#14747 = FILL_AREA_STYLE_COLOUR('',#12936);
#14748 = CURVE_STYLE('',#14749,POSITIVE_LENGTH_MEASURE(0.1),#12939);
#14749 = DRAUGHTING_PRE_DEFINED_CURVE_FONT('continuous');
#14750 = MECHANICAL_DESIGN_GEOMETRIC_PRESENTATION_REPRESENTATION('',(
    #14751),#7819);
#14751 = STYLED_ITEM('color',(#14752),#7807);
#14752 = PRESENTATION_STYLE_ASSIGNMENT((#14753,#14758));
#14753 = SURFACE_STYLE_USAGE(.BOTH.,#14754);
#14754 = SURFACE_SIDE_STYLE('',(#14755));
#14755 = SURFACE_STYLE_FILL_AREA(#14756);
#14756 = FILL_AREA_STYLE('',(#14757));
#14757 = FILL_AREA_STYLE_COLOUR('',#12936);
#14758 = CURVE_STYLE('',#14759,POSITIVE_LENGTH_MEASURE(0.1),#12939);
#14759 = DRAUGHTING_PRE_DEFINED_CURVE_FONT('continuous');
#14760 = MECHANICAL_DESIGN_GEOMETRIC_PRESENTATION_REPRESENTATION('',(
    #14761),#7323);
#14761 = STYLED_ITEM('color',(#14762),#7311);
#14762 = PRESENTATION_STYLE_ASSIGNMENT((#14763,#14768));
#14763 = SURFACE_STYLE_USAGE(.BOTH.,#14764);
#14764 = SURFACE_SIDE_STYLE('',(#14765));
#14765 = SURFACE_STYLE_FILL_AREA(#14766);
#14766 = FILL_AREA_STYLE('',(#14767));
#14767 = FILL_AREA_STYLE_COLOUR('',#12936);
#14768 = CURVE_STYLE('',#14769,POSITIVE_LENGTH_MEASURE(0.1),#12939);
#14769 = DRAUGHTING_PRE_DEFINED_CURVE_FONT('continuous');
#14770 = MECHANICAL_DESIGN_GEOMETRIC_PRESENTATION_REPRESENTATION('',(
    #14771),#6579);
#14771 = STYLED_ITEM('color',(#14772),#6567);
#14772 = PRESENTATION_STYLE_ASSIGNMENT((#14773,#14778));
#14773 = SURFACE_STYLE_USAGE(.BOTH.,#14774);
#14774 = SURFACE_SIDE_STYLE('',(#14775));
#14775 = SURFACE_STYLE_FILL_AREA(#14776);
#14776 = FILL_AREA_STYLE('',(#14777));
#14777 = FILL_AREA_STYLE_COLOUR('',#12936);
#14778 = CURVE_STYLE('',#14779,POSITIVE_LENGTH_MEASURE(0.1),#12939);
#14779 = DRAUGHTING_PRE_DEFINED_CURVE_FONT('continuous');
#14780 = MECHANICAL_DESIGN_GEOMETRIC_PRESENTATION_REPRESENTATION('',(
    #14781),#3789);
#14781 = STYLED_ITEM('color',(#14782),#3777);
#14782 = PRESENTATION_STYLE_ASSIGNMENT((#14783,#14788));
#14783 = SURFACE_STYLE_USAGE(.BOTH.,#14784);
#14784 = SURFACE_SIDE_STYLE('',(#14785));
#14785 = SURFACE_STYLE_FILL_AREA(#14786);
#14786 = FILL_AREA_STYLE('',(#14787));
#14787 = FILL_AREA_STYLE_COLOUR('',#12936);
#14788 = CURVE_STYLE('',#14789,POSITIVE_LENGTH_MEASURE(0.1),#12939);
#14789 = DRAUGHTING_PRE_DEFINED_CURVE_FONT('continuous');
#14790 = MECHANICAL_DESIGN_GEOMETRIC_PRESENTATION_REPRESENTATION('',(
    #14791),#4657);
#14791 = STYLED_ITEM('color',(#14792),#4645);
#14792 = PRESENTATION_STYLE_ASSIGNMENT((#14793,#14798));
#14793 = SURFACE_STYLE_USAGE(.BOTH.,#14794);
#14794 = SURFACE_SIDE_STYLE('',(#14795));
#14795 = SURFACE_STYLE_FILL_AREA(#14796);
#14796 = FILL_AREA_STYLE('',(#14797));
#14797 = FILL_AREA_STYLE_COLOUR('',#12936);
#14798 = CURVE_STYLE('',#14799,POSITIVE_LENGTH_MEASURE(0.1),#12939);
#14799 = DRAUGHTING_PRE_DEFINED_CURVE_FONT('continuous');
#14800 = MECHANICAL_DESIGN_GEOMETRIC_PRESENTATION_REPRESENTATION('',(
    #14801),#5587);
#14801 = STYLED_ITEM('color',(#14802),#5575);
#14802 = PRESENTATION_STYLE_ASSIGNMENT((#14803,#14808));
#14803 = SURFACE_STYLE_USAGE(.BOTH.,#14804);
#14804 = SURFACE_SIDE_STYLE('',(#14805));
#14805 = SURFACE_STYLE_FILL_AREA(#14806);
#14806 = FILL_AREA_STYLE('',(#14807));
#14807 = FILL_AREA_STYLE_COLOUR('',#12936);
#14808 = CURVE_STYLE('',#14809,POSITIVE_LENGTH_MEASURE(0.1),#12939);
#14809 = DRAUGHTING_PRE_DEFINED_CURVE_FONT('continuous');
#14810 = MECHANICAL_DESIGN_GEOMETRIC_PRESENTATION_REPRESENTATION('',(
    #14811),#7044);
#14811 = STYLED_ITEM('color',(#14812),#7032);
#14812 = PRESENTATION_STYLE_ASSIGNMENT((#14813,#14818));
#14813 = SURFACE_STYLE_USAGE(.BOTH.,#14814);
#14814 = SURFACE_SIDE_STYLE('',(#14815));
#14815 = SURFACE_STYLE_FILL_AREA(#14816);
#14816 = FILL_AREA_STYLE('',(#14817));
#14817 = FILL_AREA_STYLE_COLOUR('',#12936);
#14818 = CURVE_STYLE('',#14819,POSITIVE_LENGTH_MEASURE(0.1),#12939);
#14819 = DRAUGHTING_PRE_DEFINED_CURVE_FONT('continuous');
#14820 = MECHANICAL_DESIGN_GEOMETRIC_PRESENTATION_REPRESENTATION('',(
    #14821),#8036);
#14821 = STYLED_ITEM('color',(#14822),#8024);
#14822 = PRESENTATION_STYLE_ASSIGNMENT((#14823,#14828));
#14823 = SURFACE_STYLE_USAGE(.BOTH.,#14824);
#14824 = SURFACE_SIDE_STYLE('',(#14825));
#14825 = SURFACE_STYLE_FILL_AREA(#14826);
#14826 = FILL_AREA_STYLE('',(#14827));
#14827 = FILL_AREA_STYLE_COLOUR('',#12936);
#14828 = CURVE_STYLE('',#14829,POSITIVE_LENGTH_MEASURE(0.1),#12939);
#14829 = DRAUGHTING_PRE_DEFINED_CURVE_FONT('continuous');
#14830 = MECHANICAL_DESIGN_GEOMETRIC_PRESENTATION_REPRESENTATION('',(
    #14831),#10020);
#14831 = STYLED_ITEM('color',(#14832),#10008);
#14832 = PRESENTATION_STYLE_ASSIGNMENT((#14833,#14838));
#14833 = SURFACE_STYLE_USAGE(.BOTH.,#14834);
#14834 = SURFACE_SIDE_STYLE('',(#14835));
#14835 = SURFACE_STYLE_FILL_AREA(#14836);
#14836 = FILL_AREA_STYLE('',(#14837));
#14837 = FILL_AREA_STYLE_COLOUR('',#12936);
#14838 = CURVE_STYLE('',#14839,POSITIVE_LENGTH_MEASURE(0.1),#12939);
#14839 = DRAUGHTING_PRE_DEFINED_CURVE_FONT('continuous');
#14840 = MECHANICAL_DESIGN_GEOMETRIC_PRESENTATION_REPRESENTATION('',(
    #14841),#12128);
#14841 = STYLED_ITEM('color',(#14842),#12116);
#14842 = PRESENTATION_STYLE_ASSIGNMENT((#14843,#14848));
#14843 = SURFACE_STYLE_USAGE(.BOTH.,#14844);
#14844 = SURFACE_SIDE_STYLE('',(#14845));
#14845 = SURFACE_STYLE_FILL_AREA(#14846);
#14846 = FILL_AREA_STYLE('',(#14847));
#14847 = FILL_AREA_STYLE_COLOUR('',#12936);
#14848 = CURVE_STYLE('',#14849,POSITIVE_LENGTH_MEASURE(0.1),#12939);
#14849 = DRAUGHTING_PRE_DEFINED_CURVE_FONT('continuous');
#14850 = MECHANICAL_DESIGN_GEOMETRIC_PRESENTATION_REPRESENTATION('',(
    #14851),#2983);
#14851 = STYLED_ITEM('color',(#14852),#2971);
#14852 = PRESENTATION_STYLE_ASSIGNMENT((#14853,#14858));
#14853 = SURFACE_STYLE_USAGE(.BOTH.,#14854);
#14854 = SURFACE_SIDE_STYLE('',(#14855));
#14855 = SURFACE_STYLE_FILL_AREA(#14856);
#14856 = FILL_AREA_STYLE('',(#14857));
#14857 = FILL_AREA_STYLE_COLOUR('',#12936);
#14858 = CURVE_STYLE('',#14859,POSITIVE_LENGTH_MEASURE(0.1),#12939);
#14859 = DRAUGHTING_PRE_DEFINED_CURVE_FONT('continuous');
#14860 = MECHANICAL_DESIGN_GEOMETRIC_PRESENTATION_REPRESENTATION('',(
    #14861),#9059);
#14861 = STYLED_ITEM('color',(#14862),#9047);
#14862 = PRESENTATION_STYLE_ASSIGNMENT((#14863,#14868));
#14863 = SURFACE_STYLE_USAGE(.BOTH.,#14864);
#14864 = SURFACE_SIDE_STYLE('',(#14865));
#14865 = SURFACE_STYLE_FILL_AREA(#14866);
#14866 = FILL_AREA_STYLE('',(#14867));
#14867 = FILL_AREA_STYLE_COLOUR('',#12936);
#14868 = CURVE_STYLE('',#14869,POSITIVE_LENGTH_MEASURE(0.1),#12939);
#14869 = DRAUGHTING_PRE_DEFINED_CURVE_FONT('continuous');
#14870 = MECHANICAL_DESIGN_GEOMETRIC_PRESENTATION_REPRESENTATION('',(
    #14871),#6796);
#14871 = STYLED_ITEM('color',(#14872),#6784);
#14872 = PRESENTATION_STYLE_ASSIGNMENT((#14873,#14878));
#14873 = SURFACE_STYLE_USAGE(.BOTH.,#14874);
#14874 = SURFACE_SIDE_STYLE('',(#14875));
#14875 = SURFACE_STYLE_FILL_AREA(#14876);
#14876 = FILL_AREA_STYLE('',(#14877));
#14877 = FILL_AREA_STYLE_COLOUR('',#12936);
#14878 = CURVE_STYLE('',#14879,POSITIVE_LENGTH_MEASURE(0.1),#12939);
#14879 = DRAUGHTING_PRE_DEFINED_CURVE_FONT('continuous');
#14880 = MECHANICAL_DESIGN_GEOMETRIC_PRESENTATION_REPRESENTATION('',(
    #14881),#1681);
#14881 = STYLED_ITEM('color',(#14882),#1669);
#14882 = PRESENTATION_STYLE_ASSIGNMENT((#14883,#14888));
#14883 = SURFACE_STYLE_USAGE(.BOTH.,#14884);
#14884 = SURFACE_SIDE_STYLE('',(#14885));
#14885 = SURFACE_STYLE_FILL_AREA(#14886);
#14886 = FILL_AREA_STYLE('',(#14887));
#14887 = FILL_AREA_STYLE_COLOUR('',#12936);
#14888 = CURVE_STYLE('',#14889,POSITIVE_LENGTH_MEASURE(0.1),#12939);
#14889 = DRAUGHTING_PRE_DEFINED_CURVE_FONT('continuous');
#14890 = MECHANICAL_DESIGN_GEOMETRIC_PRESENTATION_REPRESENTATION('',(
    #14891),#6145);
#14891 = STYLED_ITEM('color',(#14892),#6133);
#14892 = PRESENTATION_STYLE_ASSIGNMENT((#14893,#14898));
#14893 = SURFACE_STYLE_USAGE(.BOTH.,#14894);
#14894 = SURFACE_SIDE_STYLE('',(#14895));
#14895 = SURFACE_STYLE_FILL_AREA(#14896);
#14896 = FILL_AREA_STYLE('',(#14897));
#14897 = FILL_AREA_STYLE_COLOUR('',#12936);
#14898 = CURVE_STYLE('',#14899,POSITIVE_LENGTH_MEASURE(0.1),#12939);
#14899 = DRAUGHTING_PRE_DEFINED_CURVE_FONT('continuous');
#14900 = MECHANICAL_DESIGN_GEOMETRIC_PRESENTATION_REPRESENTATION('',(
    #14901),#11415);
#14901 = STYLED_ITEM('color',(#14902),#11403);
#14902 = PRESENTATION_STYLE_ASSIGNMENT((#14903,#14908));
#14903 = SURFACE_STYLE_USAGE(.BOTH.,#14904);
#14904 = SURFACE_SIDE_STYLE('',(#14905));
#14905 = SURFACE_STYLE_FILL_AREA(#14906);
#14906 = FILL_AREA_STYLE('',(#14907));
#14907 = FILL_AREA_STYLE_COLOUR('',#12936);
#14908 = CURVE_STYLE('',#14909,POSITIVE_LENGTH_MEASURE(0.1),#12939);
#14909 = DRAUGHTING_PRE_DEFINED_CURVE_FONT('continuous');
#14910 = MECHANICAL_DESIGN_GEOMETRIC_PRESENTATION_REPRESENTATION('',(
    #14911),#3479);
#14911 = STYLED_ITEM('color',(#14912),#3467);
#14912 = PRESENTATION_STYLE_ASSIGNMENT((#14913,#14918));
#14913 = SURFACE_STYLE_USAGE(.BOTH.,#14914);
#14914 = SURFACE_SIDE_STYLE('',(#14915));
#14915 = SURFACE_STYLE_FILL_AREA(#14916);
#14916 = FILL_AREA_STYLE('',(#14917));
#14917 = FILL_AREA_STYLE_COLOUR('',#12936);
#14918 = CURVE_STYLE('',#14919,POSITIVE_LENGTH_MEASURE(0.1),#12939);
#14919 = DRAUGHTING_PRE_DEFINED_CURVE_FONT('continuous');
#14920 = MECHANICAL_DESIGN_GEOMETRIC_PRESENTATION_REPRESENTATION('',(
    #14921),#2642);
#14921 = STYLED_ITEM('color',(#14922),#2630);
#14922 = PRESENTATION_STYLE_ASSIGNMENT((#14923,#14928));
#14923 = SURFACE_STYLE_USAGE(.BOTH.,#14924);
#14924 = SURFACE_SIDE_STYLE('',(#14925));
#14925 = SURFACE_STYLE_FILL_AREA(#14926);
#14926 = FILL_AREA_STYLE('',(#14927));
#14927 = FILL_AREA_STYLE_COLOUR('',#12936);
#14928 = CURVE_STYLE('',#14929,POSITIVE_LENGTH_MEASURE(0.1),#12939);
#14929 = DRAUGHTING_PRE_DEFINED_CURVE_FONT('continuous');
#14930 = MECHANICAL_DESIGN_GEOMETRIC_PRESENTATION_REPRESENTATION('',(
    #14931),#12035);
#14931 = STYLED_ITEM('color',(#14932),#12023);
#14932 = PRESENTATION_STYLE_ASSIGNMENT((#14933,#14938));
#14933 = SURFACE_STYLE_USAGE(.BOTH.,#14934);
#14934 = SURFACE_SIDE_STYLE('',(#14935));
#14935 = SURFACE_STYLE_FILL_AREA(#14936);
#14936 = FILL_AREA_STYLE('',(#14937));
#14937 = FILL_AREA_STYLE_COLOUR('',#12936);
#14938 = CURVE_STYLE('',#14939,POSITIVE_LENGTH_MEASURE(0.1),#12939);
#14939 = DRAUGHTING_PRE_DEFINED_CURVE_FONT('continuous');
#14940 = MECHANICAL_DESIGN_GEOMETRIC_PRESENTATION_REPRESENTATION('',(
    #14941),#5091);
#14941 = STYLED_ITEM('color',(#14942),#5079);
#14942 = PRESENTATION_STYLE_ASSIGNMENT((#14943,#14948));
#14943 = SURFACE_STYLE_USAGE(.BOTH.,#14944);
#14944 = SURFACE_SIDE_STYLE('',(#14945));
#14945 = SURFACE_STYLE_FILL_AREA(#14946);
#14946 = FILL_AREA_STYLE('',(#14947));
#14947 = FILL_AREA_STYLE_COLOUR('',#12936);
#14948 = CURVE_STYLE('',#14949,POSITIVE_LENGTH_MEASURE(0.1),#12939);
#14949 = DRAUGHTING_PRE_DEFINED_CURVE_FONT('continuous');
#14950 = MECHANICAL_DESIGN_GEOMETRIC_PRESENTATION_REPRESENTATION('',(
    #14951),#4037);
#14951 = STYLED_ITEM('color',(#14952),#4025);
#14952 = PRESENTATION_STYLE_ASSIGNMENT((#14953,#14958));
#14953 = SURFACE_STYLE_USAGE(.BOTH.,#14954);
#14954 = SURFACE_SIDE_STYLE('',(#14955));
#14955 = SURFACE_STYLE_FILL_AREA(#14956);
#14956 = FILL_AREA_STYLE('',(#14957));
#14957 = FILL_AREA_STYLE_COLOUR('',#12936);
#14958 = CURVE_STYLE('',#14959,POSITIVE_LENGTH_MEASURE(0.1),#12939);
#14959 = DRAUGHTING_PRE_DEFINED_CURVE_FONT('continuous');
#14960 = MECHANICAL_DESIGN_GEOMETRIC_PRESENTATION_REPRESENTATION('',(
    #14961),#8005);
#14961 = STYLED_ITEM('color',(#14962),#7993);
#14962 = PRESENTATION_STYLE_ASSIGNMENT((#14963,#14968));
#14963 = SURFACE_STYLE_USAGE(.BOTH.,#14964);
#14964 = SURFACE_SIDE_STYLE('',(#14965));
#14965 = SURFACE_STYLE_FILL_AREA(#14966);
#14966 = FILL_AREA_STYLE('',(#14967));
#14967 = FILL_AREA_STYLE_COLOUR('',#12936);
#14968 = CURVE_STYLE('',#14969,POSITIVE_LENGTH_MEASURE(0.1),#12939);
#14969 = DRAUGHTING_PRE_DEFINED_CURVE_FONT('continuous');
#14970 = MECHANICAL_DESIGN_GEOMETRIC_PRESENTATION_REPRESENTATION('',(
    #14971),#8563);
#14971 = STYLED_ITEM('color',(#14972),#8551);
#14972 = PRESENTATION_STYLE_ASSIGNMENT((#14973,#14978));
#14973 = SURFACE_STYLE_USAGE(.BOTH.,#14974);
#14974 = SURFACE_SIDE_STYLE('',(#14975));
#14975 = SURFACE_STYLE_FILL_AREA(#14976);
#14976 = FILL_AREA_STYLE('',(#14977));
#14977 = FILL_AREA_STYLE_COLOUR('',#12936);
#14978 = CURVE_STYLE('',#14979,POSITIVE_LENGTH_MEASURE(0.1),#12939);
#14979 = DRAUGHTING_PRE_DEFINED_CURVE_FONT('continuous');
#14980 = MECHANICAL_DESIGN_GEOMETRIC_PRESENTATION_REPRESENTATION('',(
    #14981),#9710);
#14981 = STYLED_ITEM('color',(#14982),#9698);
#14982 = PRESENTATION_STYLE_ASSIGNMENT((#14983,#14988));
#14983 = SURFACE_STYLE_USAGE(.BOTH.,#14984);
#14984 = SURFACE_SIDE_STYLE('',(#14985));
#14985 = SURFACE_STYLE_FILL_AREA(#14986);
#14986 = FILL_AREA_STYLE('',(#14987));
#14987 = FILL_AREA_STYLE_COLOUR('',#12936);
#14988 = CURVE_STYLE('',#14989,POSITIVE_LENGTH_MEASURE(0.1),#12939);
#14989 = DRAUGHTING_PRE_DEFINED_CURVE_FONT('continuous');
#14990 = MECHANICAL_DESIGN_GEOMETRIC_PRESENTATION_REPRESENTATION('',(
    #14991),#9555);
#14991 = STYLED_ITEM('color',(#14992),#9543);
#14992 = PRESENTATION_STYLE_ASSIGNMENT((#14993,#14998));
#14993 = SURFACE_STYLE_USAGE(.BOTH.,#14994);
#14994 = SURFACE_SIDE_STYLE('',(#14995));
#14995 = SURFACE_STYLE_FILL_AREA(#14996);
#14996 = FILL_AREA_STYLE('',(#14997));
#14997 = FILL_AREA_STYLE_COLOUR('',#12936);
#14998 = CURVE_STYLE('',#14999,POSITIVE_LENGTH_MEASURE(0.1),#12939);
#14999 = DRAUGHTING_PRE_DEFINED_CURVE_FONT('continuous');
#15000 = MECHANICAL_DESIGN_GEOMETRIC_PRESENTATION_REPRESENTATION('',(
    #15001),#1991);
#15001 = STYLED_ITEM('color',(#15002),#1979);
#15002 = PRESENTATION_STYLE_ASSIGNMENT((#15003,#15008));
#15003 = SURFACE_STYLE_USAGE(.BOTH.,#15004);
#15004 = SURFACE_SIDE_STYLE('',(#15005));
#15005 = SURFACE_STYLE_FILL_AREA(#15006);
#15006 = FILL_AREA_STYLE('',(#15007));
#15007 = FILL_AREA_STYLE_COLOUR('',#12936);
#15008 = CURVE_STYLE('',#15009,POSITIVE_LENGTH_MEASURE(0.1),#12939);
#15009 = DRAUGHTING_PRE_DEFINED_CURVE_FONT('continuous');
#15010 = MECHANICAL_DESIGN_GEOMETRIC_PRESENTATION_REPRESENTATION('',(
    #15011),#3293);
#15011 = STYLED_ITEM('color',(#15012),#3281);
#15012 = PRESENTATION_STYLE_ASSIGNMENT((#15013,#15018));
#15013 = SURFACE_STYLE_USAGE(.BOTH.,#15014);
#15014 = SURFACE_SIDE_STYLE('',(#15015));
#15015 = SURFACE_STYLE_FILL_AREA(#15016);
#15016 = FILL_AREA_STYLE('',(#15017));
#15017 = FILL_AREA_STYLE_COLOUR('',#12936);
#15018 = CURVE_STYLE('',#15019,POSITIVE_LENGTH_MEASURE(0.1),#12939);
#15019 = DRAUGHTING_PRE_DEFINED_CURVE_FONT('continuous');
#15020 = MECHANICAL_DESIGN_GEOMETRIC_PRESENTATION_REPRESENTATION('',(
    #15021),#4967);
#15021 = STYLED_ITEM('color',(#15022),#4955);
#15022 = PRESENTATION_STYLE_ASSIGNMENT((#15023,#15028));
#15023 = SURFACE_STYLE_USAGE(.BOTH.,#15024);
#15024 = SURFACE_SIDE_STYLE('',(#15025));
#15025 = SURFACE_STYLE_FILL_AREA(#15026);
#15026 = FILL_AREA_STYLE('',(#15027));
#15027 = FILL_AREA_STYLE_COLOUR('',#12936);
#15028 = CURVE_STYLE('',#15029,POSITIVE_LENGTH_MEASURE(0.1),#12939);
#15029 = DRAUGHTING_PRE_DEFINED_CURVE_FONT('continuous');
#15030 = MECHANICAL_DESIGN_GEOMETRIC_PRESENTATION_REPRESENTATION('',(
    #15031),#12624);
#15031 = STYLED_ITEM('color',(#15032),#12612);
#15032 = PRESENTATION_STYLE_ASSIGNMENT((#15033,#15038));
#15033 = SURFACE_STYLE_USAGE(.BOTH.,#15034);
#15034 = SURFACE_SIDE_STYLE('',(#15035));
#15035 = SURFACE_STYLE_FILL_AREA(#15036);
#15036 = FILL_AREA_STYLE('',(#15037));
#15037 = FILL_AREA_STYLE_COLOUR('',#12936);
#15038 = CURVE_STYLE('',#15039,POSITIVE_LENGTH_MEASURE(0.1),#12939);
#15039 = DRAUGHTING_PRE_DEFINED_CURVE_FONT('continuous');
#15040 = MECHANICAL_DESIGN_GEOMETRIC_PRESENTATION_REPRESENTATION('',(
    #15041),#8377);
#15041 = STYLED_ITEM('color',(#15042),#8365);
#15042 = PRESENTATION_STYLE_ASSIGNMENT((#15043,#15048));
#15043 = SURFACE_STYLE_USAGE(.BOTH.,#15044);
#15044 = SURFACE_SIDE_STYLE('',(#15045));
#15045 = SURFACE_STYLE_FILL_AREA(#15046);
#15046 = FILL_AREA_STYLE('',(#15047));
#15047 = FILL_AREA_STYLE_COLOUR('',#12936);
#15048 = CURVE_STYLE('',#15049,POSITIVE_LENGTH_MEASURE(0.1),#12939);
#15049 = DRAUGHTING_PRE_DEFINED_CURVE_FONT('continuous');
#15050 = MECHANICAL_DESIGN_GEOMETRIC_PRESENTATION_REPRESENTATION('',(
    #15051),#4719);
#15051 = STYLED_ITEM('color',(#15052),#4707);
#15052 = PRESENTATION_STYLE_ASSIGNMENT((#15053,#15058));
#15053 = SURFACE_STYLE_USAGE(.BOTH.,#15054);
#15054 = SURFACE_SIDE_STYLE('',(#15055));
#15055 = SURFACE_STYLE_FILL_AREA(#15056);
#15056 = FILL_AREA_STYLE('',(#15057));
#15057 = FILL_AREA_STYLE_COLOUR('',#12936);
#15058 = CURVE_STYLE('',#15059,POSITIVE_LENGTH_MEASURE(0.1),#12939);
#15059 = DRAUGHTING_PRE_DEFINED_CURVE_FONT('continuous');
#15060 = MECHANICAL_DESIGN_GEOMETRIC_PRESENTATION_REPRESENTATION('',(
    #15061),#5959);
#15061 = STYLED_ITEM('color',(#15062),#5947);
#15062 = PRESENTATION_STYLE_ASSIGNMENT((#15063,#15068));
#15063 = SURFACE_STYLE_USAGE(.BOTH.,#15064);
#15064 = SURFACE_SIDE_STYLE('',(#15065));
#15065 = SURFACE_STYLE_FILL_AREA(#15066);
#15066 = FILL_AREA_STYLE('',(#15067));
#15067 = FILL_AREA_STYLE_COLOUR('',#12936);
#15068 = CURVE_STYLE('',#15069,POSITIVE_LENGTH_MEASURE(0.1),#12939);
#15069 = DRAUGHTING_PRE_DEFINED_CURVE_FONT('continuous');
#15070 = MECHANICAL_DESIGN_GEOMETRIC_PRESENTATION_REPRESENTATION('',(
    #15071),#5742);
#15071 = STYLED_ITEM('color',(#15072),#5730);
#15072 = PRESENTATION_STYLE_ASSIGNMENT((#15073,#15078));
#15073 = SURFACE_STYLE_USAGE(.BOTH.,#15074);
#15074 = SURFACE_SIDE_STYLE('',(#15075));
#15075 = SURFACE_STYLE_FILL_AREA(#15076);
#15076 = FILL_AREA_STYLE('',(#15077));
#15077 = FILL_AREA_STYLE_COLOUR('',#12936);
#15078 = CURVE_STYLE('',#15079,POSITIVE_LENGTH_MEASURE(0.1),#12939);
#15079 = DRAUGHTING_PRE_DEFINED_CURVE_FONT('continuous');
#15080 = MECHANICAL_DESIGN_GEOMETRIC_PRESENTATION_REPRESENTATION('',(
    #15081),#8253);
#15081 = STYLED_ITEM('color',(#15082),#8241);
#15082 = PRESENTATION_STYLE_ASSIGNMENT((#15083,#15088));
#15083 = SURFACE_STYLE_USAGE(.BOTH.,#15084);
#15084 = SURFACE_SIDE_STYLE('',(#15085));
#15085 = SURFACE_STYLE_FILL_AREA(#15086);
#15086 = FILL_AREA_STYLE('',(#15087));
#15087 = FILL_AREA_STYLE_COLOUR('',#12936);
#15088 = CURVE_STYLE('',#15089,POSITIVE_LENGTH_MEASURE(0.1),#12939);
#15089 = DRAUGHTING_PRE_DEFINED_CURVE_FONT('continuous');
#15090 = MECHANICAL_DESIGN_GEOMETRIC_PRESENTATION_REPRESENTATION('',(
    #15091),#10392);
#15091 = STYLED_ITEM('color',(#15092),#10380);
#15092 = PRESENTATION_STYLE_ASSIGNMENT((#15093,#15098));
#15093 = SURFACE_STYLE_USAGE(.BOTH.,#15094);
#15094 = SURFACE_SIDE_STYLE('',(#15095));
#15095 = SURFACE_STYLE_FILL_AREA(#15096);
#15096 = FILL_AREA_STYLE('',(#15097));
#15097 = FILL_AREA_STYLE_COLOUR('',#12936);
#15098 = CURVE_STYLE('',#15099,POSITIVE_LENGTH_MEASURE(0.1),#12939);
#15099 = DRAUGHTING_PRE_DEFINED_CURVE_FONT('continuous');
#15100 = MECHANICAL_DESIGN_GEOMETRIC_PRESENTATION_REPRESENTATION('',(
    #15101),#11911);
#15101 = STYLED_ITEM('color',(#15102),#11899);
#15102 = PRESENTATION_STYLE_ASSIGNMENT((#15103,#15108));
#15103 = SURFACE_STYLE_USAGE(.BOTH.,#15104);
#15104 = SURFACE_SIDE_STYLE('',(#15105));
#15105 = SURFACE_STYLE_FILL_AREA(#15106);
#15106 = FILL_AREA_STYLE('',(#15107));
#15107 = FILL_AREA_STYLE_COLOUR('',#12936);
#15108 = CURVE_STYLE('',#15109,POSITIVE_LENGTH_MEASURE(0.1),#12939);
#15109 = DRAUGHTING_PRE_DEFINED_CURVE_FONT('continuous');
#15110 = MECHANICAL_DESIGN_GEOMETRIC_PRESENTATION_REPRESENTATION('',(
    #15111),#11167);
#15111 = STYLED_ITEM('color',(#15112),#11155);
#15112 = PRESENTATION_STYLE_ASSIGNMENT((#15113,#15118));
#15113 = SURFACE_STYLE_USAGE(.BOTH.,#15114);
#15114 = SURFACE_SIDE_STYLE('',(#15115));
#15115 = SURFACE_STYLE_FILL_AREA(#15116);
#15116 = FILL_AREA_STYLE('',(#15117));
#15117 = FILL_AREA_STYLE_COLOUR('',#12936);
#15118 = CURVE_STYLE('',#15119,POSITIVE_LENGTH_MEASURE(0.1),#12939);
#15119 = DRAUGHTING_PRE_DEFINED_CURVE_FONT('continuous');
#15120 = MECHANICAL_DESIGN_GEOMETRIC_PRESENTATION_REPRESENTATION('',(
    #15121),#8780);
#15121 = STYLED_ITEM('color',(#15122),#8768);
#15122 = PRESENTATION_STYLE_ASSIGNMENT((#15123,#15128));
#15123 = SURFACE_STYLE_USAGE(.BOTH.,#15124);
#15124 = SURFACE_SIDE_STYLE('',(#15125));
#15125 = SURFACE_STYLE_FILL_AREA(#15126);
#15126 = FILL_AREA_STYLE('',(#15127));
#15127 = FILL_AREA_STYLE_COLOUR('',#12936);
#15128 = CURVE_STYLE('',#15129,POSITIVE_LENGTH_MEASURE(0.1),#12939);
#15129 = DRAUGHTING_PRE_DEFINED_CURVE_FONT('continuous');
#15130 = MECHANICAL_DESIGN_GEOMETRIC_PRESENTATION_REPRESENTATION('',(
    #15131),#8749);
#15131 = STYLED_ITEM('color',(#15132),#8737);
#15132 = PRESENTATION_STYLE_ASSIGNMENT((#15133,#15138));
#15133 = SURFACE_STYLE_USAGE(.BOTH.,#15134);
#15134 = SURFACE_SIDE_STYLE('',(#15135));
#15135 = SURFACE_STYLE_FILL_AREA(#15136);
#15136 = FILL_AREA_STYLE('',(#15137));
#15137 = FILL_AREA_STYLE_COLOUR('',#12936);
#15138 = CURVE_STYLE('',#15139,POSITIVE_LENGTH_MEASURE(0.1),#12939);
#15139 = DRAUGHTING_PRE_DEFINED_CURVE_FONT('continuous');
#15140 = MECHANICAL_DESIGN_GEOMETRIC_PRESENTATION_REPRESENTATION('',(
    #15141),#7416);
#15141 = STYLED_ITEM('color',(#15142),#7404);
#15142 = PRESENTATION_STYLE_ASSIGNMENT((#15143,#15148));
#15143 = SURFACE_STYLE_USAGE(.BOTH.,#15144);
#15144 = SURFACE_SIDE_STYLE('',(#15145));
#15145 = SURFACE_STYLE_FILL_AREA(#15146);
#15146 = FILL_AREA_STYLE('',(#15147));
#15147 = FILL_AREA_STYLE_COLOUR('',#12936);
#15148 = CURVE_STYLE('',#15149,POSITIVE_LENGTH_MEASURE(0.1),#12939);
#15149 = DRAUGHTING_PRE_DEFINED_CURVE_FONT('continuous');
#15150 = MECHANICAL_DESIGN_GEOMETRIC_PRESENTATION_REPRESENTATION('',(
    #15151),#11539);
#15151 = STYLED_ITEM('color',(#15152),#11527);
#15152 = PRESENTATION_STYLE_ASSIGNMENT((#15153,#15158));
#15153 = SURFACE_STYLE_USAGE(.BOTH.,#15154);
#15154 = SURFACE_SIDE_STYLE('',(#15155));
#15155 = SURFACE_STYLE_FILL_AREA(#15156);
#15156 = FILL_AREA_STYLE('',(#15157));
#15157 = FILL_AREA_STYLE_COLOUR('',#12936);
#15158 = CURVE_STYLE('',#15159,POSITIVE_LENGTH_MEASURE(0.1),#12939);
#15159 = DRAUGHTING_PRE_DEFINED_CURVE_FONT('continuous');
#15160 = MECHANICAL_DESIGN_GEOMETRIC_PRESENTATION_REPRESENTATION('',(
    #15161),#10795);
#15161 = STYLED_ITEM('color',(#15162),#10783);
#15162 = PRESENTATION_STYLE_ASSIGNMENT((#15163,#15168));
#15163 = SURFACE_STYLE_USAGE(.BOTH.,#15164);
#15164 = SURFACE_SIDE_STYLE('',(#15165));
#15165 = SURFACE_STYLE_FILL_AREA(#15166);
#15166 = FILL_AREA_STYLE('',(#15167));
#15167 = FILL_AREA_STYLE_COLOUR('',#12936);
#15168 = CURVE_STYLE('',#15169,POSITIVE_LENGTH_MEASURE(0.1),#12939);
#15169 = DRAUGHTING_PRE_DEFINED_CURVE_FONT('continuous');
#15170 = MECHANICAL_DESIGN_GEOMETRIC_PRESENTATION_REPRESENTATION('',(
    #15171),#11570);
#15171 = STYLED_ITEM('color',(#15172),#11558);
#15172 = PRESENTATION_STYLE_ASSIGNMENT((#15173,#15178));
#15173 = SURFACE_STYLE_USAGE(.BOTH.,#15174);
#15174 = SURFACE_SIDE_STYLE('',(#15175));
#15175 = SURFACE_STYLE_FILL_AREA(#15176);
#15176 = FILL_AREA_STYLE('',(#15177));
#15177 = FILL_AREA_STYLE_COLOUR('',#12936);
#15178 = CURVE_STYLE('',#15179,POSITIVE_LENGTH_MEASURE(0.1),#12939);
#15179 = DRAUGHTING_PRE_DEFINED_CURVE_FONT('continuous');
#15180 = MECHANICAL_DESIGN_GEOMETRIC_PRESENTATION_REPRESENTATION('',(
    #15181),#6269);
#15181 = STYLED_ITEM('color',(#15182),#6257);
#15182 = PRESENTATION_STYLE_ASSIGNMENT((#15183,#15188));
#15183 = SURFACE_STYLE_USAGE(.BOTH.,#15184);
#15184 = SURFACE_SIDE_STYLE('',(#15185));
#15185 = SURFACE_STYLE_FILL_AREA(#15186);
#15186 = FILL_AREA_STYLE('',(#15187));
#15187 = FILL_AREA_STYLE_COLOUR('',#12936);
#15188 = CURVE_STYLE('',#15189,POSITIVE_LENGTH_MEASURE(0.1),#12939);
#15189 = DRAUGHTING_PRE_DEFINED_CURVE_FONT('continuous');
#15190 = MECHANICAL_DESIGN_GEOMETRIC_PRESENTATION_REPRESENTATION('',(
    #15191),#10981);
#15191 = STYLED_ITEM('color',(#15192),#10969);
#15192 = PRESENTATION_STYLE_ASSIGNMENT((#15193,#15198));
#15193 = SURFACE_STYLE_USAGE(.BOTH.,#15194);
#15194 = SURFACE_SIDE_STYLE('',(#15195));
#15195 = SURFACE_STYLE_FILL_AREA(#15196);
#15196 = FILL_AREA_STYLE('',(#15197));
#15197 = FILL_AREA_STYLE_COLOUR('',#12936);
#15198 = CURVE_STYLE('',#15199,POSITIVE_LENGTH_MEASURE(0.1),#12939);
#15199 = DRAUGHTING_PRE_DEFINED_CURVE_FONT('continuous');
#15200 = MECHANICAL_DESIGN_GEOMETRIC_PRESENTATION_REPRESENTATION('',(
    #15201),#7788);
#15201 = STYLED_ITEM('color',(#15202),#7776);
#15202 = PRESENTATION_STYLE_ASSIGNMENT((#15203,#15208));
#15203 = SURFACE_STYLE_USAGE(.BOTH.,#15204);
#15204 = SURFACE_SIDE_STYLE('',(#15205));
#15205 = SURFACE_STYLE_FILL_AREA(#15206);
#15206 = FILL_AREA_STYLE('',(#15207));
#15207 = FILL_AREA_STYLE_COLOUR('',#12936);
#15208 = CURVE_STYLE('',#15209,POSITIVE_LENGTH_MEASURE(0.1),#12939);
#15209 = DRAUGHTING_PRE_DEFINED_CURVE_FONT('continuous');
#15210 = MECHANICAL_DESIGN_GEOMETRIC_PRESENTATION_REPRESENTATION('',(
    #15211),#7447);
#15211 = STYLED_ITEM('color',(#15212),#7435);
#15212 = PRESENTATION_STYLE_ASSIGNMENT((#15213,#15218));
#15213 = SURFACE_STYLE_USAGE(.BOTH.,#15214);
#15214 = SURFACE_SIDE_STYLE('',(#15215));
#15215 = SURFACE_STYLE_FILL_AREA(#15216);
#15216 = FILL_AREA_STYLE('',(#15217));
#15217 = FILL_AREA_STYLE_COLOUR('',#12936);
#15218 = CURVE_STYLE('',#15219,POSITIVE_LENGTH_MEASURE(0.1),#12939);
#15219 = DRAUGHTING_PRE_DEFINED_CURVE_FONT('continuous');
#15220 = MECHANICAL_DESIGN_GEOMETRIC_PRESENTATION_REPRESENTATION('',(
    #15221),#5866);
#15221 = STYLED_ITEM('color',(#15222),#5854);
#15222 = PRESENTATION_STYLE_ASSIGNMENT((#15223,#15228));
#15223 = SURFACE_STYLE_USAGE(.BOTH.,#15224);
#15224 = SURFACE_SIDE_STYLE('',(#15225));
#15225 = SURFACE_STYLE_FILL_AREA(#15226);
#15226 = FILL_AREA_STYLE('',(#15227));
#15227 = FILL_AREA_STYLE_COLOUR('',#12936);
#15228 = CURVE_STYLE('',#15229,POSITIVE_LENGTH_MEASURE(0.1),#12939);
#15229 = DRAUGHTING_PRE_DEFINED_CURVE_FONT('continuous');
#15230 = MECHANICAL_DESIGN_GEOMETRIC_PRESENTATION_REPRESENTATION('',(
    #15231),#3417);
#15231 = STYLED_ITEM('color',(#15232),#3405);
#15232 = PRESENTATION_STYLE_ASSIGNMENT((#15233,#15238));
#15233 = SURFACE_STYLE_USAGE(.BOTH.,#15234);
#15234 = SURFACE_SIDE_STYLE('',(#15235));
#15235 = SURFACE_STYLE_FILL_AREA(#15236);
#15236 = FILL_AREA_STYLE('',(#15237));
#15237 = FILL_AREA_STYLE_COLOUR('',#12936);
#15238 = CURVE_STYLE('',#15239,POSITIVE_LENGTH_MEASURE(0.1),#12939);
#15239 = DRAUGHTING_PRE_DEFINED_CURVE_FONT('continuous');
#15240 = MECHANICAL_DESIGN_GEOMETRIC_PRESENTATION_REPRESENTATION('',(
    #15241),#8315);
#15241 = STYLED_ITEM('color',(#15242),#8303);
#15242 = PRESENTATION_STYLE_ASSIGNMENT((#15243,#15248));
#15243 = SURFACE_STYLE_USAGE(.BOTH.,#15244);
#15244 = SURFACE_SIDE_STYLE('',(#15245));
#15245 = SURFACE_STYLE_FILL_AREA(#15246);
#15246 = FILL_AREA_STYLE('',(#15247));
#15247 = FILL_AREA_STYLE_COLOUR('',#12936);
#15248 = CURVE_STYLE('',#15249,POSITIVE_LENGTH_MEASURE(0.1),#12939);
#15249 = DRAUGHTING_PRE_DEFINED_CURVE_FONT('continuous');
#15250 = MECHANICAL_DESIGN_GEOMETRIC_PRESENTATION_REPRESENTATION('',(
    #15251),#11632);
#15251 = STYLED_ITEM('color',(#15252),#11620);
#15252 = PRESENTATION_STYLE_ASSIGNMENT((#15253,#15258));
#15253 = SURFACE_STYLE_USAGE(.BOTH.,#15254);
#15254 = SURFACE_SIDE_STYLE('',(#15255));
#15255 = SURFACE_STYLE_FILL_AREA(#15256);
#15256 = FILL_AREA_STYLE('',(#15257));
#15257 = FILL_AREA_STYLE_COLOUR('',#12936);
#15258 = CURVE_STYLE('',#15259,POSITIVE_LENGTH_MEASURE(0.1),#12939);
#15259 = DRAUGHTING_PRE_DEFINED_CURVE_FONT('continuous');
#15260 = MECHANICAL_DESIGN_GEOMETRIC_PRESENTATION_REPRESENTATION('',(
    #15261),#10919);
#15261 = STYLED_ITEM('color',(#15262),#10907);
#15262 = PRESENTATION_STYLE_ASSIGNMENT((#15263,#15268));
#15263 = SURFACE_STYLE_USAGE(.BOTH.,#15264);
#15264 = SURFACE_SIDE_STYLE('',(#15265));
#15265 = SURFACE_STYLE_FILL_AREA(#15266);
#15266 = FILL_AREA_STYLE('',(#15267));
#15267 = FILL_AREA_STYLE_COLOUR('',#12936);
#15268 = CURVE_STYLE('',#15269,POSITIVE_LENGTH_MEASURE(0.1),#12939);
#15269 = DRAUGHTING_PRE_DEFINED_CURVE_FONT('continuous');
#15270 = MECHANICAL_DESIGN_GEOMETRIC_PRESENTATION_REPRESENTATION('',(
    #15271),#3634);
#15271 = STYLED_ITEM('color',(#15272),#3622);
#15272 = PRESENTATION_STYLE_ASSIGNMENT((#15273,#15278));
#15273 = SURFACE_STYLE_USAGE(.BOTH.,#15274);
#15274 = SURFACE_SIDE_STYLE('',(#15275));
#15275 = SURFACE_STYLE_FILL_AREA(#15276);
#15276 = FILL_AREA_STYLE('',(#15277));
#15277 = FILL_AREA_STYLE_COLOUR('',#12936);
#15278 = CURVE_STYLE('',#15279,POSITIVE_LENGTH_MEASURE(0.1),#12939);
#15279 = DRAUGHTING_PRE_DEFINED_CURVE_FONT('continuous');
#15280 = MECHANICAL_DESIGN_GEOMETRIC_PRESENTATION_REPRESENTATION('',(
    #15281),#9369);
#15281 = STYLED_ITEM('color',(#15282),#9357);
#15282 = PRESENTATION_STYLE_ASSIGNMENT((#15283,#15288));
#15283 = SURFACE_STYLE_USAGE(.BOTH.,#15284);
#15284 = SURFACE_SIDE_STYLE('',(#15285));
#15285 = SURFACE_STYLE_FILL_AREA(#15286);
#15286 = FILL_AREA_STYLE('',(#15287));
#15287 = FILL_AREA_STYLE_COLOUR('',#12936);
#15288 = CURVE_STYLE('',#15289,POSITIVE_LENGTH_MEASURE(0.1),#12939);
#15289 = DRAUGHTING_PRE_DEFINED_CURVE_FONT('continuous');
#15290 = MECHANICAL_DESIGN_GEOMETRIC_PRESENTATION_REPRESENTATION('',(
    #15291),#11322);
#15291 = STYLED_ITEM('color',(#15292),#11310);
#15292 = PRESENTATION_STYLE_ASSIGNMENT((#15293,#15298));
#15293 = SURFACE_STYLE_USAGE(.BOTH.,#15294);
#15294 = SURFACE_SIDE_STYLE('',(#15295));
#15295 = SURFACE_STYLE_FILL_AREA(#15296);
#15296 = FILL_AREA_STYLE('',(#15297));
#15297 = FILL_AREA_STYLE_COLOUR('',#12936);
#15298 = CURVE_STYLE('',#15299,POSITIVE_LENGTH_MEASURE(0.1),#12939);
#15299 = DRAUGHTING_PRE_DEFINED_CURVE_FONT('continuous');
#15300 = MECHANICAL_DESIGN_GEOMETRIC_PRESENTATION_REPRESENTATION('',(
    #15301),#12159);
#15301 = STYLED_ITEM('color',(#15302),#12147);
#15302 = PRESENTATION_STYLE_ASSIGNMENT((#15303,#15308));
#15303 = SURFACE_STYLE_USAGE(.BOTH.,#15304);
#15304 = SURFACE_SIDE_STYLE('',(#15305));
#15305 = SURFACE_STYLE_FILL_AREA(#15306);
#15306 = FILL_AREA_STYLE('',(#15307));
#15307 = FILL_AREA_STYLE_COLOUR('',#12936);
#15308 = CURVE_STYLE('',#15309,POSITIVE_LENGTH_MEASURE(0.1),#12939);
#15309 = DRAUGHTING_PRE_DEFINED_CURVE_FONT('continuous');
#15310 = MECHANICAL_DESIGN_GEOMETRIC_PRESENTATION_REPRESENTATION('',(
    #15311),#11012);
#15311 = STYLED_ITEM('color',(#15312),#11000);
#15312 = PRESENTATION_STYLE_ASSIGNMENT((#15313,#15318));
#15313 = SURFACE_STYLE_USAGE(.BOTH.,#15314);
#15314 = SURFACE_SIDE_STYLE('',(#15315));
#15315 = SURFACE_STYLE_FILL_AREA(#15316);
#15316 = FILL_AREA_STYLE('',(#15317));
#15317 = FILL_AREA_STYLE_COLOUR('',#12936);
#15318 = CURVE_STYLE('',#15319,POSITIVE_LENGTH_MEASURE(0.1),#12939);
#15319 = DRAUGHTING_PRE_DEFINED_CURVE_FONT('continuous');
#15320 = MECHANICAL_DESIGN_GEOMETRIC_PRESENTATION_REPRESENTATION('',(
    #15321),#6734);
#15321 = STYLED_ITEM('color',(#15322),#6722);
#15322 = PRESENTATION_STYLE_ASSIGNMENT((#15323,#15328));
#15323 = SURFACE_STYLE_USAGE(.BOTH.,#15324);
#15324 = SURFACE_SIDE_STYLE('',(#15325));
#15325 = SURFACE_STYLE_FILL_AREA(#15326);
#15326 = FILL_AREA_STYLE('',(#15327));
#15327 = FILL_AREA_STYLE_COLOUR('',#12936);
#15328 = CURVE_STYLE('',#15329,POSITIVE_LENGTH_MEASURE(0.1),#12939);
#15329 = DRAUGHTING_PRE_DEFINED_CURVE_FONT('continuous');
#15330 = MECHANICAL_DESIGN_GEOMETRIC_PRESENTATION_REPRESENTATION('',(
    #15331),#2735);
#15331 = STYLED_ITEM('color',(#15332),#2723);
#15332 = PRESENTATION_STYLE_ASSIGNMENT((#15333,#15338));
#15333 = SURFACE_STYLE_USAGE(.BOTH.,#15334);
#15334 = SURFACE_SIDE_STYLE('',(#15335));
#15335 = SURFACE_STYLE_FILL_AREA(#15336);
#15336 = FILL_AREA_STYLE('',(#15337));
#15337 = FILL_AREA_STYLE_COLOUR('',#12936);
#15338 = CURVE_STYLE('',#15339,POSITIVE_LENGTH_MEASURE(0.1),#12939);
#15339 = DRAUGHTING_PRE_DEFINED_CURVE_FONT('continuous');
#15340 = MECHANICAL_DESIGN_GEOMETRIC_PRESENTATION_REPRESENTATION('',(
    #15341),#11849);
#15341 = STYLED_ITEM('color',(#15342),#11837);
#15342 = PRESENTATION_STYLE_ASSIGNMENT((#15343,#15348));
#15343 = SURFACE_STYLE_USAGE(.BOTH.,#15344);
#15344 = SURFACE_SIDE_STYLE('',(#15345));
#15345 = SURFACE_STYLE_FILL_AREA(#15346);
#15346 = FILL_AREA_STYLE('',(#15347));
#15347 = FILL_AREA_STYLE_COLOUR('',#12936);
#15348 = CURVE_STYLE('',#15349,POSITIVE_LENGTH_MEASURE(0.1),#12939);
#15349 = DRAUGHTING_PRE_DEFINED_CURVE_FONT('continuous');
#15350 = MECHANICAL_DESIGN_GEOMETRIC_PRESENTATION_REPRESENTATION('',(
    #15351),#12407);
#15351 = STYLED_ITEM('color',(#15352),#12395);
#15352 = PRESENTATION_STYLE_ASSIGNMENT((#15353,#15358));
#15353 = SURFACE_STYLE_USAGE(.BOTH.,#15354);
#15354 = SURFACE_SIDE_STYLE('',(#15355));
#15355 = SURFACE_STYLE_FILL_AREA(#15356);
#15356 = FILL_AREA_STYLE('',(#15357));
#15357 = FILL_AREA_STYLE_COLOUR('',#12936);
#15358 = CURVE_STYLE('',#15359,POSITIVE_LENGTH_MEASURE(0.1),#12939);
#15359 = DRAUGHTING_PRE_DEFINED_CURVE_FONT('continuous');
#15360 = MECHANICAL_DESIGN_GEOMETRIC_PRESENTATION_REPRESENTATION('',(
    #15361),#1929);
#15361 = STYLED_ITEM('color',(#15362),#1917);
#15362 = PRESENTATION_STYLE_ASSIGNMENT((#15363,#15368));
#15363 = SURFACE_STYLE_USAGE(.BOTH.,#15364);
#15364 = SURFACE_SIDE_STYLE('',(#15365));
#15365 = SURFACE_STYLE_FILL_AREA(#15366);
#15366 = FILL_AREA_STYLE('',(#15367));
#15367 = FILL_AREA_STYLE_COLOUR('',#12936);
#15368 = CURVE_STYLE('',#15369,POSITIVE_LENGTH_MEASURE(0.1),#12939);
#15369 = DRAUGHTING_PRE_DEFINED_CURVE_FONT('continuous');
#15370 = MECHANICAL_DESIGN_GEOMETRIC_PRESENTATION_REPRESENTATION('',(
    #15371),#3262);
#15371 = STYLED_ITEM('color',(#15372),#3250);
#15372 = PRESENTATION_STYLE_ASSIGNMENT((#15373,#15378));
#15373 = SURFACE_STYLE_USAGE(.BOTH.,#15374);
#15374 = SURFACE_SIDE_STYLE('',(#15375));
#15375 = SURFACE_STYLE_FILL_AREA(#15376);
#15376 = FILL_AREA_STYLE('',(#15377));
#15377 = FILL_AREA_STYLE_COLOUR('',#12936);
#15378 = CURVE_STYLE('',#15379,POSITIVE_LENGTH_MEASURE(0.1),#12939);
#15379 = DRAUGHTING_PRE_DEFINED_CURVE_FONT('continuous');
#15380 = MECHANICAL_DESIGN_GEOMETRIC_PRESENTATION_REPRESENTATION('',(
    #15381),#3355);
#15381 = STYLED_ITEM('color',(#15382),#3343);
#15382 = PRESENTATION_STYLE_ASSIGNMENT((#15383,#15388));
#15383 = SURFACE_STYLE_USAGE(.BOTH.,#15384);
#15384 = SURFACE_SIDE_STYLE('',(#15385));
#15385 = SURFACE_STYLE_FILL_AREA(#15386);
#15386 = FILL_AREA_STYLE('',(#15387));
#15387 = FILL_AREA_STYLE_COLOUR('',#12936);
#15388 = CURVE_STYLE('',#15389,POSITIVE_LENGTH_MEASURE(0.1),#12939);
#15389 = DRAUGHTING_PRE_DEFINED_CURVE_FONT('continuous');
#15390 = MECHANICAL_DESIGN_GEOMETRIC_PRESENTATION_REPRESENTATION('',(
    #15391),#7075);
#15391 = STYLED_ITEM('color',(#15392),#7063);
#15392 = PRESENTATION_STYLE_ASSIGNMENT((#15393,#15398));
#15393 = SURFACE_STYLE_USAGE(.BOTH.,#15394);
#15394 = SURFACE_SIDE_STYLE('',(#15395));
#15395 = SURFACE_STYLE_FILL_AREA(#15396);
#15396 = FILL_AREA_STYLE('',(#15397));
#15397 = FILL_AREA_STYLE_COLOUR('',#12936);
#15398 = CURVE_STYLE('',#15399,POSITIVE_LENGTH_MEASURE(0.1),#12939);
#15399 = DRAUGHTING_PRE_DEFINED_CURVE_FONT('continuous');
#15400 = MECHANICAL_DESIGN_GEOMETRIC_PRESENTATION_REPRESENTATION('',(
    #15401),#2673);
#15401 = STYLED_ITEM('color',(#15402),#2661);
#15402 = PRESENTATION_STYLE_ASSIGNMENT((#15403,#15408));
#15403 = SURFACE_STYLE_USAGE(.BOTH.,#15404);
#15404 = SURFACE_SIDE_STYLE('',(#15405));
#15405 = SURFACE_STYLE_FILL_AREA(#15406);
#15406 = FILL_AREA_STYLE('',(#15407));
#15407 = FILL_AREA_STYLE_COLOUR('',#12936);
#15408 = CURVE_STYLE('',#15409,POSITIVE_LENGTH_MEASURE(0.1),#12939);
#15409 = DRAUGHTING_PRE_DEFINED_CURVE_FONT('continuous');
#15410 = MECHANICAL_DESIGN_GEOMETRIC_PRESENTATION_REPRESENTATION('',(
    #15411),#9245);
#15411 = STYLED_ITEM('color',(#15412),#9233);
#15412 = PRESENTATION_STYLE_ASSIGNMENT((#15413,#15418));
#15413 = SURFACE_STYLE_USAGE(.BOTH.,#15414);
#15414 = SURFACE_SIDE_STYLE('',(#15415));
#15415 = SURFACE_STYLE_FILL_AREA(#15416);
#15416 = FILL_AREA_STYLE('',(#15417));
#15417 = FILL_AREA_STYLE_COLOUR('',#12936);
#15418 = CURVE_STYLE('',#15419,POSITIVE_LENGTH_MEASURE(0.1),#12939);
#15419 = DRAUGHTING_PRE_DEFINED_CURVE_FONT('continuous');
#15420 = MECHANICAL_DESIGN_GEOMETRIC_PRESENTATION_REPRESENTATION('',(
    #15421),#4285);
#15421 = STYLED_ITEM('color',(#15422),#4273);
#15422 = PRESENTATION_STYLE_ASSIGNMENT((#15423,#15428));
#15423 = SURFACE_STYLE_USAGE(.BOTH.,#15424);
#15424 = SURFACE_SIDE_STYLE('',(#15425));
#15425 = SURFACE_STYLE_FILL_AREA(#15426);
#15426 = FILL_AREA_STYLE('',(#15427));
#15427 = FILL_AREA_STYLE_COLOUR('',#12936);
#15428 = CURVE_STYLE('',#15429,POSITIVE_LENGTH_MEASURE(0.1),#12939);
#15429 = DRAUGHTING_PRE_DEFINED_CURVE_FONT('continuous');
#15430 = MECHANICAL_DESIGN_GEOMETRIC_PRESENTATION_REPRESENTATION('',(
    #15431),#11818);
#15431 = STYLED_ITEM('color',(#15432),#11806);
#15432 = PRESENTATION_STYLE_ASSIGNMENT((#15433,#15438));
#15433 = SURFACE_STYLE_USAGE(.BOTH.,#15434);
#15434 = SURFACE_SIDE_STYLE('',(#15435));
#15435 = SURFACE_STYLE_FILL_AREA(#15436);
#15436 = FILL_AREA_STYLE('',(#15437));
#15437 = FILL_AREA_STYLE_COLOUR('',#12936);
#15438 = CURVE_STYLE('',#15439,POSITIVE_LENGTH_MEASURE(0.1),#12939);
#15439 = DRAUGHTING_PRE_DEFINED_CURVE_FONT('continuous');
#15440 = MECHANICAL_DESIGN_GEOMETRIC_PRESENTATION_REPRESENTATION('',(
    #15441),#10857);
#15441 = STYLED_ITEM('color',(#15442),#10845);
#15442 = PRESENTATION_STYLE_ASSIGNMENT((#15443,#15448));
#15443 = SURFACE_STYLE_USAGE(.BOTH.,#15444);
#15444 = SURFACE_SIDE_STYLE('',(#15445));
#15445 = SURFACE_STYLE_FILL_AREA(#15446);
#15446 = FILL_AREA_STYLE('',(#15447));
#15447 = FILL_AREA_STYLE_COLOUR('',#12936);
#15448 = CURVE_STYLE('',#15449,POSITIVE_LENGTH_MEASURE(0.1),#12939);
#15449 = DRAUGHTING_PRE_DEFINED_CURVE_FONT('continuous');
#15450 = MECHANICAL_DESIGN_GEOMETRIC_PRESENTATION_REPRESENTATION('',(
    #15451),#3758);
#15451 = STYLED_ITEM('color',(#15452),#3746);
#15452 = PRESENTATION_STYLE_ASSIGNMENT((#15453,#15458));
#15453 = SURFACE_STYLE_USAGE(.BOTH.,#15454);
#15454 = SURFACE_SIDE_STYLE('',(#15455));
#15455 = SURFACE_STYLE_FILL_AREA(#15456);
#15456 = FILL_AREA_STYLE('',(#15457));
#15457 = FILL_AREA_STYLE_COLOUR('',#12936);
#15458 = CURVE_STYLE('',#15459,POSITIVE_LENGTH_MEASURE(0.1),#12939);
#15459 = DRAUGHTING_PRE_DEFINED_CURVE_FONT('continuous');
#15460 = MECHANICAL_DESIGN_GEOMETRIC_PRESENTATION_REPRESENTATION('',(
    #15461),#11880);
#15461 = STYLED_ITEM('color',(#15462),#11868);
#15462 = PRESENTATION_STYLE_ASSIGNMENT((#15463,#15468));
#15463 = SURFACE_STYLE_USAGE(.BOTH.,#15464);
#15464 = SURFACE_SIDE_STYLE('',(#15465));
#15465 = SURFACE_STYLE_FILL_AREA(#15466);
#15466 = FILL_AREA_STYLE('',(#15467));
#15467 = FILL_AREA_STYLE_COLOUR('',#12936);
#15468 = CURVE_STYLE('',#15469,POSITIVE_LENGTH_MEASURE(0.1),#12939);
#15469 = DRAUGHTING_PRE_DEFINED_CURVE_FONT('continuous');
#15470 = MECHANICAL_DESIGN_GEOMETRIC_PRESENTATION_REPRESENTATION('',(
    #15471),#9834);
#15471 = STYLED_ITEM('color',(#15472),#9822);
#15472 = PRESENTATION_STYLE_ASSIGNMENT((#15473,#15478));
#15473 = SURFACE_STYLE_USAGE(.BOTH.,#15474);
#15474 = SURFACE_SIDE_STYLE('',(#15475));
#15475 = SURFACE_STYLE_FILL_AREA(#15476);
#15476 = FILL_AREA_STYLE('',(#15477));
#15477 = FILL_AREA_STYLE_COLOUR('',#12936);
#15478 = CURVE_STYLE('',#15479,POSITIVE_LENGTH_MEASURE(0.1),#12939);
#15479 = DRAUGHTING_PRE_DEFINED_CURVE_FONT('continuous');
#15480 = MECHANICAL_DESIGN_GEOMETRIC_PRESENTATION_REPRESENTATION('',(
    #15481),#1898);
#15481 = STYLED_ITEM('color',(#15482),#1886);
#15482 = PRESENTATION_STYLE_ASSIGNMENT((#15483,#15488));
#15483 = SURFACE_STYLE_USAGE(.BOTH.,#15484);
#15484 = SURFACE_SIDE_STYLE('',(#15485));
#15485 = SURFACE_STYLE_FILL_AREA(#15486);
#15486 = FILL_AREA_STYLE('',(#15487));
#15487 = FILL_AREA_STYLE_COLOUR('',#12936);
#15488 = CURVE_STYLE('',#15489,POSITIVE_LENGTH_MEASURE(0.1),#12939);
#15489 = DRAUGHTING_PRE_DEFINED_CURVE_FONT('continuous');
#15490 = MECHANICAL_DESIGN_GEOMETRIC_PRESENTATION_REPRESENTATION('',(
    #15491),#9958);
#15491 = STYLED_ITEM('color',(#15492),#9946);
#15492 = PRESENTATION_STYLE_ASSIGNMENT((#15493,#15498));
#15493 = SURFACE_STYLE_USAGE(.BOTH.,#15494);
#15494 = SURFACE_SIDE_STYLE('',(#15495));
#15495 = SURFACE_STYLE_FILL_AREA(#15496);
#15496 = FILL_AREA_STYLE('',(#15497));
#15497 = FILL_AREA_STYLE_COLOUR('',#12936);
#15498 = CURVE_STYLE('',#15499,POSITIVE_LENGTH_MEASURE(0.1),#12939);
#15499 = DRAUGHTING_PRE_DEFINED_CURVE_FONT('continuous');
#15500 = MECHANICAL_DESIGN_GEOMETRIC_PRESENTATION_REPRESENTATION('',(
    #15501),#11384);
#15501 = STYLED_ITEM('color',(#15502),#11372);
#15502 = PRESENTATION_STYLE_ASSIGNMENT((#15503,#15508));
#15503 = SURFACE_STYLE_USAGE(.BOTH.,#15504);
#15504 = SURFACE_SIDE_STYLE('',(#15505));
#15505 = SURFACE_STYLE_FILL_AREA(#15506);
#15506 = FILL_AREA_STYLE('',(#15507));
#15507 = FILL_AREA_STYLE_COLOUR('',#12936);
#15508 = CURVE_STYLE('',#15509,POSITIVE_LENGTH_MEASURE(0.1),#12939);
#15509 = DRAUGHTING_PRE_DEFINED_CURVE_FONT('continuous');
#15510 = MECHANICAL_DESIGN_GEOMETRIC_PRESENTATION_REPRESENTATION('',(
    #15511),#11725);
#15511 = STYLED_ITEM('color',(#15512),#11713);
#15512 = PRESENTATION_STYLE_ASSIGNMENT((#15513,#15518));
#15513 = SURFACE_STYLE_USAGE(.BOTH.,#15514);
#15514 = SURFACE_SIDE_STYLE('',(#15515));
#15515 = SURFACE_STYLE_FILL_AREA(#15516);
#15516 = FILL_AREA_STYLE('',(#15517));
#15517 = FILL_AREA_STYLE_COLOUR('',#12936);
#15518 = CURVE_STYLE('',#15519,POSITIVE_LENGTH_MEASURE(0.1),#12939);
#15519 = DRAUGHTING_PRE_DEFINED_CURVE_FONT('continuous');
#15520 = MECHANICAL_DESIGN_GEOMETRIC_PRESENTATION_REPRESENTATION('',(
    #15521),#12531);
#15521 = STYLED_ITEM('color',(#15522),#12519);
#15522 = PRESENTATION_STYLE_ASSIGNMENT((#15523,#15528));
#15523 = SURFACE_STYLE_USAGE(.BOTH.,#15524);
#15524 = SURFACE_SIDE_STYLE('',(#15525));
#15525 = SURFACE_STYLE_FILL_AREA(#15526);
#15526 = FILL_AREA_STYLE('',(#15527));
#15527 = FILL_AREA_STYLE_COLOUR('',#12936);
#15528 = CURVE_STYLE('',#15529,POSITIVE_LENGTH_MEASURE(0.1),#12939);
#15529 = DRAUGHTING_PRE_DEFINED_CURVE_FONT('continuous');
#15530 = MECHANICAL_DESIGN_GEOMETRIC_PRESENTATION_REPRESENTATION('',(
    #15531),#4564);
#15531 = STYLED_ITEM('color',(#15532),#4552);
#15532 = PRESENTATION_STYLE_ASSIGNMENT((#15533,#15538));
#15533 = SURFACE_STYLE_USAGE(.BOTH.,#15534);
#15534 = SURFACE_SIDE_STYLE('',(#15535));
#15535 = SURFACE_STYLE_FILL_AREA(#15536);
#15536 = FILL_AREA_STYLE('',(#15537));
#15537 = FILL_AREA_STYLE_COLOUR('',#12936);
#15538 = CURVE_STYLE('',#15539,POSITIVE_LENGTH_MEASURE(0.1),#12939);
#15539 = DRAUGHTING_PRE_DEFINED_CURVE_FONT('continuous');
#15540 = MECHANICAL_DESIGN_GEOMETRIC_PRESENTATION_REPRESENTATION('',(
    #15541),#10485);
#15541 = STYLED_ITEM('color',(#15542),#10473);
#15542 = PRESENTATION_STYLE_ASSIGNMENT((#15543,#15548));
#15543 = SURFACE_STYLE_USAGE(.BOTH.,#15544);
#15544 = SURFACE_SIDE_STYLE('',(#15545));
#15545 = SURFACE_STYLE_FILL_AREA(#15546);
#15546 = FILL_AREA_STYLE('',(#15547));
#15547 = FILL_AREA_STYLE_COLOUR('',#12936);
#15548 = CURVE_STYLE('',#15549,POSITIVE_LENGTH_MEASURE(0.1),#12939);
#15549 = DRAUGHTING_PRE_DEFINED_CURVE_FONT('continuous');
#15550 = MECHANICAL_DESIGN_GEOMETRIC_PRESENTATION_REPRESENTATION('',(
    #15551),#12748);
#15551 = STYLED_ITEM('color',(#15552),#12736);
#15552 = PRESENTATION_STYLE_ASSIGNMENT((#15553,#15558));
#15553 = SURFACE_STYLE_USAGE(.BOTH.,#15554);
#15554 = SURFACE_SIDE_STYLE('',(#15555));
#15555 = SURFACE_STYLE_FILL_AREA(#15556);
#15556 = FILL_AREA_STYLE('',(#15557));
#15557 = FILL_AREA_STYLE_COLOUR('',#12936);
#15558 = CURVE_STYLE('',#15559,POSITIVE_LENGTH_MEASURE(0.1),#12939);
#15559 = DRAUGHTING_PRE_DEFINED_CURVE_FONT('continuous');
#15560 = MECHANICAL_DESIGN_GEOMETRIC_PRESENTATION_REPRESENTATION('',(
    #15561),#5928);
#15561 = STYLED_ITEM('color',(#15562),#5916);
#15562 = PRESENTATION_STYLE_ASSIGNMENT((#15563,#15568));
#15563 = SURFACE_STYLE_USAGE(.BOTH.,#15564);
#15564 = SURFACE_SIDE_STYLE('',(#15565));
#15565 = SURFACE_STYLE_FILL_AREA(#15566);
#15566 = FILL_AREA_STYLE('',(#15567));
#15567 = FILL_AREA_STYLE_COLOUR('',#12936);
#15568 = CURVE_STYLE('',#15569,POSITIVE_LENGTH_MEASURE(0.1),#12939);
#15569 = DRAUGHTING_PRE_DEFINED_CURVE_FONT('continuous');
#15570 = MECHANICAL_DESIGN_GEOMETRIC_PRESENTATION_REPRESENTATION('',(
    #15571),#8222);
#15571 = STYLED_ITEM('color',(#15572),#8210);
#15572 = PRESENTATION_STYLE_ASSIGNMENT((#15573,#15578));
#15573 = SURFACE_STYLE_USAGE(.BOTH.,#15574);
#15574 = SURFACE_SIDE_STYLE('',(#15575));
#15575 = SURFACE_STYLE_FILL_AREA(#15576);
#15576 = FILL_AREA_STYLE('',(#15577));
#15577 = FILL_AREA_STYLE_COLOUR('',#12936);
#15578 = CURVE_STYLE('',#15579,POSITIVE_LENGTH_MEASURE(0.1),#12939);
#15579 = DRAUGHTING_PRE_DEFINED_CURVE_FONT('continuous');
#15580 = MECHANICAL_DESIGN_GEOMETRIC_PRESENTATION_REPRESENTATION('',(
    #15581),#2022);
#15581 = STYLED_ITEM('color',(#15582),#2010);
#15582 = PRESENTATION_STYLE_ASSIGNMENT((#15583,#15588));
#15583 = SURFACE_STYLE_USAGE(.BOTH.,#15584);
#15584 = SURFACE_SIDE_STYLE('',(#15585));
#15585 = SURFACE_STYLE_FILL_AREA(#15586);
#15586 = FILL_AREA_STYLE('',(#15587));
#15587 = FILL_AREA_STYLE_COLOUR('',#12936);
#15588 = CURVE_STYLE('',#15589,POSITIVE_LENGTH_MEASURE(0.1),#12939);
#15589 = DRAUGHTING_PRE_DEFINED_CURVE_FONT('continuous');
#15590 = MECHANICAL_DESIGN_GEOMETRIC_PRESENTATION_REPRESENTATION('',(
    #15591),#9741);
#15591 = STYLED_ITEM('color',(#15592),#9729);
#15592 = PRESENTATION_STYLE_ASSIGNMENT((#15593,#15598));
#15593 = SURFACE_STYLE_USAGE(.BOTH.,#15594);
#15594 = SURFACE_SIDE_STYLE('',(#15595));
#15595 = SURFACE_STYLE_FILL_AREA(#15596);
#15596 = FILL_AREA_STYLE('',(#15597));
#15597 = FILL_AREA_STYLE_COLOUR('',#12936);
#15598 = CURVE_STYLE('',#15599,POSITIVE_LENGTH_MEASURE(0.1),#12939);
#15599 = DRAUGHTING_PRE_DEFINED_CURVE_FONT('continuous');
#15600 = MECHANICAL_DESIGN_GEOMETRIC_PRESENTATION_REPRESENTATION('',(
    #15601),#8160);
#15601 = STYLED_ITEM('color',(#15602),#8148);
#15602 = PRESENTATION_STYLE_ASSIGNMENT((#15603,#15608));
#15603 = SURFACE_STYLE_USAGE(.BOTH.,#15604);
#15604 = SURFACE_SIDE_STYLE('',(#15605));
#15605 = SURFACE_STYLE_FILL_AREA(#15606);
#15606 = FILL_AREA_STYLE('',(#15607));
#15607 = FILL_AREA_STYLE_COLOUR('',#12936);
#15608 = CURVE_STYLE('',#15609,POSITIVE_LENGTH_MEASURE(0.1),#12939);
#15609 = DRAUGHTING_PRE_DEFINED_CURVE_FONT('continuous');
#15610 = MECHANICAL_DESIGN_GEOMETRIC_PRESENTATION_REPRESENTATION('',(
    #15611),#2890);
#15611 = STYLED_ITEM('color',(#15612),#2878);
#15612 = PRESENTATION_STYLE_ASSIGNMENT((#15613,#15618));
#15613 = SURFACE_STYLE_USAGE(.BOTH.,#15614);
#15614 = SURFACE_SIDE_STYLE('',(#15615));
#15615 = SURFACE_STYLE_FILL_AREA(#15616);
#15616 = FILL_AREA_STYLE('',(#15617));
#15617 = FILL_AREA_STYLE_COLOUR('',#12936);
#15618 = CURVE_STYLE('',#15619,POSITIVE_LENGTH_MEASURE(0.1),#12939);
#15619 = DRAUGHTING_PRE_DEFINED_CURVE_FONT('continuous');
#15620 = MECHANICAL_DESIGN_GEOMETRIC_PRESENTATION_REPRESENTATION('',(
    #15621),#9338);
#15621 = STYLED_ITEM('color',(#15622),#9326);
#15622 = PRESENTATION_STYLE_ASSIGNMENT((#15623,#15628));
#15623 = SURFACE_STYLE_USAGE(.BOTH.,#15624);
#15624 = SURFACE_SIDE_STYLE('',(#15625));
#15625 = SURFACE_STYLE_FILL_AREA(#15626);
#15626 = FILL_AREA_STYLE('',(#15627));
#15627 = FILL_AREA_STYLE_COLOUR('',#12936);
#15628 = CURVE_STYLE('',#15629,POSITIVE_LENGTH_MEASURE(0.1),#12939);
#15629 = DRAUGHTING_PRE_DEFINED_CURVE_FONT('continuous');
#15630 = MECHANICAL_DESIGN_GEOMETRIC_PRESENTATION_REPRESENTATION('',(
    #15631),#11973);
#15631 = STYLED_ITEM('color',(#15632),#11961);
#15632 = PRESENTATION_STYLE_ASSIGNMENT((#15633,#15638));
#15633 = SURFACE_STYLE_USAGE(.BOTH.,#15634);
#15634 = SURFACE_SIDE_STYLE('',(#15635));
#15635 = SURFACE_STYLE_FILL_AREA(#15636);
#15636 = FILL_AREA_STYLE('',(#15637));
#15637 = FILL_AREA_STYLE_COLOUR('',#12936);
#15638 = CURVE_STYLE('',#15639,POSITIVE_LENGTH_MEASURE(0.1),#12939);
#15639 = DRAUGHTING_PRE_DEFINED_CURVE_FONT('continuous');
#15640 = MECHANICAL_DESIGN_GEOMETRIC_PRESENTATION_REPRESENTATION('',(
    #15641),#2518);
#15641 = STYLED_ITEM('color',(#15642),#2506);
#15642 = PRESENTATION_STYLE_ASSIGNMENT((#15643,#15648));
#15643 = SURFACE_STYLE_USAGE(.BOTH.,#15644);
#15644 = SURFACE_SIDE_STYLE('',(#15645));
#15645 = SURFACE_STYLE_FILL_AREA(#15646);
#15646 = FILL_AREA_STYLE('',(#15647));
#15647 = FILL_AREA_STYLE_COLOUR('',#12936);
#15648 = CURVE_STYLE('',#15649,POSITIVE_LENGTH_MEASURE(0.1),#12939);
#15649 = DRAUGHTING_PRE_DEFINED_CURVE_FONT('continuous');
#15650 = MECHANICAL_DESIGN_GEOMETRIC_PRESENTATION_REPRESENTATION('',(
    #15651),#12283);
#15651 = STYLED_ITEM('color',(#15652),#12271);
#15652 = PRESENTATION_STYLE_ASSIGNMENT((#15653,#15658));
#15653 = SURFACE_STYLE_USAGE(.BOTH.,#15654);
#15654 = SURFACE_SIDE_STYLE('',(#15655));
#15655 = SURFACE_STYLE_FILL_AREA(#15656);
#15656 = FILL_AREA_STYLE('',(#15657));
#15657 = FILL_AREA_STYLE_COLOUR('',#12936);
#15658 = CURVE_STYLE('',#15659,POSITIVE_LENGTH_MEASURE(0.1),#12939);
#15659 = DRAUGHTING_PRE_DEFINED_CURVE_FONT('continuous');
#15660 = MECHANICAL_DESIGN_GEOMETRIC_PRESENTATION_REPRESENTATION('',(
    #15661),#4316);
#15661 = STYLED_ITEM('color',(#15662),#4304);
#15662 = PRESENTATION_STYLE_ASSIGNMENT((#15663,#15668));
#15663 = SURFACE_STYLE_USAGE(.BOTH.,#15664);
#15664 = SURFACE_SIDE_STYLE('',(#15665));
#15665 = SURFACE_STYLE_FILL_AREA(#15666);
#15666 = FILL_AREA_STYLE('',(#15667));
#15667 = FILL_AREA_STYLE_COLOUR('',#12936);
#15668 = CURVE_STYLE('',#15669,POSITIVE_LENGTH_MEASURE(0.1),#12939);
#15669 = DRAUGHTING_PRE_DEFINED_CURVE_FONT('continuous');
#15670 = MECHANICAL_DESIGN_GEOMETRIC_PRESENTATION_REPRESENTATION('',(
    #15671),#2270);
#15671 = STYLED_ITEM('color',(#15672),#2258);
#15672 = PRESENTATION_STYLE_ASSIGNMENT((#15673,#15678));
#15673 = SURFACE_STYLE_USAGE(.BOTH.,#15674);
#15674 = SURFACE_SIDE_STYLE('',(#15675));
#15675 = SURFACE_STYLE_FILL_AREA(#15676);
#15676 = FILL_AREA_STYLE('',(#15677));
#15677 = FILL_AREA_STYLE_COLOUR('',#12936);
#15678 = CURVE_STYLE('',#15679,POSITIVE_LENGTH_MEASURE(0.1),#12939);
#15679 = DRAUGHTING_PRE_DEFINED_CURVE_FONT('continuous');
#15680 = MECHANICAL_DESIGN_GEOMETRIC_PRESENTATION_REPRESENTATION('',(
    #15681),#11694);
#15681 = STYLED_ITEM('color',(#15682),#11682);
#15682 = PRESENTATION_STYLE_ASSIGNMENT((#15683,#15688));
#15683 = SURFACE_STYLE_USAGE(.BOTH.,#15684);
#15684 = SURFACE_SIDE_STYLE('',(#15685));
#15685 = SURFACE_STYLE_FILL_AREA(#15686);
#15686 = FILL_AREA_STYLE('',(#15687));
#15687 = FILL_AREA_STYLE_COLOUR('',#12936);
#15688 = CURVE_STYLE('',#15689,POSITIVE_LENGTH_MEASURE(0.1),#12939);
#15689 = DRAUGHTING_PRE_DEFINED_CURVE_FONT('continuous');
#15690 = MECHANICAL_DESIGN_GEOMETRIC_PRESENTATION_REPRESENTATION('',(
    #15691),#9989);
#15691 = STYLED_ITEM('color',(#15692),#9977);
#15692 = PRESENTATION_STYLE_ASSIGNMENT((#15693,#15698));
#15693 = SURFACE_STYLE_USAGE(.BOTH.,#15694);
#15694 = SURFACE_SIDE_STYLE('',(#15695));
#15695 = SURFACE_STYLE_FILL_AREA(#15696);
#15696 = FILL_AREA_STYLE('',(#15697));
#15697 = FILL_AREA_STYLE_COLOUR('',#12936);
#15698 = CURVE_STYLE('',#15699,POSITIVE_LENGTH_MEASURE(0.1),#12939);
#15699 = DRAUGHTING_PRE_DEFINED_CURVE_FONT('continuous');
#15700 = MECHANICAL_DESIGN_GEOMETRIC_PRESENTATION_REPRESENTATION('',(
    #15701),#2053);
#15701 = STYLED_ITEM('color',(#15702),#2041);
#15702 = PRESENTATION_STYLE_ASSIGNMENT((#15703,#15708));
#15703 = SURFACE_STYLE_USAGE(.BOTH.,#15704);
#15704 = SURFACE_SIDE_STYLE('',(#15705));
#15705 = SURFACE_STYLE_FILL_AREA(#15706);
#15706 = FILL_AREA_STYLE('',(#15707));
#15707 = FILL_AREA_STYLE_COLOUR('',#12936);
#15708 = CURVE_STYLE('',#15709,POSITIVE_LENGTH_MEASURE(0.1),#12939);
#15709 = DRAUGHTING_PRE_DEFINED_CURVE_FONT('continuous');
#15710 = MECHANICAL_DESIGN_GEOMETRIC_PRESENTATION_REPRESENTATION('',(
    #15711),#4998);
#15711 = STYLED_ITEM('color',(#15712),#4986);
#15712 = PRESENTATION_STYLE_ASSIGNMENT((#15713,#15718));
#15713 = SURFACE_STYLE_USAGE(.BOTH.,#15714);
#15714 = SURFACE_SIDE_STYLE('',(#15715));
#15715 = SURFACE_STYLE_FILL_AREA(#15716);
#15716 = FILL_AREA_STYLE('',(#15717));
#15717 = FILL_AREA_STYLE_COLOUR('',#12936);
#15718 = CURVE_STYLE('',#15719,POSITIVE_LENGTH_MEASURE(0.1),#12939);
#15719 = DRAUGHTING_PRE_DEFINED_CURVE_FONT('continuous');
#15720 = MECHANICAL_DESIGN_GEOMETRIC_PRESENTATION_REPRESENTATION('',(
    #15721),#2084);
#15721 = STYLED_ITEM('color',(#15722),#2072);
#15722 = PRESENTATION_STYLE_ASSIGNMENT((#15723,#15728));
#15723 = SURFACE_STYLE_USAGE(.BOTH.,#15724);
#15724 = SURFACE_SIDE_STYLE('',(#15725));
#15725 = SURFACE_STYLE_FILL_AREA(#15726);
#15726 = FILL_AREA_STYLE('',(#15727));
#15727 = FILL_AREA_STYLE_COLOUR('',#12936);
#15728 = CURVE_STYLE('',#15729,POSITIVE_LENGTH_MEASURE(0.1),#12939);
#15729 = DRAUGHTING_PRE_DEFINED_CURVE_FONT('continuous');
#15730 = MECHANICAL_DESIGN_GEOMETRIC_PRESENTATION_REPRESENTATION('',(
    #15731),#4192);
#15731 = STYLED_ITEM('color',(#15732),#4180);
#15732 = PRESENTATION_STYLE_ASSIGNMENT((#15733,#15738));
#15733 = SURFACE_STYLE_USAGE(.BOTH.,#15734);
#15734 = SURFACE_SIDE_STYLE('',(#15735));
#15735 = SURFACE_STYLE_FILL_AREA(#15736);
#15736 = FILL_AREA_STYLE('',(#15737));
#15737 = FILL_AREA_STYLE_COLOUR('',#12936);
#15738 = CURVE_STYLE('',#15739,POSITIVE_LENGTH_MEASURE(0.1),#12939);
#15739 = DRAUGHTING_PRE_DEFINED_CURVE_FONT('continuous');
#15740 = MECHANICAL_DESIGN_GEOMETRIC_PRESENTATION_REPRESENTATION('',(
    #15741),#7664);
#15741 = STYLED_ITEM('color',(#15742),#7652);
#15742 = PRESENTATION_STYLE_ASSIGNMENT((#15743,#15748));
#15743 = SURFACE_STYLE_USAGE(.BOTH.,#15744);
#15744 = SURFACE_SIDE_STYLE('',(#15745));
#15745 = SURFACE_STYLE_FILL_AREA(#15746);
#15746 = FILL_AREA_STYLE('',(#15747));
#15747 = FILL_AREA_STYLE_COLOUR('',#12936);
#15748 = CURVE_STYLE('',#15749,POSITIVE_LENGTH_MEASURE(0.1),#12939);
#15749 = DRAUGHTING_PRE_DEFINED_CURVE_FONT('continuous');
#15750 = MECHANICAL_DESIGN_GEOMETRIC_PRESENTATION_REPRESENTATION('',(
    #15751),#5463);
#15751 = STYLED_ITEM('color',(#15752),#5451);
#15752 = PRESENTATION_STYLE_ASSIGNMENT((#15753,#15758));
#15753 = SURFACE_STYLE_USAGE(.BOTH.,#15754);
#15754 = SURFACE_SIDE_STYLE('',(#15755));
#15755 = SURFACE_STYLE_FILL_AREA(#15756);
#15756 = FILL_AREA_STYLE('',(#15757));
#15757 = FILL_AREA_STYLE_COLOUR('',#12936);
#15758 = CURVE_STYLE('',#15759,POSITIVE_LENGTH_MEASURE(0.1),#12939);
#15759 = DRAUGHTING_PRE_DEFINED_CURVE_FONT('continuous');
#15760 = MECHANICAL_DESIGN_GEOMETRIC_PRESENTATION_REPRESENTATION('',(
    #15761),#5215);
#15761 = STYLED_ITEM('color',(#15762),#5203);
#15762 = PRESENTATION_STYLE_ASSIGNMENT((#15763,#15768));
#15763 = SURFACE_STYLE_USAGE(.BOTH.,#15764);
#15764 = SURFACE_SIDE_STYLE('',(#15765));
#15765 = SURFACE_STYLE_FILL_AREA(#15766);
#15766 = FILL_AREA_STYLE('',(#15767));
#15767 = FILL_AREA_STYLE_COLOUR('',#12936);
#15768 = CURVE_STYLE('',#15769,POSITIVE_LENGTH_MEASURE(0.1),#12939);
#15769 = DRAUGHTING_PRE_DEFINED_CURVE_FONT('continuous');
#15770 = MECHANICAL_DESIGN_GEOMETRIC_PRESENTATION_REPRESENTATION('',(
    #15771),#11353);
#15771 = STYLED_ITEM('color',(#15772),#11341);
#15772 = PRESENTATION_STYLE_ASSIGNMENT((#15773,#15778));
#15773 = SURFACE_STYLE_USAGE(.BOTH.,#15774);
#15774 = SURFACE_SIDE_STYLE('',(#15775));
#15775 = SURFACE_STYLE_FILL_AREA(#15776);
#15776 = FILL_AREA_STYLE('',(#15777));
#15777 = FILL_AREA_STYLE_COLOUR('',#12936);
#15778 = CURVE_STYLE('',#15779,POSITIVE_LENGTH_MEASURE(0.1),#12939);
#15779 = DRAUGHTING_PRE_DEFINED_CURVE_FONT('continuous');
#15780 = MECHANICAL_DESIGN_GEOMETRIC_PRESENTATION_REPRESENTATION('',(
    #15781),#11043);
#15781 = STYLED_ITEM('color',(#15782),#11031);
#15782 = PRESENTATION_STYLE_ASSIGNMENT((#15783,#15788));
#15783 = SURFACE_STYLE_USAGE(.BOTH.,#15784);
#15784 = SURFACE_SIDE_STYLE('',(#15785));
#15785 = SURFACE_STYLE_FILL_AREA(#15786);
#15786 = FILL_AREA_STYLE('',(#15787));
#15787 = FILL_AREA_STYLE_COLOUR('',#12936);
#15788 = CURVE_STYLE('',#15789,POSITIVE_LENGTH_MEASURE(0.1),#12939);
#15789 = DRAUGHTING_PRE_DEFINED_CURVE_FONT('continuous');
#15790 = MECHANICAL_DESIGN_GEOMETRIC_PRESENTATION_REPRESENTATION('',(
    #15791),#3045);
#15791 = STYLED_ITEM('color',(#15792),#3033);
#15792 = PRESENTATION_STYLE_ASSIGNMENT((#15793,#15798));
#15793 = SURFACE_STYLE_USAGE(.BOTH.,#15794);
#15794 = SURFACE_SIDE_STYLE('',(#15795));
#15795 = SURFACE_STYLE_FILL_AREA(#15796);
#15796 = FILL_AREA_STYLE('',(#15797));
#15797 = FILL_AREA_STYLE_COLOUR('',#12936);
#15798 = CURVE_STYLE('',#15799,POSITIVE_LENGTH_MEASURE(0.1),#12939);
#15799 = DRAUGHTING_PRE_DEFINED_CURVE_FONT('continuous');
#15800 = MECHANICAL_DESIGN_GEOMETRIC_PRESENTATION_REPRESENTATION('',(
    #15801),#1774);
#15801 = STYLED_ITEM('color',(#15802),#1762);
#15802 = PRESENTATION_STYLE_ASSIGNMENT((#15803,#15808));
#15803 = SURFACE_STYLE_USAGE(.BOTH.,#15804);
#15804 = SURFACE_SIDE_STYLE('',(#15805));
#15805 = SURFACE_STYLE_FILL_AREA(#15806);
#15806 = FILL_AREA_STYLE('',(#15807));
#15807 = FILL_AREA_STYLE_COLOUR('',#12936);
#15808 = CURVE_STYLE('',#15809,POSITIVE_LENGTH_MEASURE(0.1),#12939);
#15809 = DRAUGHTING_PRE_DEFINED_CURVE_FONT('continuous');
#15810 = MECHANICAL_DESIGN_GEOMETRIC_PRESENTATION_REPRESENTATION('',(
    #15811),#4130);
#15811 = STYLED_ITEM('color',(#15812),#4118);
#15812 = PRESENTATION_STYLE_ASSIGNMENT((#15813,#15818));
#15813 = SURFACE_STYLE_USAGE(.BOTH.,#15814);
#15814 = SURFACE_SIDE_STYLE('',(#15815));
#15815 = SURFACE_STYLE_FILL_AREA(#15816);
#15816 = FILL_AREA_STYLE('',(#15817));
#15817 = FILL_AREA_STYLE_COLOUR('',#12936);
#15818 = CURVE_STYLE('',#15819,POSITIVE_LENGTH_MEASURE(0.1),#12939);
#15819 = DRAUGHTING_PRE_DEFINED_CURVE_FONT('continuous');
#15820 = MECHANICAL_DESIGN_GEOMETRIC_PRESENTATION_REPRESENTATION('',(
    #15821),#7695);
#15821 = STYLED_ITEM('color',(#15822),#7683);
#15822 = PRESENTATION_STYLE_ASSIGNMENT((#15823,#15828));
#15823 = SURFACE_STYLE_USAGE(.BOTH.,#15824);
#15824 = SURFACE_SIDE_STYLE('',(#15825));
#15825 = SURFACE_STYLE_FILL_AREA(#15826);
#15826 = FILL_AREA_STYLE('',(#15827));
#15827 = FILL_AREA_STYLE_COLOUR('',#12936);
#15828 = CURVE_STYLE('',#15829,POSITIVE_LENGTH_MEASURE(0.1),#12939);
#15829 = DRAUGHTING_PRE_DEFINED_CURVE_FONT('continuous');
#15830 = MECHANICAL_DESIGN_GEOMETRIC_PRESENTATION_REPRESENTATION('',(
    #15831),#10299);
#15831 = STYLED_ITEM('color',(#15832),#10287);
#15832 = PRESENTATION_STYLE_ASSIGNMENT((#15833,#15838));
#15833 = SURFACE_STYLE_USAGE(.BOTH.,#15834);
#15834 = SURFACE_SIDE_STYLE('',(#15835));
#15835 = SURFACE_STYLE_FILL_AREA(#15836);
#15836 = FILL_AREA_STYLE('',(#15837));
#15837 = FILL_AREA_STYLE_COLOUR('',#12936);
#15838 = CURVE_STYLE('',#15839,POSITIVE_LENGTH_MEASURE(0.1),#12939);
#15839 = DRAUGHTING_PRE_DEFINED_CURVE_FONT('continuous');
#15840 = MECHANICAL_DESIGN_GEOMETRIC_PRESENTATION_REPRESENTATION('',(
    #15841),#5060);
#15841 = STYLED_ITEM('color',(#15842),#5048);
#15842 = PRESENTATION_STYLE_ASSIGNMENT((#15843,#15848));
#15843 = SURFACE_STYLE_USAGE(.BOTH.,#15844);
#15844 = SURFACE_SIDE_STYLE('',(#15845));
#15845 = SURFACE_STYLE_FILL_AREA(#15846);
#15846 = FILL_AREA_STYLE('',(#15847));
#15847 = FILL_AREA_STYLE_COLOUR('',#12936);
#15848 = CURVE_STYLE('',#15849,POSITIVE_LENGTH_MEASURE(0.1),#12939);
#15849 = DRAUGHTING_PRE_DEFINED_CURVE_FONT('continuous');
#15850 = MECHANICAL_DESIGN_GEOMETRIC_PRESENTATION_REPRESENTATION('',(
    #15851),#3231);
#15851 = STYLED_ITEM('color',(#15852),#3219);
#15852 = PRESENTATION_STYLE_ASSIGNMENT((#15853,#15858));
#15853 = SURFACE_STYLE_USAGE(.BOTH.,#15854);
#15854 = SURFACE_SIDE_STYLE('',(#15855));
#15855 = SURFACE_STYLE_FILL_AREA(#15856);
#15856 = FILL_AREA_STYLE('',(#15857));
#15857 = FILL_AREA_STYLE_COLOUR('',#12936);
#15858 = CURVE_STYLE('',#15859,POSITIVE_LENGTH_MEASURE(0.1),#12939);
#15859 = DRAUGHTING_PRE_DEFINED_CURVE_FONT('continuous');
#15860 = MECHANICAL_DESIGN_GEOMETRIC_PRESENTATION_REPRESENTATION('',(
    #15861),#6672);
#15861 = STYLED_ITEM('color',(#15862),#6660);
#15862 = PRESENTATION_STYLE_ASSIGNMENT((#15863,#15868));
#15863 = SURFACE_STYLE_USAGE(.BOTH.,#15864);
#15864 = SURFACE_SIDE_STYLE('',(#15865));
#15865 = SURFACE_STYLE_FILL_AREA(#15866);
#15866 = FILL_AREA_STYLE('',(#15867));
#15867 = FILL_AREA_STYLE_COLOUR('',#12936);
#15868 = CURVE_STYLE('',#15869,POSITIVE_LENGTH_MEASURE(0.1),#12939);
#15869 = DRAUGHTING_PRE_DEFINED_CURVE_FONT('continuous');
#15870 = MECHANICAL_DESIGN_GEOMETRIC_PRESENTATION_REPRESENTATION('',(
    #15871),#2611);
#15871 = STYLED_ITEM('color',(#15872),#2599);
#15872 = PRESENTATION_STYLE_ASSIGNMENT((#15873,#15878));
#15873 = SURFACE_STYLE_USAGE(.BOTH.,#15874);
#15874 = SURFACE_SIDE_STYLE('',(#15875));
#15875 = SURFACE_STYLE_FILL_AREA(#15876);
#15876 = FILL_AREA_STYLE('',(#15877));
#15877 = FILL_AREA_STYLE_COLOUR('',#12936);
#15878 = CURVE_STYLE('',#15879,POSITIVE_LENGTH_MEASURE(0.1),#12939);
#15879 = DRAUGHTING_PRE_DEFINED_CURVE_FONT('continuous');
#15880 = MECHANICAL_DESIGN_GEOMETRIC_PRESENTATION_REPRESENTATION('',(
    #15881),#5711);
#15881 = STYLED_ITEM('color',(#15882),#5699);
#15882 = PRESENTATION_STYLE_ASSIGNMENT((#15883,#15888));
#15883 = SURFACE_STYLE_USAGE(.BOTH.,#15884);
#15884 = SURFACE_SIDE_STYLE('',(#15885));
#15885 = SURFACE_STYLE_FILL_AREA(#15886);
#15886 = FILL_AREA_STYLE('',(#15887));
#15887 = FILL_AREA_STYLE_COLOUR('',#12936);
#15888 = CURVE_STYLE('',#15889,POSITIVE_LENGTH_MEASURE(0.1),#12939);
#15889 = DRAUGHTING_PRE_DEFINED_CURVE_FONT('continuous');
#15890 = MECHANICAL_DESIGN_GEOMETRIC_PRESENTATION_REPRESENTATION('',(
    #15891),#11136);
#15891 = STYLED_ITEM('color',(#15892),#11124);
#15892 = PRESENTATION_STYLE_ASSIGNMENT((#15893,#15898));
#15893 = SURFACE_STYLE_USAGE(.BOTH.,#15894);
#15894 = SURFACE_SIDE_STYLE('',(#15895));
#15895 = SURFACE_STYLE_FILL_AREA(#15896);
#15896 = FILL_AREA_STYLE('',(#15897));
#15897 = FILL_AREA_STYLE_COLOUR('',#12936);
#15898 = CURVE_STYLE('',#15899,POSITIVE_LENGTH_MEASURE(0.1),#12939);
#15899 = DRAUGHTING_PRE_DEFINED_CURVE_FONT('continuous');
#15900 = MECHANICAL_DESIGN_GEOMETRIC_PRESENTATION_REPRESENTATION('',(
    #15901),#4781);
#15901 = STYLED_ITEM('color',(#15902),#4769);
#15902 = PRESENTATION_STYLE_ASSIGNMENT((#15903,#15908));
#15903 = SURFACE_STYLE_USAGE(.BOTH.,#15904);
#15904 = SURFACE_SIDE_STYLE('',(#15905));
#15905 = SURFACE_STYLE_FILL_AREA(#15906);
#15906 = FILL_AREA_STYLE('',(#15907));
#15907 = FILL_AREA_STYLE_COLOUR('',#12936);
#15908 = CURVE_STYLE('',#15909,POSITIVE_LENGTH_MEASURE(0.1),#12939);
#15909 = DRAUGHTING_PRE_DEFINED_CURVE_FONT('continuous');
#15910 = MECHANICAL_DESIGN_GEOMETRIC_PRESENTATION_REPRESENTATION('',(
    #15911),#8346);
#15911 = STYLED_ITEM('color',(#15912),#8334);
#15912 = PRESENTATION_STYLE_ASSIGNMENT((#15913,#15918));
#15913 = SURFACE_STYLE_USAGE(.BOTH.,#15914);
#15914 = SURFACE_SIDE_STYLE('',(#15915));
#15915 = SURFACE_STYLE_FILL_AREA(#15916);
#15916 = FILL_AREA_STYLE('',(#15917));
#15917 = FILL_AREA_STYLE_COLOUR('',#12936);
#15918 = CURVE_STYLE('',#15919,POSITIVE_LENGTH_MEASURE(0.1),#12939);
#15919 = DRAUGHTING_PRE_DEFINED_CURVE_FONT('continuous');
#15920 = MECHANICAL_DESIGN_GEOMETRIC_PRESENTATION_REPRESENTATION('',(
    #15921),#7974);
#15921 = STYLED_ITEM('color',(#15922),#7962);
#15922 = PRESENTATION_STYLE_ASSIGNMENT((#15923,#15928));
#15923 = SURFACE_STYLE_USAGE(.BOTH.,#15924);
#15924 = SURFACE_SIDE_STYLE('',(#15925));
#15925 = SURFACE_STYLE_FILL_AREA(#15926);
#15926 = FILL_AREA_STYLE('',(#15927));
#15927 = FILL_AREA_STYLE_COLOUR('',#12936);
#15928 = CURVE_STYLE('',#15929,POSITIVE_LENGTH_MEASURE(0.1),#12939);
#15929 = DRAUGHTING_PRE_DEFINED_CURVE_FONT('continuous');
#15930 = MECHANICAL_DESIGN_GEOMETRIC_PRESENTATION_REPRESENTATION('',(
    #15931),#2363);
#15931 = STYLED_ITEM('color',(#15932),#2351);
#15932 = PRESENTATION_STYLE_ASSIGNMENT((#15933,#15938));
#15933 = SURFACE_STYLE_USAGE(.BOTH.,#15934);
#15934 = SURFACE_SIDE_STYLE('',(#15935));
#15935 = SURFACE_STYLE_FILL_AREA(#15936);
#15936 = FILL_AREA_STYLE('',(#15937));
#15937 = FILL_AREA_STYLE_COLOUR('',#12936);
#15938 = CURVE_STYLE('',#15939,POSITIVE_LENGTH_MEASURE(0.1),#12939);
#15939 = DRAUGHTING_PRE_DEFINED_CURVE_FONT('continuous');
#15940 = MECHANICAL_DESIGN_GEOMETRIC_PRESENTATION_REPRESENTATION('',(
    #15941),#12438);
#15941 = STYLED_ITEM('color',(#15942),#12426);
#15942 = PRESENTATION_STYLE_ASSIGNMENT((#15943,#15948));
#15943 = SURFACE_STYLE_USAGE(.BOTH.,#15944);
#15944 = SURFACE_SIDE_STYLE('',(#15945));
#15945 = SURFACE_STYLE_FILL_AREA(#15946);
#15946 = FILL_AREA_STYLE('',(#15947));
#15947 = FILL_AREA_STYLE_COLOUR('',#12936);
#15948 = CURVE_STYLE('',#15949,POSITIVE_LENGTH_MEASURE(0.1),#12939);
#15949 = DRAUGHTING_PRE_DEFINED_CURVE_FONT('continuous');
#15950 = MECHANICAL_DESIGN_GEOMETRIC_PRESENTATION_REPRESENTATION('',(
    #15951),#4223);
#15951 = STYLED_ITEM('color',(#15952),#4211);
#15952 = PRESENTATION_STYLE_ASSIGNMENT((#15953,#15958));
#15953 = SURFACE_STYLE_USAGE(.BOTH.,#15954);
#15954 = SURFACE_SIDE_STYLE('',(#15955));
#15955 = SURFACE_STYLE_FILL_AREA(#15956);
#15956 = FILL_AREA_STYLE('',(#15957));
#15957 = FILL_AREA_STYLE_COLOUR('',#12936);
#15958 = CURVE_STYLE('',#15959,POSITIVE_LENGTH_MEASURE(0.1),#12939);
#15959 = DRAUGHTING_PRE_DEFINED_CURVE_FONT('continuous');
#15960 = MECHANICAL_DESIGN_GEOMETRIC_PRESENTATION_REPRESENTATION('',(
    #15961),#4440);
#15961 = STYLED_ITEM('color',(#15962),#4428);
#15962 = PRESENTATION_STYLE_ASSIGNMENT((#15963,#15968));
#15963 = SURFACE_STYLE_USAGE(.BOTH.,#15964);
#15964 = SURFACE_SIDE_STYLE('',(#15965));
#15965 = SURFACE_STYLE_FILL_AREA(#15966);
#15966 = FILL_AREA_STYLE('',(#15967));
#15967 = FILL_AREA_STYLE_COLOUR('',#12936);
#15968 = CURVE_STYLE('',#15969,POSITIVE_LENGTH_MEASURE(0.1),#12939);
#15969 = DRAUGHTING_PRE_DEFINED_CURVE_FONT('continuous');
#15970 = MECHANICAL_DESIGN_GEOMETRIC_PRESENTATION_REPRESENTATION('',(
    #15971),#12655);
#15971 = STYLED_ITEM('color',(#15972),#12643);
#15972 = PRESENTATION_STYLE_ASSIGNMENT((#15973,#15978));
#15973 = SURFACE_STYLE_USAGE(.BOTH.,#15974);
#15974 = SURFACE_SIDE_STYLE('',(#15975));
#15975 = SURFACE_STYLE_FILL_AREA(#15976);
#15976 = FILL_AREA_STYLE('',(#15977));
#15977 = FILL_AREA_STYLE_COLOUR('',#12936);
#15978 = CURVE_STYLE('',#15979,POSITIVE_LENGTH_MEASURE(0.1),#12939);
#15979 = DRAUGHTING_PRE_DEFINED_CURVE_FONT('continuous');
#15980 = MECHANICAL_DESIGN_GEOMETRIC_PRESENTATION_REPRESENTATION('',(
    #15981),#5494);
#15981 = STYLED_ITEM('color',(#15982),#5482);
#15982 = PRESENTATION_STYLE_ASSIGNMENT((#15983,#15988));
#15983 = SURFACE_STYLE_USAGE(.BOTH.,#15984);
#15984 = SURFACE_SIDE_STYLE('',(#15985));
#15985 = SURFACE_STYLE_FILL_AREA(#15986);
#15986 = FILL_AREA_STYLE('',(#15987));
#15987 = FILL_AREA_STYLE_COLOUR('',#12936);
#15988 = CURVE_STYLE('',#15989,POSITIVE_LENGTH_MEASURE(0.1),#12939);
#15989 = DRAUGHTING_PRE_DEFINED_CURVE_FONT('continuous');
#15990 = MECHANICAL_DESIGN_GEOMETRIC_PRESENTATION_REPRESENTATION('',(
    #15991),#4254);
#15991 = STYLED_ITEM('color',(#15992),#4242);
#15992 = PRESENTATION_STYLE_ASSIGNMENT((#15993,#15998));
#15993 = SURFACE_STYLE_USAGE(.BOTH.,#15994);
#15994 = SURFACE_SIDE_STYLE('',(#15995));
#15995 = SURFACE_STYLE_FILL_AREA(#15996);
#15996 = FILL_AREA_STYLE('',(#15997));
#15997 = FILL_AREA_STYLE_COLOUR('',#12936);
#15998 = CURVE_STYLE('',#15999,POSITIVE_LENGTH_MEASURE(0.1),#12939);
#15999 = DRAUGHTING_PRE_DEFINED_CURVE_FONT('continuous');
#16000 = MECHANICAL_DESIGN_GEOMETRIC_PRESENTATION_REPRESENTATION('',(
    #16001),#12252);
#16001 = STYLED_ITEM('color',(#16002),#12240);
#16002 = PRESENTATION_STYLE_ASSIGNMENT((#16003,#16008));
#16003 = SURFACE_STYLE_USAGE(.BOTH.,#16004);
#16004 = SURFACE_SIDE_STYLE('',(#16005));
#16005 = SURFACE_STYLE_FILL_AREA(#16006);
#16006 = FILL_AREA_STYLE('',(#16007));
#16007 = FILL_AREA_STYLE_COLOUR('',#12936);
#16008 = CURVE_STYLE('',#16009,POSITIVE_LENGTH_MEASURE(0.1),#12939);
#16009 = DRAUGHTING_PRE_DEFINED_CURVE_FONT('continuous');
#16010 = MECHANICAL_DESIGN_GEOMETRIC_PRESENTATION_REPRESENTATION('',(
    #16011),#10888);
#16011 = STYLED_ITEM('color',(#16012),#10876);
#16012 = PRESENTATION_STYLE_ASSIGNMENT((#16013,#16018));
#16013 = SURFACE_STYLE_USAGE(.BOTH.,#16014);
#16014 = SURFACE_SIDE_STYLE('',(#16015));
#16015 = SURFACE_STYLE_FILL_AREA(#16016);
#16016 = FILL_AREA_STYLE('',(#16017));
#16017 = FILL_AREA_STYLE_COLOUR('',#12936);
#16018 = CURVE_STYLE('',#16019,POSITIVE_LENGTH_MEASURE(0.1),#12939);
#16019 = DRAUGHTING_PRE_DEFINED_CURVE_FONT('continuous');
#16020 = MECHANICAL_DESIGN_GEOMETRIC_PRESENTATION_REPRESENTATION('',(
    #16021),#9307);
#16021 = STYLED_ITEM('color',(#16022),#9295);
#16022 = PRESENTATION_STYLE_ASSIGNMENT((#16023,#16028));
#16023 = SURFACE_STYLE_USAGE(.BOTH.,#16024);
#16024 = SURFACE_SIDE_STYLE('',(#16025));
#16025 = SURFACE_STYLE_FILL_AREA(#16026);
#16026 = FILL_AREA_STYLE('',(#16027));
#16027 = FILL_AREA_STYLE_COLOUR('',#12936);
#16028 = CURVE_STYLE('',#16029,POSITIVE_LENGTH_MEASURE(0.1),#12939);
#16029 = DRAUGHTING_PRE_DEFINED_CURVE_FONT('continuous');
#16030 = MECHANICAL_DESIGN_GEOMETRIC_PRESENTATION_REPRESENTATION('',(
    #16031),#4626);
#16031 = STYLED_ITEM('color',(#16032),#4614);
#16032 = PRESENTATION_STYLE_ASSIGNMENT((#16033,#16038));
#16033 = SURFACE_STYLE_USAGE(.BOTH.,#16034);
#16034 = SURFACE_SIDE_STYLE('',(#16035));
#16035 = SURFACE_STYLE_FILL_AREA(#16036);
#16036 = FILL_AREA_STYLE('',(#16037));
#16037 = FILL_AREA_STYLE_COLOUR('',#12936);
#16038 = CURVE_STYLE('',#16039,POSITIVE_LENGTH_MEASURE(0.1),#12939);
#16039 = DRAUGHTING_PRE_DEFINED_CURVE_FONT('continuous');
#16040 = MECHANICAL_DESIGN_GEOMETRIC_PRESENTATION_REPRESENTATION('',(
    #16041),#10547);
#16041 = STYLED_ITEM('color',(#16042),#10535);
#16042 = PRESENTATION_STYLE_ASSIGNMENT((#16043,#16048));
#16043 = SURFACE_STYLE_USAGE(.BOTH.,#16044);
#16044 = SURFACE_SIDE_STYLE('',(#16045));
#16045 = SURFACE_STYLE_FILL_AREA(#16046);
#16046 = FILL_AREA_STYLE('',(#16047));
#16047 = FILL_AREA_STYLE_COLOUR('',#12936);
#16048 = CURVE_STYLE('',#16049,POSITIVE_LENGTH_MEASURE(0.1),#12939);
#16049 = DRAUGHTING_PRE_DEFINED_CURVE_FONT('continuous');
#16050 = MECHANICAL_DESIGN_GEOMETRIC_PRESENTATION_REPRESENTATION('',(
    #16051),#6300);
#16051 = STYLED_ITEM('color',(#16052),#6288);
#16052 = PRESENTATION_STYLE_ASSIGNMENT((#16053,#16058));
#16053 = SURFACE_STYLE_USAGE(.BOTH.,#16054);
#16054 = SURFACE_SIDE_STYLE('',(#16055));
#16055 = SURFACE_STYLE_FILL_AREA(#16056);
#16056 = FILL_AREA_STYLE('',(#16057));
#16057 = FILL_AREA_STYLE_COLOUR('',#12936);
#16058 = CURVE_STYLE('',#16059,POSITIVE_LENGTH_MEASURE(0.1),#12939);
#16059 = DRAUGHTING_PRE_DEFINED_CURVE_FONT('continuous');
#16060 = MECHANICAL_DESIGN_GEOMETRIC_PRESENTATION_REPRESENTATION('',(
    #16061),#7540);
#16061 = STYLED_ITEM('color',(#16062),#7528);
#16062 = PRESENTATION_STYLE_ASSIGNMENT((#16063,#16068));
#16063 = SURFACE_STYLE_USAGE(.BOTH.,#16064);
#16064 = SURFACE_SIDE_STYLE('',(#16065));
#16065 = SURFACE_STYLE_FILL_AREA(#16066);
#16066 = FILL_AREA_STYLE('',(#16067));
#16067 = FILL_AREA_STYLE_COLOUR('',#12936);
#16068 = CURVE_STYLE('',#16069,POSITIVE_LENGTH_MEASURE(0.1),#12939);
#16069 = DRAUGHTING_PRE_DEFINED_CURVE_FONT('continuous');
#16070 = MECHANICAL_DESIGN_GEOMETRIC_PRESENTATION_REPRESENTATION('',(
    #16071),#5804);
#16071 = STYLED_ITEM('color',(#16072),#5792);
#16072 = PRESENTATION_STYLE_ASSIGNMENT((#16073,#16078));
#16073 = SURFACE_STYLE_USAGE(.BOTH.,#16074);
#16074 = SURFACE_SIDE_STYLE('',(#16075));
#16075 = SURFACE_STYLE_FILL_AREA(#16076);
#16076 = FILL_AREA_STYLE('',(#16077));
#16077 = FILL_AREA_STYLE_COLOUR('',#12936);
#16078 = CURVE_STYLE('',#16079,POSITIVE_LENGTH_MEASURE(0.1),#12939);
#16079 = DRAUGHTING_PRE_DEFINED_CURVE_FONT('continuous');
#16080 = MECHANICAL_DESIGN_GEOMETRIC_PRESENTATION_REPRESENTATION('',(
    #16081),#4006);
#16081 = STYLED_ITEM('color',(#16082),#3994);
#16082 = PRESENTATION_STYLE_ASSIGNMENT((#16083,#16088));
#16083 = SURFACE_STYLE_USAGE(.BOTH.,#16084);
#16084 = SURFACE_SIDE_STYLE('',(#16085));
#16085 = SURFACE_STYLE_FILL_AREA(#16086);
#16086 = FILL_AREA_STYLE('',(#16087));
#16087 = FILL_AREA_STYLE_COLOUR('',#12936);
#16088 = CURVE_STYLE('',#16089,POSITIVE_LENGTH_MEASURE(0.1),#12939);
#16089 = DRAUGHTING_PRE_DEFINED_CURVE_FONT('continuous');
#16090 = MECHANICAL_DESIGN_GEOMETRIC_PRESENTATION_REPRESENTATION('',(
    #16091),#7726);
#16091 = STYLED_ITEM('color',(#16092),#7714);
#16092 = PRESENTATION_STYLE_ASSIGNMENT((#16093,#16098));
#16093 = SURFACE_STYLE_USAGE(.BOTH.,#16094);
#16094 = SURFACE_SIDE_STYLE('',(#16095));
#16095 = SURFACE_STYLE_FILL_AREA(#16096);
#16096 = FILL_AREA_STYLE('',(#16097));
#16097 = FILL_AREA_STYLE_COLOUR('',#12936);
#16098 = CURVE_STYLE('',#16099,POSITIVE_LENGTH_MEASURE(0.1),#12939);
#16099 = DRAUGHTING_PRE_DEFINED_CURVE_FONT('continuous');
#16100 = MECHANICAL_DESIGN_GEOMETRIC_PRESENTATION_REPRESENTATION('',(
    #16101),#7230);
#16101 = STYLED_ITEM('color',(#16102),#7218);
#16102 = PRESENTATION_STYLE_ASSIGNMENT((#16103,#16108));
#16103 = SURFACE_STYLE_USAGE(.BOTH.,#16104);
#16104 = SURFACE_SIDE_STYLE('',(#16105));
#16105 = SURFACE_STYLE_FILL_AREA(#16106);
#16106 = FILL_AREA_STYLE('',(#16107));
#16107 = FILL_AREA_STYLE_COLOUR('',#12936);
#16108 = CURVE_STYLE('',#16109,POSITIVE_LENGTH_MEASURE(0.1),#12939);
#16109 = DRAUGHTING_PRE_DEFINED_CURVE_FONT('continuous');
#16110 = MECHANICAL_DESIGN_GEOMETRIC_PRESENTATION_REPRESENTATION('',(
    #16111),#9028);
#16111 = STYLED_ITEM('color',(#16112),#9016);
#16112 = PRESENTATION_STYLE_ASSIGNMENT((#16113,#16118));
#16113 = SURFACE_STYLE_USAGE(.BOTH.,#16114);
#16114 = SURFACE_SIDE_STYLE('',(#16115));
#16115 = SURFACE_STYLE_FILL_AREA(#16116);
#16116 = FILL_AREA_STYLE('',(#16117));
#16117 = FILL_AREA_STYLE_COLOUR('',#12936);
#16118 = CURVE_STYLE('',#16119,POSITIVE_LENGTH_MEASURE(0.1),#12939);
#16119 = DRAUGHTING_PRE_DEFINED_CURVE_FONT('continuous');
#16120 = MECHANICAL_DESIGN_GEOMETRIC_PRESENTATION_REPRESENTATION('',(
    #16121),#10950);
#16121 = STYLED_ITEM('color',(#16122),#10938);
#16122 = PRESENTATION_STYLE_ASSIGNMENT((#16123,#16128));
#16123 = SURFACE_STYLE_USAGE(.BOTH.,#16124);
#16124 = SURFACE_SIDE_STYLE('',(#16125));
#16125 = SURFACE_STYLE_FILL_AREA(#16126);
#16126 = FILL_AREA_STYLE('',(#16127));
#16127 = FILL_AREA_STYLE_COLOUR('',#12936);
#16128 = CURVE_STYLE('',#16129,POSITIVE_LENGTH_MEASURE(0.1),#12939);
#16129 = DRAUGHTING_PRE_DEFINED_CURVE_FONT('continuous');
#16130 = MECHANICAL_DESIGN_GEOMETRIC_PRESENTATION_REPRESENTATION('',(
    #16131),#9586);
#16131 = STYLED_ITEM('color',(#16132),#9574);
#16132 = PRESENTATION_STYLE_ASSIGNMENT((#16133,#16138));
#16133 = SURFACE_STYLE_USAGE(.BOTH.,#16134);
#16134 = SURFACE_SIDE_STYLE('',(#16135));
#16135 = SURFACE_STYLE_FILL_AREA(#16136);
#16136 = FILL_AREA_STYLE('',(#16137));
#16137 = FILL_AREA_STYLE_COLOUR('',#12936);
#16138 = CURVE_STYLE('',#16139,POSITIVE_LENGTH_MEASURE(0.1),#12939);
#16139 = DRAUGHTING_PRE_DEFINED_CURVE_FONT('continuous');
#16140 = MECHANICAL_DESIGN_GEOMETRIC_PRESENTATION_REPRESENTATION('',(
    #16141),#2766);
#16141 = STYLED_ITEM('color',(#16142),#2754);
#16142 = PRESENTATION_STYLE_ASSIGNMENT((#16143,#16148));
#16143 = SURFACE_STYLE_USAGE(.BOTH.,#16144);
#16144 = SURFACE_SIDE_STYLE('',(#16145));
#16145 = SURFACE_STYLE_FILL_AREA(#16146);
#16146 = FILL_AREA_STYLE('',(#16147));
#16147 = FILL_AREA_STYLE_COLOUR('',#12936);
#16148 = CURVE_STYLE('',#16149,POSITIVE_LENGTH_MEASURE(0.1),#12939);
#16149 = DRAUGHTING_PRE_DEFINED_CURVE_FONT('continuous');
#16150 = MECHANICAL_DESIGN_GEOMETRIC_PRESENTATION_REPRESENTATION('',(
    #16151),#11663);
#16151 = STYLED_ITEM('color',(#16152),#11651);
#16152 = PRESENTATION_STYLE_ASSIGNMENT((#16153,#16158));
#16153 = SURFACE_STYLE_USAGE(.BOTH.,#16154);
#16154 = SURFACE_SIDE_STYLE('',(#16155));
#16155 = SURFACE_STYLE_FILL_AREA(#16156);
#16156 = FILL_AREA_STYLE('',(#16157));
#16157 = FILL_AREA_STYLE_COLOUR('',#12936);
#16158 = CURVE_STYLE('',#16159,POSITIVE_LENGTH_MEASURE(0.1),#12939);
#16159 = DRAUGHTING_PRE_DEFINED_CURVE_FONT('continuous');
#16160 = MECHANICAL_DESIGN_GEOMETRIC_PRESENTATION_REPRESENTATION('',(
    #16161),#4471);
#16161 = STYLED_ITEM('color',(#16162),#4459);
#16162 = PRESENTATION_STYLE_ASSIGNMENT((#16163,#16168));
#16163 = SURFACE_STYLE_USAGE(.BOTH.,#16164);
#16164 = SURFACE_SIDE_STYLE('',(#16165));
#16165 = SURFACE_STYLE_FILL_AREA(#16166);
#16166 = FILL_AREA_STYLE('',(#16167));
#16167 = FILL_AREA_STYLE_COLOUR('',#12936);
#16168 = CURVE_STYLE('',#16169,POSITIVE_LENGTH_MEASURE(0.1),#12939);
#16169 = DRAUGHTING_PRE_DEFINED_CURVE_FONT('continuous');
#16170 = MECHANICAL_DESIGN_GEOMETRIC_PRESENTATION_REPRESENTATION('',(
    #16171),#10764);
#16171 = STYLED_ITEM('color',(#16172),#10752);
#16172 = PRESENTATION_STYLE_ASSIGNMENT((#16173,#16178));
#16173 = SURFACE_STYLE_USAGE(.BOTH.,#16174);
#16174 = SURFACE_SIDE_STYLE('',(#16175));
#16175 = SURFACE_STYLE_FILL_AREA(#16176);
#16176 = FILL_AREA_STYLE('',(#16177));
#16177 = FILL_AREA_STYLE_COLOUR('',#12936);
#16178 = CURVE_STYLE('',#16179,POSITIVE_LENGTH_MEASURE(0.1),#12939);
#16179 = DRAUGHTING_PRE_DEFINED_CURVE_FONT('continuous');
#16180 = MECHANICAL_DESIGN_GEOMETRIC_PRESENTATION_REPRESENTATION('',(
    #16181),#10330);
#16181 = STYLED_ITEM('color',(#16182),#10318);
#16182 = PRESENTATION_STYLE_ASSIGNMENT((#16183,#16188));
#16183 = SURFACE_STYLE_USAGE(.BOTH.,#16184);
#16184 = SURFACE_SIDE_STYLE('',(#16185));
#16185 = SURFACE_STYLE_FILL_AREA(#16186);
#16186 = FILL_AREA_STYLE('',(#16187));
#16187 = FILL_AREA_STYLE_COLOUR('',#12936);
#16188 = CURVE_STYLE('',#16189,POSITIVE_LENGTH_MEASURE(0.1),#12939);
#16189 = DRAUGHTING_PRE_DEFINED_CURVE_FONT('continuous');
#16190 = MECHANICAL_DESIGN_GEOMETRIC_PRESENTATION_REPRESENTATION('',(
    #16191),#1867);
#16191 = STYLED_ITEM('color',(#16192),#1855);
#16192 = PRESENTATION_STYLE_ASSIGNMENT((#16193,#16198));
#16193 = SURFACE_STYLE_USAGE(.BOTH.,#16194);
#16194 = SURFACE_SIDE_STYLE('',(#16195));
#16195 = SURFACE_STYLE_FILL_AREA(#16196);
#16196 = FILL_AREA_STYLE('',(#16197));
#16197 = FILL_AREA_STYLE_COLOUR('',#12936);
#16198 = CURVE_STYLE('',#16199,POSITIVE_LENGTH_MEASURE(0.1),#12939);
#16199 = DRAUGHTING_PRE_DEFINED_CURVE_FONT('continuous');
#16200 = MECHANICAL_DESIGN_GEOMETRIC_PRESENTATION_REPRESENTATION('',(
    #16201),#10826);
#16201 = STYLED_ITEM('color',(#16202),#10814);
#16202 = PRESENTATION_STYLE_ASSIGNMENT((#16203,#16208));
#16203 = SURFACE_STYLE_USAGE(.BOTH.,#16204);
#16204 = SURFACE_SIDE_STYLE('',(#16205));
#16205 = SURFACE_STYLE_FILL_AREA(#16206);
#16206 = FILL_AREA_STYLE('',(#16207));
#16207 = FILL_AREA_STYLE_COLOUR('',#12936);
#16208 = CURVE_STYLE('',#16209,POSITIVE_LENGTH_MEASURE(0.1),#12939);
#16209 = DRAUGHTING_PRE_DEFINED_CURVE_FONT('continuous');
#16210 = MECHANICAL_DESIGN_GEOMETRIC_PRESENTATION_REPRESENTATION('',(
    #16211),#10423);
#16211 = STYLED_ITEM('color',(#16212),#10411);
#16212 = PRESENTATION_STYLE_ASSIGNMENT((#16213,#16218));
#16213 = SURFACE_STYLE_USAGE(.BOTH.,#16214);
#16214 = SURFACE_SIDE_STYLE('',(#16215));
#16215 = SURFACE_STYLE_FILL_AREA(#16216);
#16216 = FILL_AREA_STYLE('',(#16217));
#16217 = FILL_AREA_STYLE_COLOUR('',#12936);
#16218 = CURVE_STYLE('',#16219,POSITIVE_LENGTH_MEASURE(0.1),#12939);
#16219 = DRAUGHTING_PRE_DEFINED_CURVE_FONT('continuous');
#16220 = MECHANICAL_DESIGN_GEOMETRIC_PRESENTATION_REPRESENTATION('',(
    #16221),#94);
#16221 = STYLED_ITEM('color',(#16222),#41);
#16222 = PRESENTATION_STYLE_ASSIGNMENT((#16223,#16229));
#16223 = SURFACE_STYLE_USAGE(.BOTH.,#16224);
#16224 = SURFACE_SIDE_STYLE('',(#16225));
#16225 = SURFACE_STYLE_FILL_AREA(#16226);
#16226 = FILL_AREA_STYLE('',(#16227));
#16227 = FILL_AREA_STYLE_COLOUR('',#16228);
#16228 = COLOUR_RGB('',0.301960791261,0.301960791261,0.301960791261);
#16229 = CURVE_STYLE('',#16230,POSITIVE_LENGTH_MEASURE(0.1),#16231);
#16230 = DRAUGHTING_PRE_DEFINED_CURVE_FONT('continuous');
#16231 = COLOUR_RGB('',0.129411774038,0.145098047169,0.160784315601);
#16232 = MECHANICAL_DESIGN_GEOMETRIC_PRESENTATION_REPRESENTATION('',(
    #16233),#8129);
#16233 = STYLED_ITEM('color',(#16234),#8117);
#16234 = PRESENTATION_STYLE_ASSIGNMENT((#16235,#16240));
#16235 = SURFACE_STYLE_USAGE(.BOTH.,#16236);
#16236 = SURFACE_SIDE_STYLE('',(#16237));
#16237 = SURFACE_STYLE_FILL_AREA(#16238);
#16238 = FILL_AREA_STYLE('',(#16239));
#16239 = FILL_AREA_STYLE_COLOUR('',#12936);
#16240 = CURVE_STYLE('',#16241,POSITIVE_LENGTH_MEASURE(0.1),#12939);
#16241 = DRAUGHTING_PRE_DEFINED_CURVE_FONT('continuous');
#16242 = MECHANICAL_DESIGN_GEOMETRIC_PRESENTATION_REPRESENTATION('',(
    #16243),#7385);
#16243 = STYLED_ITEM('color',(#16244),#7373);
#16244 = PRESENTATION_STYLE_ASSIGNMENT((#16245,#16250));
#16245 = SURFACE_STYLE_USAGE(.BOTH.,#16246);
#16246 = SURFACE_SIDE_STYLE('',(#16247));
#16247 = SURFACE_STYLE_FILL_AREA(#16248);
#16248 = FILL_AREA_STYLE('',(#16249));
#16249 = FILL_AREA_STYLE_COLOUR('',#12936);
#16250 = CURVE_STYLE('',#16251,POSITIVE_LENGTH_MEASURE(0.1),#12939);
#16251 = DRAUGHTING_PRE_DEFINED_CURVE_FONT('continuous');
#16252 = MECHANICAL_DESIGN_GEOMETRIC_PRESENTATION_REPRESENTATION('',(
    #16253),#6517);
#16253 = STYLED_ITEM('color',(#16254),#6505);
#16254 = PRESENTATION_STYLE_ASSIGNMENT((#16255,#16260));
#16255 = SURFACE_STYLE_USAGE(.BOTH.,#16256);
#16256 = SURFACE_SIDE_STYLE('',(#16257));
#16257 = SURFACE_STYLE_FILL_AREA(#16258);
#16258 = FILL_AREA_STYLE('',(#16259));
#16259 = FILL_AREA_STYLE_COLOUR('',#12936);
#16260 = CURVE_STYLE('',#16261,POSITIVE_LENGTH_MEASURE(0.1),#12939);
#16261 = DRAUGHTING_PRE_DEFINED_CURVE_FONT('continuous');
#16262 = MECHANICAL_DESIGN_GEOMETRIC_PRESENTATION_REPRESENTATION('',(
    #16263),#10454);
#16263 = STYLED_ITEM('color',(#16264),#10442);
#16264 = PRESENTATION_STYLE_ASSIGNMENT((#16265,#16270));
#16265 = SURFACE_STYLE_USAGE(.BOTH.,#16266);
#16266 = SURFACE_SIDE_STYLE('',(#16267));
#16267 = SURFACE_STYLE_FILL_AREA(#16268);
#16268 = FILL_AREA_STYLE('',(#16269));
#16269 = FILL_AREA_STYLE_COLOUR('',#12936);
#16270 = CURVE_STYLE('',#16271,POSITIVE_LENGTH_MEASURE(0.1),#12939);
#16271 = DRAUGHTING_PRE_DEFINED_CURVE_FONT('continuous');
#16272 = MECHANICAL_DESIGN_GEOMETRIC_PRESENTATION_REPRESENTATION('',(
    #16273),#3014);
#16273 = STYLED_ITEM('color',(#16274),#3002);
#16274 = PRESENTATION_STYLE_ASSIGNMENT((#16275,#16280));
#16275 = SURFACE_STYLE_USAGE(.BOTH.,#16276);
#16276 = SURFACE_SIDE_STYLE('',(#16277));
#16277 = SURFACE_STYLE_FILL_AREA(#16278);
#16278 = FILL_AREA_STYLE('',(#16279));
#16279 = FILL_AREA_STYLE_COLOUR('',#12936);
#16280 = CURVE_STYLE('',#16281,POSITIVE_LENGTH_MEASURE(0.1),#12939);
#16281 = DRAUGHTING_PRE_DEFINED_CURVE_FONT('continuous');
#16282 = MECHANICAL_DESIGN_GEOMETRIC_PRESENTATION_REPRESENTATION('',(
    #16283),#5122);
#16283 = STYLED_ITEM('color',(#16284),#5110);
#16284 = PRESENTATION_STYLE_ASSIGNMENT((#16285,#16290));
#16285 = SURFACE_STYLE_USAGE(.BOTH.,#16286);
#16286 = SURFACE_SIDE_STYLE('',(#16287));
#16287 = SURFACE_STYLE_FILL_AREA(#16288);
#16288 = FILL_AREA_STYLE('',(#16289));
#16289 = FILL_AREA_STYLE_COLOUR('',#12936);
#16290 = CURVE_STYLE('',#16291,POSITIVE_LENGTH_MEASURE(0.1),#12939);
#16291 = DRAUGHTING_PRE_DEFINED_CURVE_FONT('continuous');
#16292 = MECHANICAL_DESIGN_GEOMETRIC_PRESENTATION_REPRESENTATION('',(
    #16293),#12917);
#16293 = STYLED_ITEM('color',(#16294),#12767);
#16294 = PRESENTATION_STYLE_ASSIGNMENT((#16295,#16300));
#16295 = SURFACE_STYLE_USAGE(.BOTH.,#16296);
#16296 = SURFACE_SIDE_STYLE('',(#16297));
#16297 = SURFACE_STYLE_FILL_AREA(#16298);
#16298 = FILL_AREA_STYLE('',(#16299));
#16299 = FILL_AREA_STYLE_COLOUR('',#12936);
#16300 = CURVE_STYLE('',#16301,POSITIVE_LENGTH_MEASURE(0.1),#12939);
#16301 = DRAUGHTING_PRE_DEFINED_CURVE_FONT('continuous');
#16302 = MECHANICAL_DESIGN_GEOMETRIC_PRESENTATION_REPRESENTATION('',(
    #16303),#11074);
#16303 = STYLED_ITEM('color',(#16304),#11062);
#16304 = PRESENTATION_STYLE_ASSIGNMENT((#16305,#16310));
#16305 = SURFACE_STYLE_USAGE(.BOTH.,#16306);
#16306 = SURFACE_SIDE_STYLE('',(#16307));
#16307 = SURFACE_STYLE_FILL_AREA(#16308);
#16308 = FILL_AREA_STYLE('',(#16309));
#16309 = FILL_AREA_STYLE_COLOUR('',#12936);
#16310 = CURVE_STYLE('',#16311,POSITIVE_LENGTH_MEASURE(0.1),#12939);
#16311 = DRAUGHTING_PRE_DEFINED_CURVE_FONT('continuous');
#16312 = MECHANICAL_DESIGN_GEOMETRIC_PRESENTATION_REPRESENTATION('',(
    #16313),#11229);
#16313 = STYLED_ITEM('color',(#16314),#11217);
#16314 = PRESENTATION_STYLE_ASSIGNMENT((#16315,#16320));
#16315 = SURFACE_STYLE_USAGE(.BOTH.,#16316);
#16316 = SURFACE_SIDE_STYLE('',(#16317));
#16317 = SURFACE_STYLE_FILL_AREA(#16318);
#16318 = FILL_AREA_STYLE('',(#16319));
#16319 = FILL_AREA_STYLE_COLOUR('',#12936);
#16320 = CURVE_STYLE('',#16321,POSITIVE_LENGTH_MEASURE(0.1),#12939);
#16321 = DRAUGHTING_PRE_DEFINED_CURVE_FONT('continuous');
#16322 = MECHANICAL_DESIGN_GEOMETRIC_PRESENTATION_REPRESENTATION('',(
    #16323),#6858);
#16323 = STYLED_ITEM('color',(#16324),#6846);
#16324 = PRESENTATION_STYLE_ASSIGNMENT((#16325,#16330));
#16325 = SURFACE_STYLE_USAGE(.BOTH.,#16326);
#16326 = SURFACE_SIDE_STYLE('',(#16327));
#16327 = SURFACE_STYLE_FILL_AREA(#16328);
#16328 = FILL_AREA_STYLE('',(#16329));
#16329 = FILL_AREA_STYLE_COLOUR('',#12936);
#16330 = CURVE_STYLE('',#16331,POSITIVE_LENGTH_MEASURE(0.1),#12939);
#16331 = DRAUGHTING_PRE_DEFINED_CURVE_FONT('continuous');
#16332 = MECHANICAL_DESIGN_GEOMETRIC_PRESENTATION_REPRESENTATION('',(
    #16333),#2859);
#16333 = STYLED_ITEM('color',(#16334),#2847);
#16334 = PRESENTATION_STYLE_ASSIGNMENT((#16335,#16340));
#16335 = SURFACE_STYLE_USAGE(.BOTH.,#16336);
#16336 = SURFACE_SIDE_STYLE('',(#16337));
#16337 = SURFACE_STYLE_FILL_AREA(#16338);
#16338 = FILL_AREA_STYLE('',(#16339));
#16339 = FILL_AREA_STYLE_COLOUR('',#12936);
#16340 = CURVE_STYLE('',#16341,POSITIVE_LENGTH_MEASURE(0.1),#12939);
#16341 = DRAUGHTING_PRE_DEFINED_CURVE_FONT('continuous');
#16342 = MECHANICAL_DESIGN_GEOMETRIC_PRESENTATION_REPRESENTATION('',(
    #16343),#7013);
#16343 = STYLED_ITEM('color',(#16344),#7001);
#16344 = PRESENTATION_STYLE_ASSIGNMENT((#16345,#16350));
#16345 = SURFACE_STYLE_USAGE(.BOTH.,#16346);
#16346 = SURFACE_SIDE_STYLE('',(#16347));
#16347 = SURFACE_STYLE_FILL_AREA(#16348);
#16348 = FILL_AREA_STYLE('',(#16349));
#16349 = FILL_AREA_STYLE_COLOUR('',#12936);
#16350 = CURVE_STYLE('',#16351,POSITIVE_LENGTH_MEASURE(0.1),#12939);
#16351 = DRAUGHTING_PRE_DEFINED_CURVE_FONT('continuous');
#16352 = MECHANICAL_DESIGN_GEOMETRIC_PRESENTATION_REPRESENTATION('',(
    #16353),#11291);
#16353 = STYLED_ITEM('color',(#16354),#11279);
#16354 = PRESENTATION_STYLE_ASSIGNMENT((#16355,#16360));
#16355 = SURFACE_STYLE_USAGE(.BOTH.,#16356);
#16356 = SURFACE_SIDE_STYLE('',(#16357));
#16357 = SURFACE_STYLE_FILL_AREA(#16358);
#16358 = FILL_AREA_STYLE('',(#16359));
#16359 = FILL_AREA_STYLE_COLOUR('',#12936);
#16360 = CURVE_STYLE('',#16361,POSITIVE_LENGTH_MEASURE(0.1),#12939);
#16361 = DRAUGHTING_PRE_DEFINED_CURVE_FONT('continuous');
#16362 = MECHANICAL_DESIGN_GEOMETRIC_PRESENTATION_REPRESENTATION('',(
    #16363),#1805);
#16363 = STYLED_ITEM('color',(#16364),#1793);
#16364 = PRESENTATION_STYLE_ASSIGNMENT((#16365,#16370));
#16365 = SURFACE_STYLE_USAGE(.BOTH.,#16366);
#16366 = SURFACE_SIDE_STYLE('',(#16367));
#16367 = SURFACE_STYLE_FILL_AREA(#16368);
#16368 = FILL_AREA_STYLE('',(#16369));
#16369 = FILL_AREA_STYLE_COLOUR('',#12936);
#16370 = CURVE_STYLE('',#16371,POSITIVE_LENGTH_MEASURE(0.1),#12939);
#16371 = DRAUGHTING_PRE_DEFINED_CURVE_FONT('continuous');
#16372 = MECHANICAL_DESIGN_GEOMETRIC_PRESENTATION_REPRESENTATION('',(
    #16373),#12190);
#16373 = STYLED_ITEM('color',(#16374),#12178);
#16374 = PRESENTATION_STYLE_ASSIGNMENT((#16375,#16380));
#16375 = SURFACE_STYLE_USAGE(.BOTH.,#16376);
#16376 = SURFACE_SIDE_STYLE('',(#16377));
#16377 = SURFACE_STYLE_FILL_AREA(#16378);
#16378 = FILL_AREA_STYLE('',(#16379));
#16379 = FILL_AREA_STYLE_COLOUR('',#12936);
#16380 = CURVE_STYLE('',#16381,POSITIVE_LENGTH_MEASURE(0.1),#12939);
#16381 = DRAUGHTING_PRE_DEFINED_CURVE_FONT('continuous');
#16382 = MECHANICAL_DESIGN_GEOMETRIC_PRESENTATION_REPRESENTATION('',(
    #16383),#10733);
#16383 = STYLED_ITEM('color',(#16384),#10721);
#16384 = PRESENTATION_STYLE_ASSIGNMENT((#16385,#16390));
#16385 = SURFACE_STYLE_USAGE(.BOTH.,#16386);
#16386 = SURFACE_SIDE_STYLE('',(#16387));
#16387 = SURFACE_STYLE_FILL_AREA(#16388);
#16388 = FILL_AREA_STYLE('',(#16389));
#16389 = FILL_AREA_STYLE_COLOUR('',#12936);
#16390 = CURVE_STYLE('',#16391,POSITIVE_LENGTH_MEASURE(0.1),#12939);
#16391 = DRAUGHTING_PRE_DEFINED_CURVE_FONT('continuous');
#16392 = MECHANICAL_DESIGN_GEOMETRIC_PRESENTATION_REPRESENTATION('',(
    #16393),#10578);
#16393 = STYLED_ITEM('color',(#16394),#10566);
#16394 = PRESENTATION_STYLE_ASSIGNMENT((#16395,#16400));
#16395 = SURFACE_STYLE_USAGE(.BOTH.,#16396);
#16396 = SURFACE_SIDE_STYLE('',(#16397));
#16397 = SURFACE_STYLE_FILL_AREA(#16398);
#16398 = FILL_AREA_STYLE('',(#16399));
#16399 = FILL_AREA_STYLE_COLOUR('',#12936);
#16400 = CURVE_STYLE('',#16401,POSITIVE_LENGTH_MEASURE(0.1),#12939);
#16401 = DRAUGHTING_PRE_DEFINED_CURVE_FONT('continuous');
#16402 = MECHANICAL_DESIGN_GEOMETRIC_PRESENTATION_REPRESENTATION('',(
    #16403),#12469);
#16403 = STYLED_ITEM('color',(#16404),#12457);
#16404 = PRESENTATION_STYLE_ASSIGNMENT((#16405,#16410));
#16405 = SURFACE_STYLE_USAGE(.BOTH.,#16406);
#16406 = SURFACE_SIDE_STYLE('',(#16407));
#16407 = SURFACE_STYLE_FILL_AREA(#16408);
#16408 = FILL_AREA_STYLE('',(#16409));
#16409 = FILL_AREA_STYLE_COLOUR('',#12936);
#16410 = CURVE_STYLE('',#16411,POSITIVE_LENGTH_MEASURE(0.1),#12939);
#16411 = DRAUGHTING_PRE_DEFINED_CURVE_FONT('continuous');
#16412 = MECHANICAL_DESIGN_GEOMETRIC_PRESENTATION_REPRESENTATION('',(
    #16413),#9462);
#16413 = STYLED_ITEM('color',(#16414),#9450);
#16414 = PRESENTATION_STYLE_ASSIGNMENT((#16415,#16420));
#16415 = SURFACE_STYLE_USAGE(.BOTH.,#16416);
#16416 = SURFACE_SIDE_STYLE('',(#16417));
#16417 = SURFACE_STYLE_FILL_AREA(#16418);
#16418 = FILL_AREA_STYLE('',(#16419));
#16419 = FILL_AREA_STYLE_COLOUR('',#12936);
#16420 = CURVE_STYLE('',#16421,POSITIVE_LENGTH_MEASURE(0.1),#12939);
#16421 = DRAUGHTING_PRE_DEFINED_CURVE_FONT('continuous');
#16422 = MECHANICAL_DESIGN_GEOMETRIC_PRESENTATION_REPRESENTATION('',(
    #16423),#11508);
#16423 = STYLED_ITEM('color',(#16424),#11496);
#16424 = PRESENTATION_STYLE_ASSIGNMENT((#16425,#16430));
#16425 = SURFACE_STYLE_USAGE(.BOTH.,#16426);
#16426 = SURFACE_SIDE_STYLE('',(#16427));
#16427 = SURFACE_STYLE_FILL_AREA(#16428);
#16428 = FILL_AREA_STYLE('',(#16429));
#16429 = FILL_AREA_STYLE_COLOUR('',#12936);
#16430 = CURVE_STYLE('',#16431,POSITIVE_LENGTH_MEASURE(0.1),#12939);
#16431 = DRAUGHTING_PRE_DEFINED_CURVE_FONT('continuous');
#16432 = MECHANICAL_DESIGN_GEOMETRIC_PRESENTATION_REPRESENTATION('',(
    #16433),#1588);
#16433 = STYLED_ITEM('color',(#16434),#1576);
#16434 = PRESENTATION_STYLE_ASSIGNMENT((#16435,#16440));
#16435 = SURFACE_STYLE_USAGE(.BOTH.,#16436);
#16436 = SURFACE_SIDE_STYLE('',(#16437));
#16437 = SURFACE_STYLE_FILL_AREA(#16438);
#16438 = FILL_AREA_STYLE('',(#16439));
#16439 = FILL_AREA_STYLE_COLOUR('',#12936);
#16440 = CURVE_STYLE('',#16441,POSITIVE_LENGTH_MEASURE(0.1),#12939);
#16441 = DRAUGHTING_PRE_DEFINED_CURVE_FONT('continuous');
#16442 = MECHANICAL_DESIGN_GEOMETRIC_PRESENTATION_REPRESENTATION('',(
    #16443),#9431);
#16443 = STYLED_ITEM('color',(#16444),#9419);
#16444 = PRESENTATION_STYLE_ASSIGNMENT((#16445,#16450));
#16445 = SURFACE_STYLE_USAGE(.BOTH.,#16446);
#16446 = SURFACE_SIDE_STYLE('',(#16447));
#16447 = SURFACE_STYLE_FILL_AREA(#16448);
#16448 = FILL_AREA_STYLE('',(#16449));
#16449 = FILL_AREA_STYLE_COLOUR('',#12936);
#16450 = CURVE_STYLE('',#16451,POSITIVE_LENGTH_MEASURE(0.1),#12939);
#16451 = DRAUGHTING_PRE_DEFINED_CURVE_FONT('continuous');
#16452 = MECHANICAL_DESIGN_GEOMETRIC_PRESENTATION_REPRESENTATION('',(
    #16453),#8470);
#16453 = STYLED_ITEM('color',(#16454),#8458);
#16454 = PRESENTATION_STYLE_ASSIGNMENT((#16455,#16460));
#16455 = SURFACE_STYLE_USAGE(.BOTH.,#16456);
#16456 = SURFACE_SIDE_STYLE('',(#16457));
#16457 = SURFACE_STYLE_FILL_AREA(#16458);
#16458 = FILL_AREA_STYLE('',(#16459));
#16459 = FILL_AREA_STYLE_COLOUR('',#12936);
#16460 = CURVE_STYLE('',#16461,POSITIVE_LENGTH_MEASURE(0.1),#12939);
#16461 = DRAUGHTING_PRE_DEFINED_CURVE_FONT('continuous');
#16462 = MECHANICAL_DESIGN_GEOMETRIC_PRESENTATION_REPRESENTATION('',(
    #16463),#3665);
#16463 = STYLED_ITEM('color',(#16464),#3653);
#16464 = PRESENTATION_STYLE_ASSIGNMENT((#16465,#16470));
#16465 = SURFACE_STYLE_USAGE(.BOTH.,#16466);
#16466 = SURFACE_SIDE_STYLE('',(#16467));
#16467 = SURFACE_STYLE_FILL_AREA(#16468);
#16468 = FILL_AREA_STYLE('',(#16469));
#16469 = FILL_AREA_STYLE_COLOUR('',#12936);
#16470 = CURVE_STYLE('',#16471,POSITIVE_LENGTH_MEASURE(0.1),#12939);
#16471 = DRAUGHTING_PRE_DEFINED_CURVE_FONT('continuous');
#16472 = MECHANICAL_DESIGN_GEOMETRIC_PRESENTATION_REPRESENTATION('',(
    #16473),#5029);
#16473 = STYLED_ITEM('color',(#16474),#5017);
#16474 = PRESENTATION_STYLE_ASSIGNMENT((#16475,#16480));
#16475 = SURFACE_STYLE_USAGE(.BOTH.,#16476);
#16476 = SURFACE_SIDE_STYLE('',(#16477));
#16477 = SURFACE_STYLE_FILL_AREA(#16478);
#16478 = FILL_AREA_STYLE('',(#16479));
#16479 = FILL_AREA_STYLE_COLOUR('',#12936);
#16480 = CURVE_STYLE('',#16481,POSITIVE_LENGTH_MEASURE(0.1),#12939);
#16481 = DRAUGHTING_PRE_DEFINED_CURVE_FONT('continuous');
#16482 = MECHANICAL_DESIGN_GEOMETRIC_PRESENTATION_REPRESENTATION('',(
    #16483),#6114);
#16483 = STYLED_ITEM('color',(#16484),#6102);
#16484 = PRESENTATION_STYLE_ASSIGNMENT((#16485,#16490));
#16485 = SURFACE_STYLE_USAGE(.BOTH.,#16486);
#16486 = SURFACE_SIDE_STYLE('',(#16487));
#16487 = SURFACE_STYLE_FILL_AREA(#16488);
#16488 = FILL_AREA_STYLE('',(#16489));
#16489 = FILL_AREA_STYLE_COLOUR('',#12936);
#16490 = CURVE_STYLE('',#16491,POSITIVE_LENGTH_MEASURE(0.1),#12939);
#16491 = DRAUGHTING_PRE_DEFINED_CURVE_FONT('continuous');
#16492 = MECHANICAL_DESIGN_GEOMETRIC_PRESENTATION_REPRESENTATION('',(
    #16493),#4812);
#16493 = STYLED_ITEM('color',(#16494),#4800);
#16494 = PRESENTATION_STYLE_ASSIGNMENT((#16495,#16500));
#16495 = SURFACE_STYLE_USAGE(.BOTH.,#16496);
#16496 = SURFACE_SIDE_STYLE('',(#16497));
#16497 = SURFACE_STYLE_FILL_AREA(#16498);
#16498 = FILL_AREA_STYLE('',(#16499));
#16499 = FILL_AREA_STYLE_COLOUR('',#12936);
#16500 = CURVE_STYLE('',#16501,POSITIVE_LENGTH_MEASURE(0.1),#12939);
#16501 = DRAUGHTING_PRE_DEFINED_CURVE_FONT('continuous');
#16502 = MECHANICAL_DESIGN_GEOMETRIC_PRESENTATION_REPRESENTATION('',(
    #16503),#8408);
#16503 = STYLED_ITEM('color',(#16504),#8396);
#16504 = PRESENTATION_STYLE_ASSIGNMENT((#16505,#16510));
#16505 = SURFACE_STYLE_USAGE(.BOTH.,#16506);
#16506 = SURFACE_SIDE_STYLE('',(#16507));
#16507 = SURFACE_STYLE_FILL_AREA(#16508);
#16508 = FILL_AREA_STYLE('',(#16509));
#16509 = FILL_AREA_STYLE_COLOUR('',#12936);
#16510 = CURVE_STYLE('',#16511,POSITIVE_LENGTH_MEASURE(0.1),#12939);
#16511 = DRAUGHTING_PRE_DEFINED_CURVE_FONT('continuous');
#16512 = MECHANICAL_DESIGN_GEOMETRIC_PRESENTATION_REPRESENTATION('',(
    #16513),#11601);
#16513 = STYLED_ITEM('color',(#16514),#11589);
#16514 = PRESENTATION_STYLE_ASSIGNMENT((#16515,#16520));
#16515 = SURFACE_STYLE_USAGE(.BOTH.,#16516);
#16516 = SURFACE_SIDE_STYLE('',(#16517));
#16517 = SURFACE_STYLE_FILL_AREA(#16518);
#16518 = FILL_AREA_STYLE('',(#16519));
#16519 = FILL_AREA_STYLE_COLOUR('',#12936);
#16520 = CURVE_STYLE('',#16521,POSITIVE_LENGTH_MEASURE(0.1),#12939);
#16521 = DRAUGHTING_PRE_DEFINED_CURVE_FONT('continuous');
#16522 = MECHANICAL_DESIGN_GEOMETRIC_PRESENTATION_REPRESENTATION('',(
    #16523),#6455);
#16523 = STYLED_ITEM('color',(#16524),#6443);
#16524 = PRESENTATION_STYLE_ASSIGNMENT((#16525,#16530));
#16525 = SURFACE_STYLE_USAGE(.BOTH.,#16526);
#16526 = SURFACE_SIDE_STYLE('',(#16527));
#16527 = SURFACE_STYLE_FILL_AREA(#16528);
#16528 = FILL_AREA_STYLE('',(#16529));
#16529 = FILL_AREA_STYLE_COLOUR('',#12936);
#16530 = CURVE_STYLE('',#16531,POSITIVE_LENGTH_MEASURE(0.1),#12939);
#16531 = DRAUGHTING_PRE_DEFINED_CURVE_FONT('continuous');
#16532 = MECHANICAL_DESIGN_GEOMETRIC_PRESENTATION_REPRESENTATION('',(
    #16533),#6486);
#16533 = STYLED_ITEM('color',(#16534),#6474);
#16534 = PRESENTATION_STYLE_ASSIGNMENT((#16535,#16540));
#16535 = SURFACE_STYLE_USAGE(.BOTH.,#16536);
#16536 = SURFACE_SIDE_STYLE('',(#16537));
#16537 = SURFACE_STYLE_FILL_AREA(#16538);
#16538 = FILL_AREA_STYLE('',(#16539));
#16539 = FILL_AREA_STYLE_COLOUR('',#12936);
#16540 = CURVE_STYLE('',#16541,POSITIVE_LENGTH_MEASURE(0.1),#12939);
#16541 = DRAUGHTING_PRE_DEFINED_CURVE_FONT('continuous');
#16542 = MECHANICAL_DESIGN_GEOMETRIC_PRESENTATION_REPRESENTATION('',(
    #16543),#2549);
#16543 = STYLED_ITEM('color',(#16544),#2537);
#16544 = PRESENTATION_STYLE_ASSIGNMENT((#16545,#16550));
#16545 = SURFACE_STYLE_USAGE(.BOTH.,#16546);
#16546 = SURFACE_SIDE_STYLE('',(#16547));
#16547 = SURFACE_STYLE_FILL_AREA(#16548);
#16548 = FILL_AREA_STYLE('',(#16549));
#16549 = FILL_AREA_STYLE_COLOUR('',#12936);
#16550 = CURVE_STYLE('',#16551,POSITIVE_LENGTH_MEASURE(0.1),#12939);
#16551 = DRAUGHTING_PRE_DEFINED_CURVE_FONT('continuous');
#16552 = MECHANICAL_DESIGN_GEOMETRIC_PRESENTATION_REPRESENTATION('',(
    #16553),#8997);
#16553 = STYLED_ITEM('color',(#16554),#8985);
#16554 = PRESENTATION_STYLE_ASSIGNMENT((#16555,#16560));
#16555 = SURFACE_STYLE_USAGE(.BOTH.,#16556);
#16556 = SURFACE_SIDE_STYLE('',(#16557));
#16557 = SURFACE_STYLE_FILL_AREA(#16558);
#16558 = FILL_AREA_STYLE('',(#16559));
#16559 = FILL_AREA_STYLE_COLOUR('',#12936);
#16560 = CURVE_STYLE('',#16561,POSITIVE_LENGTH_MEASURE(0.1),#12939);
#16561 = DRAUGHTING_PRE_DEFINED_CURVE_FONT('continuous');
ENDSEC;
END-ISO-10303-21;
