ISO-10303-21;
HEADER;
FILE_DESCRIPTION((''),'2;1');
FILE_NAME('RGT0016J_ASM','2018-10-01T08:55:41',('a0412086'),(''),
'CREO PARAMETRIC BY PTC INC, 2018020','CREO PARAMETRIC BY PTC INC, 2018020','');
FILE_SCHEMA(('AUTOMOTIVE_DESIGN { 1 0 10303 214 1 1 1 1 }'));
ENDSEC;
DATA;
#30=DIRECTION('',(1.E0,0.E0,0.E0));
#31=VECTOR('',#30,1.31E0);
#32=CARTESIAN_POINT('',(-4.8E-1,0.E0,-8.3E-1));
#33=LINE('',#32,#31);
#34=DRAUGHTING_PRE_DEFINED_CURVE_FONT('continuous');
#35=CURVE_STYLE('',#34,POSITIVE_LENGTH_MEASURE(2.E-2),#28);
#36=PRESENTATION_STYLE_ASSIGNMENT((#35));
#37=STYLED_ITEM('',(#36),#33);
#38=DIRECTION('',(0.E0,0.E0,1.E0));
#39=VECTOR('',#38,1.66E0);
#40=CARTESIAN_POINT('',(8.3E-1,0.E0,-8.3E-1));
#41=LINE('',#40,#39);
#42=CURVE_STYLE('',#34,POSITIVE_LENGTH_MEASURE(2.E-2),#28);
#43=PRESENTATION_STYLE_ASSIGNMENT((#42));
#44=STYLED_ITEM('',(#43),#41);
#45=DIRECTION('',(-1.E0,0.E0,0.E0));
#46=VECTOR('',#45,1.66E0);
#47=CARTESIAN_POINT('',(8.3E-1,0.E0,8.3E-1));
#48=LINE('',#47,#46);
#49=CURVE_STYLE('',#34,POSITIVE_LENGTH_MEASURE(2.E-2),#28);
#50=PRESENTATION_STYLE_ASSIGNMENT((#49));
#51=STYLED_ITEM('',(#50),#48);
#52=DIRECTION('',(0.E0,0.E0,-1.E0));
#53=VECTOR('',#52,1.31E0);
#54=CARTESIAN_POINT('',(-8.3E-1,0.E0,8.3E-1));
#55=LINE('',#54,#53);
#56=CURVE_STYLE('',#34,POSITIVE_LENGTH_MEASURE(2.E-2),#28);
#57=PRESENTATION_STYLE_ASSIGNMENT((#56));
#58=STYLED_ITEM('',(#57),#55);
#59=DIRECTION('',(-7.071067811865E-1,0.E0,7.071067811865E-1));
#60=VECTOR('',#59,4.949747468306E-1);
#61=CARTESIAN_POINT('',(-4.8E-1,0.E0,-8.3E-1));
#62=LINE('',#61,#60);
#63=CURVE_STYLE('',#34,POSITIVE_LENGTH_MEASURE(2.E-2),#28);
#64=PRESENTATION_STYLE_ASSIGNMENT((#63));
#65=STYLED_ITEM('',(#64),#62);
#66=DIRECTION('',(-1.E0,0.E0,0.E0));
#67=VECTOR('',#66,5.75E-1);
#68=CARTESIAN_POINT('',(1.45E0,0.E0,1.45E0));
#69=LINE('',#68,#67);
#70=CURVE_STYLE('',#34,POSITIVE_LENGTH_MEASURE(2.E-2),#28);
#71=PRESENTATION_STYLE_ASSIGNMENT((#70));
#72=STYLED_ITEM('',(#71),#69);
#73=DIRECTION('',(0.E0,0.E0,1.E0));
#74=VECTOR('',#73,5.75E-1);
#75=CARTESIAN_POINT('',(1.45E0,0.E0,8.75E-1));
#76=LINE('',#75,#74);
#77=CURVE_STYLE('',#34,POSITIVE_LENGTH_MEASURE(2.E-2),#28);
#78=PRESENTATION_STYLE_ASSIGNMENT((#77));
#79=STYLED_ITEM('',(#78),#76);
#80=DIRECTION('',(-1.E0,0.E0,0.E0));
#81=VECTOR('',#80,2.25E-1);
#82=CARTESIAN_POINT('',(1.45E0,0.E0,8.75E-1));
#83=LINE('',#82,#81);
#84=CURVE_STYLE('',#34,POSITIVE_LENGTH_MEASURE(2.E-2),#28);
#85=PRESENTATION_STYLE_ASSIGNMENT((#84));
#86=STYLED_ITEM('',(#85),#83);
#87=CARTESIAN_POINT('',(1.225E0,0.E0,7.5E-1));
#88=DIRECTION('',(0.E0,1.E0,0.E0));
#89=DIRECTION('',(0.E0,0.E0,-1.E0));
#90=AXIS2_PLACEMENT_3D('',#87,#88,#89);
#92=CURVE_STYLE('',#34,POSITIVE_LENGTH_MEASURE(2.E-2),#28);
#93=PRESENTATION_STYLE_ASSIGNMENT((#92));
#94=STYLED_ITEM('',(#93),#91);
#95=DIRECTION('',(-1.E0,0.E0,0.E0));
#96=VECTOR('',#95,2.25E-1);
#97=CARTESIAN_POINT('',(1.45E0,0.E0,6.25E-1));
#98=LINE('',#97,#96);
#99=CURVE_STYLE('',#34,POSITIVE_LENGTH_MEASURE(2.E-2),#28);
#100=PRESENTATION_STYLE_ASSIGNMENT((#99));
#101=STYLED_ITEM('',(#100),#98);
#102=DIRECTION('',(0.E0,0.E0,1.E0));
#103=VECTOR('',#102,2.5E-1);
#104=CARTESIAN_POINT('',(1.45E0,0.E0,3.75E-1));
#105=LINE('',#104,#103);
#106=CURVE_STYLE('',#34,POSITIVE_LENGTH_MEASURE(2.E-2),#28);
#107=PRESENTATION_STYLE_ASSIGNMENT((#106));
#108=STYLED_ITEM('',(#107),#105);
#109=DIRECTION('',(-1.E0,0.E0,0.E0));
#110=VECTOR('',#109,2.25E-1);
#111=CARTESIAN_POINT('',(1.45E0,0.E0,3.75E-1));
#112=LINE('',#111,#110);
#113=CURVE_STYLE('',#34,POSITIVE_LENGTH_MEASURE(2.E-2),#28);
#114=PRESENTATION_STYLE_ASSIGNMENT((#113));
#115=STYLED_ITEM('',(#114),#112);
#116=CARTESIAN_POINT('',(1.225E0,0.E0,2.5E-1));
#117=DIRECTION('',(0.E0,1.E0,0.E0));
#118=DIRECTION('',(0.E0,0.E0,-1.E0));
#119=AXIS2_PLACEMENT_3D('',#116,#117,#118);
#121=CURVE_STYLE('',#34,POSITIVE_LENGTH_MEASURE(2.E-2),#28);
#122=PRESENTATION_STYLE_ASSIGNMENT((#121));
#123=STYLED_ITEM('',(#122),#120);
#124=DIRECTION('',(-1.E0,0.E0,0.E0));
#125=VECTOR('',#124,2.25E-1);
#126=CARTESIAN_POINT('',(1.45E0,0.E0,1.25E-1));
#127=LINE('',#126,#125);
#128=CURVE_STYLE('',#34,POSITIVE_LENGTH_MEASURE(2.E-2),#28);
#129=PRESENTATION_STYLE_ASSIGNMENT((#128));
#130=STYLED_ITEM('',(#129),#127);
#131=DIRECTION('',(0.E0,0.E0,1.E0));
#132=VECTOR('',#131,2.5E-1);
#133=CARTESIAN_POINT('',(1.45E0,0.E0,-1.25E-1));
#134=LINE('',#133,#132);
#135=CURVE_STYLE('',#34,POSITIVE_LENGTH_MEASURE(2.E-2),#28);
#136=PRESENTATION_STYLE_ASSIGNMENT((#135));
#137=STYLED_ITEM('',(#136),#134);
#138=DIRECTION('',(-1.E0,0.E0,0.E0));
#139=VECTOR('',#138,2.25E-1);
#140=CARTESIAN_POINT('',(1.45E0,0.E0,-1.25E-1));
#141=LINE('',#140,#139);
#142=CURVE_STYLE('',#34,POSITIVE_LENGTH_MEASURE(2.E-2),#28);
#143=PRESENTATION_STYLE_ASSIGNMENT((#142));
#144=STYLED_ITEM('',(#143),#141);
#145=CARTESIAN_POINT('',(1.225E0,0.E0,-2.5E-1));
#146=DIRECTION('',(0.E0,1.E0,0.E0));
#147=DIRECTION('',(0.E0,0.E0,-1.E0));
#148=AXIS2_PLACEMENT_3D('',#145,#146,#147);
#150=CURVE_STYLE('',#34,POSITIVE_LENGTH_MEASURE(2.E-2),#28);
#151=PRESENTATION_STYLE_ASSIGNMENT((#150));
#152=STYLED_ITEM('',(#151),#149);
#153=DIRECTION('',(-1.E0,0.E0,0.E0));
#154=VECTOR('',#153,2.25E-1);
#155=CARTESIAN_POINT('',(1.45E0,0.E0,-3.75E-1));
#156=LINE('',#155,#154);
#157=CURVE_STYLE('',#34,POSITIVE_LENGTH_MEASURE(2.E-2),#28);
#158=PRESENTATION_STYLE_ASSIGNMENT((#157));
#159=STYLED_ITEM('',(#158),#156);
#160=DIRECTION('',(0.E0,0.E0,1.E0));
#161=VECTOR('',#160,2.5E-1);
#162=CARTESIAN_POINT('',(1.45E0,0.E0,-6.25E-1));
#163=LINE('',#162,#161);
#164=CURVE_STYLE('',#34,POSITIVE_LENGTH_MEASURE(2.E-2),#28);
#165=PRESENTATION_STYLE_ASSIGNMENT((#164));
#166=STYLED_ITEM('',(#165),#163);
#167=DIRECTION('',(-1.E0,0.E0,0.E0));
#168=VECTOR('',#167,2.25E-1);
#169=CARTESIAN_POINT('',(1.45E0,0.E0,-6.25E-1));
#170=LINE('',#169,#168);
#171=CURVE_STYLE('',#34,POSITIVE_LENGTH_MEASURE(2.E-2),#28);
#172=PRESENTATION_STYLE_ASSIGNMENT((#171));
#173=STYLED_ITEM('',(#172),#170);
#174=CARTESIAN_POINT('',(1.225E0,0.E0,-7.5E-1));
#175=DIRECTION('',(0.E0,1.E0,0.E0));
#176=DIRECTION('',(0.E0,0.E0,-1.E0));
#177=AXIS2_PLACEMENT_3D('',#174,#175,#176);
#179=CURVE_STYLE('',#34,POSITIVE_LENGTH_MEASURE(2.E-2),#28);
#180=PRESENTATION_STYLE_ASSIGNMENT((#179));
#181=STYLED_ITEM('',(#180),#178);
#182=DIRECTION('',(-1.E0,0.E0,0.E0));
#183=VECTOR('',#182,2.25E-1);
#184=CARTESIAN_POINT('',(1.45E0,0.E0,-8.75E-1));
#185=LINE('',#184,#183);
#186=CURVE_STYLE('',#34,POSITIVE_LENGTH_MEASURE(2.E-2),#28);
#187=PRESENTATION_STYLE_ASSIGNMENT((#186));
#188=STYLED_ITEM('',(#187),#185);
#189=DIRECTION('',(0.E0,0.E0,1.E0));
#190=VECTOR('',#189,5.75E-1);
#191=CARTESIAN_POINT('',(1.45E0,0.E0,-1.45E0));
#192=LINE('',#191,#190);
#193=CURVE_STYLE('',#34,POSITIVE_LENGTH_MEASURE(2.E-2),#28);
#194=PRESENTATION_STYLE_ASSIGNMENT((#193));
#195=STYLED_ITEM('',(#194),#192);
#196=DIRECTION('',(1.E0,0.E0,0.E0));
#197=VECTOR('',#196,5.75E-1);
#198=CARTESIAN_POINT('',(8.75E-1,0.E0,-1.45E0));
#199=LINE('',#198,#197);
#200=CURVE_STYLE('',#34,POSITIVE_LENGTH_MEASURE(2.E-2),#28);
#201=PRESENTATION_STYLE_ASSIGNMENT((#200));
#202=STYLED_ITEM('',(#201),#199);
#203=DIRECTION('',(0.E0,0.E0,1.E0));
#204=VECTOR('',#203,2.25E-1);
#205=CARTESIAN_POINT('',(8.75E-1,0.E0,-1.45E0));
#206=LINE('',#205,#204);
#207=CURVE_STYLE('',#34,POSITIVE_LENGTH_MEASURE(2.E-2),#28);
#208=PRESENTATION_STYLE_ASSIGNMENT((#207));
#209=STYLED_ITEM('',(#208),#206);
#210=CARTESIAN_POINT('',(7.5E-1,0.E0,-1.225E0));
#211=DIRECTION('',(0.E0,1.E0,0.E0));
#212=DIRECTION('',(-1.E0,0.E0,0.E0));
#213=AXIS2_PLACEMENT_3D('',#210,#211,#212);
#215=CURVE_STYLE('',#34,POSITIVE_LENGTH_MEASURE(2.E-2),#28);
#216=PRESENTATION_STYLE_ASSIGNMENT((#215));
#217=STYLED_ITEM('',(#216),#214);
#218=DIRECTION('',(0.E0,0.E0,1.E0));
#219=VECTOR('',#218,2.25E-1);
#220=CARTESIAN_POINT('',(6.25E-1,0.E0,-1.45E0));
#221=LINE('',#220,#219);
#222=CURVE_STYLE('',#34,POSITIVE_LENGTH_MEASURE(2.E-2),#28);
#223=PRESENTATION_STYLE_ASSIGNMENT((#222));
#224=STYLED_ITEM('',(#223),#221);
#225=DIRECTION('',(1.E0,0.E0,0.E0));
#226=VECTOR('',#225,2.5E-1);
#227=CARTESIAN_POINT('',(3.75E-1,0.E0,-1.45E0));
#228=LINE('',#227,#226);
#229=CURVE_STYLE('',#34,POSITIVE_LENGTH_MEASURE(2.E-2),#28);
#230=PRESENTATION_STYLE_ASSIGNMENT((#229));
#231=STYLED_ITEM('',(#230),#228);
#232=DIRECTION('',(0.E0,0.E0,1.E0));
#233=VECTOR('',#232,2.25E-1);
#234=CARTESIAN_POINT('',(3.75E-1,0.E0,-1.45E0));
#235=LINE('',#234,#233);
#236=CURVE_STYLE('',#34,POSITIVE_LENGTH_MEASURE(2.E-2),#28);
#237=PRESENTATION_STYLE_ASSIGNMENT((#236));
#238=STYLED_ITEM('',(#237),#235);
#239=CARTESIAN_POINT('',(2.5E-1,0.E0,-1.225E0));
#240=DIRECTION('',(0.E0,1.E0,0.E0));
#241=DIRECTION('',(-1.E0,0.E0,0.E0));
#242=AXIS2_PLACEMENT_3D('',#239,#240,#241);
#244=CURVE_STYLE('',#34,POSITIVE_LENGTH_MEASURE(2.E-2),#28);
#245=PRESENTATION_STYLE_ASSIGNMENT((#244));
#246=STYLED_ITEM('',(#245),#243);
#247=DIRECTION('',(0.E0,0.E0,1.E0));
#248=VECTOR('',#247,2.25E-1);
#249=CARTESIAN_POINT('',(1.25E-1,0.E0,-1.45E0));
#250=LINE('',#249,#248);
#251=CURVE_STYLE('',#34,POSITIVE_LENGTH_MEASURE(2.E-2),#28);
#252=PRESENTATION_STYLE_ASSIGNMENT((#251));
#253=STYLED_ITEM('',(#252),#250);
#254=DIRECTION('',(1.E0,0.E0,0.E0));
#255=VECTOR('',#254,2.5E-1);
#256=CARTESIAN_POINT('',(-1.25E-1,0.E0,-1.45E0));
#257=LINE('',#256,#255);
#258=CURVE_STYLE('',#34,POSITIVE_LENGTH_MEASURE(2.E-2),#28);
#259=PRESENTATION_STYLE_ASSIGNMENT((#258));
#260=STYLED_ITEM('',(#259),#257);
#261=DIRECTION('',(0.E0,0.E0,1.E0));
#262=VECTOR('',#261,2.25E-1);
#263=CARTESIAN_POINT('',(-1.25E-1,0.E0,-1.45E0));
#264=LINE('',#263,#262);
#265=CURVE_STYLE('',#34,POSITIVE_LENGTH_MEASURE(2.E-2),#28);
#266=PRESENTATION_STYLE_ASSIGNMENT((#265));
#267=STYLED_ITEM('',(#266),#264);
#268=CARTESIAN_POINT('',(-2.5E-1,0.E0,-1.225E0));
#269=DIRECTION('',(0.E0,1.E0,0.E0));
#270=DIRECTION('',(-1.E0,0.E0,0.E0));
#271=AXIS2_PLACEMENT_3D('',#268,#269,#270);
#273=CURVE_STYLE('',#34,POSITIVE_LENGTH_MEASURE(2.E-2),#28);
#274=PRESENTATION_STYLE_ASSIGNMENT((#273));
#275=STYLED_ITEM('',(#274),#272);
#276=DIRECTION('',(0.E0,0.E0,1.E0));
#277=VECTOR('',#276,2.25E-1);
#278=CARTESIAN_POINT('',(-3.75E-1,0.E0,-1.45E0));
#279=LINE('',#278,#277);
#280=CURVE_STYLE('',#34,POSITIVE_LENGTH_MEASURE(2.E-2),#28);
#281=PRESENTATION_STYLE_ASSIGNMENT((#280));
#282=STYLED_ITEM('',(#281),#279);
#283=DIRECTION('',(1.E0,0.E0,0.E0));
#284=VECTOR('',#283,2.5E-1);
#285=CARTESIAN_POINT('',(-6.25E-1,0.E0,-1.45E0));
#286=LINE('',#285,#284);
#287=CURVE_STYLE('',#34,POSITIVE_LENGTH_MEASURE(2.E-2),#28);
#288=PRESENTATION_STYLE_ASSIGNMENT((#287));
#289=STYLED_ITEM('',(#288),#286);
#290=DIRECTION('',(0.E0,0.E0,1.E0));
#291=VECTOR('',#290,2.25E-1);
#292=CARTESIAN_POINT('',(-6.25E-1,0.E0,-1.45E0));
#293=LINE('',#292,#291);
#294=CURVE_STYLE('',#34,POSITIVE_LENGTH_MEASURE(2.E-2),#28);
#295=PRESENTATION_STYLE_ASSIGNMENT((#294));
#296=STYLED_ITEM('',(#295),#293);
#297=CARTESIAN_POINT('',(-7.5E-1,0.E0,-1.225E0));
#298=DIRECTION('',(0.E0,1.E0,0.E0));
#299=DIRECTION('',(-1.E0,0.E0,0.E0));
#300=AXIS2_PLACEMENT_3D('',#297,#298,#299);
#302=CURVE_STYLE('',#34,POSITIVE_LENGTH_MEASURE(2.E-2),#28);
#303=PRESENTATION_STYLE_ASSIGNMENT((#302));
#304=STYLED_ITEM('',(#303),#301);
#305=DIRECTION('',(0.E0,0.E0,1.E0));
#306=VECTOR('',#305,2.25E-1);
#307=CARTESIAN_POINT('',(-8.75E-1,0.E0,-1.45E0));
#308=LINE('',#307,#306);
#309=CURVE_STYLE('',#34,POSITIVE_LENGTH_MEASURE(2.E-2),#28);
#310=PRESENTATION_STYLE_ASSIGNMENT((#309));
#311=STYLED_ITEM('',(#310),#308);
#312=DIRECTION('',(1.E0,0.E0,0.E0));
#313=VECTOR('',#312,5.75E-1);
#314=CARTESIAN_POINT('',(-1.45E0,0.E0,-1.45E0));
#315=LINE('',#314,#313);
#316=CURVE_STYLE('',#34,POSITIVE_LENGTH_MEASURE(2.E-2),#28);
#317=PRESENTATION_STYLE_ASSIGNMENT((#316));
#318=STYLED_ITEM('',(#317),#315);
#319=DIRECTION('',(0.E0,0.E0,-1.E0));
#320=VECTOR('',#319,5.75E-1);
#321=CARTESIAN_POINT('',(-1.45E0,0.E0,-8.75E-1));
#322=LINE('',#321,#320);
#323=CURVE_STYLE('',#34,POSITIVE_LENGTH_MEASURE(2.E-2),#28);
#324=PRESENTATION_STYLE_ASSIGNMENT((#323));
#325=STYLED_ITEM('',(#324),#322);
#326=DIRECTION('',(1.E0,0.E0,0.E0));
#327=VECTOR('',#326,2.25E-1);
#328=CARTESIAN_POINT('',(-1.45E0,0.E0,-8.75E-1));
#329=LINE('',#328,#327);
#330=CURVE_STYLE('',#34,POSITIVE_LENGTH_MEASURE(2.E-2),#28);
#331=PRESENTATION_STYLE_ASSIGNMENT((#330));
#332=STYLED_ITEM('',(#331),#329);
#333=CARTESIAN_POINT('',(-1.225E0,0.E0,-7.5E-1));
#334=DIRECTION('',(0.E0,-1.E0,0.E0));
#335=DIRECTION('',(0.E0,0.E0,-1.E0));
#336=AXIS2_PLACEMENT_3D('',#333,#334,#335);
#338=CURVE_STYLE('',#34,POSITIVE_LENGTH_MEASURE(2.E-2),#28);
#339=PRESENTATION_STYLE_ASSIGNMENT((#338));
#340=STYLED_ITEM('',(#339),#337);
#341=DIRECTION('',(1.E0,0.E0,0.E0));
#342=VECTOR('',#341,2.25E-1);
#343=CARTESIAN_POINT('',(-1.45E0,0.E0,-6.25E-1));
#344=LINE('',#343,#342);
#345=CURVE_STYLE('',#34,POSITIVE_LENGTH_MEASURE(2.E-2),#28);
#346=PRESENTATION_STYLE_ASSIGNMENT((#345));
#347=STYLED_ITEM('',(#346),#344);
#348=DIRECTION('',(0.E0,0.E0,-1.E0));
#349=VECTOR('',#348,2.5E-1);
#350=CARTESIAN_POINT('',(-1.45E0,0.E0,-3.75E-1));
#351=LINE('',#350,#349);
#352=CURVE_STYLE('',#34,POSITIVE_LENGTH_MEASURE(2.E-2),#28);
#353=PRESENTATION_STYLE_ASSIGNMENT((#352));
#354=STYLED_ITEM('',(#353),#351);
#355=DIRECTION('',(1.E0,0.E0,0.E0));
#356=VECTOR('',#355,2.25E-1);
#357=CARTESIAN_POINT('',(-1.45E0,0.E0,-3.75E-1));
#358=LINE('',#357,#356);
#359=CURVE_STYLE('',#34,POSITIVE_LENGTH_MEASURE(2.E-2),#28);
#360=PRESENTATION_STYLE_ASSIGNMENT((#359));
#361=STYLED_ITEM('',(#360),#358);
#362=CARTESIAN_POINT('',(-1.225E0,0.E0,-2.5E-1));
#363=DIRECTION('',(0.E0,-1.E0,0.E0));
#364=DIRECTION('',(0.E0,0.E0,-1.E0));
#365=AXIS2_PLACEMENT_3D('',#362,#363,#364);
#367=CURVE_STYLE('',#34,POSITIVE_LENGTH_MEASURE(2.E-2),#28);
#368=PRESENTATION_STYLE_ASSIGNMENT((#367));
#369=STYLED_ITEM('',(#368),#366);
#370=DIRECTION('',(1.E0,0.E0,0.E0));
#371=VECTOR('',#370,2.25E-1);
#372=CARTESIAN_POINT('',(-1.45E0,0.E0,-1.25E-1));
#373=LINE('',#372,#371);
#374=CURVE_STYLE('',#34,POSITIVE_LENGTH_MEASURE(2.E-2),#28);
#375=PRESENTATION_STYLE_ASSIGNMENT((#374));
#376=STYLED_ITEM('',(#375),#373);
#377=DIRECTION('',(0.E0,0.E0,-1.E0));
#378=VECTOR('',#377,2.5E-1);
#379=CARTESIAN_POINT('',(-1.45E0,0.E0,1.25E-1));
#380=LINE('',#379,#378);
#381=CURVE_STYLE('',#34,POSITIVE_LENGTH_MEASURE(2.E-2),#28);
#382=PRESENTATION_STYLE_ASSIGNMENT((#381));
#383=STYLED_ITEM('',(#382),#380);
#384=DIRECTION('',(1.E0,0.E0,0.E0));
#385=VECTOR('',#384,2.25E-1);
#386=CARTESIAN_POINT('',(-1.45E0,0.E0,1.25E-1));
#387=LINE('',#386,#385);
#388=CURVE_STYLE('',#34,POSITIVE_LENGTH_MEASURE(2.E-2),#28);
#389=PRESENTATION_STYLE_ASSIGNMENT((#388));
#390=STYLED_ITEM('',(#389),#387);
#391=CARTESIAN_POINT('',(-1.225E0,0.E0,2.5E-1));
#392=DIRECTION('',(0.E0,-1.E0,0.E0));
#393=DIRECTION('',(0.E0,0.E0,-1.E0));
#394=AXIS2_PLACEMENT_3D('',#391,#392,#393);
#396=CURVE_STYLE('',#34,POSITIVE_LENGTH_MEASURE(2.E-2),#28);
#397=PRESENTATION_STYLE_ASSIGNMENT((#396));
#398=STYLED_ITEM('',(#397),#395);
#399=DIRECTION('',(1.E0,0.E0,0.E0));
#400=VECTOR('',#399,2.25E-1);
#401=CARTESIAN_POINT('',(-1.45E0,0.E0,3.75E-1));
#402=LINE('',#401,#400);
#403=CURVE_STYLE('',#34,POSITIVE_LENGTH_MEASURE(2.E-2),#28);
#404=PRESENTATION_STYLE_ASSIGNMENT((#403));
#405=STYLED_ITEM('',(#404),#402);
#406=DIRECTION('',(0.E0,0.E0,-1.E0));
#407=VECTOR('',#406,2.5E-1);
#408=CARTESIAN_POINT('',(-1.45E0,0.E0,6.25E-1));
#409=LINE('',#408,#407);
#410=CURVE_STYLE('',#34,POSITIVE_LENGTH_MEASURE(2.E-2),#28);
#411=PRESENTATION_STYLE_ASSIGNMENT((#410));
#412=STYLED_ITEM('',(#411),#409);
#413=DIRECTION('',(1.E0,0.E0,0.E0));
#414=VECTOR('',#413,2.25E-1);
#415=CARTESIAN_POINT('',(-1.45E0,0.E0,6.25E-1));
#416=LINE('',#415,#414);
#417=CURVE_STYLE('',#34,POSITIVE_LENGTH_MEASURE(2.E-2),#28);
#418=PRESENTATION_STYLE_ASSIGNMENT((#417));
#419=STYLED_ITEM('',(#418),#416);
#420=CARTESIAN_POINT('',(-1.225E0,0.E0,7.5E-1));
#421=DIRECTION('',(0.E0,-1.E0,0.E0));
#422=DIRECTION('',(0.E0,0.E0,-1.E0));
#423=AXIS2_PLACEMENT_3D('',#420,#421,#422);
#425=CURVE_STYLE('',#34,POSITIVE_LENGTH_MEASURE(2.E-2),#28);
#426=PRESENTATION_STYLE_ASSIGNMENT((#425));
#427=STYLED_ITEM('',(#426),#424);
#428=DIRECTION('',(1.E0,0.E0,0.E0));
#429=VECTOR('',#428,2.25E-1);
#430=CARTESIAN_POINT('',(-1.45E0,0.E0,8.75E-1));
#431=LINE('',#430,#429);
#432=CURVE_STYLE('',#34,POSITIVE_LENGTH_MEASURE(2.E-2),#28);
#433=PRESENTATION_STYLE_ASSIGNMENT((#432));
#434=STYLED_ITEM('',(#433),#431);
#435=DIRECTION('',(0.E0,0.E0,-1.E0));
#436=VECTOR('',#435,5.75E-1);
#437=CARTESIAN_POINT('',(-1.45E0,0.E0,1.45E0));
#438=LINE('',#437,#436);
#439=CURVE_STYLE('',#34,POSITIVE_LENGTH_MEASURE(2.E-2),#28);
#440=PRESENTATION_STYLE_ASSIGNMENT((#439));
#441=STYLED_ITEM('',(#440),#438);
#442=DIRECTION('',(-1.E0,0.E0,0.E0));
#443=VECTOR('',#442,5.75E-1);
#444=CARTESIAN_POINT('',(-8.75E-1,0.E0,1.45E0));
#445=LINE('',#444,#443);
#446=CURVE_STYLE('',#34,POSITIVE_LENGTH_MEASURE(2.E-2),#28);
#447=PRESENTATION_STYLE_ASSIGNMENT((#446));
#448=STYLED_ITEM('',(#447),#445);
#449=DIRECTION('',(0.E0,0.E0,-1.E0));
#450=VECTOR('',#449,2.25E-1);
#451=CARTESIAN_POINT('',(-8.75E-1,0.E0,1.45E0));
#452=LINE('',#451,#450);
#453=CURVE_STYLE('',#34,POSITIVE_LENGTH_MEASURE(2.E-2),#28);
#454=PRESENTATION_STYLE_ASSIGNMENT((#453));
#455=STYLED_ITEM('',(#454),#452);
#456=CARTESIAN_POINT('',(-7.5E-1,0.E0,1.225E0));
#457=DIRECTION('',(0.E0,-1.E0,0.E0));
#458=DIRECTION('',(-1.E0,0.E0,0.E0));
#459=AXIS2_PLACEMENT_3D('',#456,#457,#458);
#461=CURVE_STYLE('',#34,POSITIVE_LENGTH_MEASURE(2.E-2),#28);
#462=PRESENTATION_STYLE_ASSIGNMENT((#461));
#463=STYLED_ITEM('',(#462),#460);
#464=DIRECTION('',(0.E0,0.E0,-1.E0));
#465=VECTOR('',#464,2.25E-1);
#466=CARTESIAN_POINT('',(-6.25E-1,0.E0,1.45E0));
#467=LINE('',#466,#465);
#468=CURVE_STYLE('',#34,POSITIVE_LENGTH_MEASURE(2.E-2),#28);
#469=PRESENTATION_STYLE_ASSIGNMENT((#468));
#470=STYLED_ITEM('',(#469),#467);
#471=DIRECTION('',(-1.E0,0.E0,0.E0));
#472=VECTOR('',#471,2.5E-1);
#473=CARTESIAN_POINT('',(-3.75E-1,0.E0,1.45E0));
#474=LINE('',#473,#472);
#475=CURVE_STYLE('',#34,POSITIVE_LENGTH_MEASURE(2.E-2),#28);
#476=PRESENTATION_STYLE_ASSIGNMENT((#475));
#477=STYLED_ITEM('',(#476),#474);
#478=DIRECTION('',(0.E0,0.E0,-1.E0));
#479=VECTOR('',#478,2.25E-1);
#480=CARTESIAN_POINT('',(-3.75E-1,0.E0,1.45E0));
#481=LINE('',#480,#479);
#482=CURVE_STYLE('',#34,POSITIVE_LENGTH_MEASURE(2.E-2),#28);
#483=PRESENTATION_STYLE_ASSIGNMENT((#482));
#484=STYLED_ITEM('',(#483),#481);
#485=CARTESIAN_POINT('',(-2.5E-1,0.E0,1.225E0));
#486=DIRECTION('',(0.E0,-1.E0,0.E0));
#487=DIRECTION('',(-1.E0,0.E0,0.E0));
#488=AXIS2_PLACEMENT_3D('',#485,#486,#487);
#490=CURVE_STYLE('',#34,POSITIVE_LENGTH_MEASURE(2.E-2),#28);
#491=PRESENTATION_STYLE_ASSIGNMENT((#490));
#492=STYLED_ITEM('',(#491),#489);
#493=DIRECTION('',(0.E0,0.E0,-1.E0));
#494=VECTOR('',#493,2.25E-1);
#495=CARTESIAN_POINT('',(-1.25E-1,0.E0,1.45E0));
#496=LINE('',#495,#494);
#497=CURVE_STYLE('',#34,POSITIVE_LENGTH_MEASURE(2.E-2),#28);
#498=PRESENTATION_STYLE_ASSIGNMENT((#497));
#499=STYLED_ITEM('',(#498),#496);
#500=DIRECTION('',(-1.E0,0.E0,0.E0));
#501=VECTOR('',#500,2.5E-1);
#502=CARTESIAN_POINT('',(1.25E-1,0.E0,1.45E0));
#503=LINE('',#502,#501);
#504=CURVE_STYLE('',#34,POSITIVE_LENGTH_MEASURE(2.E-2),#28);
#505=PRESENTATION_STYLE_ASSIGNMENT((#504));
#506=STYLED_ITEM('',(#505),#503);
#507=DIRECTION('',(0.E0,0.E0,-1.E0));
#508=VECTOR('',#507,2.25E-1);
#509=CARTESIAN_POINT('',(1.25E-1,0.E0,1.45E0));
#510=LINE('',#509,#508);
#511=CURVE_STYLE('',#34,POSITIVE_LENGTH_MEASURE(2.E-2),#28);
#512=PRESENTATION_STYLE_ASSIGNMENT((#511));
#513=STYLED_ITEM('',(#512),#510);
#514=CARTESIAN_POINT('',(2.5E-1,0.E0,1.225E0));
#515=DIRECTION('',(0.E0,-1.E0,0.E0));
#516=DIRECTION('',(-1.E0,0.E0,0.E0));
#517=AXIS2_PLACEMENT_3D('',#514,#515,#516);
#519=CURVE_STYLE('',#34,POSITIVE_LENGTH_MEASURE(2.E-2),#28);
#520=PRESENTATION_STYLE_ASSIGNMENT((#519));
#521=STYLED_ITEM('',(#520),#518);
#522=DIRECTION('',(0.E0,0.E0,-1.E0));
#523=VECTOR('',#522,2.25E-1);
#524=CARTESIAN_POINT('',(3.75E-1,0.E0,1.45E0));
#525=LINE('',#524,#523);
#526=CURVE_STYLE('',#34,POSITIVE_LENGTH_MEASURE(2.E-2),#28);
#527=PRESENTATION_STYLE_ASSIGNMENT((#526));
#528=STYLED_ITEM('',(#527),#525);
#529=DIRECTION('',(-1.E0,0.E0,0.E0));
#530=VECTOR('',#529,2.5E-1);
#531=CARTESIAN_POINT('',(6.25E-1,0.E0,1.45E0));
#532=LINE('',#531,#530);
#533=CURVE_STYLE('',#34,POSITIVE_LENGTH_MEASURE(2.E-2),#28);
#534=PRESENTATION_STYLE_ASSIGNMENT((#533));
#535=STYLED_ITEM('',(#534),#532);
#536=DIRECTION('',(0.E0,0.E0,-1.E0));
#537=VECTOR('',#536,2.25E-1);
#538=CARTESIAN_POINT('',(6.25E-1,0.E0,1.45E0));
#539=LINE('',#538,#537);
#540=CURVE_STYLE('',#34,POSITIVE_LENGTH_MEASURE(2.E-2),#28);
#541=PRESENTATION_STYLE_ASSIGNMENT((#540));
#542=STYLED_ITEM('',(#541),#539);
#543=CARTESIAN_POINT('',(7.5E-1,0.E0,1.225E0));
#544=DIRECTION('',(0.E0,-1.E0,0.E0));
#545=DIRECTION('',(-1.E0,0.E0,0.E0));
#546=AXIS2_PLACEMENT_3D('',#543,#544,#545);
#548=CURVE_STYLE('',#34,POSITIVE_LENGTH_MEASURE(2.E-2),#28);
#549=PRESENTATION_STYLE_ASSIGNMENT((#548));
#550=STYLED_ITEM('',(#549),#547);
#551=DIRECTION('',(0.E0,0.E0,-1.E0));
#552=VECTOR('',#551,2.25E-1);
#553=CARTESIAN_POINT('',(8.75E-1,0.E0,1.45E0));
#554=LINE('',#553,#552);
#555=CURVE_STYLE('',#34,POSITIVE_LENGTH_MEASURE(2.E-2),#28);
#556=PRESENTATION_STYLE_ASSIGNMENT((#555));
#557=STYLED_ITEM('',(#556),#554);
#558=DIRECTION('',(0.E0,1.E0,0.E0));
#559=VECTOR('',#558,7.5E-2);
#560=CARTESIAN_POINT('',(-4.8E-1,0.E0,-8.3E-1));
#561=LINE('',#560,#559);
#562=CURVE_STYLE('',#34,POSITIVE_LENGTH_MEASURE(2.E-2),#28);
#563=PRESENTATION_STYLE_ASSIGNMENT((#562));
#564=STYLED_ITEM('',(#563),#561);
#565=DIRECTION('',(-7.071067811865E-1,0.E0,7.071067811865E-1));
#566=VECTOR('',#565,4.949747468306E-1);
#567=CARTESIAN_POINT('',(-4.8E-1,7.5E-2,-8.3E-1));
#568=LINE('',#567,#566);
#569=CURVE_STYLE('',#34,POSITIVE_LENGTH_MEASURE(2.E-2),#28);
#570=PRESENTATION_STYLE_ASSIGNMENT((#569));
#571=STYLED_ITEM('',(#570),#568);
#572=DIRECTION('',(0.E0,-1.E0,0.E0));
#573=VECTOR('',#572,7.5E-2);
#574=CARTESIAN_POINT('',(-8.3E-1,7.5E-2,8.3E-1));
#575=LINE('',#574,#573);
#576=CURVE_STYLE('',#34,POSITIVE_LENGTH_MEASURE(2.E-2),#28);
#577=PRESENTATION_STYLE_ASSIGNMENT((#576));
#578=STYLED_ITEM('',(#577),#575);
#579=DIRECTION('',(0.E0,1.E0,0.E0));
#580=VECTOR('',#579,7.5E-2);
#581=CARTESIAN_POINT('',(-8.3E-1,0.E0,-4.8E-1));
#582=LINE('',#581,#580);
#583=CURVE_STYLE('',#34,POSITIVE_LENGTH_MEASURE(2.E-2),#28);
#584=PRESENTATION_STYLE_ASSIGNMENT((#583));
#585=STYLED_ITEM('',(#584),#582);
#586=DIRECTION('',(0.E0,-1.E0,0.E0));
#587=VECTOR('',#586,7.5E-2);
#588=CARTESIAN_POINT('',(8.3E-1,7.5E-2,8.3E-1));
#589=LINE('',#588,#587);
#590=CURVE_STYLE('',#34,POSITIVE_LENGTH_MEASURE(2.E-2),#28);
#591=PRESENTATION_STYLE_ASSIGNMENT((#590));
#592=STYLED_ITEM('',(#591),#589);
#593=DIRECTION('',(0.E0,-1.E0,0.E0));
#594=VECTOR('',#593,7.5E-2);
#595=CARTESIAN_POINT('',(8.3E-1,7.5E-2,-8.3E-1));
#596=LINE('',#595,#594);
#597=CURVE_STYLE('',#34,POSITIVE_LENGTH_MEASURE(2.E-2),#28);
#598=PRESENTATION_STYLE_ASSIGNMENT((#597));
#599=STYLED_ITEM('',(#598),#596);
#600=DIRECTION('',(0.E0,0.E0,1.E0));
#601=VECTOR('',#600,1.86E0);
#602=CARTESIAN_POINT('',(-9.3E-1,7.5E-2,-9.3E-1));
#603=LINE('',#602,#601);
#604=CURVE_STYLE('',#34,POSITIVE_LENGTH_MEASURE(2.E-2),#28);
#605=PRESENTATION_STYLE_ASSIGNMENT((#604));
#606=STYLED_ITEM('',(#605),#603);
#607=DIRECTION('',(-1.E0,0.E0,0.E0));
#608=VECTOR('',#607,1.86E0);
#609=CARTESIAN_POINT('',(9.3E-1,7.5E-2,-9.3E-1));
#610=LINE('',#609,#608);
#611=CURVE_STYLE('',#34,POSITIVE_LENGTH_MEASURE(2.E-2),#28);
#612=PRESENTATION_STYLE_ASSIGNMENT((#611));
#613=STYLED_ITEM('',(#612),#610);
#614=DIRECTION('',(0.E0,0.E0,-1.E0));
#615=VECTOR('',#614,1.86E0);
#616=CARTESIAN_POINT('',(9.3E-1,7.5E-2,9.3E-1));
#617=LINE('',#616,#615);
#618=CURVE_STYLE('',#34,POSITIVE_LENGTH_MEASURE(2.E-2),#28);
#619=PRESENTATION_STYLE_ASSIGNMENT((#618));
#620=STYLED_ITEM('',(#619),#617);
#621=DIRECTION('',(1.E0,0.E0,0.E0));
#622=VECTOR('',#621,1.86E0);
#623=CARTESIAN_POINT('',(-9.3E-1,7.5E-2,9.3E-1));
#624=LINE('',#623,#622);
#625=CURVE_STYLE('',#34,POSITIVE_LENGTH_MEASURE(2.E-2),#28);
#626=PRESENTATION_STYLE_ASSIGNMENT((#625));
#627=STYLED_ITEM('',(#626),#624);
#628=DIRECTION('',(0.E0,0.E0,-1.E0));
#629=VECTOR('',#628,1.31E0);
#630=CARTESIAN_POINT('',(-8.3E-1,7.5E-2,8.3E-1));
#631=LINE('',#630,#629);
#632=CURVE_STYLE('',#34,POSITIVE_LENGTH_MEASURE(2.E-2),#28);
#633=PRESENTATION_STYLE_ASSIGNMENT((#632));
#634=STYLED_ITEM('',(#633),#631);
#635=DIRECTION('',(-1.E0,0.E0,0.E0));
#636=VECTOR('',#635,1.66E0);
#637=CARTESIAN_POINT('',(8.3E-1,7.5E-2,8.3E-1));
#638=LINE('',#637,#636);
#639=CURVE_STYLE('',#34,POSITIVE_LENGTH_MEASURE(2.E-2),#28);
#640=PRESENTATION_STYLE_ASSIGNMENT((#639));
#641=STYLED_ITEM('',(#640),#638);
#642=DIRECTION('',(0.E0,0.E0,1.E0));
#643=VECTOR('',#642,1.66E0);
#644=CARTESIAN_POINT('',(8.3E-1,7.5E-2,-8.3E-1));
#645=LINE('',#644,#643);
#646=CURVE_STYLE('',#34,POSITIVE_LENGTH_MEASURE(2.E-2),#28);
#647=PRESENTATION_STYLE_ASSIGNMENT((#646));
#648=STYLED_ITEM('',(#647),#645);
#649=DIRECTION('',(1.E0,0.E0,0.E0));
#650=VECTOR('',#649,1.31E0);
#651=CARTESIAN_POINT('',(-4.8E-1,7.5E-2,-8.3E-1));
#652=LINE('',#651,#650);
#653=CURVE_STYLE('',#34,POSITIVE_LENGTH_MEASURE(2.E-2),#28);
#654=PRESENTATION_STYLE_ASSIGNMENT((#653));
#655=STYLED_ITEM('',(#654),#652);
#656=DIRECTION('',(0.E0,1.E0,0.E0));
#657=VECTOR('',#656,1.E-1);
#658=CARTESIAN_POINT('',(-9.3E-1,7.5E-2,-9.3E-1));
#659=LINE('',#658,#657);
#660=CURVE_STYLE('',#34,POSITIVE_LENGTH_MEASURE(2.E-2),#28);
#661=PRESENTATION_STYLE_ASSIGNMENT((#660));
#662=STYLED_ITEM('',(#661),#659);
#663=DIRECTION('',(0.E0,1.E0,0.E0));
#664=VECTOR('',#663,1.E-1);
#665=CARTESIAN_POINT('',(-9.3E-1,7.5E-2,9.3E-1));
#666=LINE('',#665,#664);
#667=CURVE_STYLE('',#34,POSITIVE_LENGTH_MEASURE(2.E-2),#28);
#668=PRESENTATION_STYLE_ASSIGNMENT((#667));
#669=STYLED_ITEM('',(#668),#666);
#670=DIRECTION('',(0.E0,1.E0,0.E0));
#671=VECTOR('',#670,1.E-1);
#672=CARTESIAN_POINT('',(9.3E-1,7.5E-2,9.3E-1));
#673=LINE('',#672,#671);
#674=CURVE_STYLE('',#34,POSITIVE_LENGTH_MEASURE(2.E-2),#28);
#675=PRESENTATION_STYLE_ASSIGNMENT((#674));
#676=STYLED_ITEM('',(#675),#673);
#677=DIRECTION('',(0.E0,1.E0,0.E0));
#678=VECTOR('',#677,1.E-1);
#679=CARTESIAN_POINT('',(9.3E-1,7.5E-2,-9.3E-1));
#680=LINE('',#679,#678);
#681=CURVE_STYLE('',#34,POSITIVE_LENGTH_MEASURE(2.E-2),#28);
#682=PRESENTATION_STYLE_ASSIGNMENT((#681));
#683=STYLED_ITEM('',(#682),#680);
#684=DIRECTION('',(0.E0,0.E0,1.E0));
#685=VECTOR('',#684,1.86E0);
#686=CARTESIAN_POINT('',(-9.3E-1,1.75E-1,-9.3E-1));
#687=LINE('',#686,#685);
#688=CURVE_STYLE('',#34,POSITIVE_LENGTH_MEASURE(2.E-2),#28);
#689=PRESENTATION_STYLE_ASSIGNMENT((#688));
#690=STYLED_ITEM('',(#689),#687);
#691=DIRECTION('',(1.E0,0.E0,0.E0));
#692=VECTOR('',#691,1.86E0);
#693=CARTESIAN_POINT('',(-9.3E-1,1.75E-1,9.3E-1));
#694=LINE('',#693,#692);
#695=CURVE_STYLE('',#34,POSITIVE_LENGTH_MEASURE(2.E-2),#28);
#696=PRESENTATION_STYLE_ASSIGNMENT((#695));
#697=STYLED_ITEM('',(#696),#694);
#698=DIRECTION('',(0.E0,0.E0,-1.E0));
#699=VECTOR('',#698,1.86E0);
#700=CARTESIAN_POINT('',(9.3E-1,1.75E-1,9.3E-1));
#701=LINE('',#700,#699);
#702=CURVE_STYLE('',#34,POSITIVE_LENGTH_MEASURE(2.E-2),#28);
#703=PRESENTATION_STYLE_ASSIGNMENT((#702));
#704=STYLED_ITEM('',(#703),#701);
#705=DIRECTION('',(-1.E0,0.E0,0.E0));
#706=VECTOR('',#705,1.86E0);
#707=CARTESIAN_POINT('',(9.3E-1,1.75E-1,-9.3E-1));
#708=LINE('',#707,#706);
#709=CURVE_STYLE('',#34,POSITIVE_LENGTH_MEASURE(2.E-2),#28);
#710=PRESENTATION_STYLE_ASSIGNMENT((#709));
#711=STYLED_ITEM('',(#710),#708);
#712=DIRECTION('',(0.E0,1.E0,0.E0));
#713=VECTOR('',#712,7.5E-2);
#714=CARTESIAN_POINT('',(1.45E0,0.E0,1.45E0));
#715=LINE('',#714,#713);
#716=CURVE_STYLE('',#34,POSITIVE_LENGTH_MEASURE(2.E-2),#28);
#717=PRESENTATION_STYLE_ASSIGNMENT((#716));
#718=STYLED_ITEM('',(#717),#715);
#719=DIRECTION('',(0.E0,0.E0,1.E0));
#720=VECTOR('',#719,5.E-2);
#721=CARTESIAN_POINT('',(8.75E-1,7.5E-2,1.45E0));
#722=LINE('',#721,#720);
#723=CURVE_STYLE('',#34,POSITIVE_LENGTH_MEASURE(2.E-2),#28);
#724=PRESENTATION_STYLE_ASSIGNMENT((#723));
#725=STYLED_ITEM('',(#724),#722);
#726=DIRECTION('',(0.E0,1.E0,0.E0));
#727=VECTOR('',#726,7.5E-2);
#728=CARTESIAN_POINT('',(8.75E-1,0.E0,1.45E0));
#729=LINE('',#728,#727);
#730=CURVE_STYLE('',#34,POSITIVE_LENGTH_MEASURE(2.E-2),#28);
#731=PRESENTATION_STYLE_ASSIGNMENT((#730));
#732=STYLED_ITEM('',(#731),#729);
#733=DIRECTION('',(0.E0,1.E0,0.E0));
#734=VECTOR('',#733,1.75E-1);
#735=CARTESIAN_POINT('',(8.75E-1,0.E0,1.225E0));
#736=LINE('',#735,#734);
#737=CURVE_STYLE('',#34,POSITIVE_LENGTH_MEASURE(2.E-2),#28);
#738=PRESENTATION_STYLE_ASSIGNMENT((#737));
#739=STYLED_ITEM('',(#738),#736);
#740=DIRECTION('',(0.E0,0.E0,-1.E0));
#741=VECTOR('',#740,1.25E-1);
#742=CARTESIAN_POINT('',(-1.45E0,7.5E-2,-1.325E0));
#743=LINE('',#742,#741);
#744=CURVE_STYLE('',#34,POSITIVE_LENGTH_MEASURE(2.E-2),#28);
#745=PRESENTATION_STYLE_ASSIGNMENT((#744));
#746=STYLED_ITEM('',(#745),#743);
#747=DIRECTION('',(1.E0,0.E0,0.E0));
#748=VECTOR('',#747,1.25E-1);
#749=CARTESIAN_POINT('',(-1.45E0,7.5E-2,-1.45E0));
#750=LINE('',#749,#748);
#751=CURVE_STYLE('',#34,POSITIVE_LENGTH_MEASURE(2.E-2),#28);
#752=PRESENTATION_STYLE_ASSIGNMENT((#751));
#753=STYLED_ITEM('',(#752),#750);
#754=DIRECTION('',(0.E0,0.E0,-1.E0));
#755=VECTOR('',#754,2.5E-1);
#756=CARTESIAN_POINT('',(-1.45E0,7.5E-2,-8.75E-1));
#757=LINE('',#756,#755);
#758=CURVE_STYLE('',#34,POSITIVE_LENGTH_MEASURE(2.E-2),#28);
#759=PRESENTATION_STYLE_ASSIGNMENT((#758));
#760=STYLED_ITEM('',(#759),#757);
#761=DIRECTION('',(0.E0,0.E0,-1.E0));
#762=VECTOR('',#761,2.5E-1);
#763=CARTESIAN_POINT('',(-1.45E0,7.5E-2,-3.75E-1));
#764=LINE('',#763,#762);
#765=CURVE_STYLE('',#34,POSITIVE_LENGTH_MEASURE(2.E-2),#28);
#766=PRESENTATION_STYLE_ASSIGNMENT((#765));
#767=STYLED_ITEM('',(#766),#764);
#768=DIRECTION('',(0.E0,0.E0,-1.E0));
#769=VECTOR('',#768,2.5E-1);
#770=CARTESIAN_POINT('',(-1.45E0,7.5E-2,1.25E-1));
#771=LINE('',#770,#769);
#772=CURVE_STYLE('',#34,POSITIVE_LENGTH_MEASURE(2.E-2),#28);
#773=PRESENTATION_STYLE_ASSIGNMENT((#772));
#774=STYLED_ITEM('',(#773),#771);
#775=DIRECTION('',(0.E0,0.E0,-1.E0));
#776=VECTOR('',#775,2.5E-1);
#777=CARTESIAN_POINT('',(-1.45E0,7.5E-2,6.25E-1));
#778=LINE('',#777,#776);
#779=CURVE_STYLE('',#34,POSITIVE_LENGTH_MEASURE(2.E-2),#28);
#780=PRESENTATION_STYLE_ASSIGNMENT((#779));
#781=STYLED_ITEM('',(#780),#778);
#782=DIRECTION('',(0.E0,0.E0,-1.E0));
#783=VECTOR('',#782,2.5E-1);
#784=CARTESIAN_POINT('',(-1.45E0,7.5E-2,1.125E0));
#785=LINE('',#784,#783);
#786=CURVE_STYLE('',#34,POSITIVE_LENGTH_MEASURE(2.E-2),#28);
#787=PRESENTATION_STYLE_ASSIGNMENT((#786));
#788=STYLED_ITEM('',(#787),#785);
#789=DIRECTION('',(-1.E0,0.E0,0.E0));
#790=VECTOR('',#789,1.25E-1);
#791=CARTESIAN_POINT('',(-1.325E0,7.5E-2,1.45E0));
#792=LINE('',#791,#790);
#793=CURVE_STYLE('',#34,POSITIVE_LENGTH_MEASURE(2.E-2),#28);
#794=PRESENTATION_STYLE_ASSIGNMENT((#793));
#795=STYLED_ITEM('',(#794),#792);
#796=DIRECTION('',(0.E0,0.E0,-1.E0));
#797=VECTOR('',#796,1.25E-1);
#798=CARTESIAN_POINT('',(-1.45E0,7.5E-2,1.45E0));
#799=LINE('',#798,#797);
#800=CURVE_STYLE('',#34,POSITIVE_LENGTH_MEASURE(2.E-2),#28);
#801=PRESENTATION_STYLE_ASSIGNMENT((#800));
#802=STYLED_ITEM('',(#801),#799);
#803=DIRECTION('',(-1.E0,0.E0,0.E0));
#804=VECTOR('',#803,2.5E-1);
#805=CARTESIAN_POINT('',(-8.75E-1,7.5E-2,1.45E0));
#806=LINE('',#805,#804);
#807=CURVE_STYLE('',#34,POSITIVE_LENGTH_MEASURE(2.E-2),#28);
#808=PRESENTATION_STYLE_ASSIGNMENT((#807));
#809=STYLED_ITEM('',(#808),#806);
#810=DIRECTION('',(-1.E0,0.E0,0.E0));
#811=VECTOR('',#810,2.5E-1);
#812=CARTESIAN_POINT('',(-3.75E-1,7.5E-2,1.45E0));
#813=LINE('',#812,#811);
#814=CURVE_STYLE('',#34,POSITIVE_LENGTH_MEASURE(2.E-2),#28);
#815=PRESENTATION_STYLE_ASSIGNMENT((#814));
#816=STYLED_ITEM('',(#815),#813);
#817=DIRECTION('',(-1.E0,0.E0,0.E0));
#818=VECTOR('',#817,2.5E-1);
#819=CARTESIAN_POINT('',(1.25E-1,7.5E-2,1.45E0));
#820=LINE('',#819,#818);
#821=CURVE_STYLE('',#34,POSITIVE_LENGTH_MEASURE(2.E-2),#28);
#822=PRESENTATION_STYLE_ASSIGNMENT((#821));
#823=STYLED_ITEM('',(#822),#820);
#824=DIRECTION('',(-1.E0,0.E0,0.E0));
#825=VECTOR('',#824,2.5E-1);
#826=CARTESIAN_POINT('',(6.25E-1,7.5E-2,1.45E0));
#827=LINE('',#826,#825);
#828=CURVE_STYLE('',#34,POSITIVE_LENGTH_MEASURE(2.E-2),#28);
#829=PRESENTATION_STYLE_ASSIGNMENT((#828));
#830=STYLED_ITEM('',(#829),#827);
#831=DIRECTION('',(-1.E0,0.E0,0.E0));
#832=VECTOR('',#831,2.5E-1);
#833=CARTESIAN_POINT('',(1.125E0,7.5E-2,1.45E0));
#834=LINE('',#833,#832);
#835=CURVE_STYLE('',#34,POSITIVE_LENGTH_MEASURE(2.E-2),#28);
#836=PRESENTATION_STYLE_ASSIGNMENT((#835));
#837=STYLED_ITEM('',(#836),#834);
#838=DIRECTION('',(0.E0,0.E0,1.E0));
#839=VECTOR('',#838,1.25E-1);
#840=CARTESIAN_POINT('',(1.45E0,7.5E-2,1.325E0));
#841=LINE('',#840,#839);
#842=CURVE_STYLE('',#34,POSITIVE_LENGTH_MEASURE(2.E-2),#28);
#843=PRESENTATION_STYLE_ASSIGNMENT((#842));
#844=STYLED_ITEM('',(#843),#841);
#845=DIRECTION('',(-1.E0,0.E0,0.E0));
#846=VECTOR('',#845,1.25E-1);
#847=CARTESIAN_POINT('',(1.45E0,7.5E-2,1.45E0));
#848=LINE('',#847,#846);
#849=CURVE_STYLE('',#34,POSITIVE_LENGTH_MEASURE(2.E-2),#28);
#850=PRESENTATION_STYLE_ASSIGNMENT((#849));
#851=STYLED_ITEM('',(#850),#848);
#852=DIRECTION('',(0.E0,0.E0,1.E0));
#853=VECTOR('',#852,2.5E-1);
#854=CARTESIAN_POINT('',(1.45E0,7.5E-2,8.75E-1));
#855=LINE('',#854,#853);
#856=CURVE_STYLE('',#34,POSITIVE_LENGTH_MEASURE(2.E-2),#28);
#857=PRESENTATION_STYLE_ASSIGNMENT((#856));
#858=STYLED_ITEM('',(#857),#855);
#859=DIRECTION('',(0.E0,0.E0,1.E0));
#860=VECTOR('',#859,2.5E-1);
#861=CARTESIAN_POINT('',(1.45E0,7.5E-2,3.75E-1));
#862=LINE('',#861,#860);
#863=CURVE_STYLE('',#34,POSITIVE_LENGTH_MEASURE(2.E-2),#28);
#864=PRESENTATION_STYLE_ASSIGNMENT((#863));
#865=STYLED_ITEM('',(#864),#862);
#866=DIRECTION('',(0.E0,0.E0,1.E0));
#867=VECTOR('',#866,2.5E-1);
#868=CARTESIAN_POINT('',(1.45E0,7.5E-2,-1.25E-1));
#869=LINE('',#868,#867);
#870=CURVE_STYLE('',#34,POSITIVE_LENGTH_MEASURE(2.E-2),#28);
#871=PRESENTATION_STYLE_ASSIGNMENT((#870));
#872=STYLED_ITEM('',(#871),#869);
#873=DIRECTION('',(0.E0,0.E0,1.E0));
#874=VECTOR('',#873,2.5E-1);
#875=CARTESIAN_POINT('',(1.45E0,7.5E-2,-6.25E-1));
#876=LINE('',#875,#874);
#877=CURVE_STYLE('',#34,POSITIVE_LENGTH_MEASURE(2.E-2),#28);
#878=PRESENTATION_STYLE_ASSIGNMENT((#877));
#879=STYLED_ITEM('',(#878),#876);
#880=DIRECTION('',(0.E0,0.E0,1.E0));
#881=VECTOR('',#880,2.5E-1);
#882=CARTESIAN_POINT('',(1.45E0,7.5E-2,-1.125E0));
#883=LINE('',#882,#881);
#884=CURVE_STYLE('',#34,POSITIVE_LENGTH_MEASURE(2.E-2),#28);
#885=PRESENTATION_STYLE_ASSIGNMENT((#884));
#886=STYLED_ITEM('',(#885),#883);
#887=DIRECTION('',(1.E0,0.E0,0.E0));
#888=VECTOR('',#887,1.25E-1);
#889=CARTESIAN_POINT('',(1.325E0,7.5E-2,-1.45E0));
#890=LINE('',#889,#888);
#891=CURVE_STYLE('',#34,POSITIVE_LENGTH_MEASURE(2.E-2),#28);
#892=PRESENTATION_STYLE_ASSIGNMENT((#891));
#893=STYLED_ITEM('',(#892),#890);
#894=DIRECTION('',(0.E0,0.E0,1.E0));
#895=VECTOR('',#894,1.25E-1);
#896=CARTESIAN_POINT('',(1.45E0,7.5E-2,-1.45E0));
#897=LINE('',#896,#895);
#898=CURVE_STYLE('',#34,POSITIVE_LENGTH_MEASURE(2.E-2),#28);
#899=PRESENTATION_STYLE_ASSIGNMENT((#898));
#900=STYLED_ITEM('',(#899),#897);
#901=DIRECTION('',(1.E0,0.E0,0.E0));
#902=VECTOR('',#901,2.5E-1);
#903=CARTESIAN_POINT('',(8.75E-1,7.5E-2,-1.45E0));
#904=LINE('',#903,#902);
#905=CURVE_STYLE('',#34,POSITIVE_LENGTH_MEASURE(2.E-2),#28);
#906=PRESENTATION_STYLE_ASSIGNMENT((#905));
#907=STYLED_ITEM('',(#906),#904);
#908=DIRECTION('',(1.E0,0.E0,0.E0));
#909=VECTOR('',#908,2.5E-1);
#910=CARTESIAN_POINT('',(3.75E-1,7.5E-2,-1.45E0));
#911=LINE('',#910,#909);
#912=CURVE_STYLE('',#34,POSITIVE_LENGTH_MEASURE(2.E-2),#28);
#913=PRESENTATION_STYLE_ASSIGNMENT((#912));
#914=STYLED_ITEM('',(#913),#911);
#915=DIRECTION('',(1.E0,0.E0,0.E0));
#916=VECTOR('',#915,2.5E-1);
#917=CARTESIAN_POINT('',(-1.25E-1,7.5E-2,-1.45E0));
#918=LINE('',#917,#916);
#919=CURVE_STYLE('',#34,POSITIVE_LENGTH_MEASURE(2.E-2),#28);
#920=PRESENTATION_STYLE_ASSIGNMENT((#919));
#921=STYLED_ITEM('',(#920),#918);
#922=DIRECTION('',(1.E0,0.E0,0.E0));
#923=VECTOR('',#922,2.5E-1);
#924=CARTESIAN_POINT('',(-6.25E-1,7.5E-2,-1.45E0));
#925=LINE('',#924,#923);
#926=CURVE_STYLE('',#34,POSITIVE_LENGTH_MEASURE(2.E-2),#28);
#927=PRESENTATION_STYLE_ASSIGNMENT((#926));
#928=STYLED_ITEM('',(#927),#925);
#929=DIRECTION('',(1.E0,0.E0,0.E0));
#930=VECTOR('',#929,2.5E-1);
#931=CARTESIAN_POINT('',(-1.125E0,7.5E-2,-1.45E0));
#932=LINE('',#931,#930);
#933=CURVE_STYLE('',#34,POSITIVE_LENGTH_MEASURE(2.E-2),#28);
#934=PRESENTATION_STYLE_ASSIGNMENT((#933));
#935=STYLED_ITEM('',(#934),#932);
#936=DIRECTION('',(0.E0,0.E0,1.E0));
#937=VECTOR('',#936,1.75E-1);
#938=CARTESIAN_POINT('',(-1.5E0,7.5E-2,-1.5E0));
#939=LINE('',#938,#937);
#940=CURVE_STYLE('',#34,POSITIVE_LENGTH_MEASURE(2.E-2),#28);
#941=PRESENTATION_STYLE_ASSIGNMENT((#940));
#942=STYLED_ITEM('',(#941),#939);
#943=DIRECTION('',(0.E0,1.E0,0.E0));
#944=VECTOR('',#943,9.E-1);
#945=CARTESIAN_POINT('',(-1.5E0,7.5E-2,-1.5E0));
#946=LINE('',#945,#944);
#947=CURVE_STYLE('',#34,POSITIVE_LENGTH_MEASURE(2.E-2),#28);
#948=PRESENTATION_STYLE_ASSIGNMENT((#947));
#949=STYLED_ITEM('',(#948),#946);
#950=DIRECTION('',(0.E0,0.E0,1.E0));
#951=VECTOR('',#950,1.75E-1);
#952=CARTESIAN_POINT('',(-1.5E0,7.5E-2,1.325E0));
#953=LINE('',#952,#951);
#954=CURVE_STYLE('',#34,POSITIVE_LENGTH_MEASURE(2.E-2),#28);
#955=PRESENTATION_STYLE_ASSIGNMENT((#954));
#956=STYLED_ITEM('',(#955),#953);
#957=DIRECTION('',(0.E0,1.E0,0.E0));
#958=VECTOR('',#957,1.E-1);
#959=CARTESIAN_POINT('',(-1.5E0,7.5E-2,1.325E0));
#960=LINE('',#959,#958);
#961=CURVE_STYLE('',#34,POSITIVE_LENGTH_MEASURE(2.E-2),#28);
#962=PRESENTATION_STYLE_ASSIGNMENT((#961));
#963=STYLED_ITEM('',(#962),#960);
#964=DIRECTION('',(0.E0,0.E0,-1.E0));
#965=VECTOR('',#964,2.E-1);
#966=CARTESIAN_POINT('',(-1.5E0,1.75E-1,1.325E0));
#967=LINE('',#966,#965);
#968=CURVE_STYLE('',#34,POSITIVE_LENGTH_MEASURE(2.E-2),#28);
#969=PRESENTATION_STYLE_ASSIGNMENT((#968));
#970=STYLED_ITEM('',(#969),#967);
#971=DIRECTION('',(0.E0,1.E0,0.E0));
#972=VECTOR('',#971,1.E-1);
#973=CARTESIAN_POINT('',(-1.5E0,7.5E-2,1.125E0));
#974=LINE('',#973,#972);
#975=CURVE_STYLE('',#34,POSITIVE_LENGTH_MEASURE(2.E-2),#28);
#976=PRESENTATION_STYLE_ASSIGNMENT((#975));
#977=STYLED_ITEM('',(#976),#974);
#978=DIRECTION('',(0.E0,0.E0,1.E0));
#979=VECTOR('',#978,2.5E-1);
#980=CARTESIAN_POINT('',(-1.5E0,7.5E-2,8.75E-1));
#981=LINE('',#980,#979);
#982=CURVE_STYLE('',#34,POSITIVE_LENGTH_MEASURE(2.E-2),#28);
#983=PRESENTATION_STYLE_ASSIGNMENT((#982));
#984=STYLED_ITEM('',(#983),#981);
#985=DIRECTION('',(0.E0,1.E0,0.E0));
#986=VECTOR('',#985,1.E-1);
#987=CARTESIAN_POINT('',(-1.5E0,7.5E-2,8.75E-1));
#988=LINE('',#987,#986);
#989=CURVE_STYLE('',#34,POSITIVE_LENGTH_MEASURE(2.E-2),#28);
#990=PRESENTATION_STYLE_ASSIGNMENT((#989));
#991=STYLED_ITEM('',(#990),#988);
#992=DIRECTION('',(0.E0,0.E0,-1.E0));
#993=VECTOR('',#992,2.5E-1);
#994=CARTESIAN_POINT('',(-1.5E0,1.75E-1,8.75E-1));
#995=LINE('',#994,#993);
#996=CURVE_STYLE('',#34,POSITIVE_LENGTH_MEASURE(2.E-2),#28);
#997=PRESENTATION_STYLE_ASSIGNMENT((#996));
#998=STYLED_ITEM('',(#997),#995);
#999=DIRECTION('',(0.E0,1.E0,0.E0));
#1000=VECTOR('',#999,1.E-1);
#1001=CARTESIAN_POINT('',(-1.5E0,7.5E-2,6.25E-1));
#1002=LINE('',#1001,#1000);
#1003=CURVE_STYLE('',#34,POSITIVE_LENGTH_MEASURE(2.E-2),#28);
#1004=PRESENTATION_STYLE_ASSIGNMENT((#1003));
#1005=STYLED_ITEM('',(#1004),#1002);
#1006=DIRECTION('',(0.E0,0.E0,1.E0));
#1007=VECTOR('',#1006,2.5E-1);
#1008=CARTESIAN_POINT('',(-1.5E0,7.5E-2,3.75E-1));
#1009=LINE('',#1008,#1007);
#1010=CURVE_STYLE('',#34,POSITIVE_LENGTH_MEASURE(2.E-2),#28);
#1011=PRESENTATION_STYLE_ASSIGNMENT((#1010));
#1012=STYLED_ITEM('',(#1011),#1009);
#1013=DIRECTION('',(0.E0,1.E0,0.E0));
#1014=VECTOR('',#1013,1.E-1);
#1015=CARTESIAN_POINT('',(-1.5E0,7.5E-2,3.75E-1));
#1016=LINE('',#1015,#1014);
#1017=CURVE_STYLE('',#34,POSITIVE_LENGTH_MEASURE(2.E-2),#28);
#1018=PRESENTATION_STYLE_ASSIGNMENT((#1017));
#1019=STYLED_ITEM('',(#1018),#1016);
#1020=DIRECTION('',(0.E0,0.E0,-1.E0));
#1021=VECTOR('',#1020,2.5E-1);
#1022=CARTESIAN_POINT('',(-1.5E0,1.75E-1,3.75E-1));
#1023=LINE('',#1022,#1021);
#1024=CURVE_STYLE('',#34,POSITIVE_LENGTH_MEASURE(2.E-2),#28);
#1025=PRESENTATION_STYLE_ASSIGNMENT((#1024));
#1026=STYLED_ITEM('',(#1025),#1023);
#1027=DIRECTION('',(0.E0,1.E0,0.E0));
#1028=VECTOR('',#1027,1.E-1);
#1029=CARTESIAN_POINT('',(-1.5E0,7.5E-2,1.25E-1));
#1030=LINE('',#1029,#1028);
#1031=CURVE_STYLE('',#34,POSITIVE_LENGTH_MEASURE(2.E-2),#28);
#1032=PRESENTATION_STYLE_ASSIGNMENT((#1031));
#1033=STYLED_ITEM('',(#1032),#1030);
#1034=DIRECTION('',(0.E0,0.E0,1.E0));
#1035=VECTOR('',#1034,2.5E-1);
#1036=CARTESIAN_POINT('',(-1.5E0,7.5E-2,-1.25E-1));
#1037=LINE('',#1036,#1035);
#1038=CURVE_STYLE('',#34,POSITIVE_LENGTH_MEASURE(2.E-2),#28);
#1039=PRESENTATION_STYLE_ASSIGNMENT((#1038));
#1040=STYLED_ITEM('',(#1039),#1037);
#1041=DIRECTION('',(0.E0,1.E0,0.E0));
#1042=VECTOR('',#1041,1.E-1);
#1043=CARTESIAN_POINT('',(-1.5E0,7.5E-2,-1.25E-1));
#1044=LINE('',#1043,#1042);
#1045=CURVE_STYLE('',#34,POSITIVE_LENGTH_MEASURE(2.E-2),#28);
#1046=PRESENTATION_STYLE_ASSIGNMENT((#1045));
#1047=STYLED_ITEM('',(#1046),#1044);
#1048=DIRECTION('',(0.E0,0.E0,-1.E0));
#1049=VECTOR('',#1048,2.5E-1);
#1050=CARTESIAN_POINT('',(-1.5E0,1.75E-1,-1.25E-1));
#1051=LINE('',#1050,#1049);
#1052=CURVE_STYLE('',#34,POSITIVE_LENGTH_MEASURE(2.E-2),#28);
#1053=PRESENTATION_STYLE_ASSIGNMENT((#1052));
#1054=STYLED_ITEM('',(#1053),#1051);
#1055=DIRECTION('',(0.E0,1.E0,0.E0));
#1056=VECTOR('',#1055,1.E-1);
#1057=CARTESIAN_POINT('',(-1.5E0,7.5E-2,-3.75E-1));
#1058=LINE('',#1057,#1056);
#1059=CURVE_STYLE('',#34,POSITIVE_LENGTH_MEASURE(2.E-2),#28);
#1060=PRESENTATION_STYLE_ASSIGNMENT((#1059));
#1061=STYLED_ITEM('',(#1060),#1058);
#1062=DIRECTION('',(0.E0,0.E0,1.E0));
#1063=VECTOR('',#1062,2.5E-1);
#1064=CARTESIAN_POINT('',(-1.5E0,7.5E-2,-6.25E-1));
#1065=LINE('',#1064,#1063);
#1066=CURVE_STYLE('',#34,POSITIVE_LENGTH_MEASURE(2.E-2),#28);
#1067=PRESENTATION_STYLE_ASSIGNMENT((#1066));
#1068=STYLED_ITEM('',(#1067),#1065);
#1069=DIRECTION('',(0.E0,1.E0,0.E0));
#1070=VECTOR('',#1069,1.E-1);
#1071=CARTESIAN_POINT('',(-1.5E0,7.5E-2,-6.25E-1));
#1072=LINE('',#1071,#1070);
#1073=CURVE_STYLE('',#34,POSITIVE_LENGTH_MEASURE(2.E-2),#28);
#1074=PRESENTATION_STYLE_ASSIGNMENT((#1073));
#1075=STYLED_ITEM('',(#1074),#1072);
#1076=DIRECTION('',(0.E0,0.E0,-1.E0));
#1077=VECTOR('',#1076,2.5E-1);
#1078=CARTESIAN_POINT('',(-1.5E0,1.75E-1,-6.25E-1));
#1079=LINE('',#1078,#1077);
#1080=CURVE_STYLE('',#34,POSITIVE_LENGTH_MEASURE(2.E-2),#28);
#1081=PRESENTATION_STYLE_ASSIGNMENT((#1080));
#1082=STYLED_ITEM('',(#1081),#1079);
#1083=DIRECTION('',(0.E0,1.E0,0.E0));
#1084=VECTOR('',#1083,1.E-1);
#1085=CARTESIAN_POINT('',(-1.5E0,7.5E-2,-8.75E-1));
#1086=LINE('',#1085,#1084);
#1087=CURVE_STYLE('',#34,POSITIVE_LENGTH_MEASURE(2.E-2),#28);
#1088=PRESENTATION_STYLE_ASSIGNMENT((#1087));
#1089=STYLED_ITEM('',(#1088),#1086);
#1090=DIRECTION('',(0.E0,0.E0,1.E0));
#1091=VECTOR('',#1090,2.5E-1);
#1092=CARTESIAN_POINT('',(-1.5E0,7.5E-2,-1.125E0));
#1093=LINE('',#1092,#1091);
#1094=CURVE_STYLE('',#34,POSITIVE_LENGTH_MEASURE(2.E-2),#28);
#1095=PRESENTATION_STYLE_ASSIGNMENT((#1094));
#1096=STYLED_ITEM('',(#1095),#1093);
#1097=DIRECTION('',(0.E0,1.E0,0.E0));
#1098=VECTOR('',#1097,1.E-1);
#1099=CARTESIAN_POINT('',(-1.5E0,7.5E-2,-1.125E0));
#1100=LINE('',#1099,#1098);
#1101=CURVE_STYLE('',#34,POSITIVE_LENGTH_MEASURE(2.E-2),#28);
#1102=PRESENTATION_STYLE_ASSIGNMENT((#1101));
#1103=STYLED_ITEM('',(#1102),#1100);
#1104=DIRECTION('',(0.E0,0.E0,1.E0));
#1105=VECTOR('',#1104,2.E-1);
#1106=CARTESIAN_POINT('',(-1.5E0,1.75E-1,-1.325E0));
#1107=LINE('',#1106,#1105);
#1108=CURVE_STYLE('',#34,POSITIVE_LENGTH_MEASURE(2.E-2),#28);
#1109=PRESENTATION_STYLE_ASSIGNMENT((#1108));
#1110=STYLED_ITEM('',(#1109),#1107);
#1111=DIRECTION('',(0.E0,1.E0,0.E0));
#1112=VECTOR('',#1111,1.E-1);
#1113=CARTESIAN_POINT('',(-1.5E0,7.5E-2,-1.325E0));
#1114=LINE('',#1113,#1112);
#1115=CURVE_STYLE('',#34,POSITIVE_LENGTH_MEASURE(2.E-2),#28);
#1116=PRESENTATION_STYLE_ASSIGNMENT((#1115));
#1117=STYLED_ITEM('',(#1116),#1114);
#1118=DIRECTION('',(-1.E0,0.E0,0.E0));
#1119=VECTOR('',#1118,1.75E-1);
#1120=CARTESIAN_POINT('',(1.5E0,7.5E-2,-1.5E0));
#1121=LINE('',#1120,#1119);
#1122=CURVE_STYLE('',#34,POSITIVE_LENGTH_MEASURE(2.E-2),#28);
#1123=PRESENTATION_STYLE_ASSIGNMENT((#1122));
#1124=STYLED_ITEM('',(#1123),#1121);
#1125=DIRECTION('',(0.E0,1.E0,0.E0));
#1126=VECTOR('',#1125,9.E-1);
#1127=CARTESIAN_POINT('',(1.5E0,7.5E-2,-1.5E0));
#1128=LINE('',#1127,#1126);
#1129=CURVE_STYLE('',#34,POSITIVE_LENGTH_MEASURE(2.E-2),#28);
#1130=PRESENTATION_STYLE_ASSIGNMENT((#1129));
#1131=STYLED_ITEM('',(#1130),#1128);
#1132=DIRECTION('',(-1.E0,0.E0,0.E0));
#1133=VECTOR('',#1132,1.75E-1);
#1134=CARTESIAN_POINT('',(-1.325E0,7.5E-2,-1.5E0));
#1135=LINE('',#1134,#1133);
#1136=CURVE_STYLE('',#34,POSITIVE_LENGTH_MEASURE(2.E-2),#28);
#1137=PRESENTATION_STYLE_ASSIGNMENT((#1136));
#1138=STYLED_ITEM('',(#1137),#1135);
#1139=DIRECTION('',(0.E0,1.E0,0.E0));
#1140=VECTOR('',#1139,1.E-1);
#1141=CARTESIAN_POINT('',(-1.325E0,7.5E-2,-1.5E0));
#1142=LINE('',#1141,#1140);
#1143=CURVE_STYLE('',#34,POSITIVE_LENGTH_MEASURE(2.E-2),#28);
#1144=PRESENTATION_STYLE_ASSIGNMENT((#1143));
#1145=STYLED_ITEM('',(#1144),#1142);
#1146=DIRECTION('',(1.E0,0.E0,0.E0));
#1147=VECTOR('',#1146,2.E-1);
#1148=CARTESIAN_POINT('',(-1.325E0,1.75E-1,-1.5E0));
#1149=LINE('',#1148,#1147);
#1150=CURVE_STYLE('',#34,POSITIVE_LENGTH_MEASURE(2.E-2),#28);
#1151=PRESENTATION_STYLE_ASSIGNMENT((#1150));
#1152=STYLED_ITEM('',(#1151),#1149);
#1153=DIRECTION('',(0.E0,1.E0,0.E0));
#1154=VECTOR('',#1153,1.E-1);
#1155=CARTESIAN_POINT('',(-1.125E0,7.5E-2,-1.5E0));
#1156=LINE('',#1155,#1154);
#1157=CURVE_STYLE('',#34,POSITIVE_LENGTH_MEASURE(2.E-2),#28);
#1158=PRESENTATION_STYLE_ASSIGNMENT((#1157));
#1159=STYLED_ITEM('',(#1158),#1156);
#1160=DIRECTION('',(-1.E0,0.E0,0.E0));
#1161=VECTOR('',#1160,2.5E-1);
#1162=CARTESIAN_POINT('',(-8.75E-1,7.5E-2,-1.5E0));
#1163=LINE('',#1162,#1161);
#1164=CURVE_STYLE('',#34,POSITIVE_LENGTH_MEASURE(2.E-2),#28);
#1165=PRESENTATION_STYLE_ASSIGNMENT((#1164));
#1166=STYLED_ITEM('',(#1165),#1163);
#1167=DIRECTION('',(0.E0,1.E0,0.E0));
#1168=VECTOR('',#1167,1.E-1);
#1169=CARTESIAN_POINT('',(-8.75E-1,7.5E-2,-1.5E0));
#1170=LINE('',#1169,#1168);
#1171=CURVE_STYLE('',#34,POSITIVE_LENGTH_MEASURE(2.E-2),#28);
#1172=PRESENTATION_STYLE_ASSIGNMENT((#1171));
#1173=STYLED_ITEM('',(#1172),#1170);
#1174=DIRECTION('',(1.E0,0.E0,0.E0));
#1175=VECTOR('',#1174,2.5E-1);
#1176=CARTESIAN_POINT('',(-8.75E-1,1.75E-1,-1.5E0));
#1177=LINE('',#1176,#1175);
#1178=CURVE_STYLE('',#34,POSITIVE_LENGTH_MEASURE(2.E-2),#28);
#1179=PRESENTATION_STYLE_ASSIGNMENT((#1178));
#1180=STYLED_ITEM('',(#1179),#1177);
#1181=DIRECTION('',(0.E0,1.E0,0.E0));
#1182=VECTOR('',#1181,1.E-1);
#1183=CARTESIAN_POINT('',(-6.25E-1,7.5E-2,-1.5E0));
#1184=LINE('',#1183,#1182);
#1185=CURVE_STYLE('',#34,POSITIVE_LENGTH_MEASURE(2.E-2),#28);
#1186=PRESENTATION_STYLE_ASSIGNMENT((#1185));
#1187=STYLED_ITEM('',(#1186),#1184);
#1188=DIRECTION('',(-1.E0,0.E0,0.E0));
#1189=VECTOR('',#1188,2.5E-1);
#1190=CARTESIAN_POINT('',(-3.75E-1,7.5E-2,-1.5E0));
#1191=LINE('',#1190,#1189);
#1192=CURVE_STYLE('',#34,POSITIVE_LENGTH_MEASURE(2.E-2),#28);
#1193=PRESENTATION_STYLE_ASSIGNMENT((#1192));
#1194=STYLED_ITEM('',(#1193),#1191);
#1195=DIRECTION('',(0.E0,1.E0,0.E0));
#1196=VECTOR('',#1195,1.E-1);
#1197=CARTESIAN_POINT('',(-3.75E-1,7.5E-2,-1.5E0));
#1198=LINE('',#1197,#1196);
#1199=CURVE_STYLE('',#34,POSITIVE_LENGTH_MEASURE(2.E-2),#28);
#1200=PRESENTATION_STYLE_ASSIGNMENT((#1199));
#1201=STYLED_ITEM('',(#1200),#1198);
#1202=DIRECTION('',(1.E0,0.E0,0.E0));
#1203=VECTOR('',#1202,2.5E-1);
#1204=CARTESIAN_POINT('',(-3.75E-1,1.75E-1,-1.5E0));
#1205=LINE('',#1204,#1203);
#1206=CURVE_STYLE('',#34,POSITIVE_LENGTH_MEASURE(2.E-2),#28);
#1207=PRESENTATION_STYLE_ASSIGNMENT((#1206));
#1208=STYLED_ITEM('',(#1207),#1205);
#1209=DIRECTION('',(0.E0,1.E0,0.E0));
#1210=VECTOR('',#1209,1.E-1);
#1211=CARTESIAN_POINT('',(-1.25E-1,7.5E-2,-1.5E0));
#1212=LINE('',#1211,#1210);
#1213=CURVE_STYLE('',#34,POSITIVE_LENGTH_MEASURE(2.E-2),#28);
#1214=PRESENTATION_STYLE_ASSIGNMENT((#1213));
#1215=STYLED_ITEM('',(#1214),#1212);
#1216=DIRECTION('',(-1.E0,0.E0,0.E0));
#1217=VECTOR('',#1216,2.5E-1);
#1218=CARTESIAN_POINT('',(1.25E-1,7.5E-2,-1.5E0));
#1219=LINE('',#1218,#1217);
#1220=CURVE_STYLE('',#34,POSITIVE_LENGTH_MEASURE(2.E-2),#28);
#1221=PRESENTATION_STYLE_ASSIGNMENT((#1220));
#1222=STYLED_ITEM('',(#1221),#1219);
#1223=DIRECTION('',(0.E0,1.E0,0.E0));
#1224=VECTOR('',#1223,1.E-1);
#1225=CARTESIAN_POINT('',(1.25E-1,7.5E-2,-1.5E0));
#1226=LINE('',#1225,#1224);
#1227=CURVE_STYLE('',#34,POSITIVE_LENGTH_MEASURE(2.E-2),#28);
#1228=PRESENTATION_STYLE_ASSIGNMENT((#1227));
#1229=STYLED_ITEM('',(#1228),#1226);
#1230=DIRECTION('',(1.E0,0.E0,0.E0));
#1231=VECTOR('',#1230,2.5E-1);
#1232=CARTESIAN_POINT('',(1.25E-1,1.75E-1,-1.5E0));
#1233=LINE('',#1232,#1231);
#1234=CURVE_STYLE('',#34,POSITIVE_LENGTH_MEASURE(2.E-2),#28);
#1235=PRESENTATION_STYLE_ASSIGNMENT((#1234));
#1236=STYLED_ITEM('',(#1235),#1233);
#1237=DIRECTION('',(0.E0,1.E0,0.E0));
#1238=VECTOR('',#1237,1.E-1);
#1239=CARTESIAN_POINT('',(3.75E-1,7.5E-2,-1.5E0));
#1240=LINE('',#1239,#1238);
#1241=CURVE_STYLE('',#34,POSITIVE_LENGTH_MEASURE(2.E-2),#28);
#1242=PRESENTATION_STYLE_ASSIGNMENT((#1241));
#1243=STYLED_ITEM('',(#1242),#1240);
#1244=DIRECTION('',(-1.E0,0.E0,0.E0));
#1245=VECTOR('',#1244,2.5E-1);
#1246=CARTESIAN_POINT('',(6.25E-1,7.5E-2,-1.5E0));
#1247=LINE('',#1246,#1245);
#1248=CURVE_STYLE('',#34,POSITIVE_LENGTH_MEASURE(2.E-2),#28);
#1249=PRESENTATION_STYLE_ASSIGNMENT((#1248));
#1250=STYLED_ITEM('',(#1249),#1247);
#1251=DIRECTION('',(0.E0,1.E0,0.E0));
#1252=VECTOR('',#1251,1.E-1);
#1253=CARTESIAN_POINT('',(6.25E-1,7.5E-2,-1.5E0));
#1254=LINE('',#1253,#1252);
#1255=CURVE_STYLE('',#34,POSITIVE_LENGTH_MEASURE(2.E-2),#28);
#1256=PRESENTATION_STYLE_ASSIGNMENT((#1255));
#1257=STYLED_ITEM('',(#1256),#1254);
#1258=DIRECTION('',(1.E0,0.E0,0.E0));
#1259=VECTOR('',#1258,2.5E-1);
#1260=CARTESIAN_POINT('',(6.25E-1,1.75E-1,-1.5E0));
#1261=LINE('',#1260,#1259);
#1262=CURVE_STYLE('',#34,POSITIVE_LENGTH_MEASURE(2.E-2),#28);
#1263=PRESENTATION_STYLE_ASSIGNMENT((#1262));
#1264=STYLED_ITEM('',(#1263),#1261);
#1265=DIRECTION('',(0.E0,1.E0,0.E0));
#1266=VECTOR('',#1265,1.E-1);
#1267=CARTESIAN_POINT('',(8.75E-1,7.5E-2,-1.5E0));
#1268=LINE('',#1267,#1266);
#1269=CURVE_STYLE('',#34,POSITIVE_LENGTH_MEASURE(2.E-2),#28);
#1270=PRESENTATION_STYLE_ASSIGNMENT((#1269));
#1271=STYLED_ITEM('',(#1270),#1268);
#1272=DIRECTION('',(-1.E0,0.E0,0.E0));
#1273=VECTOR('',#1272,2.5E-1);
#1274=CARTESIAN_POINT('',(1.125E0,7.5E-2,-1.5E0));
#1275=LINE('',#1274,#1273);
#1276=CURVE_STYLE('',#34,POSITIVE_LENGTH_MEASURE(2.E-2),#28);
#1277=PRESENTATION_STYLE_ASSIGNMENT((#1276));
#1278=STYLED_ITEM('',(#1277),#1275);
#1279=DIRECTION('',(0.E0,1.E0,0.E0));
#1280=VECTOR('',#1279,1.E-1);
#1281=CARTESIAN_POINT('',(1.125E0,7.5E-2,-1.5E0));
#1282=LINE('',#1281,#1280);
#1283=CURVE_STYLE('',#34,POSITIVE_LENGTH_MEASURE(2.E-2),#28);
#1284=PRESENTATION_STYLE_ASSIGNMENT((#1283));
#1285=STYLED_ITEM('',(#1284),#1282);
#1286=DIRECTION('',(-1.E0,0.E0,0.E0));
#1287=VECTOR('',#1286,2.E-1);
#1288=CARTESIAN_POINT('',(1.325E0,1.75E-1,-1.5E0));
#1289=LINE('',#1288,#1287);
#1290=CURVE_STYLE('',#34,POSITIVE_LENGTH_MEASURE(2.E-2),#28);
#1291=PRESENTATION_STYLE_ASSIGNMENT((#1290));
#1292=STYLED_ITEM('',(#1291),#1289);
#1293=DIRECTION('',(0.E0,1.E0,0.E0));
#1294=VECTOR('',#1293,1.E-1);
#1295=CARTESIAN_POINT('',(1.325E0,7.5E-2,-1.5E0));
#1296=LINE('',#1295,#1294);
#1297=CURVE_STYLE('',#34,POSITIVE_LENGTH_MEASURE(2.E-2),#28);
#1298=PRESENTATION_STYLE_ASSIGNMENT((#1297));
#1299=STYLED_ITEM('',(#1298),#1296);
#1300=DIRECTION('',(0.E0,0.E0,-1.E0));
#1301=VECTOR('',#1300,1.75E-1);
#1302=CARTESIAN_POINT('',(1.5E0,7.5E-2,1.5E0));
#1303=LINE('',#1302,#1301);
#1304=CURVE_STYLE('',#34,POSITIVE_LENGTH_MEASURE(2.E-2),#28);
#1305=PRESENTATION_STYLE_ASSIGNMENT((#1304));
#1306=STYLED_ITEM('',(#1305),#1303);
#1307=DIRECTION('',(0.E0,1.E0,0.E0));
#1308=VECTOR('',#1307,9.E-1);
#1309=CARTESIAN_POINT('',(1.5E0,7.5E-2,1.5E0));
#1310=LINE('',#1309,#1308);
#1311=CURVE_STYLE('',#34,POSITIVE_LENGTH_MEASURE(2.E-2),#28);
#1312=PRESENTATION_STYLE_ASSIGNMENT((#1311));
#1313=STYLED_ITEM('',(#1312),#1310);
#1314=DIRECTION('',(0.E0,0.E0,-1.E0));
#1315=VECTOR('',#1314,1.75E-1);
#1316=CARTESIAN_POINT('',(1.5E0,7.5E-2,-1.325E0));
#1317=LINE('',#1316,#1315);
#1318=CURVE_STYLE('',#34,POSITIVE_LENGTH_MEASURE(2.E-2),#28);
#1319=PRESENTATION_STYLE_ASSIGNMENT((#1318));
#1320=STYLED_ITEM('',(#1319),#1317);
#1321=DIRECTION('',(0.E0,1.E0,0.E0));
#1322=VECTOR('',#1321,1.E-1);
#1323=CARTESIAN_POINT('',(1.5E0,7.5E-2,-1.325E0));
#1324=LINE('',#1323,#1322);
#1325=CURVE_STYLE('',#34,POSITIVE_LENGTH_MEASURE(2.E-2),#28);
#1326=PRESENTATION_STYLE_ASSIGNMENT((#1325));
#1327=STYLED_ITEM('',(#1326),#1324);
#1328=DIRECTION('',(0.E0,0.E0,1.E0));
#1329=VECTOR('',#1328,2.E-1);
#1330=CARTESIAN_POINT('',(1.5E0,1.75E-1,-1.325E0));
#1331=LINE('',#1330,#1329);
#1332=CURVE_STYLE('',#34,POSITIVE_LENGTH_MEASURE(2.E-2),#28);
#1333=PRESENTATION_STYLE_ASSIGNMENT((#1332));
#1334=STYLED_ITEM('',(#1333),#1331);
#1335=DIRECTION('',(0.E0,1.E0,0.E0));
#1336=VECTOR('',#1335,1.E-1);
#1337=CARTESIAN_POINT('',(1.5E0,7.5E-2,-1.125E0));
#1338=LINE('',#1337,#1336);
#1339=CURVE_STYLE('',#34,POSITIVE_LENGTH_MEASURE(2.E-2),#28);
#1340=PRESENTATION_STYLE_ASSIGNMENT((#1339));
#1341=STYLED_ITEM('',(#1340),#1338);
#1342=DIRECTION('',(0.E0,0.E0,-1.E0));
#1343=VECTOR('',#1342,2.5E-1);
#1344=CARTESIAN_POINT('',(1.5E0,7.5E-2,-8.75E-1));
#1345=LINE('',#1344,#1343);
#1346=CURVE_STYLE('',#34,POSITIVE_LENGTH_MEASURE(2.E-2),#28);
#1347=PRESENTATION_STYLE_ASSIGNMENT((#1346));
#1348=STYLED_ITEM('',(#1347),#1345);
#1349=DIRECTION('',(0.E0,1.E0,0.E0));
#1350=VECTOR('',#1349,1.E-1);
#1351=CARTESIAN_POINT('',(1.5E0,7.5E-2,-8.75E-1));
#1352=LINE('',#1351,#1350);
#1353=CURVE_STYLE('',#34,POSITIVE_LENGTH_MEASURE(2.E-2),#28);
#1354=PRESENTATION_STYLE_ASSIGNMENT((#1353));
#1355=STYLED_ITEM('',(#1354),#1352);
#1356=DIRECTION('',(0.E0,0.E0,-1.E0));
#1357=VECTOR('',#1356,2.5E-1);
#1358=CARTESIAN_POINT('',(1.5E0,1.75E-1,-6.25E-1));
#1359=LINE('',#1358,#1357);
#1360=CURVE_STYLE('',#34,POSITIVE_LENGTH_MEASURE(2.E-2),#28);
#1361=PRESENTATION_STYLE_ASSIGNMENT((#1360));
#1362=STYLED_ITEM('',(#1361),#1359);
#1363=DIRECTION('',(0.E0,1.E0,0.E0));
#1364=VECTOR('',#1363,1.E-1);
#1365=CARTESIAN_POINT('',(1.5E0,7.5E-2,-6.25E-1));
#1366=LINE('',#1365,#1364);
#1367=CURVE_STYLE('',#34,POSITIVE_LENGTH_MEASURE(2.E-2),#28);
#1368=PRESENTATION_STYLE_ASSIGNMENT((#1367));
#1369=STYLED_ITEM('',(#1368),#1366);
#1370=DIRECTION('',(0.E0,0.E0,-1.E0));
#1371=VECTOR('',#1370,2.5E-1);
#1372=CARTESIAN_POINT('',(1.5E0,7.5E-2,-3.75E-1));
#1373=LINE('',#1372,#1371);
#1374=CURVE_STYLE('',#34,POSITIVE_LENGTH_MEASURE(2.E-2),#28);
#1375=PRESENTATION_STYLE_ASSIGNMENT((#1374));
#1376=STYLED_ITEM('',(#1375),#1373);
#1377=DIRECTION('',(0.E0,1.E0,0.E0));
#1378=VECTOR('',#1377,1.E-1);
#1379=CARTESIAN_POINT('',(1.5E0,7.5E-2,-3.75E-1));
#1380=LINE('',#1379,#1378);
#1381=CURVE_STYLE('',#34,POSITIVE_LENGTH_MEASURE(2.E-2),#28);
#1382=PRESENTATION_STYLE_ASSIGNMENT((#1381));
#1383=STYLED_ITEM('',(#1382),#1380);
#1384=DIRECTION('',(0.E0,0.E0,-1.E0));
#1385=VECTOR('',#1384,2.5E-1);
#1386=CARTESIAN_POINT('',(1.5E0,1.75E-1,-1.25E-1));
#1387=LINE('',#1386,#1385);
#1388=CURVE_STYLE('',#34,POSITIVE_LENGTH_MEASURE(2.E-2),#28);
#1389=PRESENTATION_STYLE_ASSIGNMENT((#1388));
#1390=STYLED_ITEM('',(#1389),#1387);
#1391=DIRECTION('',(0.E0,1.E0,0.E0));
#1392=VECTOR('',#1391,1.E-1);
#1393=CARTESIAN_POINT('',(1.5E0,7.5E-2,-1.25E-1));
#1394=LINE('',#1393,#1392);
#1395=CURVE_STYLE('',#34,POSITIVE_LENGTH_MEASURE(2.E-2),#28);
#1396=PRESENTATION_STYLE_ASSIGNMENT((#1395));
#1397=STYLED_ITEM('',(#1396),#1394);
#1398=DIRECTION('',(0.E0,0.E0,-1.E0));
#1399=VECTOR('',#1398,2.5E-1);
#1400=CARTESIAN_POINT('',(1.5E0,7.5E-2,1.25E-1));
#1401=LINE('',#1400,#1399);
#1402=CURVE_STYLE('',#34,POSITIVE_LENGTH_MEASURE(2.E-2),#28);
#1403=PRESENTATION_STYLE_ASSIGNMENT((#1402));
#1404=STYLED_ITEM('',(#1403),#1401);
#1405=DIRECTION('',(0.E0,1.E0,0.E0));
#1406=VECTOR('',#1405,1.E-1);
#1407=CARTESIAN_POINT('',(1.5E0,7.5E-2,1.25E-1));
#1408=LINE('',#1407,#1406);
#1409=CURVE_STYLE('',#34,POSITIVE_LENGTH_MEASURE(2.E-2),#28);
#1410=PRESENTATION_STYLE_ASSIGNMENT((#1409));
#1411=STYLED_ITEM('',(#1410),#1408);
#1412=DIRECTION('',(0.E0,0.E0,-1.E0));
#1413=VECTOR('',#1412,2.5E-1);
#1414=CARTESIAN_POINT('',(1.5E0,1.75E-1,3.75E-1));
#1415=LINE('',#1414,#1413);
#1416=CURVE_STYLE('',#34,POSITIVE_LENGTH_MEASURE(2.E-2),#28);
#1417=PRESENTATION_STYLE_ASSIGNMENT((#1416));
#1418=STYLED_ITEM('',(#1417),#1415);
#1419=DIRECTION('',(0.E0,1.E0,0.E0));
#1420=VECTOR('',#1419,1.E-1);
#1421=CARTESIAN_POINT('',(1.5E0,7.5E-2,3.75E-1));
#1422=LINE('',#1421,#1420);
#1423=CURVE_STYLE('',#34,POSITIVE_LENGTH_MEASURE(2.E-2),#28);
#1424=PRESENTATION_STYLE_ASSIGNMENT((#1423));
#1425=STYLED_ITEM('',(#1424),#1422);
#1426=DIRECTION('',(0.E0,0.E0,-1.E0));
#1427=VECTOR('',#1426,2.5E-1);
#1428=CARTESIAN_POINT('',(1.5E0,7.5E-2,6.25E-1));
#1429=LINE('',#1428,#1427);
#1430=CURVE_STYLE('',#34,POSITIVE_LENGTH_MEASURE(2.E-2),#28);
#1431=PRESENTATION_STYLE_ASSIGNMENT((#1430));
#1432=STYLED_ITEM('',(#1431),#1429);
#1433=DIRECTION('',(0.E0,1.E0,0.E0));
#1434=VECTOR('',#1433,1.E-1);
#1435=CARTESIAN_POINT('',(1.5E0,7.5E-2,6.25E-1));
#1436=LINE('',#1435,#1434);
#1437=CURVE_STYLE('',#34,POSITIVE_LENGTH_MEASURE(2.E-2),#28);
#1438=PRESENTATION_STYLE_ASSIGNMENT((#1437));
#1439=STYLED_ITEM('',(#1438),#1436);
#1440=DIRECTION('',(0.E0,0.E0,-1.E0));
#1441=VECTOR('',#1440,2.5E-1);
#1442=CARTESIAN_POINT('',(1.5E0,1.75E-1,8.75E-1));
#1443=LINE('',#1442,#1441);
#1444=CURVE_STYLE('',#34,POSITIVE_LENGTH_MEASURE(2.E-2),#28);
#1445=PRESENTATION_STYLE_ASSIGNMENT((#1444));
#1446=STYLED_ITEM('',(#1445),#1443);
#1447=DIRECTION('',(0.E0,1.E0,0.E0));
#1448=VECTOR('',#1447,1.E-1);
#1449=CARTESIAN_POINT('',(1.5E0,7.5E-2,8.75E-1));
#1450=LINE('',#1449,#1448);
#1451=CURVE_STYLE('',#34,POSITIVE_LENGTH_MEASURE(2.E-2),#28);
#1452=PRESENTATION_STYLE_ASSIGNMENT((#1451));
#1453=STYLED_ITEM('',(#1452),#1450);
#1454=DIRECTION('',(0.E0,0.E0,-1.E0));
#1455=VECTOR('',#1454,2.5E-1);
#1456=CARTESIAN_POINT('',(1.5E0,7.5E-2,1.125E0));
#1457=LINE('',#1456,#1455);
#1458=CURVE_STYLE('',#34,POSITIVE_LENGTH_MEASURE(2.E-2),#28);
#1459=PRESENTATION_STYLE_ASSIGNMENT((#1458));
#1460=STYLED_ITEM('',(#1459),#1457);
#1461=DIRECTION('',(0.E0,1.E0,0.E0));
#1462=VECTOR('',#1461,1.E-1);
#1463=CARTESIAN_POINT('',(1.5E0,7.5E-2,1.125E0));
#1464=LINE('',#1463,#1462);
#1465=CURVE_STYLE('',#34,POSITIVE_LENGTH_MEASURE(2.E-2),#28);
#1466=PRESENTATION_STYLE_ASSIGNMENT((#1465));
#1467=STYLED_ITEM('',(#1466),#1464);
#1468=DIRECTION('',(0.E0,0.E0,-1.E0));
#1469=VECTOR('',#1468,2.E-1);
#1470=CARTESIAN_POINT('',(1.5E0,1.75E-1,1.325E0));
#1471=LINE('',#1470,#1469);
#1472=CURVE_STYLE('',#34,POSITIVE_LENGTH_MEASURE(2.E-2),#28);
#1473=PRESENTATION_STYLE_ASSIGNMENT((#1472));
#1474=STYLED_ITEM('',(#1473),#1471);
#1475=DIRECTION('',(0.E0,1.E0,0.E0));
#1476=VECTOR('',#1475,1.E-1);
#1477=CARTESIAN_POINT('',(1.5E0,7.5E-2,1.325E0));
#1478=LINE('',#1477,#1476);
#1479=CURVE_STYLE('',#34,POSITIVE_LENGTH_MEASURE(2.E-2),#28);
#1480=PRESENTATION_STYLE_ASSIGNMENT((#1479));
#1481=STYLED_ITEM('',(#1480),#1478);
#1482=DIRECTION('',(1.E0,0.E0,0.E0));
#1483=VECTOR('',#1482,1.75E-1);
#1484=CARTESIAN_POINT('',(-1.5E0,7.5E-2,1.5E0));
#1485=LINE('',#1484,#1483);
#1486=CURVE_STYLE('',#34,POSITIVE_LENGTH_MEASURE(2.E-2),#28);
#1487=PRESENTATION_STYLE_ASSIGNMENT((#1486));
#1488=STYLED_ITEM('',(#1487),#1485);
#1489=DIRECTION('',(0.E0,1.E0,0.E0));
#1490=VECTOR('',#1489,9.E-1);
#1491=CARTESIAN_POINT('',(-1.5E0,7.5E-2,1.5E0));
#1492=LINE('',#1491,#1490);
#1493=CURVE_STYLE('',#34,POSITIVE_LENGTH_MEASURE(2.E-2),#28);
#1494=PRESENTATION_STYLE_ASSIGNMENT((#1493));
#1495=STYLED_ITEM('',(#1494),#1492);
#1496=DIRECTION('',(1.E0,0.E0,0.E0));
#1497=VECTOR('',#1496,1.75E-1);
#1498=CARTESIAN_POINT('',(1.325E0,7.5E-2,1.5E0));
#1499=LINE('',#1498,#1497);
#1500=CURVE_STYLE('',#34,POSITIVE_LENGTH_MEASURE(2.E-2),#28);
#1501=PRESENTATION_STYLE_ASSIGNMENT((#1500));
#1502=STYLED_ITEM('',(#1501),#1499);
#1503=DIRECTION('',(0.E0,1.E0,0.E0));
#1504=VECTOR('',#1503,1.E-1);
#1505=CARTESIAN_POINT('',(1.325E0,7.5E-2,1.5E0));
#1506=LINE('',#1505,#1504);
#1507=CURVE_STYLE('',#34,POSITIVE_LENGTH_MEASURE(2.E-2),#28);
#1508=PRESENTATION_STYLE_ASSIGNMENT((#1507));
#1509=STYLED_ITEM('',(#1508),#1506);
#1510=DIRECTION('',(-1.E0,0.E0,0.E0));
#1511=VECTOR('',#1510,2.E-1);
#1512=CARTESIAN_POINT('',(1.325E0,1.75E-1,1.5E0));
#1513=LINE('',#1512,#1511);
#1514=CURVE_STYLE('',#34,POSITIVE_LENGTH_MEASURE(2.E-2),#28);
#1515=PRESENTATION_STYLE_ASSIGNMENT((#1514));
#1516=STYLED_ITEM('',(#1515),#1513);
#1517=DIRECTION('',(0.E0,1.E0,0.E0));
#1518=VECTOR('',#1517,1.E-1);
#1519=CARTESIAN_POINT('',(1.125E0,7.5E-2,1.5E0));
#1520=LINE('',#1519,#1518);
#1521=CURVE_STYLE('',#34,POSITIVE_LENGTH_MEASURE(2.E-2),#28);
#1522=PRESENTATION_STYLE_ASSIGNMENT((#1521));
#1523=STYLED_ITEM('',(#1522),#1520);
#1524=DIRECTION('',(1.E0,0.E0,0.E0));
#1525=VECTOR('',#1524,2.5E-1);
#1526=CARTESIAN_POINT('',(8.75E-1,7.5E-2,1.5E0));
#1527=LINE('',#1526,#1525);
#1528=CURVE_STYLE('',#34,POSITIVE_LENGTH_MEASURE(2.E-2),#28);
#1529=PRESENTATION_STYLE_ASSIGNMENT((#1528));
#1530=STYLED_ITEM('',(#1529),#1527);
#1531=DIRECTION('',(0.E0,1.E0,0.E0));
#1532=VECTOR('',#1531,1.E-1);
#1533=CARTESIAN_POINT('',(8.75E-1,7.5E-2,1.5E0));
#1534=LINE('',#1533,#1532);
#1535=CURVE_STYLE('',#34,POSITIVE_LENGTH_MEASURE(2.E-2),#28);
#1536=PRESENTATION_STYLE_ASSIGNMENT((#1535));
#1537=STYLED_ITEM('',(#1536),#1534);
#1538=DIRECTION('',(1.E0,0.E0,0.E0));
#1539=VECTOR('',#1538,2.5E-1);
#1540=CARTESIAN_POINT('',(6.25E-1,1.75E-1,1.5E0));
#1541=LINE('',#1540,#1539);
#1542=CURVE_STYLE('',#34,POSITIVE_LENGTH_MEASURE(2.E-2),#28);
#1543=PRESENTATION_STYLE_ASSIGNMENT((#1542));
#1544=STYLED_ITEM('',(#1543),#1541);
#1545=DIRECTION('',(0.E0,1.E0,0.E0));
#1546=VECTOR('',#1545,1.E-1);
#1547=CARTESIAN_POINT('',(6.25E-1,7.5E-2,1.5E0));
#1548=LINE('',#1547,#1546);
#1549=CURVE_STYLE('',#34,POSITIVE_LENGTH_MEASURE(2.E-2),#28);
#1550=PRESENTATION_STYLE_ASSIGNMENT((#1549));
#1551=STYLED_ITEM('',(#1550),#1548);
#1552=DIRECTION('',(1.E0,0.E0,0.E0));
#1553=VECTOR('',#1552,2.5E-1);
#1554=CARTESIAN_POINT('',(3.75E-1,7.5E-2,1.5E0));
#1555=LINE('',#1554,#1553);
#1556=CURVE_STYLE('',#34,POSITIVE_LENGTH_MEASURE(2.E-2),#28);
#1557=PRESENTATION_STYLE_ASSIGNMENT((#1556));
#1558=STYLED_ITEM('',(#1557),#1555);
#1559=DIRECTION('',(0.E0,1.E0,0.E0));
#1560=VECTOR('',#1559,1.E-1);
#1561=CARTESIAN_POINT('',(3.75E-1,7.5E-2,1.5E0));
#1562=LINE('',#1561,#1560);
#1563=CURVE_STYLE('',#34,POSITIVE_LENGTH_MEASURE(2.E-2),#28);
#1564=PRESENTATION_STYLE_ASSIGNMENT((#1563));
#1565=STYLED_ITEM('',(#1564),#1562);
#1566=DIRECTION('',(1.E0,0.E0,0.E0));
#1567=VECTOR('',#1566,2.5E-1);
#1568=CARTESIAN_POINT('',(1.25E-1,1.75E-1,1.5E0));
#1569=LINE('',#1568,#1567);
#1570=CURVE_STYLE('',#34,POSITIVE_LENGTH_MEASURE(2.E-2),#28);
#1571=PRESENTATION_STYLE_ASSIGNMENT((#1570));
#1572=STYLED_ITEM('',(#1571),#1569);
#1573=DIRECTION('',(0.E0,1.E0,0.E0));
#1574=VECTOR('',#1573,1.E-1);
#1575=CARTESIAN_POINT('',(1.25E-1,7.5E-2,1.5E0));
#1576=LINE('',#1575,#1574);
#1577=CURVE_STYLE('',#34,POSITIVE_LENGTH_MEASURE(2.E-2),#28);
#1578=PRESENTATION_STYLE_ASSIGNMENT((#1577));
#1579=STYLED_ITEM('',(#1578),#1576);
#1580=DIRECTION('',(1.E0,0.E0,0.E0));
#1581=VECTOR('',#1580,2.5E-1);
#1582=CARTESIAN_POINT('',(-1.25E-1,7.5E-2,1.5E0));
#1583=LINE('',#1582,#1581);
#1584=CURVE_STYLE('',#34,POSITIVE_LENGTH_MEASURE(2.E-2),#28);
#1585=PRESENTATION_STYLE_ASSIGNMENT((#1584));
#1586=STYLED_ITEM('',(#1585),#1583);
#1587=DIRECTION('',(0.E0,1.E0,0.E0));
#1588=VECTOR('',#1587,1.E-1);
#1589=CARTESIAN_POINT('',(-1.25E-1,7.5E-2,1.5E0));
#1590=LINE('',#1589,#1588);
#1591=CURVE_STYLE('',#34,POSITIVE_LENGTH_MEASURE(2.E-2),#28);
#1592=PRESENTATION_STYLE_ASSIGNMENT((#1591));
#1593=STYLED_ITEM('',(#1592),#1590);
#1594=DIRECTION('',(1.E0,0.E0,0.E0));
#1595=VECTOR('',#1594,2.5E-1);
#1596=CARTESIAN_POINT('',(-3.75E-1,1.75E-1,1.5E0));
#1597=LINE('',#1596,#1595);
#1598=CURVE_STYLE('',#34,POSITIVE_LENGTH_MEASURE(2.E-2),#28);
#1599=PRESENTATION_STYLE_ASSIGNMENT((#1598));
#1600=STYLED_ITEM('',(#1599),#1597);
#1601=DIRECTION('',(0.E0,1.E0,0.E0));
#1602=VECTOR('',#1601,1.E-1);
#1603=CARTESIAN_POINT('',(-3.75E-1,7.5E-2,1.5E0));
#1604=LINE('',#1603,#1602);
#1605=CURVE_STYLE('',#34,POSITIVE_LENGTH_MEASURE(2.E-2),#28);
#1606=PRESENTATION_STYLE_ASSIGNMENT((#1605));
#1607=STYLED_ITEM('',(#1606),#1604);
#1608=DIRECTION('',(1.E0,0.E0,0.E0));
#1609=VECTOR('',#1608,2.5E-1);
#1610=CARTESIAN_POINT('',(-6.25E-1,7.5E-2,1.5E0));
#1611=LINE('',#1610,#1609);
#1612=CURVE_STYLE('',#34,POSITIVE_LENGTH_MEASURE(2.E-2),#28);
#1613=PRESENTATION_STYLE_ASSIGNMENT((#1612));
#1614=STYLED_ITEM('',(#1613),#1611);
#1615=DIRECTION('',(0.E0,1.E0,0.E0));
#1616=VECTOR('',#1615,1.E-1);
#1617=CARTESIAN_POINT('',(-6.25E-1,7.5E-2,1.5E0));
#1618=LINE('',#1617,#1616);
#1619=CURVE_STYLE('',#34,POSITIVE_LENGTH_MEASURE(2.E-2),#28);
#1620=PRESENTATION_STYLE_ASSIGNMENT((#1619));
#1621=STYLED_ITEM('',(#1620),#1618);
#1622=DIRECTION('',(1.E0,0.E0,0.E0));
#1623=VECTOR('',#1622,2.5E-1);
#1624=CARTESIAN_POINT('',(-8.75E-1,1.75E-1,1.5E0));
#1625=LINE('',#1624,#1623);
#1626=CURVE_STYLE('',#34,POSITIVE_LENGTH_MEASURE(2.E-2),#28);
#1627=PRESENTATION_STYLE_ASSIGNMENT((#1626));
#1628=STYLED_ITEM('',(#1627),#1625);
#1629=DIRECTION('',(0.E0,1.E0,0.E0));
#1630=VECTOR('',#1629,1.E-1);
#1631=CARTESIAN_POINT('',(-8.75E-1,7.5E-2,1.5E0));
#1632=LINE('',#1631,#1630);
#1633=CURVE_STYLE('',#34,POSITIVE_LENGTH_MEASURE(2.E-2),#28);
#1634=PRESENTATION_STYLE_ASSIGNMENT((#1633));
#1635=STYLED_ITEM('',(#1634),#1632);
#1636=DIRECTION('',(1.E0,0.E0,0.E0));
#1637=VECTOR('',#1636,2.5E-1);
#1638=CARTESIAN_POINT('',(-1.125E0,7.5E-2,1.5E0));
#1639=LINE('',#1638,#1637);
#1640=CURVE_STYLE('',#34,POSITIVE_LENGTH_MEASURE(2.E-2),#28);
#1641=PRESENTATION_STYLE_ASSIGNMENT((#1640));
#1642=STYLED_ITEM('',(#1641),#1639);
#1643=DIRECTION('',(0.E0,1.E0,0.E0));
#1644=VECTOR('',#1643,1.E-1);
#1645=CARTESIAN_POINT('',(-1.125E0,7.5E-2,1.5E0));
#1646=LINE('',#1645,#1644);
#1647=CURVE_STYLE('',#34,POSITIVE_LENGTH_MEASURE(2.E-2),#28);
#1648=PRESENTATION_STYLE_ASSIGNMENT((#1647));
#1649=STYLED_ITEM('',(#1648),#1646);
#1650=DIRECTION('',(1.E0,0.E0,0.E0));
#1651=VECTOR('',#1650,2.E-1);
#1652=CARTESIAN_POINT('',(-1.325E0,1.75E-1,1.5E0));
#1653=LINE('',#1652,#1651);
#1654=CURVE_STYLE('',#34,POSITIVE_LENGTH_MEASURE(2.E-2),#28);
#1655=PRESENTATION_STYLE_ASSIGNMENT((#1654));
#1656=STYLED_ITEM('',(#1655),#1653);
#1657=DIRECTION('',(0.E0,1.E0,0.E0));
#1658=VECTOR('',#1657,1.E-1);
#1659=CARTESIAN_POINT('',(-1.325E0,7.5E-2,1.5E0));
#1660=LINE('',#1659,#1658);
#1661=CURVE_STYLE('',#34,POSITIVE_LENGTH_MEASURE(2.E-2),#28);
#1662=PRESENTATION_STYLE_ASSIGNMENT((#1661));
#1663=STYLED_ITEM('',(#1662),#1660);
#1664=DIRECTION('',(0.E0,0.E0,1.E0));
#1665=VECTOR('',#1664,3.E0);
#1666=CARTESIAN_POINT('',(-1.5E0,9.75E-1,-1.5E0));
#1667=LINE('',#1666,#1665);
#1668=CURVE_STYLE('',#34,POSITIVE_LENGTH_MEASURE(2.E-2),#28);
#1669=PRESENTATION_STYLE_ASSIGNMENT((#1668));
#1670=STYLED_ITEM('',(#1669),#1667);
#1671=DIRECTION('',(-1.E0,0.E0,0.E0));
#1672=VECTOR('',#1671,3.E0);
#1673=CARTESIAN_POINT('',(1.5E0,9.75E-1,-1.5E0));
#1674=LINE('',#1673,#1672);
#1675=CURVE_STYLE('',#34,POSITIVE_LENGTH_MEASURE(2.E-2),#28);
#1676=PRESENTATION_STYLE_ASSIGNMENT((#1675));
#1677=STYLED_ITEM('',(#1676),#1674);
#1678=DIRECTION('',(0.E0,0.E0,-1.E0));
#1679=VECTOR('',#1678,3.E0);
#1680=CARTESIAN_POINT('',(1.5E0,9.75E-1,1.5E0));
#1681=LINE('',#1680,#1679);
#1682=CURVE_STYLE('',#34,POSITIVE_LENGTH_MEASURE(2.E-2),#28);
#1683=PRESENTATION_STYLE_ASSIGNMENT((#1682));
#1684=STYLED_ITEM('',(#1683),#1681);
#1685=DIRECTION('',(1.E0,0.E0,0.E0));
#1686=VECTOR('',#1685,3.E0);
#1687=CARTESIAN_POINT('',(-1.5E0,9.75E-1,1.5E0));
#1688=LINE('',#1687,#1686);
#1689=CURVE_STYLE('',#34,POSITIVE_LENGTH_MEASURE(2.E-2),#28);
#1690=PRESENTATION_STYLE_ASSIGNMENT((#1689));
#1691=STYLED_ITEM('',(#1690),#1688);
#1692=DIRECTION('',(0.E0,0.E0,-1.E0));
#1693=VECTOR('',#1692,5.E-2);
#1694=CARTESIAN_POINT('',(1.325E0,7.5E-2,1.5E0));
#1695=LINE('',#1694,#1693);
#1696=CURVE_STYLE('',#34,POSITIVE_LENGTH_MEASURE(2.E-2),#28);
#1697=PRESENTATION_STYLE_ASSIGNMENT((#1696));
#1698=STYLED_ITEM('',(#1697),#1695);
#1699=DIRECTION('',(1.E0,0.E0,0.E0));
#1700=VECTOR('',#1699,2.E-1);
#1701=CARTESIAN_POINT('',(1.125E0,7.5E-2,1.45E0));
#1702=LINE('',#1701,#1700);
#1703=CURVE_STYLE('',#34,POSITIVE_LENGTH_MEASURE(2.E-2),#28);
#1704=PRESENTATION_STYLE_ASSIGNMENT((#1703));
#1705=STYLED_ITEM('',(#1704),#1702);
#1706=DIRECTION('',(0.E0,0.E0,1.E0));
#1707=VECTOR('',#1706,3.25E-1);
#1708=CARTESIAN_POINT('',(1.125E0,7.5E-2,1.125E0));
#1709=LINE('',#1708,#1707);
#1710=CURVE_STYLE('',#34,POSITIVE_LENGTH_MEASURE(2.E-2),#28);
#1711=PRESENTATION_STYLE_ASSIGNMENT((#1710));
#1712=STYLED_ITEM('',(#1711),#1709);
#1713=DIRECTION('',(-1.E0,0.E0,0.E0));
#1714=VECTOR('',#1713,3.25E-1);
#1715=CARTESIAN_POINT('',(1.45E0,7.5E-2,1.125E0));
#1716=LINE('',#1715,#1714);
#1717=CURVE_STYLE('',#34,POSITIVE_LENGTH_MEASURE(2.E-2),#28);
#1718=PRESENTATION_STYLE_ASSIGNMENT((#1717));
#1719=STYLED_ITEM('',(#1718),#1716);
#1720=DIRECTION('',(0.E0,0.E0,1.E0));
#1721=VECTOR('',#1720,2.E-1);
#1722=CARTESIAN_POINT('',(1.45E0,7.5E-2,1.125E0));
#1723=LINE('',#1722,#1721);
#1724=CURVE_STYLE('',#34,POSITIVE_LENGTH_MEASURE(2.E-2),#28);
#1725=PRESENTATION_STYLE_ASSIGNMENT((#1724));
#1726=STYLED_ITEM('',(#1725),#1723);
#1727=DIRECTION('',(1.E0,0.E0,0.E0));
#1728=VECTOR('',#1727,1.25E-1);
#1729=CARTESIAN_POINT('',(1.325E0,7.5E-2,1.325E0));
#1730=LINE('',#1729,#1728);
#1731=CURVE_STYLE('',#34,POSITIVE_LENGTH_MEASURE(2.E-2),#28);
#1732=PRESENTATION_STYLE_ASSIGNMENT((#1731));
#1733=STYLED_ITEM('',(#1732),#1730);
#1734=DIRECTION('',(0.E0,0.E0,-1.E0));
#1735=VECTOR('',#1734,1.25E-1);
#1736=CARTESIAN_POINT('',(1.325E0,7.5E-2,1.45E0));
#1737=LINE('',#1736,#1735);
#1738=CURVE_STYLE('',#34,POSITIVE_LENGTH_MEASURE(2.E-2),#28);
#1739=PRESENTATION_STYLE_ASSIGNMENT((#1738));
#1740=STYLED_ITEM('',(#1739),#1737);
#1741=DIRECTION('',(0.E0,-1.E0,0.E0));
#1742=VECTOR('',#1741,1.E-1);
#1743=CARTESIAN_POINT('',(1.125E0,1.75E-1,1.125E0));
#1744=LINE('',#1743,#1742);
#1745=CURVE_STYLE('',#34,POSITIVE_LENGTH_MEASURE(2.E-2),#28);
#1746=PRESENTATION_STYLE_ASSIGNMENT((#1745));
#1747=STYLED_ITEM('',(#1746),#1744);
#1748=DIRECTION('',(0.E0,0.E0,1.E0));
#1749=VECTOR('',#1748,5.E-2);
#1750=CARTESIAN_POINT('',(1.125E0,7.5E-2,1.45E0));
#1751=LINE('',#1750,#1749);
#1752=CURVE_STYLE('',#34,POSITIVE_LENGTH_MEASURE(2.E-2),#28);
#1753=PRESENTATION_STYLE_ASSIGNMENT((#1752));
#1754=STYLED_ITEM('',(#1753),#1751);
#1755=DIRECTION('',(0.E0,0.E0,-1.E0));
#1756=VECTOR('',#1755,1.75E-1);
#1757=CARTESIAN_POINT('',(1.325E0,1.75E-1,1.5E0));
#1758=LINE('',#1757,#1756);
#1759=CURVE_STYLE('',#34,POSITIVE_LENGTH_MEASURE(2.E-2),#28);
#1760=PRESENTATION_STYLE_ASSIGNMENT((#1759));
#1761=STYLED_ITEM('',(#1760),#1758);
#1762=DIRECTION('',(1.E0,0.E0,0.E0));
#1763=VECTOR('',#1762,1.75E-1);
#1764=CARTESIAN_POINT('',(1.325E0,1.75E-1,1.325E0));
#1765=LINE('',#1764,#1763);
#1766=CURVE_STYLE('',#34,POSITIVE_LENGTH_MEASURE(2.E-2),#28);
#1767=PRESENTATION_STYLE_ASSIGNMENT((#1766));
#1768=STYLED_ITEM('',(#1767),#1765);
#1769=DIRECTION('',(-1.E0,0.E0,0.E0));
#1770=VECTOR('',#1769,3.75E-1);
#1771=CARTESIAN_POINT('',(1.5E0,1.75E-1,1.125E0));
#1772=LINE('',#1771,#1770);
#1773=CURVE_STYLE('',#34,POSITIVE_LENGTH_MEASURE(2.E-2),#28);
#1774=PRESENTATION_STYLE_ASSIGNMENT((#1773));
#1775=STYLED_ITEM('',(#1774),#1772);
#1776=DIRECTION('',(0.E0,0.E0,1.E0));
#1777=VECTOR('',#1776,3.75E-1);
#1778=CARTESIAN_POINT('',(1.125E0,1.75E-1,1.125E0));
#1779=LINE('',#1778,#1777);
#1780=CURVE_STYLE('',#34,POSITIVE_LENGTH_MEASURE(2.E-2),#28);
#1781=PRESENTATION_STYLE_ASSIGNMENT((#1780));
#1782=STYLED_ITEM('',(#1781),#1779);
#1783=DIRECTION('',(0.E0,-1.E0,0.E0));
#1784=VECTOR('',#1783,1.E-1);
#1785=CARTESIAN_POINT('',(1.325E0,1.75E-1,1.325E0));
#1786=LINE('',#1785,#1784);
#1787=CURVE_STYLE('',#34,POSITIVE_LENGTH_MEASURE(2.E-2),#28);
#1788=PRESENTATION_STYLE_ASSIGNMENT((#1787));
#1789=STYLED_ITEM('',(#1788),#1786);
#1790=DIRECTION('',(1.E0,0.E0,0.E0));
#1791=VECTOR('',#1790,5.E-2);
#1792=CARTESIAN_POINT('',(1.45E0,7.5E-2,1.325E0));
#1793=LINE('',#1792,#1791);
#1794=CURVE_STYLE('',#34,POSITIVE_LENGTH_MEASURE(2.E-2),#28);
#1795=PRESENTATION_STYLE_ASSIGNMENT((#1794));
#1796=STYLED_ITEM('',(#1795),#1793);
#1797=DIRECTION('',(-1.E0,0.E0,0.E0));
#1798=VECTOR('',#1797,5.E-2);
#1799=CARTESIAN_POINT('',(1.5E0,7.5E-2,1.125E0));
#1800=LINE('',#1799,#1798);
#1801=CURVE_STYLE('',#34,POSITIVE_LENGTH_MEASURE(2.E-2),#28);
#1802=PRESENTATION_STYLE_ASSIGNMENT((#1801));
#1803=STYLED_ITEM('',(#1802),#1800);
#1804=DIRECTION('',(0.E0,1.E0,0.E0));
#1805=VECTOR('',#1804,7.5E-2);
#1806=CARTESIAN_POINT('',(1.45E0,0.E0,-1.45E0));
#1807=LINE('',#1806,#1805);
#1808=CURVE_STYLE('',#34,POSITIVE_LENGTH_MEASURE(2.E-2),#28);
#1809=PRESENTATION_STYLE_ASSIGNMENT((#1808));
#1810=STYLED_ITEM('',(#1809),#1807);
#1811=DIRECTION('',(-1.E0,0.E0,0.E0));
#1812=VECTOR('',#1811,5.E-2);
#1813=CARTESIAN_POINT('',(1.5E0,7.5E-2,-8.75E-1));
#1814=LINE('',#1813,#1812);
#1815=CURVE_STYLE('',#34,POSITIVE_LENGTH_MEASURE(2.E-2),#28);
#1816=PRESENTATION_STYLE_ASSIGNMENT((#1815));
#1817=STYLED_ITEM('',(#1816),#1814);
#1818=DIRECTION('',(0.E0,1.E0,0.E0));
#1819=VECTOR('',#1818,7.5E-2);
#1820=CARTESIAN_POINT('',(1.45E0,0.E0,-8.75E-1));
#1821=LINE('',#1820,#1819);
#1822=CURVE_STYLE('',#34,POSITIVE_LENGTH_MEASURE(2.E-2),#28);
#1823=PRESENTATION_STYLE_ASSIGNMENT((#1822));
#1824=STYLED_ITEM('',(#1823),#1821);
#1825=DIRECTION('',(0.E0,1.E0,0.E0));
#1826=VECTOR('',#1825,1.75E-1);
#1827=CARTESIAN_POINT('',(1.225E0,0.E0,-8.75E-1));
#1828=LINE('',#1827,#1826);
#1829=CURVE_STYLE('',#34,POSITIVE_LENGTH_MEASURE(2.E-2),#28);
#1830=PRESENTATION_STYLE_ASSIGNMENT((#1829));
#1831=STYLED_ITEM('',(#1830),#1828);
#1832=DIRECTION('',(1.E0,0.E0,0.E0));
#1833=VECTOR('',#1832,5.E-2);
#1834=CARTESIAN_POINT('',(1.45E0,7.5E-2,-6.25E-1));
#1835=LINE('',#1834,#1833);
#1836=CURVE_STYLE('',#34,POSITIVE_LENGTH_MEASURE(2.E-2),#28);
#1837=PRESENTATION_STYLE_ASSIGNMENT((#1836));
#1838=STYLED_ITEM('',(#1837),#1835);
#1839=DIRECTION('',(0.E0,1.E0,0.E0));
#1840=VECTOR('',#1839,1.75E-1);
#1841=CARTESIAN_POINT('',(1.225E0,0.E0,-6.25E-1));
#1842=LINE('',#1841,#1840);
#1843=CURVE_STYLE('',#34,POSITIVE_LENGTH_MEASURE(2.E-2),#28);
#1844=PRESENTATION_STYLE_ASSIGNMENT((#1843));
#1845=STYLED_ITEM('',(#1844),#1842);
#1846=DIRECTION('',(0.E0,1.E0,0.E0));
#1847=VECTOR('',#1846,7.5E-2);
#1848=CARTESIAN_POINT('',(1.45E0,0.E0,-6.25E-1));
#1849=LINE('',#1848,#1847);
#1850=CURVE_STYLE('',#34,POSITIVE_LENGTH_MEASURE(2.E-2),#28);
#1851=PRESENTATION_STYLE_ASSIGNMENT((#1850));
#1852=STYLED_ITEM('',(#1851),#1849);
#1853=DIRECTION('',(-1.E0,0.E0,0.E0));
#1854=VECTOR('',#1853,2.75E-1);
#1855=CARTESIAN_POINT('',(1.5E0,1.75E-1,-8.75E-1));
#1856=LINE('',#1855,#1854);
#1857=CURVE_STYLE('',#34,POSITIVE_LENGTH_MEASURE(2.E-2),#28);
#1858=PRESENTATION_STYLE_ASSIGNMENT((#1857));
#1859=STYLED_ITEM('',(#1858),#1856);
#1860=CARTESIAN_POINT('',(1.225E0,1.75E-1,-7.5E-1));
#1861=DIRECTION('',(0.E0,1.E0,0.E0));
#1862=DIRECTION('',(0.E0,0.E0,-1.E0));
#1863=AXIS2_PLACEMENT_3D('',#1860,#1861,#1862);
#1865=CURVE_STYLE('',#34,POSITIVE_LENGTH_MEASURE(2.E-2),#28);
#1866=PRESENTATION_STYLE_ASSIGNMENT((#1865));
#1867=STYLED_ITEM('',(#1866),#1864);
#1868=DIRECTION('',(1.E0,0.E0,0.E0));
#1869=VECTOR('',#1868,2.75E-1);
#1870=CARTESIAN_POINT('',(1.225E0,1.75E-1,-6.25E-1));
#1871=LINE('',#1870,#1869);
#1872=CURVE_STYLE('',#34,POSITIVE_LENGTH_MEASURE(2.E-2),#28);
#1873=PRESENTATION_STYLE_ASSIGNMENT((#1872));
#1874=STYLED_ITEM('',(#1873),#1871);
#1875=DIRECTION('',(1.E0,0.E0,0.E0));
#1876=VECTOR('',#1875,2.E-1);
#1877=CARTESIAN_POINT('',(1.125E0,7.5E-2,-1.45E0));
#1878=LINE('',#1877,#1876);
#1879=CURVE_STYLE('',#34,POSITIVE_LENGTH_MEASURE(2.E-2),#28);
#1880=PRESENTATION_STYLE_ASSIGNMENT((#1879));
#1881=STYLED_ITEM('',(#1880),#1878);
#1882=DIRECTION('',(0.E0,0.E0,-1.E0));
#1883=VECTOR('',#1882,1.25E-1);
#1884=CARTESIAN_POINT('',(1.325E0,7.5E-2,-1.325E0));
#1885=LINE('',#1884,#1883);
#1886=CURVE_STYLE('',#34,POSITIVE_LENGTH_MEASURE(2.E-2),#28);
#1887=PRESENTATION_STYLE_ASSIGNMENT((#1886));
#1888=STYLED_ITEM('',(#1887),#1885);
#1889=DIRECTION('',(-1.E0,0.E0,0.E0));
#1890=VECTOR('',#1889,1.25E-1);
#1891=CARTESIAN_POINT('',(1.45E0,7.5E-2,-1.325E0));
#1892=LINE('',#1891,#1890);
#1893=CURVE_STYLE('',#34,POSITIVE_LENGTH_MEASURE(2.E-2),#28);
#1894=PRESENTATION_STYLE_ASSIGNMENT((#1893));
#1895=STYLED_ITEM('',(#1894),#1892);
#1896=DIRECTION('',(0.E0,0.E0,-1.E0));
#1897=VECTOR('',#1896,2.E-1);
#1898=CARTESIAN_POINT('',(1.45E0,7.5E-2,-1.125E0));
#1899=LINE('',#1898,#1897);
#1900=CURVE_STYLE('',#34,POSITIVE_LENGTH_MEASURE(2.E-2),#28);
#1901=PRESENTATION_STYLE_ASSIGNMENT((#1900));
#1902=STYLED_ITEM('',(#1901),#1899);
#1903=DIRECTION('',(1.E0,0.E0,0.E0));
#1904=VECTOR('',#1903,3.25E-1);
#1905=CARTESIAN_POINT('',(1.125E0,7.5E-2,-1.125E0));
#1906=LINE('',#1905,#1904);
#1907=CURVE_STYLE('',#34,POSITIVE_LENGTH_MEASURE(2.E-2),#28);
#1908=PRESENTATION_STYLE_ASSIGNMENT((#1907));
#1909=STYLED_ITEM('',(#1908),#1906);
#1910=DIRECTION('',(0.E0,0.E0,1.E0));
#1911=VECTOR('',#1910,3.25E-1);
#1912=CARTESIAN_POINT('',(1.125E0,7.5E-2,-1.45E0));
#1913=LINE('',#1912,#1911);
#1914=CURVE_STYLE('',#34,POSITIVE_LENGTH_MEASURE(2.E-2),#28);
#1915=PRESENTATION_STYLE_ASSIGNMENT((#1914));
#1916=STYLED_ITEM('',(#1915),#1913);
#1917=DIRECTION('',(0.E0,1.E0,0.E0));
#1918=VECTOR('',#1917,7.5E-2);
#1919=CARTESIAN_POINT('',(-1.45E0,0.E0,-1.45E0));
#1920=LINE('',#1919,#1918);
#1921=CURVE_STYLE('',#34,POSITIVE_LENGTH_MEASURE(2.E-2),#28);
#1922=PRESENTATION_STYLE_ASSIGNMENT((#1921));
#1923=STYLED_ITEM('',(#1922),#1920);
#1924=DIRECTION('',(0.E0,0.E0,1.E0));
#1925=VECTOR('',#1924,5.E-2);
#1926=CARTESIAN_POINT('',(-8.75E-1,7.5E-2,-1.5E0));
#1927=LINE('',#1926,#1925);
#1928=CURVE_STYLE('',#34,POSITIVE_LENGTH_MEASURE(2.E-2),#28);
#1929=PRESENTATION_STYLE_ASSIGNMENT((#1928));
#1930=STYLED_ITEM('',(#1929),#1927);
#1931=DIRECTION('',(0.E0,1.E0,0.E0));
#1932=VECTOR('',#1931,7.5E-2);
#1933=CARTESIAN_POINT('',(-8.75E-1,0.E0,-1.45E0));
#1934=LINE('',#1933,#1932);
#1935=CURVE_STYLE('',#34,POSITIVE_LENGTH_MEASURE(2.E-2),#28);
#1936=PRESENTATION_STYLE_ASSIGNMENT((#1935));
#1937=STYLED_ITEM('',(#1936),#1934);
#1938=DIRECTION('',(0.E0,1.E0,0.E0));
#1939=VECTOR('',#1938,1.75E-1);
#1940=CARTESIAN_POINT('',(-8.75E-1,0.E0,-1.225E0));
#1941=LINE('',#1940,#1939);
#1942=CURVE_STYLE('',#34,POSITIVE_LENGTH_MEASURE(2.E-2),#28);
#1943=PRESENTATION_STYLE_ASSIGNMENT((#1942));
#1944=STYLED_ITEM('',(#1943),#1941);
#1945=DIRECTION('',(0.E0,0.E0,-1.E0));
#1946=VECTOR('',#1945,5.E-2);
#1947=CARTESIAN_POINT('',(-6.25E-1,7.5E-2,-1.45E0));
#1948=LINE('',#1947,#1946);
#1949=CURVE_STYLE('',#34,POSITIVE_LENGTH_MEASURE(2.E-2),#28);
#1950=PRESENTATION_STYLE_ASSIGNMENT((#1949));
#1951=STYLED_ITEM('',(#1950),#1948);
#1952=DIRECTION('',(0.E0,1.E0,0.E0));
#1953=VECTOR('',#1952,1.75E-1);
#1954=CARTESIAN_POINT('',(-6.25E-1,0.E0,-1.225E0));
#1955=LINE('',#1954,#1953);
#1956=CURVE_STYLE('',#34,POSITIVE_LENGTH_MEASURE(2.E-2),#28);
#1957=PRESENTATION_STYLE_ASSIGNMENT((#1956));
#1958=STYLED_ITEM('',(#1957),#1955);
#1959=DIRECTION('',(0.E0,1.E0,0.E0));
#1960=VECTOR('',#1959,7.5E-2);
#1961=CARTESIAN_POINT('',(-6.25E-1,0.E0,-1.45E0));
#1962=LINE('',#1961,#1960);
#1963=CURVE_STYLE('',#34,POSITIVE_LENGTH_MEASURE(2.E-2),#28);
#1964=PRESENTATION_STYLE_ASSIGNMENT((#1963));
#1965=STYLED_ITEM('',(#1964),#1962);
#1966=DIRECTION('',(0.E0,0.E0,1.E0));
#1967=VECTOR('',#1966,2.75E-1);
#1968=CARTESIAN_POINT('',(-8.75E-1,1.75E-1,-1.5E0));
#1969=LINE('',#1968,#1967);
#1970=CURVE_STYLE('',#34,POSITIVE_LENGTH_MEASURE(2.E-2),#28);
#1971=PRESENTATION_STYLE_ASSIGNMENT((#1970));
#1972=STYLED_ITEM('',(#1971),#1969);
#1973=CARTESIAN_POINT('',(-7.5E-1,1.75E-1,-1.225E0));
#1974=DIRECTION('',(0.E0,1.E0,0.E0));
#1975=DIRECTION('',(-1.E0,0.E0,0.E0));
#1976=AXIS2_PLACEMENT_3D('',#1973,#1974,#1975);
#1978=CURVE_STYLE('',#34,POSITIVE_LENGTH_MEASURE(2.E-2),#28);
#1979=PRESENTATION_STYLE_ASSIGNMENT((#1978));
#1980=STYLED_ITEM('',(#1979),#1977);
#1981=DIRECTION('',(0.E0,0.E0,-1.E0));
#1982=VECTOR('',#1981,2.75E-1);
#1983=CARTESIAN_POINT('',(-6.25E-1,1.75E-1,-1.225E0));
#1984=LINE('',#1983,#1982);
#1985=CURVE_STYLE('',#34,POSITIVE_LENGTH_MEASURE(2.E-2),#28);
#1986=PRESENTATION_STYLE_ASSIGNMENT((#1985));
#1987=STYLED_ITEM('',(#1986),#1984);
#1988=DIRECTION('',(0.E0,0.E0,-1.E0));
#1989=VECTOR('',#1988,2.E-1);
#1990=CARTESIAN_POINT('',(-1.45E0,7.5E-2,-1.125E0));
#1991=LINE('',#1990,#1989);
#1992=CURVE_STYLE('',#34,POSITIVE_LENGTH_MEASURE(2.E-2),#28);
#1993=PRESENTATION_STYLE_ASSIGNMENT((#1992));
#1994=STYLED_ITEM('',(#1993),#1991);
#1995=DIRECTION('',(-1.E0,0.E0,0.E0));
#1996=VECTOR('',#1995,1.25E-1);
#1997=CARTESIAN_POINT('',(-1.325E0,7.5E-2,-1.325E0));
#1998=LINE('',#1997,#1996);
#1999=CURVE_STYLE('',#34,POSITIVE_LENGTH_MEASURE(2.E-2),#28);
#2000=PRESENTATION_STYLE_ASSIGNMENT((#1999));
#2001=STYLED_ITEM('',(#2000),#1998);
#2002=DIRECTION('',(0.E0,0.E0,1.E0));
#2003=VECTOR('',#2002,1.25E-1);
#2004=CARTESIAN_POINT('',(-1.325E0,7.5E-2,-1.45E0));
#2005=LINE('',#2004,#2003);
#2006=CURVE_STYLE('',#34,POSITIVE_LENGTH_MEASURE(2.E-2),#28);
#2007=PRESENTATION_STYLE_ASSIGNMENT((#2006));
#2008=STYLED_ITEM('',(#2007),#2005);
#2009=DIRECTION('',(-1.E0,0.E0,0.E0));
#2010=VECTOR('',#2009,2.E-1);
#2011=CARTESIAN_POINT('',(-1.125E0,7.5E-2,-1.45E0));
#2012=LINE('',#2011,#2010);
#2013=CURVE_STYLE('',#34,POSITIVE_LENGTH_MEASURE(2.E-2),#28);
#2014=PRESENTATION_STYLE_ASSIGNMENT((#2013));
#2015=STYLED_ITEM('',(#2014),#2012);
#2016=DIRECTION('',(0.E0,0.E0,-1.E0));
#2017=VECTOR('',#2016,3.25E-1);
#2018=CARTESIAN_POINT('',(-1.125E0,7.5E-2,-1.125E0));
#2019=LINE('',#2018,#2017);
#2020=CURVE_STYLE('',#34,POSITIVE_LENGTH_MEASURE(2.E-2),#28);
#2021=PRESENTATION_STYLE_ASSIGNMENT((#2020));
#2022=STYLED_ITEM('',(#2021),#2019);
#2023=DIRECTION('',(1.E0,0.E0,0.E0));
#2024=VECTOR('',#2023,3.25E-1);
#2025=CARTESIAN_POINT('',(-1.45E0,7.5E-2,-1.125E0));
#2026=LINE('',#2025,#2024);
#2027=CURVE_STYLE('',#34,POSITIVE_LENGTH_MEASURE(2.E-2),#28);
#2028=PRESENTATION_STYLE_ASSIGNMENT((#2027));
#2029=STYLED_ITEM('',(#2028),#2026);
#2030=DIRECTION('',(0.E0,1.E0,0.E0));
#2031=VECTOR('',#2030,7.5E-2);
#2032=CARTESIAN_POINT('',(-1.45E0,0.E0,1.45E0));
#2033=LINE('',#2032,#2031);
#2034=CURVE_STYLE('',#34,POSITIVE_LENGTH_MEASURE(2.E-2),#28);
#2035=PRESENTATION_STYLE_ASSIGNMENT((#2034));
#2036=STYLED_ITEM('',(#2035),#2033);
#2037=DIRECTION('',(-1.E0,0.E0,0.E0));
#2038=VECTOR('',#2037,5.E-2);
#2039=CARTESIAN_POINT('',(-1.45E0,7.5E-2,8.75E-1));
#2040=LINE('',#2039,#2038);
#2041=CURVE_STYLE('',#34,POSITIVE_LENGTH_MEASURE(2.E-2),#28);
#2042=PRESENTATION_STYLE_ASSIGNMENT((#2041));
#2043=STYLED_ITEM('',(#2042),#2040);
#2044=DIRECTION('',(0.E0,1.E0,0.E0));
#2045=VECTOR('',#2044,7.5E-2);
#2046=CARTESIAN_POINT('',(-1.45E0,0.E0,8.75E-1));
#2047=LINE('',#2046,#2045);
#2048=CURVE_STYLE('',#34,POSITIVE_LENGTH_MEASURE(2.E-2),#28);
#2049=PRESENTATION_STYLE_ASSIGNMENT((#2048));
#2050=STYLED_ITEM('',(#2049),#2047);
#2051=DIRECTION('',(0.E0,1.E0,0.E0));
#2052=VECTOR('',#2051,1.75E-1);
#2053=CARTESIAN_POINT('',(-1.225E0,0.E0,8.75E-1));
#2054=LINE('',#2053,#2052);
#2055=CURVE_STYLE('',#34,POSITIVE_LENGTH_MEASURE(2.E-2),#28);
#2056=PRESENTATION_STYLE_ASSIGNMENT((#2055));
#2057=STYLED_ITEM('',(#2056),#2054);
#2058=DIRECTION('',(0.E0,1.E0,0.E0));
#2059=VECTOR('',#2058,1.75E-1);
#2060=CARTESIAN_POINT('',(-1.225E0,0.E0,6.25E-1));
#2061=LINE('',#2060,#2059);
#2062=CURVE_STYLE('',#34,POSITIVE_LENGTH_MEASURE(2.E-2),#28);
#2063=PRESENTATION_STYLE_ASSIGNMENT((#2062));
#2064=STYLED_ITEM('',(#2063),#2061);
#2065=DIRECTION('',(1.E0,0.E0,0.E0));
#2066=VECTOR('',#2065,5.E-2);
#2067=CARTESIAN_POINT('',(-1.5E0,7.5E-2,6.25E-1));
#2068=LINE('',#2067,#2066);
#2069=CURVE_STYLE('',#34,POSITIVE_LENGTH_MEASURE(2.E-2),#28);
#2070=PRESENTATION_STYLE_ASSIGNMENT((#2069));
#2071=STYLED_ITEM('',(#2070),#2068);
#2072=DIRECTION('',(0.E0,1.E0,0.E0));
#2073=VECTOR('',#2072,7.5E-2);
#2074=CARTESIAN_POINT('',(-1.45E0,0.E0,6.25E-1));
#2075=LINE('',#2074,#2073);
#2076=CURVE_STYLE('',#34,POSITIVE_LENGTH_MEASURE(2.E-2),#28);
#2077=PRESENTATION_STYLE_ASSIGNMENT((#2076));
#2078=STYLED_ITEM('',(#2077),#2075);
#2079=DIRECTION('',(-1.E0,0.E0,0.E0));
#2080=VECTOR('',#2079,2.75E-1);
#2081=CARTESIAN_POINT('',(-1.225E0,1.75E-1,8.75E-1));
#2082=LINE('',#2081,#2080);
#2083=CURVE_STYLE('',#34,POSITIVE_LENGTH_MEASURE(2.E-2),#28);
#2084=PRESENTATION_STYLE_ASSIGNMENT((#2083));
#2085=STYLED_ITEM('',(#2084),#2082);
#2086=CARTESIAN_POINT('',(-1.225E0,1.75E-1,7.5E-1));
#2087=DIRECTION('',(0.E0,-1.E0,0.E0));
#2088=DIRECTION('',(0.E0,0.E0,-1.E0));
#2089=AXIS2_PLACEMENT_3D('',#2086,#2087,#2088);
#2091=CURVE_STYLE('',#34,POSITIVE_LENGTH_MEASURE(2.E-2),#28);
#2092=PRESENTATION_STYLE_ASSIGNMENT((#2091));
#2093=STYLED_ITEM('',(#2092),#2090);
#2094=DIRECTION('',(1.E0,0.E0,0.E0));
#2095=VECTOR('',#2094,2.75E-1);
#2096=CARTESIAN_POINT('',(-1.5E0,1.75E-1,6.25E-1));
#2097=LINE('',#2096,#2095);
#2098=CURVE_STYLE('',#34,POSITIVE_LENGTH_MEASURE(2.E-2),#28);
#2099=PRESENTATION_STYLE_ASSIGNMENT((#2098));
#2100=STYLED_ITEM('',(#2099),#2097);
#2101=DIRECTION('',(-1.E0,0.E0,0.E0));
#2102=VECTOR('',#2101,2.E-1);
#2103=CARTESIAN_POINT('',(-1.125E0,7.5E-2,1.45E0));
#2104=LINE('',#2103,#2102);
#2105=CURVE_STYLE('',#34,POSITIVE_LENGTH_MEASURE(2.E-2),#28);
#2106=PRESENTATION_STYLE_ASSIGNMENT((#2105));
#2107=STYLED_ITEM('',(#2106),#2104);
#2108=DIRECTION('',(0.E0,0.E0,1.E0));
#2109=VECTOR('',#2108,1.25E-1);
#2110=CARTESIAN_POINT('',(-1.325E0,7.5E-2,1.325E0));
#2111=LINE('',#2110,#2109);
#2112=CURVE_STYLE('',#34,POSITIVE_LENGTH_MEASURE(2.E-2),#28);
#2113=PRESENTATION_STYLE_ASSIGNMENT((#2112));
#2114=STYLED_ITEM('',(#2113),#2111);
#2115=DIRECTION('',(1.E0,0.E0,0.E0));
#2116=VECTOR('',#2115,1.25E-1);
#2117=CARTESIAN_POINT('',(-1.45E0,7.5E-2,1.325E0));
#2118=LINE('',#2117,#2116);
#2119=CURVE_STYLE('',#34,POSITIVE_LENGTH_MEASURE(2.E-2),#28);
#2120=PRESENTATION_STYLE_ASSIGNMENT((#2119));
#2121=STYLED_ITEM('',(#2120),#2118);
#2122=DIRECTION('',(0.E0,0.E0,1.E0));
#2123=VECTOR('',#2122,2.E-1);
#2124=CARTESIAN_POINT('',(-1.45E0,7.5E-2,1.125E0));
#2125=LINE('',#2124,#2123);
#2126=CURVE_STYLE('',#34,POSITIVE_LENGTH_MEASURE(2.E-2),#28);
#2127=PRESENTATION_STYLE_ASSIGNMENT((#2126));
#2128=STYLED_ITEM('',(#2127),#2125);
#2129=DIRECTION('',(-1.E0,0.E0,0.E0));
#2130=VECTOR('',#2129,3.25E-1);
#2131=CARTESIAN_POINT('',(-1.125E0,7.5E-2,1.125E0));
#2132=LINE('',#2131,#2130);
#2133=CURVE_STYLE('',#34,POSITIVE_LENGTH_MEASURE(2.E-2),#28);
#2134=PRESENTATION_STYLE_ASSIGNMENT((#2133));
#2135=STYLED_ITEM('',(#2134),#2132);
#2136=DIRECTION('',(0.E0,0.E0,-1.E0));
#2137=VECTOR('',#2136,3.25E-1);
#2138=CARTESIAN_POINT('',(-1.125E0,7.5E-2,1.45E0));
#2139=LINE('',#2138,#2137);
#2140=CURVE_STYLE('',#34,POSITIVE_LENGTH_MEASURE(2.E-2),#28);
#2141=PRESENTATION_STYLE_ASSIGNMENT((#2140));
#2142=STYLED_ITEM('',(#2141),#2139);
#2143=DIRECTION('',(0.E0,-1.E0,0.E0));
#2144=VECTOR('',#2143,1.E-1);
#2145=CARTESIAN_POINT('',(-1.325E0,1.75E-1,1.325E0));
#2146=LINE('',#2145,#2144);
#2147=CURVE_STYLE('',#34,POSITIVE_LENGTH_MEASURE(2.E-2),#28);
#2148=PRESENTATION_STYLE_ASSIGNMENT((#2147));
#2149=STYLED_ITEM('',(#2148),#2146);
#2150=DIRECTION('',(0.E0,0.E0,1.E0));
#2151=VECTOR('',#2150,5.E-2);
#2152=CARTESIAN_POINT('',(-1.325E0,7.5E-2,1.45E0));
#2153=LINE('',#2152,#2151);
#2154=CURVE_STYLE('',#34,POSITIVE_LENGTH_MEASURE(2.E-2),#28);
#2155=PRESENTATION_STYLE_ASSIGNMENT((#2154));
#2156=STYLED_ITEM('',(#2155),#2153);
#2157=DIRECTION('',(1.E0,0.E0,0.E0));
#2158=VECTOR('',#2157,1.75E-1);
#2159=CARTESIAN_POINT('',(-1.5E0,1.75E-1,1.325E0));
#2160=LINE('',#2159,#2158);
#2161=CURVE_STYLE('',#34,POSITIVE_LENGTH_MEASURE(2.E-2),#28);
#2162=PRESENTATION_STYLE_ASSIGNMENT((#2161));
#2163=STYLED_ITEM('',(#2162),#2160);
#2164=DIRECTION('',(0.E0,0.E0,1.E0));
#2165=VECTOR('',#2164,1.75E-1);
#2166=CARTESIAN_POINT('',(-1.325E0,1.75E-1,1.325E0));
#2167=LINE('',#2166,#2165);
#2168=CURVE_STYLE('',#34,POSITIVE_LENGTH_MEASURE(2.E-2),#28);
#2169=PRESENTATION_STYLE_ASSIGNMENT((#2168));
#2170=STYLED_ITEM('',(#2169),#2167);
#2171=DIRECTION('',(0.E0,0.E0,-1.E0));
#2172=VECTOR('',#2171,3.75E-1);
#2173=CARTESIAN_POINT('',(-1.125E0,1.75E-1,1.5E0));
#2174=LINE('',#2173,#2172);
#2175=CURVE_STYLE('',#34,POSITIVE_LENGTH_MEASURE(2.E-2),#28);
#2176=PRESENTATION_STYLE_ASSIGNMENT((#2175));
#2177=STYLED_ITEM('',(#2176),#2174);
#2178=DIRECTION('',(-1.E0,0.E0,0.E0));
#2179=VECTOR('',#2178,3.75E-1);
#2180=CARTESIAN_POINT('',(-1.125E0,1.75E-1,1.125E0));
#2181=LINE('',#2180,#2179);
#2182=CURVE_STYLE('',#34,POSITIVE_LENGTH_MEASURE(2.E-2),#28);
#2183=PRESENTATION_STYLE_ASSIGNMENT((#2182));
#2184=STYLED_ITEM('',(#2183),#2181);
#2185=DIRECTION('',(1.E0,0.E0,0.E0));
#2186=VECTOR('',#2185,5.E-2);
#2187=CARTESIAN_POINT('',(-1.5E0,7.5E-2,1.325E0));
#2188=LINE('',#2187,#2186);
#2189=CURVE_STYLE('',#34,POSITIVE_LENGTH_MEASURE(2.E-2),#28);
#2190=PRESENTATION_STYLE_ASSIGNMENT((#2189));
#2191=STYLED_ITEM('',(#2190),#2188);
#2192=DIRECTION('',(0.E0,0.E0,-1.E0));
#2193=VECTOR('',#2192,5.E-2);
#2194=CARTESIAN_POINT('',(-1.125E0,7.5E-2,1.5E0));
#2195=LINE('',#2194,#2193);
#2196=CURVE_STYLE('',#34,POSITIVE_LENGTH_MEASURE(2.E-2),#28);
#2197=PRESENTATION_STYLE_ASSIGNMENT((#2196));
#2198=STYLED_ITEM('',(#2197),#2195);
#2199=DIRECTION('',(0.E0,-1.E0,0.E0));
#2200=VECTOR('',#2199,1.E-1);
#2201=CARTESIAN_POINT('',(-1.125E0,1.75E-1,1.125E0));
#2202=LINE('',#2201,#2200);
#2203=CURVE_STYLE('',#34,POSITIVE_LENGTH_MEASURE(2.E-2),#28);
#2204=PRESENTATION_STYLE_ASSIGNMENT((#2203));
#2205=STYLED_ITEM('',(#2204),#2202);
#2206=DIRECTION('',(-1.E0,0.E0,0.E0));
#2207=VECTOR('',#2206,5.E-2);
#2208=CARTESIAN_POINT('',(-1.45E0,7.5E-2,1.125E0));
#2209=LINE('',#2208,#2207);
#2210=CURVE_STYLE('',#34,POSITIVE_LENGTH_MEASURE(2.E-2),#28);
#2211=PRESENTATION_STYLE_ASSIGNMENT((#2210));
#2212=STYLED_ITEM('',(#2211),#2209);
#2213=DIRECTION('',(-1.E0,0.E0,0.E0));
#2214=VECTOR('',#2213,5.E-2);
#2215=CARTESIAN_POINT('',(-1.45E0,7.5E-2,3.75E-1));
#2216=LINE('',#2215,#2214);
#2217=CURVE_STYLE('',#34,POSITIVE_LENGTH_MEASURE(2.E-2),#28);
#2218=PRESENTATION_STYLE_ASSIGNMENT((#2217));
#2219=STYLED_ITEM('',(#2218),#2216);
#2220=DIRECTION('',(0.E0,1.E0,0.E0));
#2221=VECTOR('',#2220,7.5E-2);
#2222=CARTESIAN_POINT('',(-1.45E0,0.E0,3.75E-1));
#2223=LINE('',#2222,#2221);
#2224=CURVE_STYLE('',#34,POSITIVE_LENGTH_MEASURE(2.E-2),#28);
#2225=PRESENTATION_STYLE_ASSIGNMENT((#2224));
#2226=STYLED_ITEM('',(#2225),#2223);
#2227=DIRECTION('',(0.E0,1.E0,0.E0));
#2228=VECTOR('',#2227,1.75E-1);
#2229=CARTESIAN_POINT('',(-1.225E0,0.E0,3.75E-1));
#2230=LINE('',#2229,#2228);
#2231=CURVE_STYLE('',#34,POSITIVE_LENGTH_MEASURE(2.E-2),#28);
#2232=PRESENTATION_STYLE_ASSIGNMENT((#2231));
#2233=STYLED_ITEM('',(#2232),#2230);
#2234=DIRECTION('',(0.E0,1.E0,0.E0));
#2235=VECTOR('',#2234,1.75E-1);
#2236=CARTESIAN_POINT('',(-1.225E0,0.E0,1.25E-1));
#2237=LINE('',#2236,#2235);
#2238=CURVE_STYLE('',#34,POSITIVE_LENGTH_MEASURE(2.E-2),#28);
#2239=PRESENTATION_STYLE_ASSIGNMENT((#2238));
#2240=STYLED_ITEM('',(#2239),#2237);
#2241=DIRECTION('',(1.E0,0.E0,0.E0));
#2242=VECTOR('',#2241,5.E-2);
#2243=CARTESIAN_POINT('',(-1.5E0,7.5E-2,1.25E-1));
#2244=LINE('',#2243,#2242);
#2245=CURVE_STYLE('',#34,POSITIVE_LENGTH_MEASURE(2.E-2),#28);
#2246=PRESENTATION_STYLE_ASSIGNMENT((#2245));
#2247=STYLED_ITEM('',(#2246),#2244);
#2248=DIRECTION('',(0.E0,1.E0,0.E0));
#2249=VECTOR('',#2248,7.5E-2);
#2250=CARTESIAN_POINT('',(-1.45E0,0.E0,1.25E-1));
#2251=LINE('',#2250,#2249);
#2252=CURVE_STYLE('',#34,POSITIVE_LENGTH_MEASURE(2.E-2),#28);
#2253=PRESENTATION_STYLE_ASSIGNMENT((#2252));
#2254=STYLED_ITEM('',(#2253),#2251);
#2255=DIRECTION('',(-1.E0,0.E0,0.E0));
#2256=VECTOR('',#2255,2.75E-1);
#2257=CARTESIAN_POINT('',(-1.225E0,1.75E-1,3.75E-1));
#2258=LINE('',#2257,#2256);
#2259=CURVE_STYLE('',#34,POSITIVE_LENGTH_MEASURE(2.E-2),#28);
#2260=PRESENTATION_STYLE_ASSIGNMENT((#2259));
#2261=STYLED_ITEM('',(#2260),#2258);
#2262=CARTESIAN_POINT('',(-1.225E0,1.75E-1,2.5E-1));
#2263=DIRECTION('',(0.E0,-1.E0,0.E0));
#2264=DIRECTION('',(0.E0,0.E0,-1.E0));
#2265=AXIS2_PLACEMENT_3D('',#2262,#2263,#2264);
#2267=CURVE_STYLE('',#34,POSITIVE_LENGTH_MEASURE(2.E-2),#28);
#2268=PRESENTATION_STYLE_ASSIGNMENT((#2267));
#2269=STYLED_ITEM('',(#2268),#2266);
#2270=DIRECTION('',(1.E0,0.E0,0.E0));
#2271=VECTOR('',#2270,2.75E-1);
#2272=CARTESIAN_POINT('',(-1.5E0,1.75E-1,1.25E-1));
#2273=LINE('',#2272,#2271);
#2274=CURVE_STYLE('',#34,POSITIVE_LENGTH_MEASURE(2.E-2),#28);
#2275=PRESENTATION_STYLE_ASSIGNMENT((#2274));
#2276=STYLED_ITEM('',(#2275),#2273);
#2277=DIRECTION('',(-1.E0,0.E0,0.E0));
#2278=VECTOR('',#2277,5.E-2);
#2279=CARTESIAN_POINT('',(-1.45E0,7.5E-2,-1.25E-1));
#2280=LINE('',#2279,#2278);
#2281=CURVE_STYLE('',#34,POSITIVE_LENGTH_MEASURE(2.E-2),#28);
#2282=PRESENTATION_STYLE_ASSIGNMENT((#2281));
#2283=STYLED_ITEM('',(#2282),#2280);
#2284=DIRECTION('',(0.E0,1.E0,0.E0));
#2285=VECTOR('',#2284,7.5E-2);
#2286=CARTESIAN_POINT('',(-1.45E0,0.E0,-1.25E-1));
#2287=LINE('',#2286,#2285);
#2288=CURVE_STYLE('',#34,POSITIVE_LENGTH_MEASURE(2.E-2),#28);
#2289=PRESENTATION_STYLE_ASSIGNMENT((#2288));
#2290=STYLED_ITEM('',(#2289),#2287);
#2291=DIRECTION('',(0.E0,1.E0,0.E0));
#2292=VECTOR('',#2291,1.75E-1);
#2293=CARTESIAN_POINT('',(-1.225E0,0.E0,-1.25E-1));
#2294=LINE('',#2293,#2292);
#2295=CURVE_STYLE('',#34,POSITIVE_LENGTH_MEASURE(2.E-2),#28);
#2296=PRESENTATION_STYLE_ASSIGNMENT((#2295));
#2297=STYLED_ITEM('',(#2296),#2294);
#2298=DIRECTION('',(0.E0,1.E0,0.E0));
#2299=VECTOR('',#2298,1.75E-1);
#2300=CARTESIAN_POINT('',(-1.225E0,0.E0,-3.75E-1));
#2301=LINE('',#2300,#2299);
#2302=CURVE_STYLE('',#34,POSITIVE_LENGTH_MEASURE(2.E-2),#28);
#2303=PRESENTATION_STYLE_ASSIGNMENT((#2302));
#2304=STYLED_ITEM('',(#2303),#2301);
#2305=DIRECTION('',(1.E0,0.E0,0.E0));
#2306=VECTOR('',#2305,5.E-2);
#2307=CARTESIAN_POINT('',(-1.5E0,7.5E-2,-3.75E-1));
#2308=LINE('',#2307,#2306);
#2309=CURVE_STYLE('',#34,POSITIVE_LENGTH_MEASURE(2.E-2),#28);
#2310=PRESENTATION_STYLE_ASSIGNMENT((#2309));
#2311=STYLED_ITEM('',(#2310),#2308);
#2312=DIRECTION('',(0.E0,1.E0,0.E0));
#2313=VECTOR('',#2312,7.5E-2);
#2314=CARTESIAN_POINT('',(-1.45E0,0.E0,-3.75E-1));
#2315=LINE('',#2314,#2313);
#2316=CURVE_STYLE('',#34,POSITIVE_LENGTH_MEASURE(2.E-2),#28);
#2317=PRESENTATION_STYLE_ASSIGNMENT((#2316));
#2318=STYLED_ITEM('',(#2317),#2315);
#2319=DIRECTION('',(-1.E0,0.E0,0.E0));
#2320=VECTOR('',#2319,2.75E-1);
#2321=CARTESIAN_POINT('',(-1.225E0,1.75E-1,-1.25E-1));
#2322=LINE('',#2321,#2320);
#2323=CURVE_STYLE('',#34,POSITIVE_LENGTH_MEASURE(2.E-2),#28);
#2324=PRESENTATION_STYLE_ASSIGNMENT((#2323));
#2325=STYLED_ITEM('',(#2324),#2322);
#2326=CARTESIAN_POINT('',(-1.225E0,1.75E-1,-2.5E-1));
#2327=DIRECTION('',(0.E0,-1.E0,0.E0));
#2328=DIRECTION('',(0.E0,0.E0,-1.E0));
#2329=AXIS2_PLACEMENT_3D('',#2326,#2327,#2328);
#2331=CURVE_STYLE('',#34,POSITIVE_LENGTH_MEASURE(2.E-2),#28);
#2332=PRESENTATION_STYLE_ASSIGNMENT((#2331));
#2333=STYLED_ITEM('',(#2332),#2330);
#2334=DIRECTION('',(1.E0,0.E0,0.E0));
#2335=VECTOR('',#2334,2.75E-1);
#2336=CARTESIAN_POINT('',(-1.5E0,1.75E-1,-3.75E-1));
#2337=LINE('',#2336,#2335);
#2338=CURVE_STYLE('',#34,POSITIVE_LENGTH_MEASURE(2.E-2),#28);
#2339=PRESENTATION_STYLE_ASSIGNMENT((#2338));
#2340=STYLED_ITEM('',(#2339),#2337);
#2341=DIRECTION('',(-1.E0,0.E0,0.E0));
#2342=VECTOR('',#2341,5.E-2);
#2343=CARTESIAN_POINT('',(-1.45E0,7.5E-2,-6.25E-1));
#2344=LINE('',#2343,#2342);
#2345=CURVE_STYLE('',#34,POSITIVE_LENGTH_MEASURE(2.E-2),#28);
#2346=PRESENTATION_STYLE_ASSIGNMENT((#2345));
#2347=STYLED_ITEM('',(#2346),#2344);
#2348=DIRECTION('',(0.E0,1.E0,0.E0));
#2349=VECTOR('',#2348,7.5E-2);
#2350=CARTESIAN_POINT('',(-1.45E0,0.E0,-6.25E-1));
#2351=LINE('',#2350,#2349);
#2352=CURVE_STYLE('',#34,POSITIVE_LENGTH_MEASURE(2.E-2),#28);
#2353=PRESENTATION_STYLE_ASSIGNMENT((#2352));
#2354=STYLED_ITEM('',(#2353),#2351);
#2355=DIRECTION('',(0.E0,1.E0,0.E0));
#2356=VECTOR('',#2355,1.75E-1);
#2357=CARTESIAN_POINT('',(-1.225E0,0.E0,-6.25E-1));
#2358=LINE('',#2357,#2356);
#2359=CURVE_STYLE('',#34,POSITIVE_LENGTH_MEASURE(2.E-2),#28);
#2360=PRESENTATION_STYLE_ASSIGNMENT((#2359));
#2361=STYLED_ITEM('',(#2360),#2358);
#2362=DIRECTION('',(0.E0,1.E0,0.E0));
#2363=VECTOR('',#2362,1.75E-1);
#2364=CARTESIAN_POINT('',(-1.225E0,0.E0,-8.75E-1));
#2365=LINE('',#2364,#2363);
#2366=CURVE_STYLE('',#34,POSITIVE_LENGTH_MEASURE(2.E-2),#28);
#2367=PRESENTATION_STYLE_ASSIGNMENT((#2366));
#2368=STYLED_ITEM('',(#2367),#2365);
#2369=DIRECTION('',(1.E0,0.E0,0.E0));
#2370=VECTOR('',#2369,5.E-2);
#2371=CARTESIAN_POINT('',(-1.5E0,7.5E-2,-8.75E-1));
#2372=LINE('',#2371,#2370);
#2373=CURVE_STYLE('',#34,POSITIVE_LENGTH_MEASURE(2.E-2),#28);
#2374=PRESENTATION_STYLE_ASSIGNMENT((#2373));
#2375=STYLED_ITEM('',(#2374),#2372);
#2376=DIRECTION('',(0.E0,1.E0,0.E0));
#2377=VECTOR('',#2376,7.5E-2);
#2378=CARTESIAN_POINT('',(-1.45E0,0.E0,-8.75E-1));
#2379=LINE('',#2378,#2377);
#2380=CURVE_STYLE('',#34,POSITIVE_LENGTH_MEASURE(2.E-2),#28);
#2381=PRESENTATION_STYLE_ASSIGNMENT((#2380));
#2382=STYLED_ITEM('',(#2381),#2379);
#2383=DIRECTION('',(1.E0,0.E0,0.E0));
#2384=VECTOR('',#2383,2.75E-1);
#2385=CARTESIAN_POINT('',(-1.5E0,1.75E-1,-8.75E-1));
#2386=LINE('',#2385,#2384);
#2387=CURVE_STYLE('',#34,POSITIVE_LENGTH_MEASURE(2.E-2),#28);
#2388=PRESENTATION_STYLE_ASSIGNMENT((#2387));
#2389=STYLED_ITEM('',(#2388),#2386);
#2390=DIRECTION('',(-1.E0,0.E0,0.E0));
#2391=VECTOR('',#2390,2.75E-1);
#2392=CARTESIAN_POINT('',(-1.225E0,1.75E-1,-6.25E-1));
#2393=LINE('',#2392,#2391);
#2394=CURVE_STYLE('',#34,POSITIVE_LENGTH_MEASURE(2.E-2),#28);
#2395=PRESENTATION_STYLE_ASSIGNMENT((#2394));
#2396=STYLED_ITEM('',(#2395),#2393);
#2397=CARTESIAN_POINT('',(-1.225E0,1.75E-1,-7.5E-1));
#2398=DIRECTION('',(0.E0,-1.E0,0.E0));
#2399=DIRECTION('',(0.E0,0.E0,-1.E0));
#2400=AXIS2_PLACEMENT_3D('',#2397,#2398,#2399);
#2402=CURVE_STYLE('',#34,POSITIVE_LENGTH_MEASURE(2.E-2),#28);
#2403=PRESENTATION_STYLE_ASSIGNMENT((#2402));
#2404=STYLED_ITEM('',(#2403),#2401);
#2405=DIRECTION('',(0.E0,-1.E0,0.E0));
#2406=VECTOR('',#2405,1.E-1);
#2407=CARTESIAN_POINT('',(-1.325E0,1.75E-1,-1.325E0));
#2408=LINE('',#2407,#2406);
#2409=CURVE_STYLE('',#34,POSITIVE_LENGTH_MEASURE(2.E-2),#28);
#2410=PRESENTATION_STYLE_ASSIGNMENT((#2409));
#2411=STYLED_ITEM('',(#2410),#2408);
#2412=DIRECTION('',(-1.E0,0.E0,0.E0));
#2413=VECTOR('',#2412,5.E-2);
#2414=CARTESIAN_POINT('',(-1.45E0,7.5E-2,-1.325E0));
#2415=LINE('',#2414,#2413);
#2416=CURVE_STYLE('',#34,POSITIVE_LENGTH_MEASURE(2.E-2),#28);
#2417=PRESENTATION_STYLE_ASSIGNMENT((#2416));
#2418=STYLED_ITEM('',(#2417),#2415);
#2419=DIRECTION('',(1.E0,0.E0,0.E0));
#2420=VECTOR('',#2419,3.75E-1);
#2421=CARTESIAN_POINT('',(-1.5E0,1.75E-1,-1.125E0));
#2422=LINE('',#2421,#2420);
#2423=CURVE_STYLE('',#34,POSITIVE_LENGTH_MEASURE(2.E-2),#28);
#2424=PRESENTATION_STYLE_ASSIGNMENT((#2423));
#2425=STYLED_ITEM('',(#2424),#2422);
#2426=DIRECTION('',(0.E0,0.E0,-1.E0));
#2427=VECTOR('',#2426,3.75E-1);
#2428=CARTESIAN_POINT('',(-1.125E0,1.75E-1,-1.125E0));
#2429=LINE('',#2428,#2427);
#2430=CURVE_STYLE('',#34,POSITIVE_LENGTH_MEASURE(2.E-2),#28);
#2431=PRESENTATION_STYLE_ASSIGNMENT((#2430));
#2432=STYLED_ITEM('',(#2431),#2429);
#2433=DIRECTION('',(0.E0,0.E0,1.E0));
#2434=VECTOR('',#2433,1.75E-1);
#2435=CARTESIAN_POINT('',(-1.325E0,1.75E-1,-1.5E0));
#2436=LINE('',#2435,#2434);
#2437=CURVE_STYLE('',#34,POSITIVE_LENGTH_MEASURE(2.E-2),#28);
#2438=PRESENTATION_STYLE_ASSIGNMENT((#2437));
#2439=STYLED_ITEM('',(#2438),#2436);
#2440=DIRECTION('',(-1.E0,0.E0,0.E0));
#2441=VECTOR('',#2440,1.75E-1);
#2442=CARTESIAN_POINT('',(-1.325E0,1.75E-1,-1.325E0));
#2443=LINE('',#2442,#2441);
#2444=CURVE_STYLE('',#34,POSITIVE_LENGTH_MEASURE(2.E-2),#28);
#2445=PRESENTATION_STYLE_ASSIGNMENT((#2444));
#2446=STYLED_ITEM('',(#2445),#2443);
#2447=DIRECTION('',(1.E0,0.E0,0.E0));
#2448=VECTOR('',#2447,5.E-2);
#2449=CARTESIAN_POINT('',(-1.5E0,7.5E-2,-1.125E0));
#2450=LINE('',#2449,#2448);
#2451=CURVE_STYLE('',#34,POSITIVE_LENGTH_MEASURE(2.E-2),#28);
#2452=PRESENTATION_STYLE_ASSIGNMENT((#2451));
#2453=STYLED_ITEM('',(#2452),#2450);
#2454=DIRECTION('',(0.E0,-1.E0,0.E0));
#2455=VECTOR('',#2454,1.E-1);
#2456=CARTESIAN_POINT('',(-1.125E0,1.75E-1,-1.125E0));
#2457=LINE('',#2456,#2455);
#2458=CURVE_STYLE('',#34,POSITIVE_LENGTH_MEASURE(2.E-2),#28);
#2459=PRESENTATION_STYLE_ASSIGNMENT((#2458));
#2460=STYLED_ITEM('',(#2459),#2457);
#2461=DIRECTION('',(0.E0,0.E0,-1.E0));
#2462=VECTOR('',#2461,5.E-2);
#2463=CARTESIAN_POINT('',(-1.125E0,7.5E-2,-1.45E0));
#2464=LINE('',#2463,#2462);
#2465=CURVE_STYLE('',#34,POSITIVE_LENGTH_MEASURE(2.E-2),#28);
#2466=PRESENTATION_STYLE_ASSIGNMENT((#2465));
#2467=STYLED_ITEM('',(#2466),#2464);
#2468=DIRECTION('',(0.E0,0.E0,1.E0));
#2469=VECTOR('',#2468,5.E-2);
#2470=CARTESIAN_POINT('',(-1.325E0,7.5E-2,-1.5E0));
#2471=LINE('',#2470,#2469);
#2472=CURVE_STYLE('',#34,POSITIVE_LENGTH_MEASURE(2.E-2),#28);
#2473=PRESENTATION_STYLE_ASSIGNMENT((#2472));
#2474=STYLED_ITEM('',(#2473),#2471);
#2475=DIRECTION('',(0.E0,0.E0,1.E0));
#2476=VECTOR('',#2475,5.E-2);
#2477=CARTESIAN_POINT('',(-3.75E-1,7.5E-2,-1.5E0));
#2478=LINE('',#2477,#2476);
#2479=CURVE_STYLE('',#34,POSITIVE_LENGTH_MEASURE(2.E-2),#28);
#2480=PRESENTATION_STYLE_ASSIGNMENT((#2479));
#2481=STYLED_ITEM('',(#2480),#2478);
#2482=DIRECTION('',(0.E0,1.E0,0.E0));
#2483=VECTOR('',#2482,7.5E-2);
#2484=CARTESIAN_POINT('',(-3.75E-1,0.E0,-1.45E0));
#2485=LINE('',#2484,#2483);
#2486=CURVE_STYLE('',#34,POSITIVE_LENGTH_MEASURE(2.E-2),#28);
#2487=PRESENTATION_STYLE_ASSIGNMENT((#2486));
#2488=STYLED_ITEM('',(#2487),#2485);
#2489=DIRECTION('',(0.E0,1.E0,0.E0));
#2490=VECTOR('',#2489,1.75E-1);
#2491=CARTESIAN_POINT('',(-3.75E-1,0.E0,-1.225E0));
#2492=LINE('',#2491,#2490);
#2493=CURVE_STYLE('',#34,POSITIVE_LENGTH_MEASURE(2.E-2),#28);
#2494=PRESENTATION_STYLE_ASSIGNMENT((#2493));
#2495=STYLED_ITEM('',(#2494),#2492);
#2496=DIRECTION('',(0.E0,0.E0,-1.E0));
#2497=VECTOR('',#2496,5.E-2);
#2498=CARTESIAN_POINT('',(-1.25E-1,7.5E-2,-1.45E0));
#2499=LINE('',#2498,#2497);
#2500=CURVE_STYLE('',#34,POSITIVE_LENGTH_MEASURE(2.E-2),#28);
#2501=PRESENTATION_STYLE_ASSIGNMENT((#2500));
#2502=STYLED_ITEM('',(#2501),#2499);
#2503=DIRECTION('',(0.E0,1.E0,0.E0));
#2504=VECTOR('',#2503,1.75E-1);
#2505=CARTESIAN_POINT('',(-1.25E-1,0.E0,-1.225E0));
#2506=LINE('',#2505,#2504);
#2507=CURVE_STYLE('',#34,POSITIVE_LENGTH_MEASURE(2.E-2),#28);
#2508=PRESENTATION_STYLE_ASSIGNMENT((#2507));
#2509=STYLED_ITEM('',(#2508),#2506);
#2510=DIRECTION('',(0.E0,1.E0,0.E0));
#2511=VECTOR('',#2510,7.5E-2);
#2512=CARTESIAN_POINT('',(-1.25E-1,0.E0,-1.45E0));
#2513=LINE('',#2512,#2511);
#2514=CURVE_STYLE('',#34,POSITIVE_LENGTH_MEASURE(2.E-2),#28);
#2515=PRESENTATION_STYLE_ASSIGNMENT((#2514));
#2516=STYLED_ITEM('',(#2515),#2513);
#2517=DIRECTION('',(0.E0,0.E0,1.E0));
#2518=VECTOR('',#2517,2.75E-1);
#2519=CARTESIAN_POINT('',(-3.75E-1,1.75E-1,-1.5E0));
#2520=LINE('',#2519,#2518);
#2521=CURVE_STYLE('',#34,POSITIVE_LENGTH_MEASURE(2.E-2),#28);
#2522=PRESENTATION_STYLE_ASSIGNMENT((#2521));
#2523=STYLED_ITEM('',(#2522),#2520);
#2524=CARTESIAN_POINT('',(-2.5E-1,1.75E-1,-1.225E0));
#2525=DIRECTION('',(0.E0,1.E0,0.E0));
#2526=DIRECTION('',(-1.E0,0.E0,0.E0));
#2527=AXIS2_PLACEMENT_3D('',#2524,#2525,#2526);
#2529=CURVE_STYLE('',#34,POSITIVE_LENGTH_MEASURE(2.E-2),#28);
#2530=PRESENTATION_STYLE_ASSIGNMENT((#2529));
#2531=STYLED_ITEM('',(#2530),#2528);
#2532=DIRECTION('',(0.E0,0.E0,-1.E0));
#2533=VECTOR('',#2532,2.75E-1);
#2534=CARTESIAN_POINT('',(-1.25E-1,1.75E-1,-1.225E0));
#2535=LINE('',#2534,#2533);
#2536=CURVE_STYLE('',#34,POSITIVE_LENGTH_MEASURE(2.E-2),#28);
#2537=PRESENTATION_STYLE_ASSIGNMENT((#2536));
#2538=STYLED_ITEM('',(#2537),#2535);
#2539=DIRECTION('',(0.E0,0.E0,1.E0));
#2540=VECTOR('',#2539,5.E-2);
#2541=CARTESIAN_POINT('',(1.25E-1,7.5E-2,-1.5E0));
#2542=LINE('',#2541,#2540);
#2543=CURVE_STYLE('',#34,POSITIVE_LENGTH_MEASURE(2.E-2),#28);
#2544=PRESENTATION_STYLE_ASSIGNMENT((#2543));
#2545=STYLED_ITEM('',(#2544),#2542);
#2546=DIRECTION('',(0.E0,1.E0,0.E0));
#2547=VECTOR('',#2546,7.5E-2);
#2548=CARTESIAN_POINT('',(1.25E-1,0.E0,-1.45E0));
#2549=LINE('',#2548,#2547);
#2550=CURVE_STYLE('',#34,POSITIVE_LENGTH_MEASURE(2.E-2),#28);
#2551=PRESENTATION_STYLE_ASSIGNMENT((#2550));
#2552=STYLED_ITEM('',(#2551),#2549);
#2553=DIRECTION('',(0.E0,1.E0,0.E0));
#2554=VECTOR('',#2553,1.75E-1);
#2555=CARTESIAN_POINT('',(1.25E-1,0.E0,-1.225E0));
#2556=LINE('',#2555,#2554);
#2557=CURVE_STYLE('',#34,POSITIVE_LENGTH_MEASURE(2.E-2),#28);
#2558=PRESENTATION_STYLE_ASSIGNMENT((#2557));
#2559=STYLED_ITEM('',(#2558),#2556);
#2560=DIRECTION('',(0.E0,0.E0,-1.E0));
#2561=VECTOR('',#2560,5.E-2);
#2562=CARTESIAN_POINT('',(3.75E-1,7.5E-2,-1.45E0));
#2563=LINE('',#2562,#2561);
#2564=CURVE_STYLE('',#34,POSITIVE_LENGTH_MEASURE(2.E-2),#28);
#2565=PRESENTATION_STYLE_ASSIGNMENT((#2564));
#2566=STYLED_ITEM('',(#2565),#2563);
#2567=DIRECTION('',(0.E0,1.E0,0.E0));
#2568=VECTOR('',#2567,1.75E-1);
#2569=CARTESIAN_POINT('',(3.75E-1,0.E0,-1.225E0));
#2570=LINE('',#2569,#2568);
#2571=CURVE_STYLE('',#34,POSITIVE_LENGTH_MEASURE(2.E-2),#28);
#2572=PRESENTATION_STYLE_ASSIGNMENT((#2571));
#2573=STYLED_ITEM('',(#2572),#2570);
#2574=DIRECTION('',(0.E0,1.E0,0.E0));
#2575=VECTOR('',#2574,7.5E-2);
#2576=CARTESIAN_POINT('',(3.75E-1,0.E0,-1.45E0));
#2577=LINE('',#2576,#2575);
#2578=CURVE_STYLE('',#34,POSITIVE_LENGTH_MEASURE(2.E-2),#28);
#2579=PRESENTATION_STYLE_ASSIGNMENT((#2578));
#2580=STYLED_ITEM('',(#2579),#2577);
#2581=DIRECTION('',(0.E0,0.E0,1.E0));
#2582=VECTOR('',#2581,2.75E-1);
#2583=CARTESIAN_POINT('',(1.25E-1,1.75E-1,-1.5E0));
#2584=LINE('',#2583,#2582);
#2585=CURVE_STYLE('',#34,POSITIVE_LENGTH_MEASURE(2.E-2),#28);
#2586=PRESENTATION_STYLE_ASSIGNMENT((#2585));
#2587=STYLED_ITEM('',(#2586),#2584);
#2588=CARTESIAN_POINT('',(2.5E-1,1.75E-1,-1.225E0));
#2589=DIRECTION('',(0.E0,1.E0,0.E0));
#2590=DIRECTION('',(-1.E0,0.E0,0.E0));
#2591=AXIS2_PLACEMENT_3D('',#2588,#2589,#2590);
#2593=CURVE_STYLE('',#34,POSITIVE_LENGTH_MEASURE(2.E-2),#28);
#2594=PRESENTATION_STYLE_ASSIGNMENT((#2593));
#2595=STYLED_ITEM('',(#2594),#2592);
#2596=DIRECTION('',(0.E0,0.E0,-1.E0));
#2597=VECTOR('',#2596,2.75E-1);
#2598=CARTESIAN_POINT('',(3.75E-1,1.75E-1,-1.225E0));
#2599=LINE('',#2598,#2597);
#2600=CURVE_STYLE('',#34,POSITIVE_LENGTH_MEASURE(2.E-2),#28);
#2601=PRESENTATION_STYLE_ASSIGNMENT((#2600));
#2602=STYLED_ITEM('',(#2601),#2599);
#2603=DIRECTION('',(0.E0,0.E0,1.E0));
#2604=VECTOR('',#2603,5.E-2);
#2605=CARTESIAN_POINT('',(6.25E-1,7.5E-2,-1.5E0));
#2606=LINE('',#2605,#2604);
#2607=CURVE_STYLE('',#34,POSITIVE_LENGTH_MEASURE(2.E-2),#28);
#2608=PRESENTATION_STYLE_ASSIGNMENT((#2607));
#2609=STYLED_ITEM('',(#2608),#2606);
#2610=DIRECTION('',(0.E0,1.E0,0.E0));
#2611=VECTOR('',#2610,7.5E-2);
#2612=CARTESIAN_POINT('',(6.25E-1,0.E0,-1.45E0));
#2613=LINE('',#2612,#2611);
#2614=CURVE_STYLE('',#34,POSITIVE_LENGTH_MEASURE(2.E-2),#28);
#2615=PRESENTATION_STYLE_ASSIGNMENT((#2614));
#2616=STYLED_ITEM('',(#2615),#2613);
#2617=DIRECTION('',(0.E0,1.E0,0.E0));
#2618=VECTOR('',#2617,1.75E-1);
#2619=CARTESIAN_POINT('',(6.25E-1,0.E0,-1.225E0));
#2620=LINE('',#2619,#2618);
#2621=CURVE_STYLE('',#34,POSITIVE_LENGTH_MEASURE(2.E-2),#28);
#2622=PRESENTATION_STYLE_ASSIGNMENT((#2621));
#2623=STYLED_ITEM('',(#2622),#2620);
#2624=DIRECTION('',(0.E0,0.E0,-1.E0));
#2625=VECTOR('',#2624,5.E-2);
#2626=CARTESIAN_POINT('',(8.75E-1,7.5E-2,-1.45E0));
#2627=LINE('',#2626,#2625);
#2628=CURVE_STYLE('',#34,POSITIVE_LENGTH_MEASURE(2.E-2),#28);
#2629=PRESENTATION_STYLE_ASSIGNMENT((#2628));
#2630=STYLED_ITEM('',(#2629),#2627);
#2631=DIRECTION('',(0.E0,1.E0,0.E0));
#2632=VECTOR('',#2631,1.75E-1);
#2633=CARTESIAN_POINT('',(8.75E-1,0.E0,-1.225E0));
#2634=LINE('',#2633,#2632);
#2635=CURVE_STYLE('',#34,POSITIVE_LENGTH_MEASURE(2.E-2),#28);
#2636=PRESENTATION_STYLE_ASSIGNMENT((#2635));
#2637=STYLED_ITEM('',(#2636),#2634);
#2638=DIRECTION('',(0.E0,1.E0,0.E0));
#2639=VECTOR('',#2638,7.5E-2);
#2640=CARTESIAN_POINT('',(8.75E-1,0.E0,-1.45E0));
#2641=LINE('',#2640,#2639);
#2642=CURVE_STYLE('',#34,POSITIVE_LENGTH_MEASURE(2.E-2),#28);
#2643=PRESENTATION_STYLE_ASSIGNMENT((#2642));
#2644=STYLED_ITEM('',(#2643),#2641);
#2645=DIRECTION('',(0.E0,0.E0,1.E0));
#2646=VECTOR('',#2645,2.75E-1);
#2647=CARTESIAN_POINT('',(6.25E-1,1.75E-1,-1.5E0));
#2648=LINE('',#2647,#2646);
#2649=CURVE_STYLE('',#34,POSITIVE_LENGTH_MEASURE(2.E-2),#28);
#2650=PRESENTATION_STYLE_ASSIGNMENT((#2649));
#2651=STYLED_ITEM('',(#2650),#2648);
#2652=CARTESIAN_POINT('',(7.5E-1,1.75E-1,-1.225E0));
#2653=DIRECTION('',(0.E0,1.E0,0.E0));
#2654=DIRECTION('',(-1.E0,0.E0,0.E0));
#2655=AXIS2_PLACEMENT_3D('',#2652,#2653,#2654);
#2657=CURVE_STYLE('',#34,POSITIVE_LENGTH_MEASURE(2.E-2),#28);
#2658=PRESENTATION_STYLE_ASSIGNMENT((#2657));
#2659=STYLED_ITEM('',(#2658),#2656);
#2660=DIRECTION('',(0.E0,0.E0,-1.E0));
#2661=VECTOR('',#2660,2.75E-1);
#2662=CARTESIAN_POINT('',(8.75E-1,1.75E-1,-1.225E0));
#2663=LINE('',#2662,#2661);
#2664=CURVE_STYLE('',#34,POSITIVE_LENGTH_MEASURE(2.E-2),#28);
#2665=PRESENTATION_STYLE_ASSIGNMENT((#2664));
#2666=STYLED_ITEM('',(#2665),#2663);
#2667=DIRECTION('',(0.E0,-1.E0,0.E0));
#2668=VECTOR('',#2667,1.E-1);
#2669=CARTESIAN_POINT('',(1.325E0,1.75E-1,-1.325E0));
#2670=LINE('',#2669,#2668);
#2671=CURVE_STYLE('',#34,POSITIVE_LENGTH_MEASURE(2.E-2),#28);
#2672=PRESENTATION_STYLE_ASSIGNMENT((#2671));
#2673=STYLED_ITEM('',(#2672),#2670);
#2674=DIRECTION('',(0.E0,0.E0,-1.E0));
#2675=VECTOR('',#2674,5.E-2);
#2676=CARTESIAN_POINT('',(1.325E0,7.5E-2,-1.45E0));
#2677=LINE('',#2676,#2675);
#2678=CURVE_STYLE('',#34,POSITIVE_LENGTH_MEASURE(2.E-2),#28);
#2679=PRESENTATION_STYLE_ASSIGNMENT((#2678));
#2680=STYLED_ITEM('',(#2679),#2677);
#2681=DIRECTION('',(-1.E0,0.E0,0.E0));
#2682=VECTOR('',#2681,1.75E-1);
#2683=CARTESIAN_POINT('',(1.5E0,1.75E-1,-1.325E0));
#2684=LINE('',#2683,#2682);
#2685=CURVE_STYLE('',#34,POSITIVE_LENGTH_MEASURE(2.E-2),#28);
#2686=PRESENTATION_STYLE_ASSIGNMENT((#2685));
#2687=STYLED_ITEM('',(#2686),#2684);
#2688=DIRECTION('',(0.E0,0.E0,-1.E0));
#2689=VECTOR('',#2688,1.75E-1);
#2690=CARTESIAN_POINT('',(1.325E0,1.75E-1,-1.325E0));
#2691=LINE('',#2690,#2689);
#2692=CURVE_STYLE('',#34,POSITIVE_LENGTH_MEASURE(2.E-2),#28);
#2693=PRESENTATION_STYLE_ASSIGNMENT((#2692));
#2694=STYLED_ITEM('',(#2693),#2691);
#2695=DIRECTION('',(0.E0,0.E0,1.E0));
#2696=VECTOR('',#2695,3.75E-1);
#2697=CARTESIAN_POINT('',(1.125E0,1.75E-1,-1.5E0));
#2698=LINE('',#2697,#2696);
#2699=CURVE_STYLE('',#34,POSITIVE_LENGTH_MEASURE(2.E-2),#28);
#2700=PRESENTATION_STYLE_ASSIGNMENT((#2699));
#2701=STYLED_ITEM('',(#2700),#2698);
#2702=DIRECTION('',(1.E0,0.E0,0.E0));
#2703=VECTOR('',#2702,3.75E-1);
#2704=CARTESIAN_POINT('',(1.125E0,1.75E-1,-1.125E0));
#2705=LINE('',#2704,#2703);
#2706=CURVE_STYLE('',#34,POSITIVE_LENGTH_MEASURE(2.E-2),#28);
#2707=PRESENTATION_STYLE_ASSIGNMENT((#2706));
#2708=STYLED_ITEM('',(#2707),#2705);
#2709=DIRECTION('',(-1.E0,0.E0,0.E0));
#2710=VECTOR('',#2709,5.E-2);
#2711=CARTESIAN_POINT('',(1.5E0,7.5E-2,-1.325E0));
#2712=LINE('',#2711,#2710);
#2713=CURVE_STYLE('',#34,POSITIVE_LENGTH_MEASURE(2.E-2),#28);
#2714=PRESENTATION_STYLE_ASSIGNMENT((#2713));
#2715=STYLED_ITEM('',(#2714),#2712);
#2716=DIRECTION('',(0.E0,0.E0,1.E0));
#2717=VECTOR('',#2716,5.E-2);
#2718=CARTESIAN_POINT('',(1.125E0,7.5E-2,-1.5E0));
#2719=LINE('',#2718,#2717);
#2720=CURVE_STYLE('',#34,POSITIVE_LENGTH_MEASURE(2.E-2),#28);
#2721=PRESENTATION_STYLE_ASSIGNMENT((#2720));
#2722=STYLED_ITEM('',(#2721),#2719);
#2723=DIRECTION('',(0.E0,-1.E0,0.E0));
#2724=VECTOR('',#2723,1.E-1);
#2725=CARTESIAN_POINT('',(1.125E0,1.75E-1,-1.125E0));
#2726=LINE('',#2725,#2724);
#2727=CURVE_STYLE('',#34,POSITIVE_LENGTH_MEASURE(2.E-2),#28);
#2728=PRESENTATION_STYLE_ASSIGNMENT((#2727));
#2729=STYLED_ITEM('',(#2728),#2726);
#2730=DIRECTION('',(1.E0,0.E0,0.E0));
#2731=VECTOR('',#2730,5.E-2);
#2732=CARTESIAN_POINT('',(1.45E0,7.5E-2,-1.125E0));
#2733=LINE('',#2732,#2731);
#2734=CURVE_STYLE('',#34,POSITIVE_LENGTH_MEASURE(2.E-2),#28);
#2735=PRESENTATION_STYLE_ASSIGNMENT((#2734));
#2736=STYLED_ITEM('',(#2735),#2733);
#2737=DIRECTION('',(-1.E0,0.E0,0.E0));
#2738=VECTOR('',#2737,5.E-2);
#2739=CARTESIAN_POINT('',(1.5E0,7.5E-2,-3.75E-1));
#2740=LINE('',#2739,#2738);
#2741=CURVE_STYLE('',#34,POSITIVE_LENGTH_MEASURE(2.E-2),#28);
#2742=PRESENTATION_STYLE_ASSIGNMENT((#2741));
#2743=STYLED_ITEM('',(#2742),#2740);
#2744=DIRECTION('',(0.E0,1.E0,0.E0));
#2745=VECTOR('',#2744,7.5E-2);
#2746=CARTESIAN_POINT('',(1.45E0,0.E0,-3.75E-1));
#2747=LINE('',#2746,#2745);
#2748=CURVE_STYLE('',#34,POSITIVE_LENGTH_MEASURE(2.E-2),#28);
#2749=PRESENTATION_STYLE_ASSIGNMENT((#2748));
#2750=STYLED_ITEM('',(#2749),#2747);
#2751=DIRECTION('',(0.E0,1.E0,0.E0));
#2752=VECTOR('',#2751,1.75E-1);
#2753=CARTESIAN_POINT('',(1.225E0,0.E0,-3.75E-1));
#2754=LINE('',#2753,#2752);
#2755=CURVE_STYLE('',#34,POSITIVE_LENGTH_MEASURE(2.E-2),#28);
#2756=PRESENTATION_STYLE_ASSIGNMENT((#2755));
#2757=STYLED_ITEM('',(#2756),#2754);
#2758=DIRECTION('',(1.E0,0.E0,0.E0));
#2759=VECTOR('',#2758,5.E-2);
#2760=CARTESIAN_POINT('',(1.45E0,7.5E-2,-1.25E-1));
#2761=LINE('',#2760,#2759);
#2762=CURVE_STYLE('',#34,POSITIVE_LENGTH_MEASURE(2.E-2),#28);
#2763=PRESENTATION_STYLE_ASSIGNMENT((#2762));
#2764=STYLED_ITEM('',(#2763),#2761);
#2765=DIRECTION('',(0.E0,1.E0,0.E0));
#2766=VECTOR('',#2765,1.75E-1);
#2767=CARTESIAN_POINT('',(1.225E0,0.E0,-1.25E-1));
#2768=LINE('',#2767,#2766);
#2769=CURVE_STYLE('',#34,POSITIVE_LENGTH_MEASURE(2.E-2),#28);
#2770=PRESENTATION_STYLE_ASSIGNMENT((#2769));
#2771=STYLED_ITEM('',(#2770),#2768);
#2772=DIRECTION('',(0.E0,1.E0,0.E0));
#2773=VECTOR('',#2772,7.5E-2);
#2774=CARTESIAN_POINT('',(1.45E0,0.E0,-1.25E-1));
#2775=LINE('',#2774,#2773);
#2776=CURVE_STYLE('',#34,POSITIVE_LENGTH_MEASURE(2.E-2),#28);
#2777=PRESENTATION_STYLE_ASSIGNMENT((#2776));
#2778=STYLED_ITEM('',(#2777),#2775);
#2779=DIRECTION('',(-1.E0,0.E0,0.E0));
#2780=VECTOR('',#2779,2.75E-1);
#2781=CARTESIAN_POINT('',(1.5E0,1.75E-1,-3.75E-1));
#2782=LINE('',#2781,#2780);
#2783=CURVE_STYLE('',#34,POSITIVE_LENGTH_MEASURE(2.E-2),#28);
#2784=PRESENTATION_STYLE_ASSIGNMENT((#2783));
#2785=STYLED_ITEM('',(#2784),#2782);
#2786=CARTESIAN_POINT('',(1.225E0,1.75E-1,-2.5E-1));
#2787=DIRECTION('',(0.E0,1.E0,0.E0));
#2788=DIRECTION('',(0.E0,0.E0,-1.E0));
#2789=AXIS2_PLACEMENT_3D('',#2786,#2787,#2788);
#2791=CURVE_STYLE('',#34,POSITIVE_LENGTH_MEASURE(2.E-2),#28);
#2792=PRESENTATION_STYLE_ASSIGNMENT((#2791));
#2793=STYLED_ITEM('',(#2792),#2790);
#2794=DIRECTION('',(1.E0,0.E0,0.E0));
#2795=VECTOR('',#2794,2.75E-1);
#2796=CARTESIAN_POINT('',(1.225E0,1.75E-1,-1.25E-1));
#2797=LINE('',#2796,#2795);
#2798=CURVE_STYLE('',#34,POSITIVE_LENGTH_MEASURE(2.E-2),#28);
#2799=PRESENTATION_STYLE_ASSIGNMENT((#2798));
#2800=STYLED_ITEM('',(#2799),#2797);
#2801=DIRECTION('',(-1.E0,0.E0,0.E0));
#2802=VECTOR('',#2801,5.E-2);
#2803=CARTESIAN_POINT('',(1.5E0,7.5E-2,1.25E-1));
#2804=LINE('',#2803,#2802);
#2805=CURVE_STYLE('',#34,POSITIVE_LENGTH_MEASURE(2.E-2),#28);
#2806=PRESENTATION_STYLE_ASSIGNMENT((#2805));
#2807=STYLED_ITEM('',(#2806),#2804);
#2808=DIRECTION('',(0.E0,1.E0,0.E0));
#2809=VECTOR('',#2808,7.5E-2);
#2810=CARTESIAN_POINT('',(1.45E0,0.E0,1.25E-1));
#2811=LINE('',#2810,#2809);
#2812=CURVE_STYLE('',#34,POSITIVE_LENGTH_MEASURE(2.E-2),#28);
#2813=PRESENTATION_STYLE_ASSIGNMENT((#2812));
#2814=STYLED_ITEM('',(#2813),#2811);
#2815=DIRECTION('',(0.E0,1.E0,0.E0));
#2816=VECTOR('',#2815,1.75E-1);
#2817=CARTESIAN_POINT('',(1.225E0,0.E0,1.25E-1));
#2818=LINE('',#2817,#2816);
#2819=CURVE_STYLE('',#34,POSITIVE_LENGTH_MEASURE(2.E-2),#28);
#2820=PRESENTATION_STYLE_ASSIGNMENT((#2819));
#2821=STYLED_ITEM('',(#2820),#2818);
#2822=DIRECTION('',(1.E0,0.E0,0.E0));
#2823=VECTOR('',#2822,5.E-2);
#2824=CARTESIAN_POINT('',(1.45E0,7.5E-2,3.75E-1));
#2825=LINE('',#2824,#2823);
#2826=CURVE_STYLE('',#34,POSITIVE_LENGTH_MEASURE(2.E-2),#28);
#2827=PRESENTATION_STYLE_ASSIGNMENT((#2826));
#2828=STYLED_ITEM('',(#2827),#2825);
#2829=DIRECTION('',(0.E0,1.E0,0.E0));
#2830=VECTOR('',#2829,1.75E-1);
#2831=CARTESIAN_POINT('',(1.225E0,0.E0,3.75E-1));
#2832=LINE('',#2831,#2830);
#2833=CURVE_STYLE('',#34,POSITIVE_LENGTH_MEASURE(2.E-2),#28);
#2834=PRESENTATION_STYLE_ASSIGNMENT((#2833));
#2835=STYLED_ITEM('',(#2834),#2832);
#2836=DIRECTION('',(0.E0,1.E0,0.E0));
#2837=VECTOR('',#2836,7.5E-2);
#2838=CARTESIAN_POINT('',(1.45E0,0.E0,3.75E-1));
#2839=LINE('',#2838,#2837);
#2840=CURVE_STYLE('',#34,POSITIVE_LENGTH_MEASURE(2.E-2),#28);
#2841=PRESENTATION_STYLE_ASSIGNMENT((#2840));
#2842=STYLED_ITEM('',(#2841),#2839);
#2843=DIRECTION('',(-1.E0,0.E0,0.E0));
#2844=VECTOR('',#2843,2.75E-1);
#2845=CARTESIAN_POINT('',(1.5E0,1.75E-1,1.25E-1));
#2846=LINE('',#2845,#2844);
#2847=CURVE_STYLE('',#34,POSITIVE_LENGTH_MEASURE(2.E-2),#28);
#2848=PRESENTATION_STYLE_ASSIGNMENT((#2847));
#2849=STYLED_ITEM('',(#2848),#2846);
#2850=CARTESIAN_POINT('',(1.225E0,1.75E-1,2.5E-1));
#2851=DIRECTION('',(0.E0,1.E0,0.E0));
#2852=DIRECTION('',(0.E0,0.E0,-1.E0));
#2853=AXIS2_PLACEMENT_3D('',#2850,#2851,#2852);
#2855=CURVE_STYLE('',#34,POSITIVE_LENGTH_MEASURE(2.E-2),#28);
#2856=PRESENTATION_STYLE_ASSIGNMENT((#2855));
#2857=STYLED_ITEM('',(#2856),#2854);
#2858=DIRECTION('',(1.E0,0.E0,0.E0));
#2859=VECTOR('',#2858,2.75E-1);
#2860=CARTESIAN_POINT('',(1.225E0,1.75E-1,3.75E-1));
#2861=LINE('',#2860,#2859);
#2862=CURVE_STYLE('',#34,POSITIVE_LENGTH_MEASURE(2.E-2),#28);
#2863=PRESENTATION_STYLE_ASSIGNMENT((#2862));
#2864=STYLED_ITEM('',(#2863),#2861);
#2865=DIRECTION('',(-1.E0,0.E0,0.E0));
#2866=VECTOR('',#2865,5.E-2);
#2867=CARTESIAN_POINT('',(1.5E0,7.5E-2,6.25E-1));
#2868=LINE('',#2867,#2866);
#2869=CURVE_STYLE('',#34,POSITIVE_LENGTH_MEASURE(2.E-2),#28);
#2870=PRESENTATION_STYLE_ASSIGNMENT((#2869));
#2871=STYLED_ITEM('',(#2870),#2868);
#2872=DIRECTION('',(0.E0,1.E0,0.E0));
#2873=VECTOR('',#2872,7.5E-2);
#2874=CARTESIAN_POINT('',(1.45E0,0.E0,6.25E-1));
#2875=LINE('',#2874,#2873);
#2876=CURVE_STYLE('',#34,POSITIVE_LENGTH_MEASURE(2.E-2),#28);
#2877=PRESENTATION_STYLE_ASSIGNMENT((#2876));
#2878=STYLED_ITEM('',(#2877),#2875);
#2879=DIRECTION('',(0.E0,1.E0,0.E0));
#2880=VECTOR('',#2879,1.75E-1);
#2881=CARTESIAN_POINT('',(1.225E0,0.E0,6.25E-1));
#2882=LINE('',#2881,#2880);
#2883=CURVE_STYLE('',#34,POSITIVE_LENGTH_MEASURE(2.E-2),#28);
#2884=PRESENTATION_STYLE_ASSIGNMENT((#2883));
#2885=STYLED_ITEM('',(#2884),#2882);
#2886=DIRECTION('',(1.E0,0.E0,0.E0));
#2887=VECTOR('',#2886,5.E-2);
#2888=CARTESIAN_POINT('',(1.45E0,7.5E-2,8.75E-1));
#2889=LINE('',#2888,#2887);
#2890=CURVE_STYLE('',#34,POSITIVE_LENGTH_MEASURE(2.E-2),#28);
#2891=PRESENTATION_STYLE_ASSIGNMENT((#2890));
#2892=STYLED_ITEM('',(#2891),#2889);
#2893=DIRECTION('',(0.E0,1.E0,0.E0));
#2894=VECTOR('',#2893,1.75E-1);
#2895=CARTESIAN_POINT('',(1.225E0,0.E0,8.75E-1));
#2896=LINE('',#2895,#2894);
#2897=CURVE_STYLE('',#34,POSITIVE_LENGTH_MEASURE(2.E-2),#28);
#2898=PRESENTATION_STYLE_ASSIGNMENT((#2897));
#2899=STYLED_ITEM('',(#2898),#2896);
#2900=DIRECTION('',(0.E0,1.E0,0.E0));
#2901=VECTOR('',#2900,7.5E-2);
#2902=CARTESIAN_POINT('',(1.45E0,0.E0,8.75E-1));
#2903=LINE('',#2902,#2901);
#2904=CURVE_STYLE('',#34,POSITIVE_LENGTH_MEASURE(2.E-2),#28);
#2905=PRESENTATION_STYLE_ASSIGNMENT((#2904));
#2906=STYLED_ITEM('',(#2905),#2903);
#2907=DIRECTION('',(-1.E0,0.E0,0.E0));
#2908=VECTOR('',#2907,2.75E-1);
#2909=CARTESIAN_POINT('',(1.5E0,1.75E-1,6.25E-1));
#2910=LINE('',#2909,#2908);
#2911=CURVE_STYLE('',#34,POSITIVE_LENGTH_MEASURE(2.E-2),#28);
#2912=PRESENTATION_STYLE_ASSIGNMENT((#2911));
#2913=STYLED_ITEM('',(#2912),#2910);
#2914=CARTESIAN_POINT('',(1.225E0,1.75E-1,7.5E-1));
#2915=DIRECTION('',(0.E0,1.E0,0.E0));
#2916=DIRECTION('',(0.E0,0.E0,-1.E0));
#2917=AXIS2_PLACEMENT_3D('',#2914,#2915,#2916);
#2919=CURVE_STYLE('',#34,POSITIVE_LENGTH_MEASURE(2.E-2),#28);
#2920=PRESENTATION_STYLE_ASSIGNMENT((#2919));
#2921=STYLED_ITEM('',(#2920),#2918);
#2922=DIRECTION('',(1.E0,0.E0,0.E0));
#2923=VECTOR('',#2922,2.75E-1);
#2924=CARTESIAN_POINT('',(1.225E0,1.75E-1,8.75E-1));
#2925=LINE('',#2924,#2923);
#2926=CURVE_STYLE('',#34,POSITIVE_LENGTH_MEASURE(2.E-2),#28);
#2927=PRESENTATION_STYLE_ASSIGNMENT((#2926));
#2928=STYLED_ITEM('',(#2927),#2925);
#2929=DIRECTION('',(0.E0,0.E0,1.E0));
#2930=VECTOR('',#2929,2.75E-1);
#2931=CARTESIAN_POINT('',(8.75E-1,1.75E-1,1.225E0));
#2932=LINE('',#2931,#2930);
#2933=CURVE_STYLE('',#34,POSITIVE_LENGTH_MEASURE(2.E-2),#28);
#2934=PRESENTATION_STYLE_ASSIGNMENT((#2933));
#2935=STYLED_ITEM('',(#2934),#2932);
#2936=CARTESIAN_POINT('',(7.5E-1,1.75E-1,1.225E0));
#2937=DIRECTION('',(0.E0,-1.E0,0.E0));
#2938=DIRECTION('',(-1.E0,0.E0,0.E0));
#2939=AXIS2_PLACEMENT_3D('',#2936,#2937,#2938);
#2941=CURVE_STYLE('',#34,POSITIVE_LENGTH_MEASURE(2.E-2),#28);
#2942=PRESENTATION_STYLE_ASSIGNMENT((#2941));
#2943=STYLED_ITEM('',(#2942),#2940);
#2944=DIRECTION('',(0.E0,0.E0,-1.E0));
#2945=VECTOR('',#2944,2.75E-1);
#2946=CARTESIAN_POINT('',(6.25E-1,1.75E-1,1.5E0));
#2947=LINE('',#2946,#2945);
#2948=CURVE_STYLE('',#34,POSITIVE_LENGTH_MEASURE(2.E-2),#28);
#2949=PRESENTATION_STYLE_ASSIGNMENT((#2948));
#2950=STYLED_ITEM('',(#2949),#2947);
#2951=DIRECTION('',(0.E0,1.E0,0.E0));
#2952=VECTOR('',#2951,1.75E-1);
#2953=CARTESIAN_POINT('',(6.25E-1,0.E0,1.225E0));
#2954=LINE('',#2953,#2952);
#2955=CURVE_STYLE('',#34,POSITIVE_LENGTH_MEASURE(2.E-2),#28);
#2956=PRESENTATION_STYLE_ASSIGNMENT((#2955));
#2957=STYLED_ITEM('',(#2956),#2954);
#2958=DIRECTION('',(0.E0,0.E0,-1.E0));
#2959=VECTOR('',#2958,5.E-2);
#2960=CARTESIAN_POINT('',(6.25E-1,7.5E-2,1.5E0));
#2961=LINE('',#2960,#2959);
#2962=CURVE_STYLE('',#34,POSITIVE_LENGTH_MEASURE(2.E-2),#28);
#2963=PRESENTATION_STYLE_ASSIGNMENT((#2962));
#2964=STYLED_ITEM('',(#2963),#2961);
#2965=DIRECTION('',(0.E0,1.E0,0.E0));
#2966=VECTOR('',#2965,7.5E-2);
#2967=CARTESIAN_POINT('',(6.25E-1,0.E0,1.45E0));
#2968=LINE('',#2967,#2966);
#2969=CURVE_STYLE('',#34,POSITIVE_LENGTH_MEASURE(2.E-2),#28);
#2970=PRESENTATION_STYLE_ASSIGNMENT((#2969));
#2971=STYLED_ITEM('',(#2970),#2968);
#2972=DIRECTION('',(0.E0,0.E0,1.E0));
#2973=VECTOR('',#2972,5.E-2);
#2974=CARTESIAN_POINT('',(3.75E-1,7.5E-2,1.45E0));
#2975=LINE('',#2974,#2973);
#2976=CURVE_STYLE('',#34,POSITIVE_LENGTH_MEASURE(2.E-2),#28);
#2977=PRESENTATION_STYLE_ASSIGNMENT((#2976));
#2978=STYLED_ITEM('',(#2977),#2975);
#2979=DIRECTION('',(0.E0,1.E0,0.E0));
#2980=VECTOR('',#2979,7.5E-2);
#2981=CARTESIAN_POINT('',(3.75E-1,0.E0,1.45E0));
#2982=LINE('',#2981,#2980);
#2983=CURVE_STYLE('',#34,POSITIVE_LENGTH_MEASURE(2.E-2),#28);
#2984=PRESENTATION_STYLE_ASSIGNMENT((#2983));
#2985=STYLED_ITEM('',(#2984),#2982);
#2986=DIRECTION('',(0.E0,1.E0,0.E0));
#2987=VECTOR('',#2986,1.75E-1);
#2988=CARTESIAN_POINT('',(3.75E-1,0.E0,1.225E0));
#2989=LINE('',#2988,#2987);
#2990=CURVE_STYLE('',#34,POSITIVE_LENGTH_MEASURE(2.E-2),#28);
#2991=PRESENTATION_STYLE_ASSIGNMENT((#2990));
#2992=STYLED_ITEM('',(#2991),#2989);
#2993=DIRECTION('',(0.E0,1.E0,0.E0));
#2994=VECTOR('',#2993,1.75E-1);
#2995=CARTESIAN_POINT('',(1.25E-1,0.E0,1.225E0));
#2996=LINE('',#2995,#2994);
#2997=CURVE_STYLE('',#34,POSITIVE_LENGTH_MEASURE(2.E-2),#28);
#2998=PRESENTATION_STYLE_ASSIGNMENT((#2997));
#2999=STYLED_ITEM('',(#2998),#2996);
#3000=DIRECTION('',(0.E0,0.E0,-1.E0));
#3001=VECTOR('',#3000,5.E-2);
#3002=CARTESIAN_POINT('',(1.25E-1,7.5E-2,1.5E0));
#3003=LINE('',#3002,#3001);
#3004=CURVE_STYLE('',#34,POSITIVE_LENGTH_MEASURE(2.E-2),#28);
#3005=PRESENTATION_STYLE_ASSIGNMENT((#3004));
#3006=STYLED_ITEM('',(#3005),#3003);
#3007=DIRECTION('',(0.E0,1.E0,0.E0));
#3008=VECTOR('',#3007,7.5E-2);
#3009=CARTESIAN_POINT('',(1.25E-1,0.E0,1.45E0));
#3010=LINE('',#3009,#3008);
#3011=CURVE_STYLE('',#34,POSITIVE_LENGTH_MEASURE(2.E-2),#28);
#3012=PRESENTATION_STYLE_ASSIGNMENT((#3011));
#3013=STYLED_ITEM('',(#3012),#3010);
#3014=DIRECTION('',(0.E0,0.E0,1.E0));
#3015=VECTOR('',#3014,2.75E-1);
#3016=CARTESIAN_POINT('',(3.75E-1,1.75E-1,1.225E0));
#3017=LINE('',#3016,#3015);
#3018=CURVE_STYLE('',#34,POSITIVE_LENGTH_MEASURE(2.E-2),#28);
#3019=PRESENTATION_STYLE_ASSIGNMENT((#3018));
#3020=STYLED_ITEM('',(#3019),#3017);
#3021=CARTESIAN_POINT('',(2.5E-1,1.75E-1,1.225E0));
#3022=DIRECTION('',(0.E0,-1.E0,0.E0));
#3023=DIRECTION('',(-1.E0,0.E0,0.E0));
#3024=AXIS2_PLACEMENT_3D('',#3021,#3022,#3023);
#3026=CURVE_STYLE('',#34,POSITIVE_LENGTH_MEASURE(2.E-2),#28);
#3027=PRESENTATION_STYLE_ASSIGNMENT((#3026));
#3028=STYLED_ITEM('',(#3027),#3025);
#3029=DIRECTION('',(0.E0,0.E0,-1.E0));
#3030=VECTOR('',#3029,2.75E-1);
#3031=CARTESIAN_POINT('',(1.25E-1,1.75E-1,1.5E0));
#3032=LINE('',#3031,#3030);
#3033=CURVE_STYLE('',#34,POSITIVE_LENGTH_MEASURE(2.E-2),#28);
#3034=PRESENTATION_STYLE_ASSIGNMENT((#3033));
#3035=STYLED_ITEM('',(#3034),#3032);
#3036=DIRECTION('',(0.E0,0.E0,1.E0));
#3037=VECTOR('',#3036,5.E-2);
#3038=CARTESIAN_POINT('',(-1.25E-1,7.5E-2,1.45E0));
#3039=LINE('',#3038,#3037);
#3040=CURVE_STYLE('',#34,POSITIVE_LENGTH_MEASURE(2.E-2),#28);
#3041=PRESENTATION_STYLE_ASSIGNMENT((#3040));
#3042=STYLED_ITEM('',(#3041),#3039);
#3043=DIRECTION('',(0.E0,1.E0,0.E0));
#3044=VECTOR('',#3043,7.5E-2);
#3045=CARTESIAN_POINT('',(-1.25E-1,0.E0,1.45E0));
#3046=LINE('',#3045,#3044);
#3047=CURVE_STYLE('',#34,POSITIVE_LENGTH_MEASURE(2.E-2),#28);
#3048=PRESENTATION_STYLE_ASSIGNMENT((#3047));
#3049=STYLED_ITEM('',(#3048),#3046);
#3050=DIRECTION('',(0.E0,1.E0,0.E0));
#3051=VECTOR('',#3050,1.75E-1);
#3052=CARTESIAN_POINT('',(-1.25E-1,0.E0,1.225E0));
#3053=LINE('',#3052,#3051);
#3054=CURVE_STYLE('',#34,POSITIVE_LENGTH_MEASURE(2.E-2),#28);
#3055=PRESENTATION_STYLE_ASSIGNMENT((#3054));
#3056=STYLED_ITEM('',(#3055),#3053);
#3057=DIRECTION('',(0.E0,1.E0,0.E0));
#3058=VECTOR('',#3057,1.75E-1);
#3059=CARTESIAN_POINT('',(-3.75E-1,0.E0,1.225E0));
#3060=LINE('',#3059,#3058);
#3061=CURVE_STYLE('',#34,POSITIVE_LENGTH_MEASURE(2.E-2),#28);
#3062=PRESENTATION_STYLE_ASSIGNMENT((#3061));
#3063=STYLED_ITEM('',(#3062),#3060);
#3064=DIRECTION('',(0.E0,0.E0,-1.E0));
#3065=VECTOR('',#3064,5.E-2);
#3066=CARTESIAN_POINT('',(-3.75E-1,7.5E-2,1.5E0));
#3067=LINE('',#3066,#3065);
#3068=CURVE_STYLE('',#34,POSITIVE_LENGTH_MEASURE(2.E-2),#28);
#3069=PRESENTATION_STYLE_ASSIGNMENT((#3068));
#3070=STYLED_ITEM('',(#3069),#3067);
#3071=DIRECTION('',(0.E0,1.E0,0.E0));
#3072=VECTOR('',#3071,7.5E-2);
#3073=CARTESIAN_POINT('',(-3.75E-1,0.E0,1.45E0));
#3074=LINE('',#3073,#3072);
#3075=CURVE_STYLE('',#34,POSITIVE_LENGTH_MEASURE(2.E-2),#28);
#3076=PRESENTATION_STYLE_ASSIGNMENT((#3075));
#3077=STYLED_ITEM('',(#3076),#3074);
#3078=DIRECTION('',(0.E0,0.E0,1.E0));
#3079=VECTOR('',#3078,2.75E-1);
#3080=CARTESIAN_POINT('',(-1.25E-1,1.75E-1,1.225E0));
#3081=LINE('',#3080,#3079);
#3082=CURVE_STYLE('',#34,POSITIVE_LENGTH_MEASURE(2.E-2),#28);
#3083=PRESENTATION_STYLE_ASSIGNMENT((#3082));
#3084=STYLED_ITEM('',(#3083),#3081);
#3085=CARTESIAN_POINT('',(-2.5E-1,1.75E-1,1.225E0));
#3086=DIRECTION('',(0.E0,-1.E0,0.E0));
#3087=DIRECTION('',(-1.E0,0.E0,0.E0));
#3088=AXIS2_PLACEMENT_3D('',#3085,#3086,#3087);
#3090=CURVE_STYLE('',#34,POSITIVE_LENGTH_MEASURE(2.E-2),#28);
#3091=PRESENTATION_STYLE_ASSIGNMENT((#3090));
#3092=STYLED_ITEM('',(#3091),#3089);
#3093=DIRECTION('',(0.E0,0.E0,-1.E0));
#3094=VECTOR('',#3093,2.75E-1);
#3095=CARTESIAN_POINT('',(-3.75E-1,1.75E-1,1.5E0));
#3096=LINE('',#3095,#3094);
#3097=CURVE_STYLE('',#34,POSITIVE_LENGTH_MEASURE(2.E-2),#28);
#3098=PRESENTATION_STYLE_ASSIGNMENT((#3097));
#3099=STYLED_ITEM('',(#3098),#3096);
#3100=DIRECTION('',(0.E0,0.E0,1.E0));
#3101=VECTOR('',#3100,5.E-2);
#3102=CARTESIAN_POINT('',(-6.25E-1,7.5E-2,1.45E0));
#3103=LINE('',#3102,#3101);
#3104=CURVE_STYLE('',#34,POSITIVE_LENGTH_MEASURE(2.E-2),#28);
#3105=PRESENTATION_STYLE_ASSIGNMENT((#3104));
#3106=STYLED_ITEM('',(#3105),#3103);
#3107=DIRECTION('',(0.E0,1.E0,0.E0));
#3108=VECTOR('',#3107,7.5E-2);
#3109=CARTESIAN_POINT('',(-6.25E-1,0.E0,1.45E0));
#3110=LINE('',#3109,#3108);
#3111=CURVE_STYLE('',#34,POSITIVE_LENGTH_MEASURE(2.E-2),#28);
#3112=PRESENTATION_STYLE_ASSIGNMENT((#3111));
#3113=STYLED_ITEM('',(#3112),#3110);
#3114=DIRECTION('',(0.E0,1.E0,0.E0));
#3115=VECTOR('',#3114,1.75E-1);
#3116=CARTESIAN_POINT('',(-6.25E-1,0.E0,1.225E0));
#3117=LINE('',#3116,#3115);
#3118=CURVE_STYLE('',#34,POSITIVE_LENGTH_MEASURE(2.E-2),#28);
#3119=PRESENTATION_STYLE_ASSIGNMENT((#3118));
#3120=STYLED_ITEM('',(#3119),#3117);
#3121=DIRECTION('',(0.E0,1.E0,0.E0));
#3122=VECTOR('',#3121,1.75E-1);
#3123=CARTESIAN_POINT('',(-8.75E-1,0.E0,1.225E0));
#3124=LINE('',#3123,#3122);
#3125=CURVE_STYLE('',#34,POSITIVE_LENGTH_MEASURE(2.E-2),#28);
#3126=PRESENTATION_STYLE_ASSIGNMENT((#3125));
#3127=STYLED_ITEM('',(#3126),#3124);
#3128=DIRECTION('',(0.E0,0.E0,-1.E0));
#3129=VECTOR('',#3128,5.E-2);
#3130=CARTESIAN_POINT('',(-8.75E-1,7.5E-2,1.5E0));
#3131=LINE('',#3130,#3129);
#3132=CURVE_STYLE('',#34,POSITIVE_LENGTH_MEASURE(2.E-2),#28);
#3133=PRESENTATION_STYLE_ASSIGNMENT((#3132));
#3134=STYLED_ITEM('',(#3133),#3131);
#3135=DIRECTION('',(0.E0,1.E0,0.E0));
#3136=VECTOR('',#3135,7.5E-2);
#3137=CARTESIAN_POINT('',(-8.75E-1,0.E0,1.45E0));
#3138=LINE('',#3137,#3136);
#3139=CURVE_STYLE('',#34,POSITIVE_LENGTH_MEASURE(2.E-2),#28);
#3140=PRESENTATION_STYLE_ASSIGNMENT((#3139));
#3141=STYLED_ITEM('',(#3140),#3138);
#3142=DIRECTION('',(0.E0,0.E0,1.E0));
#3143=VECTOR('',#3142,2.75E-1);
#3144=CARTESIAN_POINT('',(-6.25E-1,1.75E-1,1.225E0));
#3145=LINE('',#3144,#3143);
#3146=CURVE_STYLE('',#34,POSITIVE_LENGTH_MEASURE(2.E-2),#28);
#3147=PRESENTATION_STYLE_ASSIGNMENT((#3146));
#3148=STYLED_ITEM('',(#3147),#3145);
#3149=CARTESIAN_POINT('',(-7.5E-1,1.75E-1,1.225E0));
#3150=DIRECTION('',(0.E0,-1.E0,0.E0));
#3151=DIRECTION('',(-1.E0,0.E0,0.E0));
#3152=AXIS2_PLACEMENT_3D('',#3149,#3150,#3151);
#3154=CURVE_STYLE('',#34,POSITIVE_LENGTH_MEASURE(2.E-2),#28);
#3155=PRESENTATION_STYLE_ASSIGNMENT((#3154));
#3156=STYLED_ITEM('',(#3155),#3153);
#3157=DIRECTION('',(0.E0,0.E0,-1.E0));
#3158=VECTOR('',#3157,2.75E-1);
#3159=CARTESIAN_POINT('',(-8.75E-1,1.75E-1,1.5E0));
#3160=LINE('',#3159,#3158);
#3161=CURVE_STYLE('',#34,POSITIVE_LENGTH_MEASURE(2.E-2),#28);
#3162=PRESENTATION_STYLE_ASSIGNMENT((#3161));
#3163=STYLED_ITEM('',(#3162),#3160);
#3164=CARTESIAN_POINT('',(-1.5E0,9.75E-1,-1.5E0));
#3165=CARTESIAN_POINT('',(-1.5E0,9.75E-1,1.5E0));
#3166=VERTEX_POINT('',#3164);
#3167=VERTEX_POINT('',#3165);
#3168=CARTESIAN_POINT('',(1.5E0,9.75E-1,1.5E0));
#3169=VERTEX_POINT('',#3168);
#3170=CARTESIAN_POINT('',(1.5E0,9.75E-1,-1.5E0));
#3171=VERTEX_POINT('',#3170);
#3172=CARTESIAN_POINT('',(-9.3E-1,7.5E-2,-9.3E-1));
#3173=CARTESIAN_POINT('',(-9.3E-1,7.5E-2,9.3E-1));
#3174=VERTEX_POINT('',#3172);
#3175=VERTEX_POINT('',#3173);
#3176=CARTESIAN_POINT('',(9.3E-1,7.5E-2,9.3E-1));
#3177=VERTEX_POINT('',#3176);
#3178=CARTESIAN_POINT('',(9.3E-1,7.5E-2,-9.3E-1));
#3179=VERTEX_POINT('',#3178);
#3180=CARTESIAN_POINT('',(-9.3E-1,1.75E-1,-9.3E-1));
#3181=CARTESIAN_POINT('',(-9.3E-1,1.75E-1,9.3E-1));
#3182=VERTEX_POINT('',#3180);
#3183=VERTEX_POINT('',#3181);
#3184=CARTESIAN_POINT('',(9.3E-1,1.75E-1,9.3E-1));
#3185=VERTEX_POINT('',#3184);
#3186=CARTESIAN_POINT('',(9.3E-1,1.75E-1,-9.3E-1));
#3187=VERTEX_POINT('',#3186);
#3188=CARTESIAN_POINT('',(1.225E0,1.75E-1,6.25E-1));
#3189=CARTESIAN_POINT('',(1.225E0,1.75E-1,8.75E-1));
#3190=VERTEX_POINT('',#3188);
#3191=VERTEX_POINT('',#3189);
#3192=CARTESIAN_POINT('',(1.225E0,1.75E-1,1.25E-1));
#3193=CARTESIAN_POINT('',(1.225E0,1.75E-1,3.75E-1));
#3194=VERTEX_POINT('',#3192);
#3195=VERTEX_POINT('',#3193);
#3196=CARTESIAN_POINT('',(1.225E0,1.75E-1,-3.75E-1));
#3197=CARTESIAN_POINT('',(1.225E0,1.75E-1,-1.25E-1));
#3198=VERTEX_POINT('',#3196);
#3199=VERTEX_POINT('',#3197);
#3200=CARTESIAN_POINT('',(1.225E0,1.75E-1,-8.75E-1));
#3201=CARTESIAN_POINT('',(1.225E0,1.75E-1,-6.25E-1));
#3202=VERTEX_POINT('',#3200);
#3203=VERTEX_POINT('',#3201);
#3204=CARTESIAN_POINT('',(8.3E-1,7.5E-2,8.3E-1));
#3205=CARTESIAN_POINT('',(-8.3E-1,7.5E-2,8.3E-1));
#3206=VERTEX_POINT('',#3204);
#3207=VERTEX_POINT('',#3205);
#3208=CARTESIAN_POINT('',(8.3E-1,7.5E-2,-8.3E-1));
#3209=VERTEX_POINT('',#3208);
#3210=CARTESIAN_POINT('',(1.225E0,0.E0,6.25E-1));
#3211=VERTEX_POINT('',#3210);
#3212=CARTESIAN_POINT('',(1.225E0,0.E0,8.75E-1));
#3213=VERTEX_POINT('',#3212);
#3214=CARTESIAN_POINT('',(1.225E0,0.E0,1.25E-1));
#3215=VERTEX_POINT('',#3214);
#3216=CARTESIAN_POINT('',(1.225E0,0.E0,3.75E-1));
#3217=VERTEX_POINT('',#3216);
#3218=CARTESIAN_POINT('',(1.225E0,0.E0,-3.75E-1));
#3219=VERTEX_POINT('',#3218);
#3220=CARTESIAN_POINT('',(1.225E0,0.E0,-1.25E-1));
#3221=VERTEX_POINT('',#3220);
#3222=CARTESIAN_POINT('',(1.225E0,0.E0,-8.75E-1));
#3223=VERTEX_POINT('',#3222);
#3224=CARTESIAN_POINT('',(1.225E0,0.E0,-6.25E-1));
#3225=VERTEX_POINT('',#3224);
#3226=CARTESIAN_POINT('',(-1.225E0,1.75E-1,6.25E-1));
#3227=CARTESIAN_POINT('',(-1.225E0,1.75E-1,8.75E-1));
#3228=VERTEX_POINT('',#3226);
#3229=VERTEX_POINT('',#3227);
#3230=CARTESIAN_POINT('',(-1.225E0,1.75E-1,1.25E-1));
#3231=CARTESIAN_POINT('',(-1.225E0,1.75E-1,3.75E-1));
#3232=VERTEX_POINT('',#3230);
#3233=VERTEX_POINT('',#3231);
#3234=CARTESIAN_POINT('',(-1.225E0,1.75E-1,-3.75E-1));
#3235=CARTESIAN_POINT('',(-1.225E0,1.75E-1,-1.25E-1));
#3236=VERTEX_POINT('',#3234);
#3237=VERTEX_POINT('',#3235);
#3238=CARTESIAN_POINT('',(-1.225E0,1.75E-1,-8.75E-1));
#3239=CARTESIAN_POINT('',(-1.225E0,1.75E-1,-6.25E-1));
#3240=VERTEX_POINT('',#3238);
#3241=VERTEX_POINT('',#3239);
#3242=CARTESIAN_POINT('',(-1.5E0,1.75E-1,8.75E-1));
#3243=CARTESIAN_POINT('',(-1.5E0,1.75E-1,6.25E-1));
#3244=VERTEX_POINT('',#3242);
#3245=VERTEX_POINT('',#3243);
#3246=CARTESIAN_POINT('',(-1.5E0,1.75E-1,3.75E-1));
#3247=CARTESIAN_POINT('',(-1.5E0,1.75E-1,1.25E-1));
#3248=VERTEX_POINT('',#3246);
#3249=VERTEX_POINT('',#3247);
#3250=CARTESIAN_POINT('',(-1.5E0,1.75E-1,-1.25E-1));
#3251=CARTESIAN_POINT('',(-1.5E0,1.75E-1,-3.75E-1));
#3252=VERTEX_POINT('',#3250);
#3253=VERTEX_POINT('',#3251);
#3254=CARTESIAN_POINT('',(1.5E0,1.75E-1,8.75E-1));
#3255=CARTESIAN_POINT('',(1.5E0,1.75E-1,6.25E-1));
#3256=VERTEX_POINT('',#3254);
#3257=VERTEX_POINT('',#3255);
#3258=CARTESIAN_POINT('',(1.5E0,1.75E-1,3.75E-1));
#3259=CARTESIAN_POINT('',(1.5E0,1.75E-1,1.25E-1));
#3260=VERTEX_POINT('',#3258);
#3261=VERTEX_POINT('',#3259);
#3262=CARTESIAN_POINT('',(1.5E0,1.75E-1,-1.25E-1));
#3263=CARTESIAN_POINT('',(1.5E0,1.75E-1,-3.75E-1));
#3264=VERTEX_POINT('',#3262);
#3265=VERTEX_POINT('',#3263);
#3266=CARTESIAN_POINT('',(1.5E0,1.75E-1,-8.75E-1));
#3267=VERTEX_POINT('',#3266);
#3268=CARTESIAN_POINT('',(1.5E0,1.75E-1,-6.25E-1));
#3269=VERTEX_POINT('',#3268);
#3270=CARTESIAN_POINT('',(-1.225E0,0.E0,6.25E-1));
#3271=VERTEX_POINT('',#3270);
#3272=CARTESIAN_POINT('',(-1.225E0,0.E0,8.75E-1));
#3273=VERTEX_POINT('',#3272);
#3274=CARTESIAN_POINT('',(-1.225E0,0.E0,1.25E-1));
#3275=VERTEX_POINT('',#3274);
#3276=CARTESIAN_POINT('',(-1.225E0,0.E0,3.75E-1));
#3277=VERTEX_POINT('',#3276);
#3278=CARTESIAN_POINT('',(-1.225E0,0.E0,-3.75E-1));
#3279=VERTEX_POINT('',#3278);
#3280=CARTESIAN_POINT('',(-1.225E0,0.E0,-1.25E-1));
#3281=VERTEX_POINT('',#3280);
#3282=CARTESIAN_POINT('',(-1.5E0,1.75E-1,-8.75E-1));
#3283=VERTEX_POINT('',#3282);
#3284=CARTESIAN_POINT('',(-1.5E0,1.75E-1,-6.25E-1));
#3285=VERTEX_POINT('',#3284);
#3286=CARTESIAN_POINT('',(-1.225E0,0.E0,-8.75E-1));
#3287=VERTEX_POINT('',#3286);
#3288=CARTESIAN_POINT('',(-1.225E0,0.E0,-6.25E-1));
#3289=VERTEX_POINT('',#3288);
#3290=CARTESIAN_POINT('',(-8.75E-1,1.75E-1,-1.225E0));
#3291=CARTESIAN_POINT('',(-6.25E-1,1.75E-1,-1.225E0));
#3292=VERTEX_POINT('',#3290);
#3293=VERTEX_POINT('',#3291);
#3294=CARTESIAN_POINT('',(-3.75E-1,1.75E-1,-1.225E0));
#3295=CARTESIAN_POINT('',(-1.25E-1,1.75E-1,-1.225E0));
#3296=VERTEX_POINT('',#3294);
#3297=VERTEX_POINT('',#3295);
#3298=CARTESIAN_POINT('',(1.25E-1,1.75E-1,-1.225E0));
#3299=CARTESIAN_POINT('',(3.75E-1,1.75E-1,-1.225E0));
#3300=VERTEX_POINT('',#3298);
#3301=VERTEX_POINT('',#3299);
#3302=CARTESIAN_POINT('',(6.25E-1,1.75E-1,-1.225E0));
#3303=CARTESIAN_POINT('',(8.75E-1,1.75E-1,-1.225E0));
#3304=VERTEX_POINT('',#3302);
#3305=VERTEX_POINT('',#3303);
#3306=CARTESIAN_POINT('',(-8.75E-1,1.75E-1,1.225E0));
#3307=CARTESIAN_POINT('',(-6.25E-1,1.75E-1,1.225E0));
#3308=VERTEX_POINT('',#3306);
#3309=VERTEX_POINT('',#3307);
#3310=CARTESIAN_POINT('',(-3.75E-1,1.75E-1,1.225E0));
#3311=CARTESIAN_POINT('',(-1.25E-1,1.75E-1,1.225E0));
#3312=VERTEX_POINT('',#3310);
#3313=VERTEX_POINT('',#3311);
#3314=CARTESIAN_POINT('',(1.25E-1,1.75E-1,1.225E0));
#3315=CARTESIAN_POINT('',(3.75E-1,1.75E-1,1.225E0));
#3316=VERTEX_POINT('',#3314);
#3317=VERTEX_POINT('',#3315);
#3318=CARTESIAN_POINT('',(6.25E-1,1.75E-1,1.225E0));
#3319=CARTESIAN_POINT('',(8.75E-1,1.75E-1,1.225E0));
#3320=VERTEX_POINT('',#3318);
#3321=VERTEX_POINT('',#3319);
#3322=CARTESIAN_POINT('',(-8.75E-1,1.75E-1,1.5E0));
#3323=CARTESIAN_POINT('',(-6.25E-1,1.75E-1,1.5E0));
#3324=VERTEX_POINT('',#3322);
#3325=VERTEX_POINT('',#3323);
#3326=CARTESIAN_POINT('',(-3.75E-1,1.75E-1,1.5E0));
#3327=CARTESIAN_POINT('',(-1.25E-1,1.75E-1,1.5E0));
#3328=VERTEX_POINT('',#3326);
#3329=VERTEX_POINT('',#3327);
#3330=CARTESIAN_POINT('',(1.25E-1,1.75E-1,1.5E0));
#3331=CARTESIAN_POINT('',(3.75E-1,1.75E-1,1.5E0));
#3332=VERTEX_POINT('',#3330);
#3333=VERTEX_POINT('',#3331);
#3334=CARTESIAN_POINT('',(6.25E-1,1.75E-1,1.5E0));
#3335=CARTESIAN_POINT('',(8.75E-1,1.75E-1,1.5E0));
#3336=VERTEX_POINT('',#3334);
#3337=VERTEX_POINT('',#3335);
#3338=CARTESIAN_POINT('',(-8.75E-1,1.75E-1,-1.5E0));
#3339=CARTESIAN_POINT('',(-6.25E-1,1.75E-1,-1.5E0));
#3340=VERTEX_POINT('',#3338);
#3341=VERTEX_POINT('',#3339);
#3342=CARTESIAN_POINT('',(-3.75E-1,1.75E-1,-1.5E0));
#3343=CARTESIAN_POINT('',(-1.25E-1,1.75E-1,-1.5E0));
#3344=VERTEX_POINT('',#3342);
#3345=VERTEX_POINT('',#3343);
#3346=CARTESIAN_POINT('',(1.25E-1,1.75E-1,-1.5E0));
#3347=CARTESIAN_POINT('',(3.75E-1,1.75E-1,-1.5E0));
#3348=VERTEX_POINT('',#3346);
#3349=VERTEX_POINT('',#3347);
#3350=CARTESIAN_POINT('',(-8.75E-1,0.E0,-1.225E0));
#3351=VERTEX_POINT('',#3350);
#3352=CARTESIAN_POINT('',(-6.25E-1,0.E0,-1.225E0));
#3353=VERTEX_POINT('',#3352);
#3354=CARTESIAN_POINT('',(-3.75E-1,0.E0,-1.225E0));
#3355=VERTEX_POINT('',#3354);
#3356=CARTESIAN_POINT('',(-1.25E-1,0.E0,-1.225E0));
#3357=VERTEX_POINT('',#3356);
#3358=CARTESIAN_POINT('',(1.25E-1,0.E0,-1.225E0));
#3359=VERTEX_POINT('',#3358);
#3360=CARTESIAN_POINT('',(3.75E-1,0.E0,-1.225E0));
#3361=VERTEX_POINT('',#3360);
#3362=CARTESIAN_POINT('',(6.25E-1,1.75E-1,-1.5E0));
#3363=VERTEX_POINT('',#3362);
#3364=CARTESIAN_POINT('',(8.75E-1,1.75E-1,-1.5E0));
#3365=VERTEX_POINT('',#3364);
#3366=CARTESIAN_POINT('',(6.25E-1,0.E0,-1.225E0));
#3367=VERTEX_POINT('',#3366);
#3368=CARTESIAN_POINT('',(8.75E-1,0.E0,-1.225E0));
#3369=VERTEX_POINT('',#3368);
#3370=CARTESIAN_POINT('',(-8.75E-1,0.E0,1.225E0));
#3371=VERTEX_POINT('',#3370);
#3372=CARTESIAN_POINT('',(-6.25E-1,0.E0,1.225E0));
#3373=VERTEX_POINT('',#3372);
#3374=CARTESIAN_POINT('',(-3.75E-1,0.E0,1.225E0));
#3375=VERTEX_POINT('',#3374);
#3376=CARTESIAN_POINT('',(-1.25E-1,0.E0,1.225E0));
#3377=VERTEX_POINT('',#3376);
#3378=CARTESIAN_POINT('',(1.25E-1,0.E0,1.225E0));
#3379=VERTEX_POINT('',#3378);
#3380=CARTESIAN_POINT('',(3.75E-1,0.E0,1.225E0));
#3381=VERTEX_POINT('',#3380);
#3382=CARTESIAN_POINT('',(6.25E-1,0.E0,1.225E0));
#3383=VERTEX_POINT('',#3382);
#3384=CARTESIAN_POINT('',(8.75E-1,0.E0,1.225E0));
#3385=VERTEX_POINT('',#3384);
#3386=CARTESIAN_POINT('',(-4.8E-1,7.5E-2,-8.3E-1));
#3387=VERTEX_POINT('',#3386);
#3388=CARTESIAN_POINT('',(-8.3E-1,7.5E-2,-4.8E-1));
#3389=VERTEX_POINT('',#3388);
#3390=CARTESIAN_POINT('',(-1.125E0,1.75E-1,-1.125E0));
#3391=CARTESIAN_POINT('',(-1.125E0,7.5E-2,-1.125E0));
#3392=VERTEX_POINT('',#3390);
#3393=VERTEX_POINT('',#3391);
#3394=CARTESIAN_POINT('',(-1.325E0,1.75E-1,-1.325E0));
#3395=CARTESIAN_POINT('',(-1.325E0,7.5E-2,-1.325E0));
#3396=VERTEX_POINT('',#3394);
#3397=VERTEX_POINT('',#3395);
#3398=CARTESIAN_POINT('',(-1.125E0,1.75E-1,1.125E0));
#3399=CARTESIAN_POINT('',(-1.125E0,7.5E-2,1.125E0));
#3400=VERTEX_POINT('',#3398);
#3401=VERTEX_POINT('',#3399);
#3402=CARTESIAN_POINT('',(-1.325E0,1.75E-1,1.325E0));
#3403=CARTESIAN_POINT('',(-1.325E0,7.5E-2,1.325E0));
#3404=VERTEX_POINT('',#3402);
#3405=VERTEX_POINT('',#3403);
#3406=CARTESIAN_POINT('',(1.125E0,1.75E-1,1.125E0));
#3407=CARTESIAN_POINT('',(1.125E0,7.5E-2,1.125E0));
#3408=VERTEX_POINT('',#3406);
#3409=VERTEX_POINT('',#3407);
#3410=CARTESIAN_POINT('',(1.325E0,1.75E-1,1.325E0));
#3411=CARTESIAN_POINT('',(1.325E0,7.5E-2,1.325E0));
#3412=VERTEX_POINT('',#3410);
#3413=VERTEX_POINT('',#3411);
#3414=CARTESIAN_POINT('',(1.125E0,1.75E-1,-1.125E0));
#3415=CARTESIAN_POINT('',(1.125E0,7.5E-2,-1.125E0));
#3416=VERTEX_POINT('',#3414);
#3417=VERTEX_POINT('',#3415);
#3418=CARTESIAN_POINT('',(1.325E0,1.75E-1,-1.325E0));
#3419=CARTESIAN_POINT('',(1.325E0,7.5E-2,-1.325E0));
#3420=VERTEX_POINT('',#3418);
#3421=VERTEX_POINT('',#3419);
#3422=CARTESIAN_POINT('',(-1.5E0,1.75E-1,-1.325E0));
#3423=CARTESIAN_POINT('',(-1.5E0,1.75E-1,-1.125E0));
#3424=VERTEX_POINT('',#3422);
#3425=VERTEX_POINT('',#3423);
#3426=CARTESIAN_POINT('',(-1.5E0,1.75E-1,1.325E0));
#3427=CARTESIAN_POINT('',(-1.5E0,1.75E-1,1.125E0));
#3428=VERTEX_POINT('',#3426);
#3429=VERTEX_POINT('',#3427);
#3430=CARTESIAN_POINT('',(-1.325E0,1.75E-1,1.5E0));
#3431=CARTESIAN_POINT('',(-1.125E0,1.75E-1,1.5E0));
#3432=VERTEX_POINT('',#3430);
#3433=VERTEX_POINT('',#3431);
#3434=CARTESIAN_POINT('',(1.325E0,1.75E-1,1.5E0));
#3435=CARTESIAN_POINT('',(1.125E0,1.75E-1,1.5E0));
#3436=VERTEX_POINT('',#3434);
#3437=VERTEX_POINT('',#3435);
#3438=CARTESIAN_POINT('',(1.5E0,1.75E-1,1.325E0));
#3439=CARTESIAN_POINT('',(1.5E0,1.75E-1,1.125E0));
#3440=VERTEX_POINT('',#3438);
#3441=VERTEX_POINT('',#3439);
#3442=CARTESIAN_POINT('',(1.5E0,1.75E-1,-1.325E0));
#3443=CARTESIAN_POINT('',(1.5E0,1.75E-1,-1.125E0));
#3444=VERTEX_POINT('',#3442);
#3445=VERTEX_POINT('',#3443);
#3446=CARTESIAN_POINT('',(-1.325E0,1.75E-1,-1.5E0));
#3447=CARTESIAN_POINT('',(-1.125E0,1.75E-1,-1.5E0));
#3448=VERTEX_POINT('',#3446);
#3449=VERTEX_POINT('',#3447);
#3450=CARTESIAN_POINT('',(1.325E0,1.75E-1,-1.5E0));
#3451=CARTESIAN_POINT('',(1.125E0,1.75E-1,-1.5E0));
#3452=VERTEX_POINT('',#3450);
#3453=VERTEX_POINT('',#3451);
#3454=CARTESIAN_POINT('',(-4.8E-1,0.E0,-8.3E-1));
#3455=CARTESIAN_POINT('',(8.3E-1,0.E0,-8.3E-1));
#3456=VERTEX_POINT('',#3454);
#3457=VERTEX_POINT('',#3455);
#3458=CARTESIAN_POINT('',(-8.3E-1,0.E0,8.3E-1));
#3459=CARTESIAN_POINT('',(-8.3E-1,0.E0,-4.8E-1));
#3460=VERTEX_POINT('',#3458);
#3461=VERTEX_POINT('',#3459);
#3462=CARTESIAN_POINT('',(8.3E-1,0.E0,8.3E-1));
#3463=VERTEX_POINT('',#3462);
#3464=CARTESIAN_POINT('',(1.45E0,0.E0,1.45E0));
#3465=CARTESIAN_POINT('',(8.75E-1,0.E0,1.45E0));
#3466=VERTEX_POINT('',#3464);
#3467=VERTEX_POINT('',#3465);
#3468=CARTESIAN_POINT('',(6.25E-1,0.E0,1.45E0));
#3469=CARTESIAN_POINT('',(3.75E-1,0.E0,1.45E0));
#3470=VERTEX_POINT('',#3468);
#3471=VERTEX_POINT('',#3469);
#3472=CARTESIAN_POINT('',(1.25E-1,0.E0,1.45E0));
#3473=CARTESIAN_POINT('',(-1.25E-1,0.E0,1.45E0));
#3474=VERTEX_POINT('',#3472);
#3475=VERTEX_POINT('',#3473);
#3476=CARTESIAN_POINT('',(-3.75E-1,0.E0,1.45E0));
#3477=CARTESIAN_POINT('',(-6.25E-1,0.E0,1.45E0));
#3478=VERTEX_POINT('',#3476);
#3479=VERTEX_POINT('',#3477);
#3480=CARTESIAN_POINT('',(-8.75E-1,0.E0,1.45E0));
#3481=CARTESIAN_POINT('',(-1.45E0,0.E0,1.45E0));
#3482=VERTEX_POINT('',#3480);
#3483=VERTEX_POINT('',#3481);
#3484=CARTESIAN_POINT('',(-1.45E0,0.E0,8.75E-1));
#3485=VERTEX_POINT('',#3484);
#3486=CARTESIAN_POINT('',(-1.45E0,0.E0,6.25E-1));
#3487=CARTESIAN_POINT('',(-1.45E0,0.E0,3.75E-1));
#3488=VERTEX_POINT('',#3486);
#3489=VERTEX_POINT('',#3487);
#3490=CARTESIAN_POINT('',(-1.45E0,0.E0,1.25E-1));
#3491=CARTESIAN_POINT('',(-1.45E0,0.E0,-1.25E-1));
#3492=VERTEX_POINT('',#3490);
#3493=VERTEX_POINT('',#3491);
#3494=CARTESIAN_POINT('',(-1.45E0,0.E0,-3.75E-1));
#3495=CARTESIAN_POINT('',(-1.45E0,0.E0,-6.25E-1));
#3496=VERTEX_POINT('',#3494);
#3497=VERTEX_POINT('',#3495);
#3498=CARTESIAN_POINT('',(-1.45E0,0.E0,-8.75E-1));
#3499=CARTESIAN_POINT('',(-1.45E0,0.E0,-1.45E0));
#3500=VERTEX_POINT('',#3498);
#3501=VERTEX_POINT('',#3499);
#3502=CARTESIAN_POINT('',(-8.75E-1,0.E0,-1.45E0));
#3503=VERTEX_POINT('',#3502);
#3504=CARTESIAN_POINT('',(-6.25E-1,0.E0,-1.45E0));
#3505=CARTESIAN_POINT('',(-3.75E-1,0.E0,-1.45E0));
#3506=VERTEX_POINT('',#3504);
#3507=VERTEX_POINT('',#3505);
#3508=CARTESIAN_POINT('',(-1.25E-1,0.E0,-1.45E0));
#3509=CARTESIAN_POINT('',(1.25E-1,0.E0,-1.45E0));
#3510=VERTEX_POINT('',#3508);
#3511=VERTEX_POINT('',#3509);
#3512=CARTESIAN_POINT('',(3.75E-1,0.E0,-1.45E0));
#3513=CARTESIAN_POINT('',(6.25E-1,0.E0,-1.45E0));
#3514=VERTEX_POINT('',#3512);
#3515=VERTEX_POINT('',#3513);
#3516=CARTESIAN_POINT('',(8.75E-1,0.E0,-1.45E0));
#3517=CARTESIAN_POINT('',(1.45E0,0.E0,-1.45E0));
#3518=VERTEX_POINT('',#3516);
#3519=VERTEX_POINT('',#3517);
#3520=CARTESIAN_POINT('',(1.45E0,0.E0,-8.75E-1));
#3521=VERTEX_POINT('',#3520);
#3522=CARTESIAN_POINT('',(1.45E0,0.E0,-6.25E-1));
#3523=CARTESIAN_POINT('',(1.45E0,0.E0,-3.75E-1));
#3524=VERTEX_POINT('',#3522);
#3525=VERTEX_POINT('',#3523);
#3526=CARTESIAN_POINT('',(1.45E0,0.E0,-1.25E-1));
#3527=CARTESIAN_POINT('',(1.45E0,0.E0,1.25E-1));
#3528=VERTEX_POINT('',#3526);
#3529=VERTEX_POINT('',#3527);
#3530=CARTESIAN_POINT('',(1.45E0,0.E0,3.75E-1));
#3531=CARTESIAN_POINT('',(1.45E0,0.E0,6.25E-1));
#3532=VERTEX_POINT('',#3530);
#3533=VERTEX_POINT('',#3531);
#3534=CARTESIAN_POINT('',(1.45E0,0.E0,8.75E-1));
#3535=VERTEX_POINT('',#3534);
#3536=CARTESIAN_POINT('',(-1.5E0,7.5E-2,-1.5E0));
#3537=CARTESIAN_POINT('',(-1.5E0,7.5E-2,-1.325E0));
#3538=VERTEX_POINT('',#3536);
#3539=VERTEX_POINT('',#3537);
#3540=CARTESIAN_POINT('',(-1.5E0,7.5E-2,-1.125E0));
#3541=CARTESIAN_POINT('',(-1.5E0,7.5E-2,-8.75E-1));
#3542=VERTEX_POINT('',#3540);
#3543=VERTEX_POINT('',#3541);
#3544=CARTESIAN_POINT('',(-1.5E0,7.5E-2,-6.25E-1));
#3545=CARTESIAN_POINT('',(-1.5E0,7.5E-2,-3.75E-1));
#3546=VERTEX_POINT('',#3544);
#3547=VERTEX_POINT('',#3545);
#3548=CARTESIAN_POINT('',(-1.5E0,7.5E-2,-1.25E-1));
#3549=CARTESIAN_POINT('',(-1.5E0,7.5E-2,1.25E-1));
#3550=VERTEX_POINT('',#3548);
#3551=VERTEX_POINT('',#3549);
#3552=CARTESIAN_POINT('',(-1.5E0,7.5E-2,3.75E-1));
#3553=CARTESIAN_POINT('',(-1.5E0,7.5E-2,6.25E-1));
#3554=VERTEX_POINT('',#3552);
#3555=VERTEX_POINT('',#3553);
#3556=CARTESIAN_POINT('',(-1.5E0,7.5E-2,8.75E-1));
#3557=CARTESIAN_POINT('',(-1.5E0,7.5E-2,1.125E0));
#3558=VERTEX_POINT('',#3556);
#3559=VERTEX_POINT('',#3557);
#3560=CARTESIAN_POINT('',(-1.5E0,7.5E-2,1.325E0));
#3561=CARTESIAN_POINT('',(-1.5E0,7.5E-2,1.5E0));
#3562=VERTEX_POINT('',#3560);
#3563=VERTEX_POINT('',#3561);
#3564=CARTESIAN_POINT('',(-1.325E0,7.5E-2,1.5E0));
#3565=VERTEX_POINT('',#3564);
#3566=CARTESIAN_POINT('',(-1.125E0,7.5E-2,1.5E0));
#3567=CARTESIAN_POINT('',(-8.75E-1,7.5E-2,1.5E0));
#3568=VERTEX_POINT('',#3566);
#3569=VERTEX_POINT('',#3567);
#3570=CARTESIAN_POINT('',(-6.25E-1,7.5E-2,1.5E0));
#3571=CARTESIAN_POINT('',(-3.75E-1,7.5E-2,1.5E0));
#3572=VERTEX_POINT('',#3570);
#3573=VERTEX_POINT('',#3571);
#3574=CARTESIAN_POINT('',(-1.25E-1,7.5E-2,1.5E0));
#3575=CARTESIAN_POINT('',(1.25E-1,7.5E-2,1.5E0));
#3576=VERTEX_POINT('',#3574);
#3577=VERTEX_POINT('',#3575);
#3578=CARTESIAN_POINT('',(3.75E-1,7.5E-2,1.5E0));
#3579=CARTESIAN_POINT('',(6.25E-1,7.5E-2,1.5E0));
#3580=VERTEX_POINT('',#3578);
#3581=VERTEX_POINT('',#3579);
#3582=CARTESIAN_POINT('',(8.75E-1,7.5E-2,1.5E0));
#3583=CARTESIAN_POINT('',(1.125E0,7.5E-2,1.5E0));
#3584=VERTEX_POINT('',#3582);
#3585=VERTEX_POINT('',#3583);
#3586=CARTESIAN_POINT('',(1.325E0,7.5E-2,1.5E0));
#3587=CARTESIAN_POINT('',(1.5E0,7.5E-2,1.5E0));
#3588=VERTEX_POINT('',#3586);
#3589=VERTEX_POINT('',#3587);
#3590=CARTESIAN_POINT('',(1.5E0,7.5E-2,1.325E0));
#3591=VERTEX_POINT('',#3590);
#3592=CARTESIAN_POINT('',(1.5E0,7.5E-2,1.125E0));
#3593=CARTESIAN_POINT('',(1.5E0,7.5E-2,8.75E-1));
#3594=VERTEX_POINT('',#3592);
#3595=VERTEX_POINT('',#3593);
#3596=CARTESIAN_POINT('',(1.5E0,7.5E-2,6.25E-1));
#3597=CARTESIAN_POINT('',(1.5E0,7.5E-2,3.75E-1));
#3598=VERTEX_POINT('',#3596);
#3599=VERTEX_POINT('',#3597);
#3600=CARTESIAN_POINT('',(1.5E0,7.5E-2,1.25E-1));
#3601=CARTESIAN_POINT('',(1.5E0,7.5E-2,-1.25E-1));
#3602=VERTEX_POINT('',#3600);
#3603=VERTEX_POINT('',#3601);
#3604=CARTESIAN_POINT('',(1.5E0,7.5E-2,-3.75E-1));
#3605=CARTESIAN_POINT('',(1.5E0,7.5E-2,-6.25E-1));
#3606=VERTEX_POINT('',#3604);
#3607=VERTEX_POINT('',#3605);
#3608=CARTESIAN_POINT('',(1.5E0,7.5E-2,-8.75E-1));
#3609=CARTESIAN_POINT('',(1.5E0,7.5E-2,-1.125E0));
#3610=VERTEX_POINT('',#3608);
#3611=VERTEX_POINT('',#3609);
#3612=CARTESIAN_POINT('',(1.5E0,7.5E-2,-1.325E0));
#3613=CARTESIAN_POINT('',(1.5E0,7.5E-2,-1.5E0));
#3614=VERTEX_POINT('',#3612);
#3615=VERTEX_POINT('',#3613);
#3616=CARTESIAN_POINT('',(1.325E0,7.5E-2,-1.5E0));
#3617=VERTEX_POINT('',#3616);
#3618=CARTESIAN_POINT('',(1.125E0,7.5E-2,-1.5E0));
#3619=CARTESIAN_POINT('',(8.75E-1,7.5E-2,-1.5E0));
#3620=VERTEX_POINT('',#3618);
#3621=VERTEX_POINT('',#3619);
#3622=CARTESIAN_POINT('',(6.25E-1,7.5E-2,-1.5E0));
#3623=CARTESIAN_POINT('',(3.75E-1,7.5E-2,-1.5E0));
#3624=VERTEX_POINT('',#3622);
#3625=VERTEX_POINT('',#3623);
#3626=CARTESIAN_POINT('',(1.25E-1,7.5E-2,-1.5E0));
#3627=CARTESIAN_POINT('',(-1.25E-1,7.5E-2,-1.5E0));
#3628=VERTEX_POINT('',#3626);
#3629=VERTEX_POINT('',#3627);
#3630=CARTESIAN_POINT('',(-3.75E-1,7.5E-2,-1.5E0));
#3631=CARTESIAN_POINT('',(-6.25E-1,7.5E-2,-1.5E0));
#3632=VERTEX_POINT('',#3630);
#3633=VERTEX_POINT('',#3631);
#3634=CARTESIAN_POINT('',(-8.75E-1,7.5E-2,-1.5E0));
#3635=CARTESIAN_POINT('',(-1.125E0,7.5E-2,-1.5E0));
#3636=VERTEX_POINT('',#3634);
#3637=VERTEX_POINT('',#3635);
#3638=CARTESIAN_POINT('',(-1.325E0,7.5E-2,-1.5E0));
#3639=VERTEX_POINT('',#3638);
#3640=CARTESIAN_POINT('',(1.45E0,7.5E-2,6.25E-1));
#3641=VERTEX_POINT('',#3640);
#3642=CARTESIAN_POINT('',(1.45E0,7.5E-2,8.75E-1));
#3643=VERTEX_POINT('',#3642);
#3644=CARTESIAN_POINT('',(1.45E0,7.5E-2,1.25E-1));
#3645=VERTEX_POINT('',#3644);
#3646=CARTESIAN_POINT('',(1.45E0,7.5E-2,3.75E-1));
#3647=VERTEX_POINT('',#3646);
#3648=CARTESIAN_POINT('',(1.45E0,7.5E-2,-3.75E-1));
#3649=VERTEX_POINT('',#3648);
#3650=CARTESIAN_POINT('',(1.45E0,7.5E-2,-1.25E-1));
#3651=VERTEX_POINT('',#3650);
#3652=CARTESIAN_POINT('',(1.45E0,7.5E-2,-8.75E-1));
#3653=VERTEX_POINT('',#3652);
#3654=CARTESIAN_POINT('',(1.45E0,7.5E-2,-6.25E-1));
#3655=VERTEX_POINT('',#3654);
#3656=CARTESIAN_POINT('',(-1.45E0,7.5E-2,6.25E-1));
#3657=VERTEX_POINT('',#3656);
#3658=CARTESIAN_POINT('',(-1.45E0,7.5E-2,8.75E-1));
#3659=VERTEX_POINT('',#3658);
#3660=CARTESIAN_POINT('',(-1.45E0,7.5E-2,1.25E-1));
#3661=VERTEX_POINT('',#3660);
#3662=CARTESIAN_POINT('',(-1.45E0,7.5E-2,3.75E-1));
#3663=VERTEX_POINT('',#3662);
#3664=CARTESIAN_POINT('',(-1.45E0,7.5E-2,-3.75E-1));
#3665=VERTEX_POINT('',#3664);
#3666=CARTESIAN_POINT('',(-1.45E0,7.5E-2,-1.25E-1));
#3667=VERTEX_POINT('',#3666);
#3668=CARTESIAN_POINT('',(-1.45E0,7.5E-2,-8.75E-1));
#3669=VERTEX_POINT('',#3668);
#3670=CARTESIAN_POINT('',(-1.45E0,7.5E-2,-6.25E-1));
#3671=VERTEX_POINT('',#3670);
#3672=CARTESIAN_POINT('',(-8.75E-1,7.5E-2,-1.45E0));
#3673=VERTEX_POINT('',#3672);
#3674=CARTESIAN_POINT('',(-6.25E-1,7.5E-2,-1.45E0));
#3675=VERTEX_POINT('',#3674);
#3676=CARTESIAN_POINT('',(-3.75E-1,7.5E-2,-1.45E0));
#3677=VERTEX_POINT('',#3676);
#3678=CARTESIAN_POINT('',(-1.25E-1,7.5E-2,-1.45E0));
#3679=VERTEX_POINT('',#3678);
#3680=CARTESIAN_POINT('',(1.25E-1,7.5E-2,-1.45E0));
#3681=VERTEX_POINT('',#3680);
#3682=CARTESIAN_POINT('',(3.75E-1,7.5E-2,-1.45E0));
#3683=VERTEX_POINT('',#3682);
#3684=CARTESIAN_POINT('',(6.25E-1,7.5E-2,-1.45E0));
#3685=VERTEX_POINT('',#3684);
#3686=CARTESIAN_POINT('',(8.75E-1,7.5E-2,-1.45E0));
#3687=VERTEX_POINT('',#3686);
#3688=CARTESIAN_POINT('',(-8.75E-1,7.5E-2,1.45E0));
#3689=VERTEX_POINT('',#3688);
#3690=CARTESIAN_POINT('',(-6.25E-1,7.5E-2,1.45E0));
#3691=VERTEX_POINT('',#3690);
#3692=CARTESIAN_POINT('',(-3.75E-1,7.5E-2,1.45E0));
#3693=VERTEX_POINT('',#3692);
#3694=CARTESIAN_POINT('',(-1.25E-1,7.5E-2,1.45E0));
#3695=VERTEX_POINT('',#3694);
#3696=CARTESIAN_POINT('',(1.25E-1,7.5E-2,1.45E0));
#3697=VERTEX_POINT('',#3696);
#3698=CARTESIAN_POINT('',(3.75E-1,7.5E-2,1.45E0));
#3699=VERTEX_POINT('',#3698);
#3700=CARTESIAN_POINT('',(6.25E-1,7.5E-2,1.45E0));
#3701=VERTEX_POINT('',#3700);
#3702=CARTESIAN_POINT('',(8.75E-1,7.5E-2,1.45E0));
#3703=VERTEX_POINT('',#3702);
#3704=CARTESIAN_POINT('',(1.45E0,7.5E-2,1.45E0));
#3705=CARTESIAN_POINT('',(1.325E0,7.5E-2,1.45E0));
#3706=VERTEX_POINT('',#3704);
#3707=VERTEX_POINT('',#3705);
#3708=CARTESIAN_POINT('',(1.125E0,7.5E-2,1.45E0));
#3709=VERTEX_POINT('',#3708);
#3710=CARTESIAN_POINT('',(-1.125E0,7.5E-2,1.45E0));
#3711=VERTEX_POINT('',#3710);
#3712=CARTESIAN_POINT('',(-1.325E0,7.5E-2,1.45E0));
#3713=CARTESIAN_POINT('',(-1.45E0,7.5E-2,1.45E0));
#3714=VERTEX_POINT('',#3712);
#3715=VERTEX_POINT('',#3713);
#3716=CARTESIAN_POINT('',(-1.45E0,7.5E-2,1.325E0));
#3717=VERTEX_POINT('',#3716);
#3718=CARTESIAN_POINT('',(-1.45E0,7.5E-2,1.125E0));
#3719=VERTEX_POINT('',#3718);
#3720=CARTESIAN_POINT('',(-1.45E0,7.5E-2,-1.125E0));
#3721=VERTEX_POINT('',#3720);
#3722=CARTESIAN_POINT('',(-1.45E0,7.5E-2,-1.325E0));
#3723=CARTESIAN_POINT('',(-1.45E0,7.5E-2,-1.45E0));
#3724=VERTEX_POINT('',#3722);
#3725=VERTEX_POINT('',#3723);
#3726=CARTESIAN_POINT('',(-1.325E0,7.5E-2,-1.45E0));
#3727=VERTEX_POINT('',#3726);
#3728=CARTESIAN_POINT('',(-1.125E0,7.5E-2,-1.45E0));
#3729=VERTEX_POINT('',#3728);
#3730=CARTESIAN_POINT('',(1.125E0,7.5E-2,-1.45E0));
#3731=VERTEX_POINT('',#3730);
#3732=CARTESIAN_POINT('',(1.325E0,7.5E-2,-1.45E0));
#3733=CARTESIAN_POINT('',(1.45E0,7.5E-2,-1.45E0));
#3734=VERTEX_POINT('',#3732);
#3735=VERTEX_POINT('',#3733);
#3736=CARTESIAN_POINT('',(1.45E0,7.5E-2,-1.325E0));
#3737=VERTEX_POINT('',#3736);
#3738=CARTESIAN_POINT('',(1.45E0,7.5E-2,-1.125E0));
#3739=VERTEX_POINT('',#3738);
#3740=CARTESIAN_POINT('',(1.45E0,7.5E-2,1.125E0));
#3741=VERTEX_POINT('',#3740);
#3742=CARTESIAN_POINT('',(1.45E0,7.5E-2,1.325E0));
#3743=VERTEX_POINT('',#3742);
#3744=CARTESIAN_POINT('',(0.E0,0.E0,0.E0));
#3745=DIRECTION('',(0.E0,1.E0,0.E0));
#3746=DIRECTION('',(1.E0,0.E0,0.E0));
#3747=AXIS2_PLACEMENT_3D('',#3744,#3745,#3746);
#3748=PLANE('',#3747);
#3750=ORIENTED_EDGE('',*,*,#3749,.F.);
#3752=ORIENTED_EDGE('',*,*,#3751,.F.);
#3754=ORIENTED_EDGE('',*,*,#3753,.T.);
#3756=ORIENTED_EDGE('',*,*,#3755,.F.);
#3758=ORIENTED_EDGE('',*,*,#3757,.F.);
#3760=ORIENTED_EDGE('',*,*,#3759,.F.);
#3762=ORIENTED_EDGE('',*,*,#3761,.T.);
#3764=ORIENTED_EDGE('',*,*,#3763,.F.);
#3766=ORIENTED_EDGE('',*,*,#3765,.F.);
#3768=ORIENTED_EDGE('',*,*,#3767,.F.);
#3770=ORIENTED_EDGE('',*,*,#3769,.T.);
#3772=ORIENTED_EDGE('',*,*,#3771,.F.);
#3774=ORIENTED_EDGE('',*,*,#3773,.F.);
#3776=ORIENTED_EDGE('',*,*,#3775,.F.);
#3778=ORIENTED_EDGE('',*,*,#3777,.T.);
#3780=ORIENTED_EDGE('',*,*,#3779,.F.);
#3782=ORIENTED_EDGE('',*,*,#3781,.F.);
#3784=ORIENTED_EDGE('',*,*,#3783,.F.);
#3786=ORIENTED_EDGE('',*,*,#3785,.F.);
#3788=ORIENTED_EDGE('',*,*,#3787,.T.);
#3790=ORIENTED_EDGE('',*,*,#3789,.F.);
#3792=ORIENTED_EDGE('',*,*,#3791,.F.);
#3794=ORIENTED_EDGE('',*,*,#3793,.F.);
#3796=ORIENTED_EDGE('',*,*,#3795,.T.);
#3798=ORIENTED_EDGE('',*,*,#3797,.F.);
#3800=ORIENTED_EDGE('',*,*,#3799,.F.);
#3802=ORIENTED_EDGE('',*,*,#3801,.F.);
#3804=ORIENTED_EDGE('',*,*,#3803,.T.);
#3806=ORIENTED_EDGE('',*,*,#3805,.F.);
#3808=ORIENTED_EDGE('',*,*,#3807,.F.);
#3810=ORIENTED_EDGE('',*,*,#3809,.F.);
#3812=ORIENTED_EDGE('',*,*,#3811,.T.);
#3814=ORIENTED_EDGE('',*,*,#3813,.F.);
#3816=ORIENTED_EDGE('',*,*,#3815,.F.);
#3818=ORIENTED_EDGE('',*,*,#3817,.F.);
#3820=ORIENTED_EDGE('',*,*,#3819,.F.);
#3822=ORIENTED_EDGE('',*,*,#3821,.T.);
#3824=ORIENTED_EDGE('',*,*,#3823,.T.);
#3826=ORIENTED_EDGE('',*,*,#3825,.F.);
#3828=ORIENTED_EDGE('',*,*,#3827,.F.);
#3830=ORIENTED_EDGE('',*,*,#3829,.T.);
#3832=ORIENTED_EDGE('',*,*,#3831,.T.);
#3834=ORIENTED_EDGE('',*,*,#3833,.F.);
#3836=ORIENTED_EDGE('',*,*,#3835,.F.);
#3838=ORIENTED_EDGE('',*,*,#3837,.T.);
#3840=ORIENTED_EDGE('',*,*,#3839,.T.);
#3842=ORIENTED_EDGE('',*,*,#3841,.F.);
#3844=ORIENTED_EDGE('',*,*,#3843,.F.);
#3846=ORIENTED_EDGE('',*,*,#3845,.T.);
#3848=ORIENTED_EDGE('',*,*,#3847,.T.);
#3850=ORIENTED_EDGE('',*,*,#3849,.F.);
#3852=ORIENTED_EDGE('',*,*,#3851,.F.);
#3854=ORIENTED_EDGE('',*,*,#3853,.F.);
#3856=ORIENTED_EDGE('',*,*,#3855,.T.);
#3858=ORIENTED_EDGE('',*,*,#3857,.T.);
#3860=ORIENTED_EDGE('',*,*,#3859,.F.);
#3862=ORIENTED_EDGE('',*,*,#3861,.F.);
#3864=ORIENTED_EDGE('',*,*,#3863,.T.);
#3866=ORIENTED_EDGE('',*,*,#3865,.T.);
#3868=ORIENTED_EDGE('',*,*,#3867,.F.);
#3870=ORIENTED_EDGE('',*,*,#3869,.F.);
#3872=ORIENTED_EDGE('',*,*,#3871,.T.);
#3874=ORIENTED_EDGE('',*,*,#3873,.T.);
#3876=ORIENTED_EDGE('',*,*,#3875,.F.);
#3878=ORIENTED_EDGE('',*,*,#3877,.F.);
#3880=ORIENTED_EDGE('',*,*,#3879,.T.);
#3882=ORIENTED_EDGE('',*,*,#3881,.T.);
#3884=ORIENTED_EDGE('',*,*,#3883,.F.);
#3885=EDGE_LOOP('',(#3750,#3752,#3754,#3756,#3758,#3760,#3762,#3764,#3766,#3768,
#3770,#3772,#3774,#3776,#3778,#3780,#3782,#3784,#3786,#3788,#3790,#3792,#3794,
#3796,#3798,#3800,#3802,#3804,#3806,#3808,#3810,#3812,#3814,#3816,#3818,#3820,
#3822,#3824,#3826,#3828,#3830,#3832,#3834,#3836,#3838,#3840,#3842,#3844,#3846,
#3848,#3850,#3852,#3854,#3856,#3858,#3860,#3862,#3864,#3866,#3868,#3870,#3872,
#3874,#3876,#3878,#3880,#3882,#3884));
#3886=FACE_OUTER_BOUND('',#3885,.F.);
#3888=ORIENTED_EDGE('',*,*,#3887,.T.);
#3890=ORIENTED_EDGE('',*,*,#3889,.T.);
#3892=ORIENTED_EDGE('',*,*,#3891,.T.);
#3894=ORIENTED_EDGE('',*,*,#3893,.T.);
#3896=ORIENTED_EDGE('',*,*,#3895,.F.);
#3897=EDGE_LOOP('',(#3888,#3890,#3892,#3894,#3896));
#3898=FACE_BOUND('',#3897,.F.);
#3900=CARTESIAN_POINT('',(-8.3E-1,7.5E-2,-8.3E-1));
#3901=DIRECTION('',(0.E0,0.E0,-1.E0));
#3902=DIRECTION('',(1.E0,0.E0,0.E0));
#3903=AXIS2_PLACEMENT_3D('',#3900,#3901,#3902);
#3904=PLANE('',#3903);
#3905=ORIENTED_EDGE('',*,*,#3887,.F.);
#3907=ORIENTED_EDGE('',*,*,#3906,.T.);
#3909=ORIENTED_EDGE('',*,*,#3908,.T.);
#3911=ORIENTED_EDGE('',*,*,#3910,.T.);
#3912=EDGE_LOOP('',(#3905,#3907,#3909,#3911));
#3913=FACE_OUTER_BOUND('',#3912,.F.);
#3915=CARTESIAN_POINT('',(-6.55E-1,2.5E-2,-6.55E-1));
#3916=DIRECTION('',(-7.071067811865E-1,0.E0,-7.071067811865E-1));
#3917=DIRECTION('',(-7.071067811865E-1,0.E0,7.071067811865E-1));
#3918=AXIS2_PLACEMENT_3D('',#3915,#3916,#3917);
#3919=PLANE('',#3918);
#3920=ORIENTED_EDGE('',*,*,#3895,.T.);
#3922=ORIENTED_EDGE('',*,*,#3921,.T.);
#3924=ORIENTED_EDGE('',*,*,#3923,.F.);
#3925=ORIENTED_EDGE('',*,*,#3906,.F.);
#3926=EDGE_LOOP('',(#3920,#3922,#3924,#3925));
#3927=FACE_OUTER_BOUND('',#3926,.F.);
#3929=CARTESIAN_POINT('',(-8.3E-1,7.5E-2,8.3E-1));
#3930=DIRECTION('',(-1.E0,0.E0,0.E0));
#3931=DIRECTION('',(0.E0,0.E0,-1.E0));
#3932=AXIS2_PLACEMENT_3D('',#3929,#3930,#3931);
#3933=PLANE('',#3932);
#3934=ORIENTED_EDGE('',*,*,#3893,.F.);
#3936=ORIENTED_EDGE('',*,*,#3935,.F.);
#3938=ORIENTED_EDGE('',*,*,#3937,.T.);
#3939=ORIENTED_EDGE('',*,*,#3921,.F.);
#3940=EDGE_LOOP('',(#3934,#3936,#3938,#3939));
#3941=FACE_OUTER_BOUND('',#3940,.F.);
#3943=CARTESIAN_POINT('',(8.3E-1,7.5E-2,8.3E-1));
#3944=DIRECTION('',(0.E0,0.E0,1.E0));
#3945=DIRECTION('',(-1.E0,0.E0,0.E0));
#3946=AXIS2_PLACEMENT_3D('',#3943,#3944,#3945);
#3947=PLANE('',#3946);
#3948=ORIENTED_EDGE('',*,*,#3891,.F.);
#3950=ORIENTED_EDGE('',*,*,#3949,.F.);
#3952=ORIENTED_EDGE('',*,*,#3951,.T.);
#3953=ORIENTED_EDGE('',*,*,#3935,.T.);
#3954=EDGE_LOOP('',(#3948,#3950,#3952,#3953));
#3955=FACE_OUTER_BOUND('',#3954,.F.);
#3957=CARTESIAN_POINT('',(8.3E-1,7.5E-2,-8.3E-1));
#3958=DIRECTION('',(1.E0,0.E0,0.E0));
#3959=DIRECTION('',(0.E0,0.E0,1.E0));
#3960=AXIS2_PLACEMENT_3D('',#3957,#3958,#3959);
#3961=PLANE('',#3960);
#3962=ORIENTED_EDGE('',*,*,#3889,.F.);
#3963=ORIENTED_EDGE('',*,*,#3910,.F.);
#3965=ORIENTED_EDGE('',*,*,#3964,.T.);
#3966=ORIENTED_EDGE('',*,*,#3949,.T.);
#3967=EDGE_LOOP('',(#3962,#3963,#3965,#3966));
#3968=FACE_OUTER_BOUND('',#3967,.F.);
#3970=CARTESIAN_POINT('',(0.E0,7.5E-2,0.E0));
#3971=DIRECTION('',(0.E0,1.E0,0.E0));
#3972=DIRECTION('',(1.E0,0.E0,0.E0));
#3973=AXIS2_PLACEMENT_3D('',#3970,#3971,#3972);
#3974=PLANE('',#3973);
#3976=ORIENTED_EDGE('',*,*,#3975,.F.);
#3978=ORIENTED_EDGE('',*,*,#3977,.F.);
#3980=ORIENTED_EDGE('',*,*,#3979,.F.);
#3982=ORIENTED_EDGE('',*,*,#3981,.F.);
#3983=EDGE_LOOP('',(#3976,#3978,#3980,#3982));
#3984=FACE_OUTER_BOUND('',#3983,.F.);
#3985=ORIENTED_EDGE('',*,*,#3937,.F.);
#3986=ORIENTED_EDGE('',*,*,#3951,.F.);
#3987=ORIENTED_EDGE('',*,*,#3964,.F.);
#3988=ORIENTED_EDGE('',*,*,#3908,.F.);
#3989=ORIENTED_EDGE('',*,*,#3923,.T.);
#3990=EDGE_LOOP('',(#3985,#3986,#3987,#3988,#3989));
#3991=FACE_BOUND('',#3990,.F.);
#3993=CARTESIAN_POINT('',(-9.3E-1,7.5E-2,-9.3E-1));
#3994=DIRECTION('',(-1.E0,0.E0,0.E0));
#3995=DIRECTION('',(0.E0,0.E0,1.E0));
#3996=AXIS2_PLACEMENT_3D('',#3993,#3994,#3995);
#3997=PLANE('',#3996);
#3998=ORIENTED_EDGE('',*,*,#3975,.T.);
#4000=ORIENTED_EDGE('',*,*,#3999,.T.);
#4002=ORIENTED_EDGE('',*,*,#4001,.F.);
#4004=ORIENTED_EDGE('',*,*,#4003,.F.);
#4005=EDGE_LOOP('',(#3998,#4000,#4002,#4004));
#4006=FACE_OUTER_BOUND('',#4005,.F.);
#4008=CARTESIAN_POINT('',(-9.3E-1,7.5E-2,9.3E-1));
#4009=DIRECTION('',(0.E0,0.E0,1.E0));
#4010=DIRECTION('',(1.E0,0.E0,0.E0));
#4011=AXIS2_PLACEMENT_3D('',#4008,#4009,#4010);
#4012=PLANE('',#4011);
#4013=ORIENTED_EDGE('',*,*,#3981,.T.);
#4015=ORIENTED_EDGE('',*,*,#4014,.T.);
#4017=ORIENTED_EDGE('',*,*,#4016,.F.);
#4018=ORIENTED_EDGE('',*,*,#3999,.F.);
#4019=EDGE_LOOP('',(#4013,#4015,#4017,#4018));
#4020=FACE_OUTER_BOUND('',#4019,.F.);
#4022=CARTESIAN_POINT('',(9.3E-1,7.5E-2,9.3E-1));
#4023=DIRECTION('',(1.E0,0.E0,0.E0));
#4024=DIRECTION('',(0.E0,0.E0,-1.E0));
#4025=AXIS2_PLACEMENT_3D('',#4022,#4023,#4024);
#4026=PLANE('',#4025);
#4027=ORIENTED_EDGE('',*,*,#3979,.T.);
#4029=ORIENTED_EDGE('',*,*,#4028,.T.);
#4031=ORIENTED_EDGE('',*,*,#4030,.F.);
#4032=ORIENTED_EDGE('',*,*,#4014,.F.);
#4033=EDGE_LOOP('',(#4027,#4029,#4031,#4032));
#4034=FACE_OUTER_BOUND('',#4033,.F.);
#4036=CARTESIAN_POINT('',(9.3E-1,7.5E-2,-9.3E-1));
#4037=DIRECTION('',(0.E0,0.E0,-1.E0));
#4038=DIRECTION('',(-1.E0,0.E0,0.E0));
#4039=AXIS2_PLACEMENT_3D('',#4036,#4037,#4038);
#4040=PLANE('',#4039);
#4041=ORIENTED_EDGE('',*,*,#3977,.T.);
#4042=ORIENTED_EDGE('',*,*,#4003,.T.);
#4044=ORIENTED_EDGE('',*,*,#4043,.F.);
#4045=ORIENTED_EDGE('',*,*,#4028,.F.);
#4046=EDGE_LOOP('',(#4041,#4042,#4044,#4045));
#4047=FACE_OUTER_BOUND('',#4046,.F.);
#4049=CARTESIAN_POINT('',(0.E0,1.75E-1,0.E0));
#4050=DIRECTION('',(0.E0,1.E0,0.E0));
#4051=DIRECTION('',(1.E0,0.E0,0.E0));
#4052=AXIS2_PLACEMENT_3D('',#4049,#4050,#4051);
#4053=PLANE('',#4052);
#4054=ORIENTED_EDGE('',*,*,#4001,.T.);
#4055=ORIENTED_EDGE('',*,*,#4016,.T.);
#4056=ORIENTED_EDGE('',*,*,#4030,.T.);
#4057=ORIENTED_EDGE('',*,*,#4043,.T.);
#4058=EDGE_LOOP('',(#4054,#4055,#4056,#4057));
#4059=FACE_OUTER_BOUND('',#4058,.F.);
#4061=CARTESIAN_POINT('',(1.45E0,-2.5E-2,1.45E0));
#4062=DIRECTION('',(0.E0,0.E0,-1.E0));
#4063=DIRECTION('',(-1.E0,0.E0,0.E0));
#4064=AXIS2_PLACEMENT_3D('',#4061,#4062,#4063);
#4065=PLANE('',#4064);
#4066=ORIENTED_EDGE('',*,*,#3749,.T.);
#4068=ORIENTED_EDGE('',*,*,#4067,.T.);
#4070=ORIENTED_EDGE('',*,*,#4069,.F.);
#4072=ORIENTED_EDGE('',*,*,#4071,.T.);
#4074=ORIENTED_EDGE('',*,*,#4073,.F.);
#4076=ORIENTED_EDGE('',*,*,#4075,.F.);
#4077=EDGE_LOOP('',(#4066,#4068,#4070,#4072,#4074,#4076));
#4078=FACE_OUTER_BOUND('',#4077,.F.);
#4080=CARTESIAN_POINT('',(1.45E0,-2.5E-2,1.45E0));
#4081=DIRECTION('',(0.E0,0.E0,-1.E0));
#4082=DIRECTION('',(-1.E0,0.E0,0.E0));
#4083=AXIS2_PLACEMENT_3D('',#4080,#4081,#4082);
#4084=PLANE('',#4083);
#4085=ORIENTED_EDGE('',*,*,#3877,.T.);
#4087=ORIENTED_EDGE('',*,*,#4086,.T.);
#4089=ORIENTED_EDGE('',*,*,#4088,.F.);
#4091=ORIENTED_EDGE('',*,*,#4090,.F.);
#4092=EDGE_LOOP('',(#4085,#4087,#4089,#4091));
#4093=FACE_OUTER_BOUND('',#4092,.F.);
#4095=CARTESIAN_POINT('',(1.45E0,-2.5E-2,1.45E0));
#4096=DIRECTION('',(0.E0,0.E0,-1.E0));
#4097=DIRECTION('',(-1.E0,0.E0,0.E0));
#4098=AXIS2_PLACEMENT_3D('',#4095,#4096,#4097);
#4099=PLANE('',#4098);
#4100=ORIENTED_EDGE('',*,*,#3869,.T.);
#4102=ORIENTED_EDGE('',*,*,#4101,.T.);
#4104=ORIENTED_EDGE('',*,*,#4103,.F.);
#4106=ORIENTED_EDGE('',*,*,#4105,.F.);
#4107=EDGE_LOOP('',(#4100,#4102,#4104,#4106));
#4108=FACE_OUTER_BOUND('',#4107,.F.);
#4110=CARTESIAN_POINT('',(1.45E0,-2.5E-2,1.45E0));
#4111=DIRECTION('',(0.E0,0.E0,-1.E0));
#4112=DIRECTION('',(-1.E0,0.E0,0.E0));
#4113=AXIS2_PLACEMENT_3D('',#4110,#4111,#4112);
#4114=PLANE('',#4113);
#4115=ORIENTED_EDGE('',*,*,#3861,.T.);
#4117=ORIENTED_EDGE('',*,*,#4116,.T.);
#4119=ORIENTED_EDGE('',*,*,#4118,.F.);
#4121=ORIENTED_EDGE('',*,*,#4120,.F.);
#4122=EDGE_LOOP('',(#4115,#4117,#4119,#4121));
#4123=FACE_OUTER_BOUND('',#4122,.F.);
#4125=CARTESIAN_POINT('',(1.45E0,-2.5E-2,1.45E0));
#4126=DIRECTION('',(0.E0,0.E0,-1.E0));
#4127=DIRECTION('',(-1.E0,0.E0,0.E0));
#4128=AXIS2_PLACEMENT_3D('',#4125,#4126,#4127);
#4129=PLANE('',#4128);
#4130=ORIENTED_EDGE('',*,*,#3853,.T.);
#4132=ORIENTED_EDGE('',*,*,#4131,.T.);
#4134=ORIENTED_EDGE('',*,*,#4133,.F.);
#4136=ORIENTED_EDGE('',*,*,#4135,.F.);
#4138=ORIENTED_EDGE('',*,*,#4137,.F.);
#4140=ORIENTED_EDGE('',*,*,#4139,.F.);
#4141=EDGE_LOOP('',(#4130,#4132,#4134,#4136,#4138,#4140));
#4142=FACE_OUTER_BOUND('',#4141,.F.);
#4144=CARTESIAN_POINT('',(8.75E-1,-2.5E-2,1.225E0));
#4145=DIRECTION('',(-1.E0,0.E0,0.E0));
#4146=DIRECTION('',(0.E0,0.E0,1.E0));
#4147=AXIS2_PLACEMENT_3D('',#4144,#4145,#4146);
#4148=PLANE('',#4147);
#4150=ORIENTED_EDGE('',*,*,#4149,.F.);
#4151=ORIENTED_EDGE('',*,*,#4067,.F.);
#4152=ORIENTED_EDGE('',*,*,#3883,.T.);
#4154=ORIENTED_EDGE('',*,*,#4153,.T.);
#4156=ORIENTED_EDGE('',*,*,#4155,.T.);
#4158=ORIENTED_EDGE('',*,*,#4157,.F.);
#4159=EDGE_LOOP('',(#4150,#4151,#4152,#4154,#4156,#4158));
#4160=FACE_OUTER_BOUND('',#4159,.F.);
#4162=CARTESIAN_POINT('',(0.E0,7.5E-2,0.E0));
#4163=DIRECTION('',(0.E0,1.E0,0.E0));
#4164=DIRECTION('',(1.E0,0.E0,0.E0));
#4165=AXIS2_PLACEMENT_3D('',#4162,#4163,#4164);
#4166=PLANE('',#4165);
#4168=ORIENTED_EDGE('',*,*,#4167,.T.);
#4170=ORIENTED_EDGE('',*,*,#4169,.F.);
#4172=ORIENTED_EDGE('',*,*,#4171,.T.);
#4174=ORIENTED_EDGE('',*,*,#4173,.T.);
#4176=ORIENTED_EDGE('',*,*,#4175,.F.);
#4178=ORIENTED_EDGE('',*,*,#4177,.T.);
#4179=EDGE_LOOP('',(#4168,#4170,#4172,#4174,#4176,#4178));
#4180=FACE_OUTER_BOUND('',#4179,.F.);
#4182=CARTESIAN_POINT('',(0.E0,7.5E-2,0.E0));
#4183=DIRECTION('',(0.E0,1.E0,0.E0));
#4184=DIRECTION('',(1.E0,0.E0,0.E0));
#4185=AXIS2_PLACEMENT_3D('',#4182,#4183,#4184);
#4186=PLANE('',#4185);
#4188=ORIENTED_EDGE('',*,*,#4187,.T.);
#4190=ORIENTED_EDGE('',*,*,#4189,.T.);
#4192=ORIENTED_EDGE('',*,*,#4191,.T.);
#4194=ORIENTED_EDGE('',*,*,#4193,.F.);
#4195=EDGE_LOOP('',(#4188,#4190,#4192,#4194));
#4196=FACE_OUTER_BOUND('',#4195,.F.);
#4198=CARTESIAN_POINT('',(0.E0,7.5E-2,0.E0));
#4199=DIRECTION('',(0.E0,1.E0,0.E0));
#4200=DIRECTION('',(1.E0,0.E0,0.E0));
#4201=AXIS2_PLACEMENT_3D('',#4198,#4199,#4200);
#4202=PLANE('',#4201);
#4204=ORIENTED_EDGE('',*,*,#4203,.T.);
#4206=ORIENTED_EDGE('',*,*,#4205,.T.);
#4208=ORIENTED_EDGE('',*,*,#4207,.T.);
#4210=ORIENTED_EDGE('',*,*,#4209,.T.);
#4211=EDGE_LOOP('',(#4204,#4206,#4208,#4210));
#4212=FACE_OUTER_BOUND('',#4211,.F.);
#4214=CARTESIAN_POINT('',(0.E0,7.5E-2,0.E0));
#4215=DIRECTION('',(0.E0,1.E0,0.E0));
#4216=DIRECTION('',(1.E0,0.E0,0.E0));
#4217=AXIS2_PLACEMENT_3D('',#4214,#4215,#4216);
#4218=PLANE('',#4217);
#4220=ORIENTED_EDGE('',*,*,#4219,.T.);
#4222=ORIENTED_EDGE('',*,*,#4221,.T.);
#4224=ORIENTED_EDGE('',*,*,#4223,.T.);
#4226=ORIENTED_EDGE('',*,*,#4225,.T.);
#4227=EDGE_LOOP('',(#4220,#4222,#4224,#4226));
#4228=FACE_OUTER_BOUND('',#4227,.F.);
#4230=CARTESIAN_POINT('',(0.E0,7.5E-2,0.E0));
#4231=DIRECTION('',(0.E0,1.E0,0.E0));
#4232=DIRECTION('',(1.E0,0.E0,0.E0));
#4233=AXIS2_PLACEMENT_3D('',#4230,#4231,#4232);
#4234=PLANE('',#4233);
#4236=ORIENTED_EDGE('',*,*,#4235,.T.);
#4238=ORIENTED_EDGE('',*,*,#4237,.T.);
#4240=ORIENTED_EDGE('',*,*,#4239,.T.);
#4242=ORIENTED_EDGE('',*,*,#4241,.T.);
#4243=EDGE_LOOP('',(#4236,#4238,#4240,#4242));
#4244=FACE_OUTER_BOUND('',#4243,.F.);
#4246=CARTESIAN_POINT('',(0.E0,7.5E-2,0.E0));
#4247=DIRECTION('',(0.E0,1.E0,0.E0));
#4248=DIRECTION('',(1.E0,0.E0,0.E0));
#4249=AXIS2_PLACEMENT_3D('',#4246,#4247,#4248);
#4250=PLANE('',#4249);
#4252=ORIENTED_EDGE('',*,*,#4251,.T.);
#4254=ORIENTED_EDGE('',*,*,#4253,.F.);
#4256=ORIENTED_EDGE('',*,*,#4255,.T.);
#4258=ORIENTED_EDGE('',*,*,#4257,.T.);
#4259=EDGE_LOOP('',(#4252,#4254,#4256,#4258));
#4260=FACE_OUTER_BOUND('',#4259,.F.);
#4262=CARTESIAN_POINT('',(0.E0,7.5E-2,0.E0));
#4263=DIRECTION('',(0.E0,1.E0,0.E0));
#4264=DIRECTION('',(1.E0,0.E0,0.E0));
#4265=AXIS2_PLACEMENT_3D('',#4262,#4263,#4264);
#4266=PLANE('',#4265);
#4268=ORIENTED_EDGE('',*,*,#4267,.T.);
#4270=ORIENTED_EDGE('',*,*,#4269,.T.);
#4272=ORIENTED_EDGE('',*,*,#4271,.F.);
#4273=ORIENTED_EDGE('',*,*,#4133,.T.);
#4275=ORIENTED_EDGE('',*,*,#4274,.T.);
#4277=ORIENTED_EDGE('',*,*,#4276,.F.);
#4278=EDGE_LOOP('',(#4268,#4270,#4272,#4273,#4275,#4277));
#4279=FACE_OUTER_BOUND('',#4278,.F.);
#4281=CARTESIAN_POINT('',(0.E0,7.5E-2,0.E0));
#4282=DIRECTION('',(0.E0,1.E0,0.E0));
#4283=DIRECTION('',(1.E0,0.E0,0.E0));
#4284=AXIS2_PLACEMENT_3D('',#4281,#4282,#4283);
#4285=PLANE('',#4284);
#4287=ORIENTED_EDGE('',*,*,#4286,.T.);
#4289=ORIENTED_EDGE('',*,*,#4288,.T.);
#4290=ORIENTED_EDGE('',*,*,#4137,.T.);
#4292=ORIENTED_EDGE('',*,*,#4291,.F.);
#4293=EDGE_LOOP('',(#4287,#4289,#4290,#4292));
#4294=FACE_OUTER_BOUND('',#4293,.F.);
#4296=CARTESIAN_POINT('',(0.E0,7.5E-2,0.E0));
#4297=DIRECTION('',(0.E0,1.E0,0.E0));
#4298=DIRECTION('',(1.E0,0.E0,0.E0));
#4299=AXIS2_PLACEMENT_3D('',#4296,#4297,#4298);
#4300=PLANE('',#4299);
#4302=ORIENTED_EDGE('',*,*,#4301,.T.);
#4304=ORIENTED_EDGE('',*,*,#4303,.T.);
#4305=ORIENTED_EDGE('',*,*,#4118,.T.);
#4307=ORIENTED_EDGE('',*,*,#4306,.T.);
#4308=EDGE_LOOP('',(#4302,#4304,#4305,#4307));
#4309=FACE_OUTER_BOUND('',#4308,.F.);
#4311=CARTESIAN_POINT('',(0.E0,7.5E-2,0.E0));
#4312=DIRECTION('',(0.E0,1.E0,0.E0));
#4313=DIRECTION('',(1.E0,0.E0,0.E0));
#4314=AXIS2_PLACEMENT_3D('',#4311,#4312,#4313);
#4315=PLANE('',#4314);
#4317=ORIENTED_EDGE('',*,*,#4316,.T.);
#4319=ORIENTED_EDGE('',*,*,#4318,.T.);
#4320=ORIENTED_EDGE('',*,*,#4103,.T.);
#4322=ORIENTED_EDGE('',*,*,#4321,.T.);
#4323=EDGE_LOOP('',(#4317,#4319,#4320,#4322));
#4324=FACE_OUTER_BOUND('',#4323,.F.);
#4326=CARTESIAN_POINT('',(0.E0,7.5E-2,0.E0));
#4327=DIRECTION('',(0.E0,1.E0,0.E0));
#4328=DIRECTION('',(1.E0,0.E0,0.E0));
#4329=AXIS2_PLACEMENT_3D('',#4326,#4327,#4328);
#4330=PLANE('',#4329);
#4332=ORIENTED_EDGE('',*,*,#4331,.T.);
#4334=ORIENTED_EDGE('',*,*,#4333,.T.);
#4335=ORIENTED_EDGE('',*,*,#4088,.T.);
#4337=ORIENTED_EDGE('',*,*,#4336,.T.);
#4338=EDGE_LOOP('',(#4332,#4334,#4335,#4337));
#4339=FACE_OUTER_BOUND('',#4338,.F.);
#4341=CARTESIAN_POINT('',(0.E0,7.5E-2,0.E0));
#4342=DIRECTION('',(0.E0,1.E0,0.E0));
#4343=DIRECTION('',(1.E0,0.E0,0.E0));
#4344=AXIS2_PLACEMENT_3D('',#4341,#4342,#4343);
#4345=PLANE('',#4344);
#4347=ORIENTED_EDGE('',*,*,#4346,.T.);
#4349=ORIENTED_EDGE('',*,*,#4348,.F.);
#4350=ORIENTED_EDGE('',*,*,#4069,.T.);
#4351=ORIENTED_EDGE('',*,*,#4149,.T.);
#4352=EDGE_LOOP('',(#4347,#4349,#4350,#4351));
#4353=FACE_OUTER_BOUND('',#4352,.F.);
#4355=CARTESIAN_POINT('',(0.E0,7.5E-2,0.E0));
#4356=DIRECTION('',(0.E0,1.E0,0.E0));
#4357=DIRECTION('',(1.E0,0.E0,0.E0));
#4358=AXIS2_PLACEMENT_3D('',#4355,#4356,#4357);
#4359=PLANE('',#4358);
#4361=ORIENTED_EDGE('',*,*,#4360,.T.);
#4363=ORIENTED_EDGE('',*,*,#4362,.T.);
#4365=ORIENTED_EDGE('',*,*,#4364,.F.);
#4367=ORIENTED_EDGE('',*,*,#4366,.T.);
#4368=ORIENTED_EDGE('',*,*,#4073,.T.);
#4370=ORIENTED_EDGE('',*,*,#4369,.F.);
#4371=EDGE_LOOP('',(#4361,#4363,#4365,#4367,#4368,#4370));
#4372=FACE_OUTER_BOUND('',#4371,.F.);
#4374=CARTESIAN_POINT('',(0.E0,7.5E-2,0.E0));
#4375=DIRECTION('',(0.E0,1.E0,0.E0));
#4376=DIRECTION('',(1.E0,0.E0,0.E0));
#4377=AXIS2_PLACEMENT_3D('',#4374,#4375,#4376);
#4378=PLANE('',#4377);
#4380=ORIENTED_EDGE('',*,*,#4379,.T.);
#4382=ORIENTED_EDGE('',*,*,#4381,.F.);
#4384=ORIENTED_EDGE('',*,*,#4383,.T.);
#4386=ORIENTED_EDGE('',*,*,#4385,.F.);
#4387=EDGE_LOOP('',(#4380,#4382,#4384,#4386));
#4388=FACE_OUTER_BOUND('',#4387,.F.);
#4390=CARTESIAN_POINT('',(0.E0,7.5E-2,0.E0));
#4391=DIRECTION('',(0.E0,1.E0,0.E0));
#4392=DIRECTION('',(1.E0,0.E0,0.E0));
#4393=AXIS2_PLACEMENT_3D('',#4390,#4391,#4392);
#4394=PLANE('',#4393);
#4396=ORIENTED_EDGE('',*,*,#4395,.T.);
#4398=ORIENTED_EDGE('',*,*,#4397,.F.);
#4400=ORIENTED_EDGE('',*,*,#4399,.T.);
#4402=ORIENTED_EDGE('',*,*,#4401,.F.);
#4403=EDGE_LOOP('',(#4396,#4398,#4400,#4402));
#4404=FACE_OUTER_BOUND('',#4403,.F.);
#4406=CARTESIAN_POINT('',(0.E0,7.5E-2,0.E0));
#4407=DIRECTION('',(0.E0,1.E0,0.E0));
#4408=DIRECTION('',(1.E0,0.E0,0.E0));
#4409=AXIS2_PLACEMENT_3D('',#4406,#4407,#4408);
#4410=PLANE('',#4409);
#4412=ORIENTED_EDGE('',*,*,#4411,.T.);
#4414=ORIENTED_EDGE('',*,*,#4413,.F.);
#4416=ORIENTED_EDGE('',*,*,#4415,.T.);
#4418=ORIENTED_EDGE('',*,*,#4417,.F.);
#4419=EDGE_LOOP('',(#4412,#4414,#4416,#4418));
#4420=FACE_OUTER_BOUND('',#4419,.F.);
#4422=CARTESIAN_POINT('',(0.E0,7.5E-2,0.E0));
#4423=DIRECTION('',(0.E0,1.E0,0.E0));
#4424=DIRECTION('',(1.E0,0.E0,0.E0));
#4425=AXIS2_PLACEMENT_3D('',#4422,#4423,#4424);
#4426=PLANE('',#4425);
#4428=ORIENTED_EDGE('',*,*,#4427,.T.);
#4430=ORIENTED_EDGE('',*,*,#4429,.F.);
#4432=ORIENTED_EDGE('',*,*,#4431,.T.);
#4434=ORIENTED_EDGE('',*,*,#4433,.F.);
#4435=EDGE_LOOP('',(#4428,#4430,#4432,#4434));
#4436=FACE_OUTER_BOUND('',#4435,.F.);
#4438=CARTESIAN_POINT('',(0.E0,7.5E-2,0.E0));
#4439=DIRECTION('',(0.E0,1.E0,0.E0));
#4440=DIRECTION('',(1.E0,0.E0,0.E0));
#4441=AXIS2_PLACEMENT_3D('',#4438,#4439,#4440);
#4442=PLANE('',#4441);
#4444=ORIENTED_EDGE('',*,*,#4443,.T.);
#4446=ORIENTED_EDGE('',*,*,#4445,.F.);
#4448=ORIENTED_EDGE('',*,*,#4447,.T.);
#4450=ORIENTED_EDGE('',*,*,#4449,.F.);
#4451=EDGE_LOOP('',(#4444,#4446,#4448,#4450));
#4452=FACE_OUTER_BOUND('',#4451,.F.);
#4454=CARTESIAN_POINT('',(0.E0,7.5E-2,0.E0));
#4455=DIRECTION('',(0.E0,1.E0,0.E0));
#4456=DIRECTION('',(1.E0,0.E0,0.E0));
#4457=AXIS2_PLACEMENT_3D('',#4454,#4455,#4456);
#4458=PLANE('',#4457);
#4460=ORIENTED_EDGE('',*,*,#4459,.T.);
#4462=ORIENTED_EDGE('',*,*,#4461,.T.);
#4464=ORIENTED_EDGE('',*,*,#4463,.F.);
#4466=ORIENTED_EDGE('',*,*,#4465,.T.);
#4468=ORIENTED_EDGE('',*,*,#4467,.T.);
#4470=ORIENTED_EDGE('',*,*,#4469,.F.);
#4471=EDGE_LOOP('',(#4460,#4462,#4464,#4466,#4468,#4470));
#4472=FACE_OUTER_BOUND('',#4471,.F.);
#4474=CARTESIAN_POINT('',(0.E0,7.5E-2,0.E0));
#4475=DIRECTION('',(0.E0,1.E0,0.E0));
#4476=DIRECTION('',(1.E0,0.E0,0.E0));
#4477=AXIS2_PLACEMENT_3D('',#4474,#4475,#4476);
#4478=PLANE('',#4477);
#4480=ORIENTED_EDGE('',*,*,#4479,.T.);
#4482=ORIENTED_EDGE('',*,*,#4481,.F.);
#4484=ORIENTED_EDGE('',*,*,#4483,.T.);
#4486=ORIENTED_EDGE('',*,*,#4485,.F.);
#4487=EDGE_LOOP('',(#4480,#4482,#4484,#4486));
#4488=FACE_OUTER_BOUND('',#4487,.F.);
#4490=CARTESIAN_POINT('',(0.E0,7.5E-2,0.E0));
#4491=DIRECTION('',(0.E0,1.E0,0.E0));
#4492=DIRECTION('',(1.E0,0.E0,0.E0));
#4493=AXIS2_PLACEMENT_3D('',#4490,#4491,#4492);
#4494=PLANE('',#4493);
#4496=ORIENTED_EDGE('',*,*,#4495,.T.);
#4498=ORIENTED_EDGE('',*,*,#4497,.F.);
#4500=ORIENTED_EDGE('',*,*,#4499,.T.);
#4502=ORIENTED_EDGE('',*,*,#4501,.F.);
#4503=EDGE_LOOP('',(#4496,#4498,#4500,#4502));
#4504=FACE_OUTER_BOUND('',#4503,.F.);
#4506=CARTESIAN_POINT('',(0.E0,7.5E-2,0.E0));
#4507=DIRECTION('',(0.E0,1.E0,0.E0));
#4508=DIRECTION('',(1.E0,0.E0,0.E0));
#4509=AXIS2_PLACEMENT_3D('',#4506,#4507,#4508);
#4510=PLANE('',#4509);
#4512=ORIENTED_EDGE('',*,*,#4511,.T.);
#4514=ORIENTED_EDGE('',*,*,#4513,.F.);
#4516=ORIENTED_EDGE('',*,*,#4515,.T.);
#4518=ORIENTED_EDGE('',*,*,#4517,.F.);
#4519=EDGE_LOOP('',(#4512,#4514,#4516,#4518));
#4520=FACE_OUTER_BOUND('',#4519,.F.);
#4522=CARTESIAN_POINT('',(0.E0,7.5E-2,0.E0));
#4523=DIRECTION('',(0.E0,1.E0,0.E0));
#4524=DIRECTION('',(1.E0,0.E0,0.E0));
#4525=AXIS2_PLACEMENT_3D('',#4522,#4523,#4524);
#4526=PLANE('',#4525);
#4528=ORIENTED_EDGE('',*,*,#4527,.T.);
#4530=ORIENTED_EDGE('',*,*,#4529,.F.);
#4532=ORIENTED_EDGE('',*,*,#4531,.T.);
#4534=ORIENTED_EDGE('',*,*,#4533,.F.);
#4535=EDGE_LOOP('',(#4528,#4530,#4532,#4534));
#4536=FACE_OUTER_BOUND('',#4535,.F.);
#4538=CARTESIAN_POINT('',(0.E0,7.5E-2,0.E0));
#4539=DIRECTION('',(0.E0,1.E0,0.E0));
#4540=DIRECTION('',(1.E0,0.E0,0.E0));
#4541=AXIS2_PLACEMENT_3D('',#4538,#4539,#4540);
#4542=PLANE('',#4541);
#4544=ORIENTED_EDGE('',*,*,#4543,.T.);
#4546=ORIENTED_EDGE('',*,*,#4545,.F.);
#4548=ORIENTED_EDGE('',*,*,#4547,.T.);
#4550=ORIENTED_EDGE('',*,*,#4549,.F.);
#4551=EDGE_LOOP('',(#4544,#4546,#4548,#4550));
#4552=FACE_OUTER_BOUND('',#4551,.F.);
#4554=CARTESIAN_POINT('',(-1.5E0,0.E0,-1.5E0));
#4555=DIRECTION('',(-1.E0,0.E0,0.E0));
#4556=DIRECTION('',(0.E0,0.E0,1.E0));
#4557=AXIS2_PLACEMENT_3D('',#4554,#4555,#4556);
#4558=PLANE('',#4557);
#4559=ORIENTED_EDGE('',*,*,#4167,.F.);
#4561=ORIENTED_EDGE('',*,*,#4560,.T.);
#4563=ORIENTED_EDGE('',*,*,#4562,.T.);
#4565=ORIENTED_EDGE('',*,*,#4564,.F.);
#4566=ORIENTED_EDGE('',*,*,#4267,.F.);
#4568=ORIENTED_EDGE('',*,*,#4567,.T.);
#4570=ORIENTED_EDGE('',*,*,#4569,.T.);
#4572=ORIENTED_EDGE('',*,*,#4571,.F.);
#4573=ORIENTED_EDGE('',*,*,#4251,.F.);
#4575=ORIENTED_EDGE('',*,*,#4574,.T.);
#4577=ORIENTED_EDGE('',*,*,#4576,.T.);
#4579=ORIENTED_EDGE('',*,*,#4578,.F.);
#4580=ORIENTED_EDGE('',*,*,#4235,.F.);
#4582=ORIENTED_EDGE('',*,*,#4581,.T.);
#4584=ORIENTED_EDGE('',*,*,#4583,.T.);
#4586=ORIENTED_EDGE('',*,*,#4585,.F.);
#4587=ORIENTED_EDGE('',*,*,#4219,.F.);
#4589=ORIENTED_EDGE('',*,*,#4588,.T.);
#4591=ORIENTED_EDGE('',*,*,#4590,.T.);
#4593=ORIENTED_EDGE('',*,*,#4592,.F.);
#4594=ORIENTED_EDGE('',*,*,#4203,.F.);
#4596=ORIENTED_EDGE('',*,*,#4595,.T.);
#4598=ORIENTED_EDGE('',*,*,#4597,.T.);
#4600=ORIENTED_EDGE('',*,*,#4599,.F.);
#4601=ORIENTED_EDGE('',*,*,#4187,.F.);
#4603=ORIENTED_EDGE('',*,*,#4602,.T.);
#4605=ORIENTED_EDGE('',*,*,#4604,.F.);
#4607=ORIENTED_EDGE('',*,*,#4606,.F.);
#4608=EDGE_LOOP('',(#4559,#4561,#4563,#4565,#4566,#4568,#4570,#4572,#4573,#4575,
#4577,#4579,#4580,#4582,#4584,#4586,#4587,#4589,#4591,#4593,#4594,#4596,#4598,
#4600,#4601,#4603,#4605,#4607));
#4609=FACE_OUTER_BOUND('',#4608,.F.);
#4611=CARTESIAN_POINT('',(1.5E0,0.E0,-1.5E0));
#4612=DIRECTION('',(0.E0,0.E0,-1.E0));
#4613=DIRECTION('',(-1.E0,0.E0,0.E0));
#4614=AXIS2_PLACEMENT_3D('',#4611,#4612,#4613);
#4615=PLANE('',#4614);
#4616=ORIENTED_EDGE('',*,*,#4461,.F.);
#4618=ORIENTED_EDGE('',*,*,#4617,.T.);
#4620=ORIENTED_EDGE('',*,*,#4619,.T.);
#4621=ORIENTED_EDGE('',*,*,#4560,.F.);
#4622=ORIENTED_EDGE('',*,*,#4177,.F.);
#4624=ORIENTED_EDGE('',*,*,#4623,.T.);
#4626=ORIENTED_EDGE('',*,*,#4625,.T.);
#4628=ORIENTED_EDGE('',*,*,#4627,.F.);
#4629=ORIENTED_EDGE('',*,*,#4543,.F.);
#4631=ORIENTED_EDGE('',*,*,#4630,.T.);
#4633=ORIENTED_EDGE('',*,*,#4632,.T.);
#4635=ORIENTED_EDGE('',*,*,#4634,.F.);
#4636=ORIENTED_EDGE('',*,*,#4527,.F.);
#4638=ORIENTED_EDGE('',*,*,#4637,.T.);
#4640=ORIENTED_EDGE('',*,*,#4639,.T.);
#4642=ORIENTED_EDGE('',*,*,#4641,.F.);
#4643=ORIENTED_EDGE('',*,*,#4511,.F.);
#4645=ORIENTED_EDGE('',*,*,#4644,.T.);
#4647=ORIENTED_EDGE('',*,*,#4646,.T.);
#4649=ORIENTED_EDGE('',*,*,#4648,.F.);
#4650=ORIENTED_EDGE('',*,*,#4495,.F.);
#4652=ORIENTED_EDGE('',*,*,#4651,.T.);
#4654=ORIENTED_EDGE('',*,*,#4653,.T.);
#4656=ORIENTED_EDGE('',*,*,#4655,.F.);
#4657=ORIENTED_EDGE('',*,*,#4479,.F.);
#4659=ORIENTED_EDGE('',*,*,#4658,.T.);
#4661=ORIENTED_EDGE('',*,*,#4660,.F.);
#4663=ORIENTED_EDGE('',*,*,#4662,.F.);
#4664=EDGE_LOOP('',(#4616,#4618,#4620,#4621,#4622,#4624,#4626,#4628,#4629,#4631,
#4633,#4635,#4636,#4638,#4640,#4642,#4643,#4645,#4647,#4649,#4650,#4652,#4654,
#4656,#4657,#4659,#4661,#4663));
#4665=FACE_OUTER_BOUND('',#4664,.F.);
#4667=CARTESIAN_POINT('',(1.5E0,0.E0,1.5E0));
#4668=DIRECTION('',(1.E0,0.E0,0.E0));
#4669=DIRECTION('',(0.E0,0.E0,-1.E0));
#4670=AXIS2_PLACEMENT_3D('',#4667,#4668,#4669);
#4671=PLANE('',#4670);
#4672=ORIENTED_EDGE('',*,*,#4362,.F.);
#4674=ORIENTED_EDGE('',*,*,#4673,.T.);
#4676=ORIENTED_EDGE('',*,*,#4675,.T.);
#4677=ORIENTED_EDGE('',*,*,#4617,.F.);
#4678=ORIENTED_EDGE('',*,*,#4459,.F.);
#4680=ORIENTED_EDGE('',*,*,#4679,.T.);
#4682=ORIENTED_EDGE('',*,*,#4681,.T.);
#4684=ORIENTED_EDGE('',*,*,#4683,.F.);
#4685=ORIENTED_EDGE('',*,*,#4443,.F.);
#4687=ORIENTED_EDGE('',*,*,#4686,.T.);
#4689=ORIENTED_EDGE('',*,*,#4688,.F.);
#4691=ORIENTED_EDGE('',*,*,#4690,.F.);
#4692=ORIENTED_EDGE('',*,*,#4427,.F.);
#4694=ORIENTED_EDGE('',*,*,#4693,.T.);
#4696=ORIENTED_EDGE('',*,*,#4695,.F.);
#4698=ORIENTED_EDGE('',*,*,#4697,.F.);
#4699=ORIENTED_EDGE('',*,*,#4411,.F.);
#4701=ORIENTED_EDGE('',*,*,#4700,.T.);
#4703=ORIENTED_EDGE('',*,*,#4702,.F.);
#4705=ORIENTED_EDGE('',*,*,#4704,.F.);
#4706=ORIENTED_EDGE('',*,*,#4395,.F.);
#4708=ORIENTED_EDGE('',*,*,#4707,.T.);
#4710=ORIENTED_EDGE('',*,*,#4709,.F.);
#4712=ORIENTED_EDGE('',*,*,#4711,.F.);
#4713=ORIENTED_EDGE('',*,*,#4379,.F.);
#4715=ORIENTED_EDGE('',*,*,#4714,.T.);
#4717=ORIENTED_EDGE('',*,*,#4716,.F.);
#4719=ORIENTED_EDGE('',*,*,#4718,.F.);
#4720=EDGE_LOOP('',(#4672,#4674,#4676,#4677,#4678,#4680,#4682,#4684,#4685,#4687,
#4689,#4691,#4692,#4694,#4696,#4698,#4699,#4701,#4703,#4705,#4706,#4708,#4710,
#4712,#4713,#4715,#4717,#4719));
#4721=FACE_OUTER_BOUND('',#4720,.F.);
#4723=CARTESIAN_POINT('',(-1.5E0,0.E0,1.5E0));
#4724=DIRECTION('',(0.E0,0.E0,1.E0));
#4725=DIRECTION('',(1.E0,0.E0,0.E0));
#4726=AXIS2_PLACEMENT_3D('',#4723,#4724,#4725);
#4727=PLANE('',#4726);
#4728=ORIENTED_EDGE('',*,*,#4269,.F.);
#4729=ORIENTED_EDGE('',*,*,#4564,.T.);
#4731=ORIENTED_EDGE('',*,*,#4730,.T.);
#4732=ORIENTED_EDGE('',*,*,#4673,.F.);
#4733=ORIENTED_EDGE('',*,*,#4360,.F.);
#4735=ORIENTED_EDGE('',*,*,#4734,.T.);
#4737=ORIENTED_EDGE('',*,*,#4736,.T.);
#4739=ORIENTED_EDGE('',*,*,#4738,.F.);
#4740=ORIENTED_EDGE('',*,*,#4346,.F.);
#4741=ORIENTED_EDGE('',*,*,#4157,.T.);
#4743=ORIENTED_EDGE('',*,*,#4742,.F.);
#4745=ORIENTED_EDGE('',*,*,#4744,.F.);
#4746=ORIENTED_EDGE('',*,*,#4331,.F.);
#4748=ORIENTED_EDGE('',*,*,#4747,.T.);
#4750=ORIENTED_EDGE('',*,*,#4749,.F.);
#4752=ORIENTED_EDGE('',*,*,#4751,.F.);
#4753=ORIENTED_EDGE('',*,*,#4316,.F.);
#4755=ORIENTED_EDGE('',*,*,#4754,.T.);
#4757=ORIENTED_EDGE('',*,*,#4756,.F.);
#4759=ORIENTED_EDGE('',*,*,#4758,.F.);
#4760=ORIENTED_EDGE('',*,*,#4301,.F.);
#4762=ORIENTED_EDGE('',*,*,#4761,.T.);
#4764=ORIENTED_EDGE('',*,*,#4763,.F.);
#4766=ORIENTED_EDGE('',*,*,#4765,.F.);
#4767=ORIENTED_EDGE('',*,*,#4286,.F.);
#4769=ORIENTED_EDGE('',*,*,#4768,.T.);
#4771=ORIENTED_EDGE('',*,*,#4770,.F.);
#4773=ORIENTED_EDGE('',*,*,#4772,.F.);
#4774=EDGE_LOOP('',(#4728,#4729,#4731,#4732,#4733,#4735,#4737,#4739,#4740,#4741,
#4743,#4745,#4746,#4748,#4750,#4752,#4753,#4755,#4757,#4759,#4760,#4762,#4764,
#4766,#4767,#4769,#4771,#4773));
#4775=FACE_OUTER_BOUND('',#4774,.F.);
#4777=CARTESIAN_POINT('',(0.E0,9.75E-1,0.E0));
#4778=DIRECTION('',(0.E0,1.E0,0.E0));
#4779=DIRECTION('',(1.E0,0.E0,0.E0));
#4780=AXIS2_PLACEMENT_3D('',#4777,#4778,#4779);
#4781=PLANE('',#4780);
#4782=ORIENTED_EDGE('',*,*,#4562,.F.);
#4783=ORIENTED_EDGE('',*,*,#4619,.F.);
#4784=ORIENTED_EDGE('',*,*,#4675,.F.);
#4785=ORIENTED_EDGE('',*,*,#4730,.F.);
#4786=EDGE_LOOP('',(#4782,#4783,#4784,#4785));
#4787=FACE_OUTER_BOUND('',#4786,.F.);
#4789=CARTESIAN_POINT('',(1.325E0,1.75E-1,1.5E0));
#4790=DIRECTION('',(1.E0,0.E0,0.E0));
#4791=DIRECTION('',(0.E0,0.E0,-1.E0));
#4792=AXIS2_PLACEMENT_3D('',#4789,#4790,#4791);
#4793=PLANE('',#4792);
#4794=ORIENTED_EDGE('',*,*,#4734,.F.);
#4795=ORIENTED_EDGE('',*,*,#4369,.T.);
#4797=ORIENTED_EDGE('',*,*,#4796,.T.);
#4799=ORIENTED_EDGE('',*,*,#4798,.F.);
#4801=ORIENTED_EDGE('',*,*,#4800,.F.);
#4802=EDGE_LOOP('',(#4794,#4795,#4797,#4799,#4801));
#4803=FACE_OUTER_BOUND('',#4802,.F.);
#4805=CARTESIAN_POINT('',(0.E0,7.5E-2,0.E0));
#4806=DIRECTION('',(0.E0,1.E0,0.E0));
#4807=DIRECTION('',(-1.E0,0.E0,0.E0));
#4808=AXIS2_PLACEMENT_3D('',#4805,#4806,#4807);
#4809=PLANE('',#4808);
#4810=ORIENTED_EDGE('',*,*,#4071,.F.);
#4812=ORIENTED_EDGE('',*,*,#4811,.F.);
#4814=ORIENTED_EDGE('',*,*,#4813,.F.);
#4816=ORIENTED_EDGE('',*,*,#4815,.T.);
#4818=ORIENTED_EDGE('',*,*,#4817,.F.);
#4819=ORIENTED_EDGE('',*,*,#4796,.F.);
#4820=EDGE_LOOP('',(#4810,#4812,#4814,#4816,#4818,#4819));
#4821=FACE_OUTER_BOUND('',#4820,.F.);
#4823=CARTESIAN_POINT('',(1.125E0,1.75E-1,1.125E0));
#4824=DIRECTION('',(-1.E0,0.E0,0.E0));
#4825=DIRECTION('',(0.E0,0.E0,1.E0));
#4826=AXIS2_PLACEMENT_3D('',#4823,#4824,#4825);
#4827=PLANE('',#4826);
#4828=ORIENTED_EDGE('',*,*,#4738,.T.);
#4830=ORIENTED_EDGE('',*,*,#4829,.F.);
#4832=ORIENTED_EDGE('',*,*,#4831,.T.);
#4833=ORIENTED_EDGE('',*,*,#4811,.T.);
#4834=ORIENTED_EDGE('',*,*,#4348,.T.);
#4835=EDGE_LOOP('',(#4828,#4830,#4832,#4833,#4834));
#4836=FACE_OUTER_BOUND('',#4835,.F.);
#4838=CARTESIAN_POINT('',(0.E0,1.75E-1,0.E0));
#4839=DIRECTION('',(0.E0,1.E0,0.E0));
#4840=DIRECTION('',(-1.E0,0.E0,0.E0));
#4841=AXIS2_PLACEMENT_3D('',#4838,#4839,#4840);
#4842=PLANE('',#4841);
#4843=ORIENTED_EDGE('',*,*,#4736,.F.);
#4844=ORIENTED_EDGE('',*,*,#4800,.T.);
#4846=ORIENTED_EDGE('',*,*,#4845,.T.);
#4847=ORIENTED_EDGE('',*,*,#4716,.T.);
#4849=ORIENTED_EDGE('',*,*,#4848,.T.);
#4850=ORIENTED_EDGE('',*,*,#4829,.T.);
#4851=EDGE_LOOP('',(#4843,#4844,#4846,#4847,#4849,#4850));
#4852=FACE_OUTER_BOUND('',#4851,.F.);
#4854=CARTESIAN_POINT('',(1.325E0,1.75E-1,1.325E0));
#4855=DIRECTION('',(0.E0,0.E0,1.E0));
#4856=DIRECTION('',(1.E0,0.E0,0.E0));
#4857=AXIS2_PLACEMENT_3D('',#4854,#4855,#4856);
#4858=PLANE('',#4857);
#4859=ORIENTED_EDGE('',*,*,#4718,.T.);
#4860=ORIENTED_EDGE('',*,*,#4845,.F.);
#4861=ORIENTED_EDGE('',*,*,#4798,.T.);
#4862=ORIENTED_EDGE('',*,*,#4817,.T.);
#4863=ORIENTED_EDGE('',*,*,#4364,.T.);
#4864=EDGE_LOOP('',(#4859,#4860,#4861,#4862,#4863));
#4865=FACE_OUTER_BOUND('',#4864,.F.);
#4867=CARTESIAN_POINT('',(1.5E0,1.75E-1,1.125E0));
#4868=DIRECTION('',(0.E0,0.E0,-1.E0));
#4869=DIRECTION('',(-1.E0,0.E0,0.E0));
#4870=AXIS2_PLACEMENT_3D('',#4867,#4868,#4869);
#4871=PLANE('',#4870);
#4872=ORIENTED_EDGE('',*,*,#4714,.F.);
#4873=ORIENTED_EDGE('',*,*,#4385,.T.);
#4874=ORIENTED_EDGE('',*,*,#4813,.T.);
#4875=ORIENTED_EDGE('',*,*,#4831,.F.);
#4876=ORIENTED_EDGE('',*,*,#4848,.F.);
#4877=EDGE_LOOP('',(#4872,#4873,#4874,#4875,#4876));
#4878=FACE_OUTER_BOUND('',#4877,.F.);
#4880=CARTESIAN_POINT('',(1.45E0,-2.5E-2,-1.45E0));
#4881=DIRECTION('',(-1.E0,0.E0,0.E0));
#4882=DIRECTION('',(0.E0,0.E0,1.E0));
#4883=AXIS2_PLACEMENT_3D('',#4880,#4881,#4882);
#4884=PLANE('',#4883);
#4885=ORIENTED_EDGE('',*,*,#3783,.T.);
#4887=ORIENTED_EDGE('',*,*,#4886,.T.);
#4888=ORIENTED_EDGE('',*,*,#4447,.F.);
#4890=ORIENTED_EDGE('',*,*,#4889,.T.);
#4891=ORIENTED_EDGE('',*,*,#4467,.F.);
#4893=ORIENTED_EDGE('',*,*,#4892,.F.);
#4894=EDGE_LOOP('',(#4885,#4887,#4888,#4890,#4891,#4893));
#4895=FACE_OUTER_BOUND('',#4894,.F.);
#4897=CARTESIAN_POINT('',(1.45E0,-2.5E-2,-1.45E0));
#4898=DIRECTION('',(-1.E0,0.E0,0.E0));
#4899=DIRECTION('',(0.E0,0.E0,1.E0));
#4900=AXIS2_PLACEMENT_3D('',#4897,#4898,#4899);
#4901=PLANE('',#4900);
#4902=ORIENTED_EDGE('',*,*,#3775,.T.);
#4904=ORIENTED_EDGE('',*,*,#4903,.T.);
#4905=ORIENTED_EDGE('',*,*,#4431,.F.);
#4907=ORIENTED_EDGE('',*,*,#4906,.F.);
#4908=EDGE_LOOP('',(#4902,#4904,#4905,#4907));
#4909=FACE_OUTER_BOUND('',#4908,.F.);
#4911=CARTESIAN_POINT('',(1.45E0,-2.5E-2,-1.45E0));
#4912=DIRECTION('',(-1.E0,0.E0,0.E0));
#4913=DIRECTION('',(0.E0,0.E0,1.E0));
#4914=AXIS2_PLACEMENT_3D('',#4911,#4912,#4913);
#4915=PLANE('',#4914);
#4916=ORIENTED_EDGE('',*,*,#3767,.T.);
#4918=ORIENTED_EDGE('',*,*,#4917,.T.);
#4919=ORIENTED_EDGE('',*,*,#4415,.F.);
#4921=ORIENTED_EDGE('',*,*,#4920,.F.);
#4922=EDGE_LOOP('',(#4916,#4918,#4919,#4921));
#4923=FACE_OUTER_BOUND('',#4922,.F.);
#4925=CARTESIAN_POINT('',(1.45E0,-2.5E-2,-1.45E0));
#4926=DIRECTION('',(-1.E0,0.E0,0.E0));
#4927=DIRECTION('',(0.E0,0.E0,1.E0));
#4928=AXIS2_PLACEMENT_3D('',#4925,#4926,#4927);
#4929=PLANE('',#4928);
#4930=ORIENTED_EDGE('',*,*,#3759,.T.);
#4932=ORIENTED_EDGE('',*,*,#4931,.T.);
#4933=ORIENTED_EDGE('',*,*,#4399,.F.);
#4935=ORIENTED_EDGE('',*,*,#4934,.F.);
#4936=EDGE_LOOP('',(#4930,#4932,#4933,#4935));
#4937=FACE_OUTER_BOUND('',#4936,.F.);
#4939=CARTESIAN_POINT('',(1.45E0,-2.5E-2,-1.45E0));
#4940=DIRECTION('',(-1.E0,0.E0,0.E0));
#4941=DIRECTION('',(0.E0,0.E0,1.E0));
#4942=AXIS2_PLACEMENT_3D('',#4939,#4940,#4941);
#4943=PLANE('',#4942);
#4944=ORIENTED_EDGE('',*,*,#3751,.T.);
#4945=ORIENTED_EDGE('',*,*,#4075,.T.);
#4946=ORIENTED_EDGE('',*,*,#4366,.F.);
#4947=ORIENTED_EDGE('',*,*,#4815,.F.);
#4948=ORIENTED_EDGE('',*,*,#4383,.F.);
#4950=ORIENTED_EDGE('',*,*,#4949,.F.);
#4951=EDGE_LOOP('',(#4944,#4945,#4946,#4947,#4948,#4950));
#4952=FACE_OUTER_BOUND('',#4951,.F.);
#4954=CARTESIAN_POINT('',(1.5E0,-2.5E-2,-8.75E-1));
#4955=DIRECTION('',(0.E0,0.E0,-1.E0));
#4956=DIRECTION('',(-1.E0,0.E0,0.E0));
#4957=AXIS2_PLACEMENT_3D('',#4954,#4955,#4956);
#4958=PLANE('',#4957);
#4959=ORIENTED_EDGE('',*,*,#4449,.T.);
#4960=ORIENTED_EDGE('',*,*,#4886,.F.);
#4961=ORIENTED_EDGE('',*,*,#3781,.T.);
#4963=ORIENTED_EDGE('',*,*,#4962,.T.);
#4965=ORIENTED_EDGE('',*,*,#4964,.F.);
#4966=ORIENTED_EDGE('',*,*,#4686,.F.);
#4967=EDGE_LOOP('',(#4959,#4960,#4961,#4963,#4965,#4966));
#4968=FACE_OUTER_BOUND('',#4967,.F.);
#4970=CARTESIAN_POINT('',(1.225E0,-2.5E-2,-7.5E-1));
#4971=DIRECTION('',(0.E0,1.E0,0.E0));
#4972=DIRECTION('',(1.E0,0.E0,0.E0));
#4973=AXIS2_PLACEMENT_3D('',#4970,#4971,#4972);
#4974=CYLINDRICAL_SURFACE('',#4973,1.25E-1);
#4975=ORIENTED_EDGE('',*,*,#4962,.F.);
#4976=ORIENTED_EDGE('',*,*,#3779,.T.);
#4978=ORIENTED_EDGE('',*,*,#4977,.T.);
#4980=ORIENTED_EDGE('',*,*,#4979,.F.);
#4981=EDGE_LOOP('',(#4975,#4976,#4978,#4980));
#4982=FACE_OUTER_BOUND('',#4981,.F.);
#4984=CARTESIAN_POINT('',(1.225E0,-2.5E-2,-6.25E-1));
#4985=DIRECTION('',(0.E0,0.E0,1.E0));
#4986=DIRECTION('',(1.E0,0.E0,0.E0));
#4987=AXIS2_PLACEMENT_3D('',#4984,#4985,#4986);
#4988=PLANE('',#4987);
#4989=ORIENTED_EDGE('',*,*,#4429,.T.);
#4990=ORIENTED_EDGE('',*,*,#4690,.T.);
#4992=ORIENTED_EDGE('',*,*,#4991,.F.);
#4993=ORIENTED_EDGE('',*,*,#4977,.F.);
#4994=ORIENTED_EDGE('',*,*,#3777,.F.);
#4995=ORIENTED_EDGE('',*,*,#4906,.T.);
#4996=EDGE_LOOP('',(#4989,#4990,#4992,#4993,#4994,#4995));
#4997=FACE_OUTER_BOUND('',#4996,.F.);
#4999=CARTESIAN_POINT('',(0.E0,1.75E-1,0.E0));
#5000=DIRECTION('',(0.E0,1.E0,0.E0));
#5001=DIRECTION('',(1.E0,0.E0,0.E0));
#5002=AXIS2_PLACEMENT_3D('',#4999,#5000,#5001);
#5003=PLANE('',#5002);
#5004=ORIENTED_EDGE('',*,*,#4964,.T.);
#5005=ORIENTED_EDGE('',*,*,#4979,.T.);
#5006=ORIENTED_EDGE('',*,*,#4991,.T.);
#5007=ORIENTED_EDGE('',*,*,#4688,.T.);
#5008=EDGE_LOOP('',(#5004,#5005,#5006,#5007));
#5009=FACE_OUTER_BOUND('',#5008,.F.);
#5011=CARTESIAN_POINT('',(0.E0,7.5E-2,0.E0));
#5012=DIRECTION('',(0.E0,1.E0,0.E0));
#5013=DIRECTION('',(0.E0,0.E0,1.E0));
#5014=AXIS2_PLACEMENT_3D('',#5011,#5012,#5013);
#5015=PLANE('',#5014);
#5017=ORIENTED_EDGE('',*,*,#5016,.T.);
#5019=ORIENTED_EDGE('',*,*,#5018,.F.);
#5021=ORIENTED_EDGE('',*,*,#5020,.F.);
#5022=ORIENTED_EDGE('',*,*,#4889,.F.);
#5024=ORIENTED_EDGE('',*,*,#5023,.F.);
#5026=ORIENTED_EDGE('',*,*,#5025,.F.);
#5027=EDGE_LOOP('',(#5017,#5019,#5021,#5022,#5024,#5026));
#5028=FACE_OUTER_BOUND('',#5027,.F.);
#5030=CARTESIAN_POINT('',(-1.45E0,-2.5E-2,-1.45E0));
#5031=DIRECTION('',(0.E0,0.E0,1.E0));
#5032=DIRECTION('',(1.E0,0.E0,0.E0));
#5033=AXIS2_PLACEMENT_3D('',#5030,#5031,#5032);
#5034=PLANE('',#5033);
#5035=ORIENTED_EDGE('',*,*,#3817,.T.);
#5037=ORIENTED_EDGE('',*,*,#5036,.T.);
#5038=ORIENTED_EDGE('',*,*,#4547,.F.);
#5040=ORIENTED_EDGE('',*,*,#5039,.T.);
#5041=ORIENTED_EDGE('',*,*,#4173,.F.);
#5043=ORIENTED_EDGE('',*,*,#5042,.F.);
#5044=EDGE_LOOP('',(#5035,#5037,#5038,#5040,#5041,#5043));
#5045=FACE_OUTER_BOUND('',#5044,.F.);
#5047=CARTESIAN_POINT('',(-1.45E0,-2.5E-2,-1.45E0));
#5048=DIRECTION('',(0.E0,0.E0,1.E0));
#5049=DIRECTION('',(1.E0,0.E0,0.E0));
#5050=AXIS2_PLACEMENT_3D('',#5047,#5048,#5049);
#5051=PLANE('',#5050);
#5052=ORIENTED_EDGE('',*,*,#3809,.T.);
#5054=ORIENTED_EDGE('',*,*,#5053,.T.);
#5055=ORIENTED_EDGE('',*,*,#4531,.F.);
#5057=ORIENTED_EDGE('',*,*,#5056,.F.);
#5058=EDGE_LOOP('',(#5052,#5054,#5055,#5057));
#5059=FACE_OUTER_BOUND('',#5058,.F.);
#5061=CARTESIAN_POINT('',(-1.45E0,-2.5E-2,-1.45E0));
#5062=DIRECTION('',(0.E0,0.E0,1.E0));
#5063=DIRECTION('',(1.E0,0.E0,0.E0));
#5064=AXIS2_PLACEMENT_3D('',#5061,#5062,#5063);
#5065=PLANE('',#5064);
#5066=ORIENTED_EDGE('',*,*,#3801,.T.);
#5068=ORIENTED_EDGE('',*,*,#5067,.T.);
#5069=ORIENTED_EDGE('',*,*,#4515,.F.);
#5071=ORIENTED_EDGE('',*,*,#5070,.F.);
#5072=EDGE_LOOP('',(#5066,#5068,#5069,#5071));
#5073=FACE_OUTER_BOUND('',#5072,.F.);
#5075=CARTESIAN_POINT('',(-1.45E0,-2.5E-2,-1.45E0));
#5076=DIRECTION('',(0.E0,0.E0,1.E0));
#5077=DIRECTION('',(1.E0,0.E0,0.E0));
#5078=AXIS2_PLACEMENT_3D('',#5075,#5076,#5077);
#5079=PLANE('',#5078);
#5080=ORIENTED_EDGE('',*,*,#3793,.T.);
#5082=ORIENTED_EDGE('',*,*,#5081,.T.);
#5083=ORIENTED_EDGE('',*,*,#4499,.F.);
#5085=ORIENTED_EDGE('',*,*,#5084,.F.);
#5086=EDGE_LOOP('',(#5080,#5082,#5083,#5085));
#5087=FACE_OUTER_BOUND('',#5086,.F.);
#5089=CARTESIAN_POINT('',(-1.45E0,-2.5E-2,-1.45E0));
#5090=DIRECTION('',(0.E0,0.E0,1.E0));
#5091=DIRECTION('',(1.E0,0.E0,0.E0));
#5092=AXIS2_PLACEMENT_3D('',#5089,#5090,#5091);
#5093=PLANE('',#5092);
#5094=ORIENTED_EDGE('',*,*,#3785,.T.);
#5095=ORIENTED_EDGE('',*,*,#4892,.T.);
#5096=ORIENTED_EDGE('',*,*,#4465,.F.);
#5097=ORIENTED_EDGE('',*,*,#5016,.F.);
#5098=ORIENTED_EDGE('',*,*,#4483,.F.);
#5100=ORIENTED_EDGE('',*,*,#5099,.F.);
#5101=EDGE_LOOP('',(#5094,#5095,#5096,#5097,#5098,#5100));
#5102=FACE_OUTER_BOUND('',#5101,.F.);
#5104=CARTESIAN_POINT('',(-8.75E-1,-2.5E-2,-1.5E0));
#5105=DIRECTION('',(-1.E0,0.E0,0.E0));
#5106=DIRECTION('',(0.E0,0.E0,1.E0));
#5107=AXIS2_PLACEMENT_3D('',#5104,#5105,#5106);
#5108=PLANE('',#5107);
#5109=ORIENTED_EDGE('',*,*,#4549,.T.);
#5110=ORIENTED_EDGE('',*,*,#5036,.F.);
#5111=ORIENTED_EDGE('',*,*,#3815,.T.);
#5113=ORIENTED_EDGE('',*,*,#5112,.T.);
#5115=ORIENTED_EDGE('',*,*,#5114,.F.);
#5116=ORIENTED_EDGE('',*,*,#4630,.F.);
#5117=EDGE_LOOP('',(#5109,#5110,#5111,#5113,#5115,#5116));
#5118=FACE_OUTER_BOUND('',#5117,.F.);
#5120=CARTESIAN_POINT('',(-7.5E-1,-2.5E-2,-1.225E0));
#5121=DIRECTION('',(0.E0,1.E0,0.E0));
#5122=DIRECTION('',(1.E0,0.E0,0.E0));
#5123=AXIS2_PLACEMENT_3D('',#5120,#5121,#5122);
#5124=CYLINDRICAL_SURFACE('',#5123,1.25E-1);
#5125=ORIENTED_EDGE('',*,*,#5112,.F.);
#5126=ORIENTED_EDGE('',*,*,#3813,.T.);
#5128=ORIENTED_EDGE('',*,*,#5127,.T.);
#5130=ORIENTED_EDGE('',*,*,#5129,.F.);
#5131=EDGE_LOOP('',(#5125,#5126,#5128,#5130));
#5132=FACE_OUTER_BOUND('',#5131,.F.);
#5134=CARTESIAN_POINT('',(-6.25E-1,-2.5E-2,-1.225E0));
#5135=DIRECTION('',(1.E0,0.E0,0.E0));
#5136=DIRECTION('',(0.E0,0.E0,-1.E0));
#5137=AXIS2_PLACEMENT_3D('',#5134,#5135,#5136);
#5138=PLANE('',#5137);
#5139=ORIENTED_EDGE('',*,*,#4529,.T.);
#5140=ORIENTED_EDGE('',*,*,#4634,.T.);
#5142=ORIENTED_EDGE('',*,*,#5141,.F.);
#5143=ORIENTED_EDGE('',*,*,#5127,.F.);
#5144=ORIENTED_EDGE('',*,*,#3811,.F.);
#5145=ORIENTED_EDGE('',*,*,#5056,.T.);
#5146=EDGE_LOOP('',(#5139,#5140,#5142,#5143,#5144,#5145));
#5147=FACE_OUTER_BOUND('',#5146,.F.);
#5149=CARTESIAN_POINT('',(0.E0,1.75E-1,0.E0));
#5150=DIRECTION('',(0.E0,1.E0,0.E0));
#5151=DIRECTION('',(1.E0,0.E0,0.E0));
#5152=AXIS2_PLACEMENT_3D('',#5149,#5150,#5151);
#5153=PLANE('',#5152);
#5154=ORIENTED_EDGE('',*,*,#4632,.F.);
#5155=ORIENTED_EDGE('',*,*,#5114,.T.);
#5156=ORIENTED_EDGE('',*,*,#5129,.T.);
#5157=ORIENTED_EDGE('',*,*,#5141,.T.);
#5158=EDGE_LOOP('',(#5154,#5155,#5156,#5157));
#5159=FACE_OUTER_BOUND('',#5158,.F.);
#5161=CARTESIAN_POINT('',(0.E0,7.5E-2,0.E0));
#5162=DIRECTION('',(0.E0,1.E0,0.E0));
#5163=DIRECTION('',(1.E0,0.E0,0.E0));
#5164=AXIS2_PLACEMENT_3D('',#5161,#5162,#5163);
#5165=PLANE('',#5164);
#5167=ORIENTED_EDGE('',*,*,#5166,.T.);
#5169=ORIENTED_EDGE('',*,*,#5168,.F.);
#5171=ORIENTED_EDGE('',*,*,#5170,.F.);
#5172=ORIENTED_EDGE('',*,*,#5039,.F.);
#5174=ORIENTED_EDGE('',*,*,#5173,.F.);
#5176=ORIENTED_EDGE('',*,*,#5175,.F.);
#5177=EDGE_LOOP('',(#5167,#5169,#5171,#5172,#5174,#5176));
#5178=FACE_OUTER_BOUND('',#5177,.F.);
#5180=CARTESIAN_POINT('',(-1.45E0,-2.5E-2,1.45E0));
#5181=DIRECTION('',(1.E0,0.E0,0.E0));
#5182=DIRECTION('',(0.E0,0.E0,-1.E0));
#5183=AXIS2_PLACEMENT_3D('',#5180,#5181,#5182);
#5184=PLANE('',#5183);
#5185=ORIENTED_EDGE('',*,*,#3851,.T.);
#5187=ORIENTED_EDGE('',*,*,#5186,.T.);
#5188=ORIENTED_EDGE('',*,*,#4255,.F.);
#5190=ORIENTED_EDGE('',*,*,#5189,.T.);
#5191=ORIENTED_EDGE('',*,*,#4274,.F.);
#5192=ORIENTED_EDGE('',*,*,#4131,.F.);
#5193=EDGE_LOOP('',(#5185,#5187,#5188,#5190,#5191,#5192));
#5194=FACE_OUTER_BOUND('',#5193,.F.);
#5196=CARTESIAN_POINT('',(-1.45E0,-2.5E-2,1.45E0));
#5197=DIRECTION('',(1.E0,0.E0,0.E0));
#5198=DIRECTION('',(0.E0,0.E0,-1.E0));
#5199=AXIS2_PLACEMENT_3D('',#5196,#5197,#5198);
#5200=PLANE('',#5199);
#5201=ORIENTED_EDGE('',*,*,#3843,.T.);
#5203=ORIENTED_EDGE('',*,*,#5202,.T.);
#5204=ORIENTED_EDGE('',*,*,#4239,.F.);
#5206=ORIENTED_EDGE('',*,*,#5205,.F.);
#5207=EDGE_LOOP('',(#5201,#5203,#5204,#5206));
#5208=FACE_OUTER_BOUND('',#5207,.F.);
#5210=CARTESIAN_POINT('',(-1.45E0,-2.5E-2,1.45E0));
#5211=DIRECTION('',(1.E0,0.E0,0.E0));
#5212=DIRECTION('',(0.E0,0.E0,-1.E0));
#5213=AXIS2_PLACEMENT_3D('',#5210,#5211,#5212);
#5214=PLANE('',#5213);
#5215=ORIENTED_EDGE('',*,*,#3835,.T.);
#5217=ORIENTED_EDGE('',*,*,#5216,.T.);
#5218=ORIENTED_EDGE('',*,*,#4223,.F.);
#5220=ORIENTED_EDGE('',*,*,#5219,.F.);
#5221=EDGE_LOOP('',(#5215,#5217,#5218,#5220));
#5222=FACE_OUTER_BOUND('',#5221,.F.);
#5224=CARTESIAN_POINT('',(-1.45E0,-2.5E-2,1.45E0));
#5225=DIRECTION('',(1.E0,0.E0,0.E0));
#5226=DIRECTION('',(0.E0,0.E0,-1.E0));
#5227=AXIS2_PLACEMENT_3D('',#5224,#5225,#5226);
#5228=PLANE('',#5227);
#5229=ORIENTED_EDGE('',*,*,#3827,.T.);
#5231=ORIENTED_EDGE('',*,*,#5230,.T.);
#5232=ORIENTED_EDGE('',*,*,#4207,.F.);
#5234=ORIENTED_EDGE('',*,*,#5233,.F.);
#5235=EDGE_LOOP('',(#5229,#5231,#5232,#5234));
#5236=FACE_OUTER_BOUND('',#5235,.F.);
#5238=CARTESIAN_POINT('',(-1.45E0,-2.5E-2,1.45E0));
#5239=DIRECTION('',(1.E0,0.E0,0.E0));
#5240=DIRECTION('',(0.E0,0.E0,-1.E0));
#5241=AXIS2_PLACEMENT_3D('',#5238,#5239,#5240);
#5242=PLANE('',#5241);
#5243=ORIENTED_EDGE('',*,*,#3819,.T.);
#5244=ORIENTED_EDGE('',*,*,#5042,.T.);
#5245=ORIENTED_EDGE('',*,*,#4171,.F.);
#5246=ORIENTED_EDGE('',*,*,#5166,.F.);
#5247=ORIENTED_EDGE('',*,*,#4191,.F.);
#5249=ORIENTED_EDGE('',*,*,#5248,.F.);
#5250=EDGE_LOOP('',(#5243,#5244,#5245,#5246,#5247,#5249));
#5251=FACE_OUTER_BOUND('',#5250,.F.);
#5253=CARTESIAN_POINT('',(-1.225E0,-2.5E-2,8.75E-1));
#5254=DIRECTION('',(0.E0,0.E0,-1.E0));
#5255=DIRECTION('',(-1.E0,0.E0,0.E0));
#5256=AXIS2_PLACEMENT_3D('',#5253,#5254,#5255);
#5257=PLANE('',#5256);
#5258=ORIENTED_EDGE('',*,*,#4257,.F.);
#5259=ORIENTED_EDGE('',*,*,#5186,.F.);
#5260=ORIENTED_EDGE('',*,*,#3849,.T.);
#5262=ORIENTED_EDGE('',*,*,#5261,.T.);
#5264=ORIENTED_EDGE('',*,*,#5263,.T.);
#5265=ORIENTED_EDGE('',*,*,#4574,.F.);
#5266=EDGE_LOOP('',(#5258,#5259,#5260,#5262,#5264,#5265));
#5267=FACE_OUTER_BOUND('',#5266,.F.);
#5269=CARTESIAN_POINT('',(-1.225E0,-2.5E-2,7.5E-1));
#5270=DIRECTION('',(0.E0,-1.E0,0.E0));
#5271=DIRECTION('',(-1.E0,0.E0,0.E0));
#5272=AXIS2_PLACEMENT_3D('',#5269,#5270,#5271);
#5273=CYLINDRICAL_SURFACE('',#5272,1.25E-1);
#5275=ORIENTED_EDGE('',*,*,#5274,.T.);
#5277=ORIENTED_EDGE('',*,*,#5276,.T.);
#5278=ORIENTED_EDGE('',*,*,#5261,.F.);
#5279=ORIENTED_EDGE('',*,*,#3847,.F.);
#5280=EDGE_LOOP('',(#5275,#5277,#5278,#5279));
#5281=FACE_OUTER_BOUND('',#5280,.F.);
#5283=CARTESIAN_POINT('',(-1.5E0,-2.5E-2,6.25E-1));
#5284=DIRECTION('',(0.E0,0.E0,1.E0));
#5285=DIRECTION('',(1.E0,0.E0,0.E0));
#5286=AXIS2_PLACEMENT_3D('',#5283,#5284,#5285);
#5287=PLANE('',#5286);
#5288=ORIENTED_EDGE('',*,*,#4237,.F.);
#5289=ORIENTED_EDGE('',*,*,#4578,.T.);
#5291=ORIENTED_EDGE('',*,*,#5290,.T.);
#5292=ORIENTED_EDGE('',*,*,#5274,.F.);
#5293=ORIENTED_EDGE('',*,*,#3845,.F.);
#5294=ORIENTED_EDGE('',*,*,#5205,.T.);
#5295=EDGE_LOOP('',(#5288,#5289,#5291,#5292,#5293,#5294));
#5296=FACE_OUTER_BOUND('',#5295,.F.);
#5298=CARTESIAN_POINT('',(0.E0,1.75E-1,0.E0));
#5299=DIRECTION('',(0.E0,-1.E0,0.E0));
#5300=DIRECTION('',(-1.E0,0.E0,0.E0));
#5301=AXIS2_PLACEMENT_3D('',#5298,#5299,#5300);
#5302=PLANE('',#5301);
#5303=ORIENTED_EDGE('',*,*,#4576,.F.);
#5304=ORIENTED_EDGE('',*,*,#5263,.F.);
#5305=ORIENTED_EDGE('',*,*,#5276,.F.);
#5306=ORIENTED_EDGE('',*,*,#5290,.F.);
#5307=EDGE_LOOP('',(#5303,#5304,#5305,#5306));
#5308=FACE_OUTER_BOUND('',#5307,.F.);
#5310=CARTESIAN_POINT('',(0.E0,7.5E-2,0.E0));
#5311=DIRECTION('',(0.E0,1.E0,0.E0));
#5312=DIRECTION('',(0.E0,0.E0,-1.E0));
#5313=AXIS2_PLACEMENT_3D('',#5310,#5311,#5312);
#5314=PLANE('',#5313);
#5315=ORIENTED_EDGE('',*,*,#4135,.T.);
#5317=ORIENTED_EDGE('',*,*,#5316,.F.);
#5319=ORIENTED_EDGE('',*,*,#5318,.F.);
#5320=ORIENTED_EDGE('',*,*,#5189,.F.);
#5322=ORIENTED_EDGE('',*,*,#5321,.F.);
#5324=ORIENTED_EDGE('',*,*,#5323,.F.);
#5325=EDGE_LOOP('',(#5315,#5317,#5319,#5320,#5322,#5324));
#5326=FACE_OUTER_BOUND('',#5325,.F.);
#5328=CARTESIAN_POINT('',(-1.325E0,1.75E-1,1.325E0));
#5329=DIRECTION('',(-1.E0,0.E0,0.E0));
#5330=DIRECTION('',(0.E0,0.E0,1.E0));
#5331=AXIS2_PLACEMENT_3D('',#5328,#5329,#5330);
#5332=PLANE('',#5331);
#5333=ORIENTED_EDGE('',*,*,#4772,.T.);
#5335=ORIENTED_EDGE('',*,*,#5334,.F.);
#5337=ORIENTED_EDGE('',*,*,#5336,.T.);
#5338=ORIENTED_EDGE('',*,*,#5316,.T.);
#5339=ORIENTED_EDGE('',*,*,#4271,.T.);
#5340=EDGE_LOOP('',(#5333,#5335,#5337,#5338,#5339));
#5341=FACE_OUTER_BOUND('',#5340,.F.);
#5343=CARTESIAN_POINT('',(0.E0,1.75E-1,0.E0));
#5344=DIRECTION('',(0.E0,1.E0,0.E0));
#5345=DIRECTION('',(0.E0,0.E0,-1.E0));
#5346=AXIS2_PLACEMENT_3D('',#5343,#5344,#5345);
#5347=PLANE('',#5346);
#5348=ORIENTED_EDGE('',*,*,#4569,.F.);
#5350=ORIENTED_EDGE('',*,*,#5349,.T.);
#5351=ORIENTED_EDGE('',*,*,#5334,.T.);
#5352=ORIENTED_EDGE('',*,*,#4770,.T.);
#5354=ORIENTED_EDGE('',*,*,#5353,.T.);
#5356=ORIENTED_EDGE('',*,*,#5355,.T.);
#5357=EDGE_LOOP('',(#5348,#5350,#5351,#5352,#5354,#5356));
#5358=FACE_OUTER_BOUND('',#5357,.F.);
#5360=CARTESIAN_POINT('',(-1.5E0,1.75E-1,1.325E0));
#5361=DIRECTION('',(0.E0,0.E0,1.E0));
#5362=DIRECTION('',(1.E0,0.E0,0.E0));
#5363=AXIS2_PLACEMENT_3D('',#5360,#5361,#5362);
#5364=PLANE('',#5363);
#5365=ORIENTED_EDGE('',*,*,#4567,.F.);
#5366=ORIENTED_EDGE('',*,*,#4276,.T.);
#5367=ORIENTED_EDGE('',*,*,#5318,.T.);
#5368=ORIENTED_EDGE('',*,*,#5336,.F.);
#5369=ORIENTED_EDGE('',*,*,#5349,.F.);
#5370=EDGE_LOOP('',(#5365,#5366,#5367,#5368,#5369));
#5371=FACE_OUTER_BOUND('',#5370,.F.);
#5373=CARTESIAN_POINT('',(-1.125E0,1.75E-1,1.5E0));
#5374=DIRECTION('',(1.E0,0.E0,0.E0));
#5375=DIRECTION('',(0.E0,0.E0,-1.E0));
#5376=AXIS2_PLACEMENT_3D('',#5373,#5374,#5375);
#5377=PLANE('',#5376);
#5378=ORIENTED_EDGE('',*,*,#4768,.F.);
#5379=ORIENTED_EDGE('',*,*,#4291,.T.);
#5380=ORIENTED_EDGE('',*,*,#5323,.T.);
#5382=ORIENTED_EDGE('',*,*,#5381,.F.);
#5383=ORIENTED_EDGE('',*,*,#5353,.F.);
#5384=EDGE_LOOP('',(#5378,#5379,#5380,#5382,#5383));
#5385=FACE_OUTER_BOUND('',#5384,.F.);
#5387=CARTESIAN_POINT('',(-1.125E0,1.75E-1,1.125E0));
#5388=DIRECTION('',(0.E0,0.E0,-1.E0));
#5389=DIRECTION('',(-1.E0,0.E0,0.E0));
#5390=AXIS2_PLACEMENT_3D('',#5387,#5388,#5389);
#5391=PLANE('',#5390);
#5392=ORIENTED_EDGE('',*,*,#4571,.T.);
#5393=ORIENTED_EDGE('',*,*,#5355,.F.);
#5394=ORIENTED_EDGE('',*,*,#5381,.T.);
#5395=ORIENTED_EDGE('',*,*,#5321,.T.);
#5396=ORIENTED_EDGE('',*,*,#4253,.T.);
#5397=EDGE_LOOP('',(#5392,#5393,#5394,#5395,#5396));
#5398=FACE_OUTER_BOUND('',#5397,.F.);
#5400=CARTESIAN_POINT('',(-1.225E0,-2.5E-2,3.75E-1));
#5401=DIRECTION('',(0.E0,0.E0,-1.E0));
#5402=DIRECTION('',(-1.E0,0.E0,0.E0));
#5403=AXIS2_PLACEMENT_3D('',#5400,#5401,#5402);
#5404=PLANE('',#5403);
#5405=ORIENTED_EDGE('',*,*,#4241,.F.);
#5406=ORIENTED_EDGE('',*,*,#5202,.F.);
#5407=ORIENTED_EDGE('',*,*,#3841,.T.);
#5409=ORIENTED_EDGE('',*,*,#5408,.T.);
#5411=ORIENTED_EDGE('',*,*,#5410,.T.);
#5412=ORIENTED_EDGE('',*,*,#4581,.F.);
#5413=EDGE_LOOP('',(#5405,#5406,#5407,#5409,#5411,#5412));
#5414=FACE_OUTER_BOUND('',#5413,.F.);
#5416=CARTESIAN_POINT('',(-1.225E0,-2.5E-2,2.5E-1));
#5417=DIRECTION('',(0.E0,-1.E0,0.E0));
#5418=DIRECTION('',(-1.E0,0.E0,0.E0));
#5419=AXIS2_PLACEMENT_3D('',#5416,#5417,#5418);
#5420=CYLINDRICAL_SURFACE('',#5419,1.25E-1);
#5422=ORIENTED_EDGE('',*,*,#5421,.T.);
#5424=ORIENTED_EDGE('',*,*,#5423,.T.);
#5425=ORIENTED_EDGE('',*,*,#5408,.F.);
#5426=ORIENTED_EDGE('',*,*,#3839,.F.);
#5427=EDGE_LOOP('',(#5422,#5424,#5425,#5426));
#5428=FACE_OUTER_BOUND('',#5427,.F.);
#5430=CARTESIAN_POINT('',(-1.5E0,-2.5E-2,1.25E-1));
#5431=DIRECTION('',(0.E0,0.E0,1.E0));
#5432=DIRECTION('',(1.E0,0.E0,0.E0));
#5433=AXIS2_PLACEMENT_3D('',#5430,#5431,#5432);
#5434=PLANE('',#5433);
#5435=ORIENTED_EDGE('',*,*,#4221,.F.);
#5436=ORIENTED_EDGE('',*,*,#4585,.T.);
#5438=ORIENTED_EDGE('',*,*,#5437,.T.);
#5439=ORIENTED_EDGE('',*,*,#5421,.F.);
#5440=ORIENTED_EDGE('',*,*,#3837,.F.);
#5441=ORIENTED_EDGE('',*,*,#5219,.T.);
#5442=EDGE_LOOP('',(#5435,#5436,#5438,#5439,#5440,#5441));
#5443=FACE_OUTER_BOUND('',#5442,.F.);
#5445=CARTESIAN_POINT('',(0.E0,1.75E-1,0.E0));
#5446=DIRECTION('',(0.E0,-1.E0,0.E0));
#5447=DIRECTION('',(-1.E0,0.E0,0.E0));
#5448=AXIS2_PLACEMENT_3D('',#5445,#5446,#5447);
#5449=PLANE('',#5448);
#5450=ORIENTED_EDGE('',*,*,#4583,.F.);
#5451=ORIENTED_EDGE('',*,*,#5410,.F.);
#5452=ORIENTED_EDGE('',*,*,#5423,.F.);
#5453=ORIENTED_EDGE('',*,*,#5437,.F.);
#5454=EDGE_LOOP('',(#5450,#5451,#5452,#5453));
#5455=FACE_OUTER_BOUND('',#5454,.F.);
#5457=CARTESIAN_POINT('',(-1.225E0,-2.5E-2,-1.25E-1));
#5458=DIRECTION('',(0.E0,0.E0,-1.E0));
#5459=DIRECTION('',(-1.E0,0.E0,0.E0));
#5460=AXIS2_PLACEMENT_3D('',#5457,#5458,#5459);
#5461=PLANE('',#5460);
#5462=ORIENTED_EDGE('',*,*,#4225,.F.);
#5463=ORIENTED_EDGE('',*,*,#5216,.F.);
#5464=ORIENTED_EDGE('',*,*,#3833,.T.);
#5466=ORIENTED_EDGE('',*,*,#5465,.T.);
#5468=ORIENTED_EDGE('',*,*,#5467,.T.);
#5469=ORIENTED_EDGE('',*,*,#4588,.F.);
#5470=EDGE_LOOP('',(#5462,#5463,#5464,#5466,#5468,#5469));
#5471=FACE_OUTER_BOUND('',#5470,.F.);
#5473=CARTESIAN_POINT('',(-1.225E0,-2.5E-2,-2.5E-1));
#5474=DIRECTION('',(0.E0,-1.E0,0.E0));
#5475=DIRECTION('',(-1.E0,0.E0,0.E0));
#5476=AXIS2_PLACEMENT_3D('',#5473,#5474,#5475);
#5477=CYLINDRICAL_SURFACE('',#5476,1.25E-1);
#5479=ORIENTED_EDGE('',*,*,#5478,.T.);
#5481=ORIENTED_EDGE('',*,*,#5480,.T.);
#5482=ORIENTED_EDGE('',*,*,#5465,.F.);
#5483=ORIENTED_EDGE('',*,*,#3831,.F.);
#5484=EDGE_LOOP('',(#5479,#5481,#5482,#5483));
#5485=FACE_OUTER_BOUND('',#5484,.F.);
#5487=CARTESIAN_POINT('',(-1.5E0,-2.5E-2,-3.75E-1));
#5488=DIRECTION('',(0.E0,0.E0,1.E0));
#5489=DIRECTION('',(1.E0,0.E0,0.E0));
#5490=AXIS2_PLACEMENT_3D('',#5487,#5488,#5489);
#5491=PLANE('',#5490);
#5492=ORIENTED_EDGE('',*,*,#4205,.F.);
#5493=ORIENTED_EDGE('',*,*,#4592,.T.);
#5495=ORIENTED_EDGE('',*,*,#5494,.T.);
#5496=ORIENTED_EDGE('',*,*,#5478,.F.);
#5497=ORIENTED_EDGE('',*,*,#3829,.F.);
#5498=ORIENTED_EDGE('',*,*,#5233,.T.);
#5499=EDGE_LOOP('',(#5492,#5493,#5495,#5496,#5497,#5498));
#5500=FACE_OUTER_BOUND('',#5499,.F.);
#5502=CARTESIAN_POINT('',(0.E0,1.75E-1,0.E0));
#5503=DIRECTION('',(0.E0,-1.E0,0.E0));
#5504=DIRECTION('',(-1.E0,0.E0,0.E0));
#5505=AXIS2_PLACEMENT_3D('',#5502,#5503,#5504);
#5506=PLANE('',#5505);
#5507=ORIENTED_EDGE('',*,*,#4590,.F.);
#5508=ORIENTED_EDGE('',*,*,#5467,.F.);
#5509=ORIENTED_EDGE('',*,*,#5480,.F.);
#5510=ORIENTED_EDGE('',*,*,#5494,.F.);
#5511=EDGE_LOOP('',(#5507,#5508,#5509,#5510));
#5512=FACE_OUTER_BOUND('',#5511,.F.);
#5514=CARTESIAN_POINT('',(-1.225E0,-2.5E-2,-6.25E-1));
#5515=DIRECTION('',(0.E0,0.E0,-1.E0));
#5516=DIRECTION('',(-1.E0,0.E0,0.E0));
#5517=AXIS2_PLACEMENT_3D('',#5514,#5515,#5516);
#5518=PLANE('',#5517);
#5519=ORIENTED_EDGE('',*,*,#4209,.F.);
#5520=ORIENTED_EDGE('',*,*,#5230,.F.);
#5521=ORIENTED_EDGE('',*,*,#3825,.T.);
#5523=ORIENTED_EDGE('',*,*,#5522,.T.);
#5525=ORIENTED_EDGE('',*,*,#5524,.T.);
#5526=ORIENTED_EDGE('',*,*,#4595,.F.);
#5527=EDGE_LOOP('',(#5519,#5520,#5521,#5523,#5525,#5526));
#5528=FACE_OUTER_BOUND('',#5527,.F.);
#5530=CARTESIAN_POINT('',(-1.225E0,-2.5E-2,-7.5E-1));
#5531=DIRECTION('',(0.E0,-1.E0,0.E0));
#5532=DIRECTION('',(-1.E0,0.E0,0.E0));
#5533=AXIS2_PLACEMENT_3D('',#5530,#5531,#5532);
#5534=CYLINDRICAL_SURFACE('',#5533,1.25E-1);
#5536=ORIENTED_EDGE('',*,*,#5535,.T.);
#5538=ORIENTED_EDGE('',*,*,#5537,.T.);
#5539=ORIENTED_EDGE('',*,*,#5522,.F.);
#5540=ORIENTED_EDGE('',*,*,#3823,.F.);
#5541=EDGE_LOOP('',(#5536,#5538,#5539,#5540));
#5542=FACE_OUTER_BOUND('',#5541,.F.);
#5544=CARTESIAN_POINT('',(-1.5E0,-2.5E-2,-8.75E-1));
#5545=DIRECTION('',(0.E0,0.E0,1.E0));
#5546=DIRECTION('',(1.E0,0.E0,0.E0));
#5547=AXIS2_PLACEMENT_3D('',#5544,#5545,#5546);
#5548=PLANE('',#5547);
#5549=ORIENTED_EDGE('',*,*,#4189,.F.);
#5550=ORIENTED_EDGE('',*,*,#4599,.T.);
#5552=ORIENTED_EDGE('',*,*,#5551,.T.);
#5553=ORIENTED_EDGE('',*,*,#5535,.F.);
#5554=ORIENTED_EDGE('',*,*,#3821,.F.);
#5555=ORIENTED_EDGE('',*,*,#5248,.T.);
#5556=EDGE_LOOP('',(#5549,#5550,#5552,#5553,#5554,#5555));
#5557=FACE_OUTER_BOUND('',#5556,.F.);
#5559=CARTESIAN_POINT('',(0.E0,1.75E-1,0.E0));
#5560=DIRECTION('',(0.E0,-1.E0,0.E0));
#5561=DIRECTION('',(-1.E0,0.E0,0.E0));
#5562=AXIS2_PLACEMENT_3D('',#5559,#5560,#5561);
#5563=PLANE('',#5562);
#5564=ORIENTED_EDGE('',*,*,#5551,.F.);
#5565=ORIENTED_EDGE('',*,*,#4597,.F.);
#5566=ORIENTED_EDGE('',*,*,#5524,.F.);
#5567=ORIENTED_EDGE('',*,*,#5537,.F.);
#5568=EDGE_LOOP('',(#5564,#5565,#5566,#5567));
#5569=FACE_OUTER_BOUND('',#5568,.F.);
#5571=CARTESIAN_POINT('',(-1.325E0,1.75E-1,-1.325E0));
#5572=DIRECTION('',(0.E0,0.E0,-1.E0));
#5573=DIRECTION('',(-1.E0,0.E0,0.E0));
#5574=AXIS2_PLACEMENT_3D('',#5571,#5572,#5573);
#5575=PLANE('',#5574);
#5576=ORIENTED_EDGE('',*,*,#4606,.T.);
#5578=ORIENTED_EDGE('',*,*,#5577,.F.);
#5580=ORIENTED_EDGE('',*,*,#5579,.T.);
#5581=ORIENTED_EDGE('',*,*,#5168,.T.);
#5582=ORIENTED_EDGE('',*,*,#4169,.T.);
#5583=EDGE_LOOP('',(#5576,#5578,#5580,#5581,#5582));
#5584=FACE_OUTER_BOUND('',#5583,.F.);
#5586=CARTESIAN_POINT('',(0.E0,1.75E-1,0.E0));
#5587=DIRECTION('',(0.E0,1.E0,0.E0));
#5588=DIRECTION('',(1.E0,0.E0,0.E0));
#5589=AXIS2_PLACEMENT_3D('',#5586,#5587,#5588);
#5590=PLANE('',#5589);
#5591=ORIENTED_EDGE('',*,*,#4604,.T.);
#5593=ORIENTED_EDGE('',*,*,#5592,.T.);
#5595=ORIENTED_EDGE('',*,*,#5594,.T.);
#5596=ORIENTED_EDGE('',*,*,#4625,.F.);
#5598=ORIENTED_EDGE('',*,*,#5597,.T.);
#5599=ORIENTED_EDGE('',*,*,#5577,.T.);
#5600=EDGE_LOOP('',(#5591,#5593,#5595,#5596,#5598,#5599));
#5601=FACE_OUTER_BOUND('',#5600,.F.);
#5603=CARTESIAN_POINT('',(-1.5E0,1.75E-1,-1.125E0));
#5604=DIRECTION('',(0.E0,0.E0,1.E0));
#5605=DIRECTION('',(1.E0,0.E0,0.E0));
#5606=AXIS2_PLACEMENT_3D('',#5603,#5604,#5605);
#5607=PLANE('',#5606);
#5608=ORIENTED_EDGE('',*,*,#4602,.F.);
#5609=ORIENTED_EDGE('',*,*,#4193,.T.);
#5610=ORIENTED_EDGE('',*,*,#5175,.T.);
#5612=ORIENTED_EDGE('',*,*,#5611,.F.);
#5613=ORIENTED_EDGE('',*,*,#5592,.F.);
#5614=EDGE_LOOP('',(#5608,#5609,#5610,#5612,#5613));
#5615=FACE_OUTER_BOUND('',#5614,.F.);
#5617=CARTESIAN_POINT('',(-1.125E0,1.75E-1,-1.125E0));
#5618=DIRECTION('',(1.E0,0.E0,0.E0));
#5619=DIRECTION('',(0.E0,0.E0,-1.E0));
#5620=AXIS2_PLACEMENT_3D('',#5617,#5618,#5619);
#5621=PLANE('',#5620);
#5622=ORIENTED_EDGE('',*,*,#4627,.T.);
#5623=ORIENTED_EDGE('',*,*,#5594,.F.);
#5624=ORIENTED_EDGE('',*,*,#5611,.T.);
#5625=ORIENTED_EDGE('',*,*,#5173,.T.);
#5626=ORIENTED_EDGE('',*,*,#4545,.T.);
#5627=EDGE_LOOP('',(#5622,#5623,#5624,#5625,#5626));
#5628=FACE_OUTER_BOUND('',#5627,.F.);
#5630=CARTESIAN_POINT('',(-1.325E0,1.75E-1,-1.5E0));
#5631=DIRECTION('',(-1.E0,0.E0,0.E0));
#5632=DIRECTION('',(0.E0,0.E0,1.E0));
#5633=AXIS2_PLACEMENT_3D('',#5630,#5631,#5632);
#5634=PLANE('',#5633);
#5635=ORIENTED_EDGE('',*,*,#4623,.F.);
#5636=ORIENTED_EDGE('',*,*,#4175,.T.);
#5637=ORIENTED_EDGE('',*,*,#5170,.T.);
#5638=ORIENTED_EDGE('',*,*,#5579,.F.);
#5639=ORIENTED_EDGE('',*,*,#5597,.F.);
#5640=EDGE_LOOP('',(#5635,#5636,#5637,#5638,#5639));
#5641=FACE_OUTER_BOUND('',#5640,.F.);
#5643=CARTESIAN_POINT('',(-3.75E-1,-2.5E-2,-1.5E0));
#5644=DIRECTION('',(-1.E0,0.E0,0.E0));
#5645=DIRECTION('',(0.E0,0.E0,1.E0));
#5646=AXIS2_PLACEMENT_3D('',#5643,#5644,#5645);
#5647=PLANE('',#5646);
#5648=ORIENTED_EDGE('',*,*,#4533,.T.);
#5649=ORIENTED_EDGE('',*,*,#5053,.F.);
#5650=ORIENTED_EDGE('',*,*,#3807,.T.);
#5652=ORIENTED_EDGE('',*,*,#5651,.T.);
#5654=ORIENTED_EDGE('',*,*,#5653,.F.);
#5655=ORIENTED_EDGE('',*,*,#4637,.F.);
#5656=EDGE_LOOP('',(#5648,#5649,#5650,#5652,#5654,#5655));
#5657=FACE_OUTER_BOUND('',#5656,.F.);
#5659=CARTESIAN_POINT('',(-2.5E-1,-2.5E-2,-1.225E0));
#5660=DIRECTION('',(0.E0,1.E0,0.E0));
#5661=DIRECTION('',(1.E0,0.E0,0.E0));
#5662=AXIS2_PLACEMENT_3D('',#5659,#5660,#5661);
#5663=CYLINDRICAL_SURFACE('',#5662,1.25E-1);
#5664=ORIENTED_EDGE('',*,*,#5651,.F.);
#5665=ORIENTED_EDGE('',*,*,#3805,.T.);
#5667=ORIENTED_EDGE('',*,*,#5666,.T.);
#5669=ORIENTED_EDGE('',*,*,#5668,.F.);
#5670=EDGE_LOOP('',(#5664,#5665,#5667,#5669));
#5671=FACE_OUTER_BOUND('',#5670,.F.);
#5673=CARTESIAN_POINT('',(-1.25E-1,-2.5E-2,-1.225E0));
#5674=DIRECTION('',(1.E0,0.E0,0.E0));
#5675=DIRECTION('',(0.E0,0.E0,-1.E0));
#5676=AXIS2_PLACEMENT_3D('',#5673,#5674,#5675);
#5677=PLANE('',#5676);
#5678=ORIENTED_EDGE('',*,*,#4513,.T.);
#5679=ORIENTED_EDGE('',*,*,#4641,.T.);
#5681=ORIENTED_EDGE('',*,*,#5680,.F.);
#5682=ORIENTED_EDGE('',*,*,#5666,.F.);
#5683=ORIENTED_EDGE('',*,*,#3803,.F.);
#5684=ORIENTED_EDGE('',*,*,#5070,.T.);
#5685=EDGE_LOOP('',(#5678,#5679,#5681,#5682,#5683,#5684));
#5686=FACE_OUTER_BOUND('',#5685,.F.);
#5688=CARTESIAN_POINT('',(0.E0,1.75E-1,0.E0));
#5689=DIRECTION('',(0.E0,1.E0,0.E0));
#5690=DIRECTION('',(1.E0,0.E0,0.E0));
#5691=AXIS2_PLACEMENT_3D('',#5688,#5689,#5690);
#5692=PLANE('',#5691);
#5693=ORIENTED_EDGE('',*,*,#4639,.F.);
#5694=ORIENTED_EDGE('',*,*,#5653,.T.);
#5695=ORIENTED_EDGE('',*,*,#5668,.T.);
#5696=ORIENTED_EDGE('',*,*,#5680,.T.);
#5697=EDGE_LOOP('',(#5693,#5694,#5695,#5696));
#5698=FACE_OUTER_BOUND('',#5697,.F.);
#5700=CARTESIAN_POINT('',(1.25E-1,-2.5E-2,-1.5E0));
#5701=DIRECTION('',(-1.E0,0.E0,0.E0));
#5702=DIRECTION('',(0.E0,0.E0,1.E0));
#5703=AXIS2_PLACEMENT_3D('',#5700,#5701,#5702);
#5704=PLANE('',#5703);
#5705=ORIENTED_EDGE('',*,*,#4517,.T.);
#5706=ORIENTED_EDGE('',*,*,#5067,.F.);
#5707=ORIENTED_EDGE('',*,*,#3799,.T.);
#5709=ORIENTED_EDGE('',*,*,#5708,.T.);
#5711=ORIENTED_EDGE('',*,*,#5710,.F.);
#5712=ORIENTED_EDGE('',*,*,#4644,.F.);
#5713=EDGE_LOOP('',(#5705,#5706,#5707,#5709,#5711,#5712));
#5714=FACE_OUTER_BOUND('',#5713,.F.);
#5716=CARTESIAN_POINT('',(2.5E-1,-2.5E-2,-1.225E0));
#5717=DIRECTION('',(0.E0,1.E0,0.E0));
#5718=DIRECTION('',(1.E0,0.E0,0.E0));
#5719=AXIS2_PLACEMENT_3D('',#5716,#5717,#5718);
#5720=CYLINDRICAL_SURFACE('',#5719,1.25E-1);
#5721=ORIENTED_EDGE('',*,*,#5708,.F.);
#5722=ORIENTED_EDGE('',*,*,#3797,.T.);
#5724=ORIENTED_EDGE('',*,*,#5723,.T.);
#5726=ORIENTED_EDGE('',*,*,#5725,.F.);
#5727=EDGE_LOOP('',(#5721,#5722,#5724,#5726));
#5728=FACE_OUTER_BOUND('',#5727,.F.);
#5730=CARTESIAN_POINT('',(3.75E-1,-2.5E-2,-1.225E0));
#5731=DIRECTION('',(1.E0,0.E0,0.E0));
#5732=DIRECTION('',(0.E0,0.E0,-1.E0));
#5733=AXIS2_PLACEMENT_3D('',#5730,#5731,#5732);
#5734=PLANE('',#5733);
#5735=ORIENTED_EDGE('',*,*,#4497,.T.);
#5736=ORIENTED_EDGE('',*,*,#4648,.T.);
#5738=ORIENTED_EDGE('',*,*,#5737,.F.);
#5739=ORIENTED_EDGE('',*,*,#5723,.F.);
#5740=ORIENTED_EDGE('',*,*,#3795,.F.);
#5741=ORIENTED_EDGE('',*,*,#5084,.T.);
#5742=EDGE_LOOP('',(#5735,#5736,#5738,#5739,#5740,#5741));
#5743=FACE_OUTER_BOUND('',#5742,.F.);
#5745=CARTESIAN_POINT('',(0.E0,1.75E-1,0.E0));
#5746=DIRECTION('',(0.E0,1.E0,0.E0));
#5747=DIRECTION('',(1.E0,0.E0,0.E0));
#5748=AXIS2_PLACEMENT_3D('',#5745,#5746,#5747);
#5749=PLANE('',#5748);
#5750=ORIENTED_EDGE('',*,*,#4646,.F.);
#5751=ORIENTED_EDGE('',*,*,#5710,.T.);
#5752=ORIENTED_EDGE('',*,*,#5725,.T.);
#5753=ORIENTED_EDGE('',*,*,#5737,.T.);
#5754=EDGE_LOOP('',(#5750,#5751,#5752,#5753));
#5755=FACE_OUTER_BOUND('',#5754,.F.);
#5757=CARTESIAN_POINT('',(6.25E-1,-2.5E-2,-1.5E0));
#5758=DIRECTION('',(-1.E0,0.E0,0.E0));
#5759=DIRECTION('',(0.E0,0.E0,1.E0));
#5760=AXIS2_PLACEMENT_3D('',#5757,#5758,#5759);
#5761=PLANE('',#5760);
#5762=ORIENTED_EDGE('',*,*,#4501,.T.);
#5763=ORIENTED_EDGE('',*,*,#5081,.F.);
#5764=ORIENTED_EDGE('',*,*,#3791,.T.);
#5766=ORIENTED_EDGE('',*,*,#5765,.T.);
#5768=ORIENTED_EDGE('',*,*,#5767,.F.);
#5769=ORIENTED_EDGE('',*,*,#4651,.F.);
#5770=EDGE_LOOP('',(#5762,#5763,#5764,#5766,#5768,#5769));
#5771=FACE_OUTER_BOUND('',#5770,.F.);
#5773=CARTESIAN_POINT('',(7.5E-1,-2.5E-2,-1.225E0));
#5774=DIRECTION('',(0.E0,1.E0,0.E0));
#5775=DIRECTION('',(1.E0,0.E0,0.E0));
#5776=AXIS2_PLACEMENT_3D('',#5773,#5774,#5775);
#5777=CYLINDRICAL_SURFACE('',#5776,1.25E-1);
#5778=ORIENTED_EDGE('',*,*,#5765,.F.);
#5779=ORIENTED_EDGE('',*,*,#3789,.T.);
#5781=ORIENTED_EDGE('',*,*,#5780,.T.);
#5783=ORIENTED_EDGE('',*,*,#5782,.F.);
#5784=EDGE_LOOP('',(#5778,#5779,#5781,#5783));
#5785=FACE_OUTER_BOUND('',#5784,.F.);
#5787=CARTESIAN_POINT('',(8.75E-1,-2.5E-2,-1.225E0));
#5788=DIRECTION('',(1.E0,0.E0,0.E0));
#5789=DIRECTION('',(0.E0,0.E0,-1.E0));
#5790=AXIS2_PLACEMENT_3D('',#5787,#5788,#5789);
#5791=PLANE('',#5790);
#5792=ORIENTED_EDGE('',*,*,#4481,.T.);
#5793=ORIENTED_EDGE('',*,*,#4655,.T.);
#5795=ORIENTED_EDGE('',*,*,#5794,.F.);
#5796=ORIENTED_EDGE('',*,*,#5780,.F.);
#5797=ORIENTED_EDGE('',*,*,#3787,.F.);
#5798=ORIENTED_EDGE('',*,*,#5099,.T.);
#5799=EDGE_LOOP('',(#5792,#5793,#5795,#5796,#5797,#5798));
#5800=FACE_OUTER_BOUND('',#5799,.F.);
#5802=CARTESIAN_POINT('',(0.E0,1.75E-1,0.E0));
#5803=DIRECTION('',(0.E0,1.E0,0.E0));
#5804=DIRECTION('',(1.E0,0.E0,0.E0));
#5805=AXIS2_PLACEMENT_3D('',#5802,#5803,#5804);
#5806=PLANE('',#5805);
#5807=ORIENTED_EDGE('',*,*,#5767,.T.);
#5808=ORIENTED_EDGE('',*,*,#5782,.T.);
#5809=ORIENTED_EDGE('',*,*,#5794,.T.);
#5810=ORIENTED_EDGE('',*,*,#4653,.F.);
#5811=EDGE_LOOP('',(#5807,#5808,#5809,#5810));
#5812=FACE_OUTER_BOUND('',#5811,.F.);
#5814=CARTESIAN_POINT('',(1.325E0,1.75E-1,-1.325E0));
#5815=DIRECTION('',(1.E0,0.E0,0.E0));
#5816=DIRECTION('',(0.E0,0.E0,-1.E0));
#5817=AXIS2_PLACEMENT_3D('',#5814,#5815,#5816);
#5818=PLANE('',#5817);
#5819=ORIENTED_EDGE('',*,*,#4662,.T.);
#5821=ORIENTED_EDGE('',*,*,#5820,.F.);
#5823=ORIENTED_EDGE('',*,*,#5822,.T.);
#5824=ORIENTED_EDGE('',*,*,#5018,.T.);
#5825=ORIENTED_EDGE('',*,*,#4463,.T.);
#5826=EDGE_LOOP('',(#5819,#5821,#5823,#5824,#5825));
#5827=FACE_OUTER_BOUND('',#5826,.F.);
#5829=CARTESIAN_POINT('',(0.E0,1.75E-1,0.E0));
#5830=DIRECTION('',(0.E0,1.E0,0.E0));
#5831=DIRECTION('',(0.E0,0.E0,1.E0));
#5832=AXIS2_PLACEMENT_3D('',#5829,#5830,#5831);
#5833=PLANE('',#5832);
#5834=ORIENTED_EDGE('',*,*,#4681,.F.);
#5836=ORIENTED_EDGE('',*,*,#5835,.T.);
#5837=ORIENTED_EDGE('',*,*,#5820,.T.);
#5838=ORIENTED_EDGE('',*,*,#4660,.T.);
#5840=ORIENTED_EDGE('',*,*,#5839,.T.);
#5842=ORIENTED_EDGE('',*,*,#5841,.T.);
#5843=EDGE_LOOP('',(#5834,#5836,#5837,#5838,#5840,#5842));
#5844=FACE_OUTER_BOUND('',#5843,.F.);
#5846=CARTESIAN_POINT('',(1.5E0,1.75E-1,-1.325E0));
#5847=DIRECTION('',(0.E0,0.E0,-1.E0));
#5848=DIRECTION('',(-1.E0,0.E0,0.E0));
#5849=AXIS2_PLACEMENT_3D('',#5846,#5847,#5848);
#5850=PLANE('',#5849);
#5851=ORIENTED_EDGE('',*,*,#4679,.F.);
#5852=ORIENTED_EDGE('',*,*,#4469,.T.);
#5853=ORIENTED_EDGE('',*,*,#5020,.T.);
#5854=ORIENTED_EDGE('',*,*,#5822,.F.);
#5855=ORIENTED_EDGE('',*,*,#5835,.F.);
#5856=EDGE_LOOP('',(#5851,#5852,#5853,#5854,#5855));
#5857=FACE_OUTER_BOUND('',#5856,.F.);
#5859=CARTESIAN_POINT('',(1.125E0,1.75E-1,-1.5E0));
#5860=DIRECTION('',(-1.E0,0.E0,0.E0));
#5861=DIRECTION('',(0.E0,0.E0,1.E0));
#5862=AXIS2_PLACEMENT_3D('',#5859,#5860,#5861);
#5863=PLANE('',#5862);
#5864=ORIENTED_EDGE('',*,*,#4658,.F.);
#5865=ORIENTED_EDGE('',*,*,#4485,.T.);
#5866=ORIENTED_EDGE('',*,*,#5025,.T.);
#5868=ORIENTED_EDGE('',*,*,#5867,.F.);
#5869=ORIENTED_EDGE('',*,*,#5839,.F.);
#5870=EDGE_LOOP('',(#5864,#5865,#5866,#5868,#5869));
#5871=FACE_OUTER_BOUND('',#5870,.F.);
#5873=CARTESIAN_POINT('',(1.125E0,1.75E-1,-1.125E0));
#5874=DIRECTION('',(0.E0,0.E0,1.E0));
#5875=DIRECTION('',(1.E0,0.E0,0.E0));
#5876=AXIS2_PLACEMENT_3D('',#5873,#5874,#5875);
#5877=PLANE('',#5876);
#5878=ORIENTED_EDGE('',*,*,#4683,.T.);
#5879=ORIENTED_EDGE('',*,*,#5841,.F.);
#5880=ORIENTED_EDGE('',*,*,#5867,.T.);
#5881=ORIENTED_EDGE('',*,*,#5023,.T.);
#5882=ORIENTED_EDGE('',*,*,#4445,.T.);
#5883=EDGE_LOOP('',(#5878,#5879,#5880,#5881,#5882));
#5884=FACE_OUTER_BOUND('',#5883,.F.);
#5886=CARTESIAN_POINT('',(1.5E0,-2.5E-2,-3.75E-1));
#5887=DIRECTION('',(0.E0,0.E0,-1.E0));
#5888=DIRECTION('',(-1.E0,0.E0,0.E0));
#5889=AXIS2_PLACEMENT_3D('',#5886,#5887,#5888);
#5890=PLANE('',#5889);
#5891=ORIENTED_EDGE('',*,*,#4433,.T.);
#5892=ORIENTED_EDGE('',*,*,#4903,.F.);
#5893=ORIENTED_EDGE('',*,*,#3773,.T.);
#5895=ORIENTED_EDGE('',*,*,#5894,.T.);
#5897=ORIENTED_EDGE('',*,*,#5896,.F.);
#5898=ORIENTED_EDGE('',*,*,#4693,.F.);
#5899=EDGE_LOOP('',(#5891,#5892,#5893,#5895,#5897,#5898));
#5900=FACE_OUTER_BOUND('',#5899,.F.);
#5902=CARTESIAN_POINT('',(1.225E0,-2.5E-2,-2.5E-1));
#5903=DIRECTION('',(0.E0,1.E0,0.E0));
#5904=DIRECTION('',(1.E0,0.E0,0.E0));
#5905=AXIS2_PLACEMENT_3D('',#5902,#5903,#5904);
#5906=CYLINDRICAL_SURFACE('',#5905,1.25E-1);
#5907=ORIENTED_EDGE('',*,*,#5894,.F.);
#5908=ORIENTED_EDGE('',*,*,#3771,.T.);
#5910=ORIENTED_EDGE('',*,*,#5909,.T.);
#5912=ORIENTED_EDGE('',*,*,#5911,.F.);
#5913=EDGE_LOOP('',(#5907,#5908,#5910,#5912));
#5914=FACE_OUTER_BOUND('',#5913,.F.);
#5916=CARTESIAN_POINT('',(1.225E0,-2.5E-2,-1.25E-1));
#5917=DIRECTION('',(0.E0,0.E0,1.E0));
#5918=DIRECTION('',(1.E0,0.E0,0.E0));
#5919=AXIS2_PLACEMENT_3D('',#5916,#5917,#5918);
#5920=PLANE('',#5919);
#5921=ORIENTED_EDGE('',*,*,#4413,.T.);
#5922=ORIENTED_EDGE('',*,*,#4697,.T.);
#5924=ORIENTED_EDGE('',*,*,#5923,.F.);
#5925=ORIENTED_EDGE('',*,*,#5909,.F.);
#5926=ORIENTED_EDGE('',*,*,#3769,.F.);
#5927=ORIENTED_EDGE('',*,*,#4920,.T.);
#5928=EDGE_LOOP('',(#5921,#5922,#5924,#5925,#5926,#5927));
#5929=FACE_OUTER_BOUND('',#5928,.F.);
#5931=CARTESIAN_POINT('',(0.E0,1.75E-1,0.E0));
#5932=DIRECTION('',(0.E0,1.E0,0.E0));
#5933=DIRECTION('',(1.E0,0.E0,0.E0));
#5934=AXIS2_PLACEMENT_3D('',#5931,#5932,#5933);
#5935=PLANE('',#5934);
#5936=ORIENTED_EDGE('',*,*,#4695,.T.);
#5937=ORIENTED_EDGE('',*,*,#5896,.T.);
#5938=ORIENTED_EDGE('',*,*,#5911,.T.);
#5939=ORIENTED_EDGE('',*,*,#5923,.T.);
#5940=EDGE_LOOP('',(#5936,#5937,#5938,#5939));
#5941=FACE_OUTER_BOUND('',#5940,.F.);
#5943=CARTESIAN_POINT('',(1.5E0,-2.5E-2,1.25E-1));
#5944=DIRECTION('',(0.E0,0.E0,-1.E0));
#5945=DIRECTION('',(-1.E0,0.E0,0.E0));
#5946=AXIS2_PLACEMENT_3D('',#5943,#5944,#5945);
#5947=PLANE('',#5946);
#5948=ORIENTED_EDGE('',*,*,#4417,.T.);
#5949=ORIENTED_EDGE('',*,*,#4917,.F.);
#5950=ORIENTED_EDGE('',*,*,#3765,.T.);
#5952=ORIENTED_EDGE('',*,*,#5951,.T.);
#5954=ORIENTED_EDGE('',*,*,#5953,.F.);
#5955=ORIENTED_EDGE('',*,*,#4700,.F.);
#5956=EDGE_LOOP('',(#5948,#5949,#5950,#5952,#5954,#5955));
#5957=FACE_OUTER_BOUND('',#5956,.F.);
#5959=CARTESIAN_POINT('',(1.225E0,-2.5E-2,2.5E-1));
#5960=DIRECTION('',(0.E0,1.E0,0.E0));
#5961=DIRECTION('',(1.E0,0.E0,0.E0));
#5962=AXIS2_PLACEMENT_3D('',#5959,#5960,#5961);
#5963=CYLINDRICAL_SURFACE('',#5962,1.25E-1);
#5964=ORIENTED_EDGE('',*,*,#5951,.F.);
#5965=ORIENTED_EDGE('',*,*,#3763,.T.);
#5967=ORIENTED_EDGE('',*,*,#5966,.T.);
#5969=ORIENTED_EDGE('',*,*,#5968,.F.);
#5970=EDGE_LOOP('',(#5964,#5965,#5967,#5969));
#5971=FACE_OUTER_BOUND('',#5970,.F.);
#5973=CARTESIAN_POINT('',(1.225E0,-2.5E-2,3.75E-1));
#5974=DIRECTION('',(0.E0,0.E0,1.E0));
#5975=DIRECTION('',(1.E0,0.E0,0.E0));
#5976=AXIS2_PLACEMENT_3D('',#5973,#5974,#5975);
#5977=PLANE('',#5976);
#5978=ORIENTED_EDGE('',*,*,#4397,.T.);
#5979=ORIENTED_EDGE('',*,*,#4704,.T.);
#5981=ORIENTED_EDGE('',*,*,#5980,.F.);
#5982=ORIENTED_EDGE('',*,*,#5966,.F.);
#5983=ORIENTED_EDGE('',*,*,#3761,.F.);
#5984=ORIENTED_EDGE('',*,*,#4934,.T.);
#5985=EDGE_LOOP('',(#5978,#5979,#5981,#5982,#5983,#5984));
#5986=FACE_OUTER_BOUND('',#5985,.F.);
#5988=CARTESIAN_POINT('',(0.E0,1.75E-1,0.E0));
#5989=DIRECTION('',(0.E0,1.E0,0.E0));
#5990=DIRECTION('',(1.E0,0.E0,0.E0));
#5991=AXIS2_PLACEMENT_3D('',#5988,#5989,#5990);
#5992=PLANE('',#5991);
#5993=ORIENTED_EDGE('',*,*,#4702,.T.);
#5994=ORIENTED_EDGE('',*,*,#5953,.T.);
#5995=ORIENTED_EDGE('',*,*,#5968,.T.);
#5996=ORIENTED_EDGE('',*,*,#5980,.T.);
#5997=EDGE_LOOP('',(#5993,#5994,#5995,#5996));
#5998=FACE_OUTER_BOUND('',#5997,.F.);
#6000=CARTESIAN_POINT('',(1.5E0,-2.5E-2,6.25E-1));
#6001=DIRECTION('',(0.E0,0.E0,-1.E0));
#6002=DIRECTION('',(-1.E0,0.E0,0.E0));
#6003=AXIS2_PLACEMENT_3D('',#6000,#6001,#6002);
#6004=PLANE('',#6003);
#6005=ORIENTED_EDGE('',*,*,#4401,.T.);
#6006=ORIENTED_EDGE('',*,*,#4931,.F.);
#6007=ORIENTED_EDGE('',*,*,#3757,.T.);
#6009=ORIENTED_EDGE('',*,*,#6008,.T.);
#6011=ORIENTED_EDGE('',*,*,#6010,.F.);
#6012=ORIENTED_EDGE('',*,*,#4707,.F.);
#6013=EDGE_LOOP('',(#6005,#6006,#6007,#6009,#6011,#6012));
#6014=FACE_OUTER_BOUND('',#6013,.F.);
#6016=CARTESIAN_POINT('',(1.225E0,-2.5E-2,7.5E-1));
#6017=DIRECTION('',(0.E0,1.E0,0.E0));
#6018=DIRECTION('',(1.E0,0.E0,0.E0));
#6019=AXIS2_PLACEMENT_3D('',#6016,#6017,#6018);
#6020=CYLINDRICAL_SURFACE('',#6019,1.25E-1);
#6021=ORIENTED_EDGE('',*,*,#6008,.F.);
#6022=ORIENTED_EDGE('',*,*,#3755,.T.);
#6024=ORIENTED_EDGE('',*,*,#6023,.T.);
#6026=ORIENTED_EDGE('',*,*,#6025,.F.);
#6027=EDGE_LOOP('',(#6021,#6022,#6024,#6026));
#6028=FACE_OUTER_BOUND('',#6027,.F.);
#6030=CARTESIAN_POINT('',(1.225E0,-2.5E-2,8.75E-1));
#6031=DIRECTION('',(0.E0,0.E0,1.E0));
#6032=DIRECTION('',(1.E0,0.E0,0.E0));
#6033=AXIS2_PLACEMENT_3D('',#6030,#6031,#6032);
#6034=PLANE('',#6033);
#6035=ORIENTED_EDGE('',*,*,#4381,.T.);
#6036=ORIENTED_EDGE('',*,*,#4711,.T.);
#6038=ORIENTED_EDGE('',*,*,#6037,.F.);
#6039=ORIENTED_EDGE('',*,*,#6023,.F.);
#6040=ORIENTED_EDGE('',*,*,#3753,.F.);
#6041=ORIENTED_EDGE('',*,*,#4949,.T.);
#6042=EDGE_LOOP('',(#6035,#6036,#6038,#6039,#6040,#6041));
#6043=FACE_OUTER_BOUND('',#6042,.F.);
#6045=CARTESIAN_POINT('',(0.E0,1.75E-1,0.E0));
#6046=DIRECTION('',(0.E0,1.E0,0.E0));
#6047=DIRECTION('',(1.E0,0.E0,0.E0));
#6048=AXIS2_PLACEMENT_3D('',#6045,#6046,#6047);
#6049=PLANE('',#6048);
#6050=ORIENTED_EDGE('',*,*,#4709,.T.);
#6051=ORIENTED_EDGE('',*,*,#6010,.T.);
#6052=ORIENTED_EDGE('',*,*,#6025,.T.);
#6053=ORIENTED_EDGE('',*,*,#6037,.T.);
#6054=EDGE_LOOP('',(#6050,#6051,#6052,#6053));
#6055=FACE_OUTER_BOUND('',#6054,.F.);
#6057=CARTESIAN_POINT('',(0.E0,1.75E-1,0.E0));
#6058=DIRECTION('',(0.E0,-1.E0,0.E0));
#6059=DIRECTION('',(1.E0,0.E0,0.E0));
#6060=AXIS2_PLACEMENT_3D('',#6057,#6058,#6059);
#6061=PLANE('',#6060);
#6062=ORIENTED_EDGE('',*,*,#4742,.T.);
#6063=ORIENTED_EDGE('',*,*,#4155,.F.);
#6065=ORIENTED_EDGE('',*,*,#6064,.F.);
#6067=ORIENTED_EDGE('',*,*,#6066,.F.);
#6068=EDGE_LOOP('',(#6062,#6063,#6065,#6067));
#6069=FACE_OUTER_BOUND('',#6068,.F.);
#6071=CARTESIAN_POINT('',(7.5E-1,-2.5E-2,1.225E0));
#6072=DIRECTION('',(0.E0,-1.E0,0.E0));
#6073=DIRECTION('',(1.E0,0.E0,0.E0));
#6074=AXIS2_PLACEMENT_3D('',#6071,#6072,#6073);
#6075=CYLINDRICAL_SURFACE('',#6074,1.25E-1);
#6077=ORIENTED_EDGE('',*,*,#6076,.T.);
#6078=ORIENTED_EDGE('',*,*,#6064,.T.);
#6079=ORIENTED_EDGE('',*,*,#4153,.F.);
#6080=ORIENTED_EDGE('',*,*,#3881,.F.);
#6081=EDGE_LOOP('',(#6077,#6078,#6079,#6080));
#6082=FACE_OUTER_BOUND('',#6081,.F.);
#6084=CARTESIAN_POINT('',(6.25E-1,-2.5E-2,1.5E0));
#6085=DIRECTION('',(1.E0,0.E0,0.E0));
#6086=DIRECTION('',(0.E0,0.E0,-1.E0));
#6087=AXIS2_PLACEMENT_3D('',#6084,#6085,#6086);
#6088=PLANE('',#6087);
#6089=ORIENTED_EDGE('',*,*,#4333,.F.);
#6090=ORIENTED_EDGE('',*,*,#4744,.T.);
#6091=ORIENTED_EDGE('',*,*,#6066,.T.);
#6092=ORIENTED_EDGE('',*,*,#6076,.F.);
#6093=ORIENTED_EDGE('',*,*,#3879,.F.);
#6094=ORIENTED_EDGE('',*,*,#4090,.T.);
#6095=EDGE_LOOP('',(#6089,#6090,#6091,#6092,#6093,#6094));
#6096=FACE_OUTER_BOUND('',#6095,.F.);
#6098=CARTESIAN_POINT('',(3.75E-1,-2.5E-2,1.225E0));
#6099=DIRECTION('',(-1.E0,0.E0,0.E0));
#6100=DIRECTION('',(0.E0,0.E0,1.E0));
#6101=AXIS2_PLACEMENT_3D('',#6098,#6099,#6100);
#6102=PLANE('',#6101);
#6103=ORIENTED_EDGE('',*,*,#4336,.F.);
#6104=ORIENTED_EDGE('',*,*,#4086,.F.);
#6105=ORIENTED_EDGE('',*,*,#3875,.T.);
#6107=ORIENTED_EDGE('',*,*,#6106,.T.);
#6109=ORIENTED_EDGE('',*,*,#6108,.T.);
#6110=ORIENTED_EDGE('',*,*,#4747,.F.);
#6111=EDGE_LOOP('',(#6103,#6104,#6105,#6107,#6109,#6110));
#6112=FACE_OUTER_BOUND('',#6111,.F.);
#6114=CARTESIAN_POINT('',(2.5E-1,-2.5E-2,1.225E0));
#6115=DIRECTION('',(0.E0,-1.E0,0.E0));
#6116=DIRECTION('',(1.E0,0.E0,0.E0));
#6117=AXIS2_PLACEMENT_3D('',#6114,#6115,#6116);
#6118=CYLINDRICAL_SURFACE('',#6117,1.25E-1);
#6120=ORIENTED_EDGE('',*,*,#6119,.T.);
#6122=ORIENTED_EDGE('',*,*,#6121,.T.);
#6123=ORIENTED_EDGE('',*,*,#6106,.F.);
#6124=ORIENTED_EDGE('',*,*,#3873,.F.);
#6125=EDGE_LOOP('',(#6120,#6122,#6123,#6124));
#6126=FACE_OUTER_BOUND('',#6125,.F.);
#6128=CARTESIAN_POINT('',(1.25E-1,-2.5E-2,1.5E0));
#6129=DIRECTION('',(1.E0,0.E0,0.E0));
#6130=DIRECTION('',(0.E0,0.E0,-1.E0));
#6131=AXIS2_PLACEMENT_3D('',#6128,#6129,#6130);
#6132=PLANE('',#6131);
#6133=ORIENTED_EDGE('',*,*,#4318,.F.);
#6134=ORIENTED_EDGE('',*,*,#4751,.T.);
#6136=ORIENTED_EDGE('',*,*,#6135,.T.);
#6137=ORIENTED_EDGE('',*,*,#6119,.F.);
#6138=ORIENTED_EDGE('',*,*,#3871,.F.);
#6139=ORIENTED_EDGE('',*,*,#4105,.T.);
#6140=EDGE_LOOP('',(#6133,#6134,#6136,#6137,#6138,#6139));
#6141=FACE_OUTER_BOUND('',#6140,.F.);
#6143=CARTESIAN_POINT('',(0.E0,1.75E-1,0.E0));
#6144=DIRECTION('',(0.E0,-1.E0,0.E0));
#6145=DIRECTION('',(1.E0,0.E0,0.E0));
#6146=AXIS2_PLACEMENT_3D('',#6143,#6144,#6145);
#6147=PLANE('',#6146);
#6148=ORIENTED_EDGE('',*,*,#4749,.T.);
#6149=ORIENTED_EDGE('',*,*,#6108,.F.);
#6150=ORIENTED_EDGE('',*,*,#6121,.F.);
#6151=ORIENTED_EDGE('',*,*,#6135,.F.);
#6152=EDGE_LOOP('',(#6148,#6149,#6150,#6151));
#6153=FACE_OUTER_BOUND('',#6152,.F.);
#6155=CARTESIAN_POINT('',(-1.25E-1,-2.5E-2,1.225E0));
#6156=DIRECTION('',(-1.E0,0.E0,0.E0));
#6157=DIRECTION('',(0.E0,0.E0,1.E0));
#6158=AXIS2_PLACEMENT_3D('',#6155,#6156,#6157);
#6159=PLANE('',#6158);
#6160=ORIENTED_EDGE('',*,*,#4321,.F.);
#6161=ORIENTED_EDGE('',*,*,#4101,.F.);
#6162=ORIENTED_EDGE('',*,*,#3867,.T.);
#6164=ORIENTED_EDGE('',*,*,#6163,.T.);
#6166=ORIENTED_EDGE('',*,*,#6165,.T.);
#6167=ORIENTED_EDGE('',*,*,#4754,.F.);
#6168=EDGE_LOOP('',(#6160,#6161,#6162,#6164,#6166,#6167));
#6169=FACE_OUTER_BOUND('',#6168,.F.);
#6171=CARTESIAN_POINT('',(-2.5E-1,-2.5E-2,1.225E0));
#6172=DIRECTION('',(0.E0,-1.E0,0.E0));
#6173=DIRECTION('',(1.E0,0.E0,0.E0));
#6174=AXIS2_PLACEMENT_3D('',#6171,#6172,#6173);
#6175=CYLINDRICAL_SURFACE('',#6174,1.25E-1);
#6177=ORIENTED_EDGE('',*,*,#6176,.T.);
#6179=ORIENTED_EDGE('',*,*,#6178,.T.);
#6180=ORIENTED_EDGE('',*,*,#6163,.F.);
#6181=ORIENTED_EDGE('',*,*,#3865,.F.);
#6182=EDGE_LOOP('',(#6177,#6179,#6180,#6181));
#6183=FACE_OUTER_BOUND('',#6182,.F.);
#6185=CARTESIAN_POINT('',(-3.75E-1,-2.5E-2,1.5E0));
#6186=DIRECTION('',(1.E0,0.E0,0.E0));
#6187=DIRECTION('',(0.E0,0.E0,-1.E0));
#6188=AXIS2_PLACEMENT_3D('',#6185,#6186,#6187);
#6189=PLANE('',#6188);
#6190=ORIENTED_EDGE('',*,*,#4303,.F.);
#6191=ORIENTED_EDGE('',*,*,#4758,.T.);
#6193=ORIENTED_EDGE('',*,*,#6192,.T.);
#6194=ORIENTED_EDGE('',*,*,#6176,.F.);
#6195=ORIENTED_EDGE('',*,*,#3863,.F.);
#6196=ORIENTED_EDGE('',*,*,#4120,.T.);
#6197=EDGE_LOOP('',(#6190,#6191,#6193,#6194,#6195,#6196));
#6198=FACE_OUTER_BOUND('',#6197,.F.);
#6200=CARTESIAN_POINT('',(0.E0,1.75E-1,0.E0));
#6201=DIRECTION('',(0.E0,-1.E0,0.E0));
#6202=DIRECTION('',(1.E0,0.E0,0.E0));
#6203=AXIS2_PLACEMENT_3D('',#6200,#6201,#6202);
#6204=PLANE('',#6203);
#6205=ORIENTED_EDGE('',*,*,#4756,.T.);
#6206=ORIENTED_EDGE('',*,*,#6165,.F.);
#6207=ORIENTED_EDGE('',*,*,#6178,.F.);
#6208=ORIENTED_EDGE('',*,*,#6192,.F.);
#6209=EDGE_LOOP('',(#6205,#6206,#6207,#6208));
#6210=FACE_OUTER_BOUND('',#6209,.F.);
#6212=CARTESIAN_POINT('',(-6.25E-1,-2.5E-2,1.225E0));
#6213=DIRECTION('',(-1.E0,0.E0,0.E0));
#6214=DIRECTION('',(0.E0,0.E0,1.E0));
#6215=AXIS2_PLACEMENT_3D('',#6212,#6213,#6214);
#6216=PLANE('',#6215);
#6217=ORIENTED_EDGE('',*,*,#4306,.F.);
#6218=ORIENTED_EDGE('',*,*,#4116,.F.);
#6219=ORIENTED_EDGE('',*,*,#3859,.T.);
#6221=ORIENTED_EDGE('',*,*,#6220,.T.);
#6223=ORIENTED_EDGE('',*,*,#6222,.T.);
#6224=ORIENTED_EDGE('',*,*,#4761,.F.);
#6225=EDGE_LOOP('',(#6217,#6218,#6219,#6221,#6223,#6224));
#6226=FACE_OUTER_BOUND('',#6225,.F.);
#6228=CARTESIAN_POINT('',(-7.5E-1,-2.5E-2,1.225E0));
#6229=DIRECTION('',(0.E0,-1.E0,0.E0));
#6230=DIRECTION('',(1.E0,0.E0,0.E0));
#6231=AXIS2_PLACEMENT_3D('',#6228,#6229,#6230);
#6232=CYLINDRICAL_SURFACE('',#6231,1.25E-1);
#6234=ORIENTED_EDGE('',*,*,#6233,.T.);
#6236=ORIENTED_EDGE('',*,*,#6235,.T.);
#6237=ORIENTED_EDGE('',*,*,#6220,.F.);
#6238=ORIENTED_EDGE('',*,*,#3857,.F.);
#6239=EDGE_LOOP('',(#6234,#6236,#6237,#6238));
#6240=FACE_OUTER_BOUND('',#6239,.F.);
#6242=CARTESIAN_POINT('',(-8.75E-1,-2.5E-2,1.5E0));
#6243=DIRECTION('',(1.E0,0.E0,0.E0));
#6244=DIRECTION('',(0.E0,0.E0,-1.E0));
#6245=AXIS2_PLACEMENT_3D('',#6242,#6243,#6244);
#6246=PLANE('',#6245);
#6247=ORIENTED_EDGE('',*,*,#4288,.F.);
#6248=ORIENTED_EDGE('',*,*,#4765,.T.);
#6250=ORIENTED_EDGE('',*,*,#6249,.T.);
#6251=ORIENTED_EDGE('',*,*,#6233,.F.);
#6252=ORIENTED_EDGE('',*,*,#3855,.F.);
#6253=ORIENTED_EDGE('',*,*,#4139,.T.);
#6254=EDGE_LOOP('',(#6247,#6248,#6250,#6251,#6252,#6253));
#6255=FACE_OUTER_BOUND('',#6254,.F.);
#6257=CARTESIAN_POINT('',(0.E0,1.75E-1,0.E0));
#6258=DIRECTION('',(0.E0,-1.E0,0.E0));
#6259=DIRECTION('',(1.E0,0.E0,0.E0));
#6260=AXIS2_PLACEMENT_3D('',#6257,#6258,#6259);
#6261=PLANE('',#6260);
#6262=ORIENTED_EDGE('',*,*,#4763,.T.);
#6263=ORIENTED_EDGE('',*,*,#6222,.F.);
#6264=ORIENTED_EDGE('',*,*,#6235,.F.);
#6265=ORIENTED_EDGE('',*,*,#6249,.F.);
#6266=EDGE_LOOP('',(#6262,#6263,#6264,#6265));
#6267=FACE_OUTER_BOUND('',#6266,.F.);
#6269=CLOSED_SHELL('',(#3899,#3914,#3928,#3942,#3956,#3969,#3992,#4007,#4021,
#4035,#4048,#4060,#4079,#4094,#4109,#4124,#4143,#4161,#4181,#4197,#4213,#4229,
#4245,#4261,#4280,#4295,#4310,#4325,#4340,#4354,#4373,#4389,#4405,#4421,#4437,
#4453,#4473,#4489,#4505,#4521,#4537,#4553,#4610,#4666,#4722,#4776,#4788,#4804,
#4822,#4837,#4853,#4866,#4879,#4896,#4910,#4924,#4938,#4953,#4969,#4983,#4998,
#5010,#5029,#5046,#5060,#5074,#5088,#5103,#5119,#5133,#5148,#5160,#5179,#5195,
#5209,#5223,#5237,#5252,#5268,#5282,#5297,#5309,#5327,#5342,#5359,#5372,#5386,
#5399,#5415,#5429,#5444,#5456,#5472,#5486,#5501,#5513,#5529,#5543,#5558,#5570,
#5585,#5602,#5616,#5629,#5642,#5658,#5672,#5687,#5699,#5715,#5729,#5744,#5756,
#5772,#5786,#5801,#5813,#5828,#5845,#5858,#5872,#5885,#5901,#5915,#5930,#5942,
#5958,#5972,#5987,#5999,#6015,#6029,#6044,#6056,#6070,#6083,#6097,#6113,#6127,
#6142,#6154,#6170,#6184,#6199,#6211,#6227,#6241,#6256,#6268));
#6270=MANIFOLD_SOLID_BREP('',#6269);
#6271=FILL_AREA_STYLE_COLOUR('',#28);
#6272=FILL_AREA_STYLE('',(#6271));
#6273=SURFACE_STYLE_FILL_AREA(#6272);
#6274=SURFACE_SIDE_STYLE('',(#6273));
#6275=SURFACE_STYLE_USAGE(.BOTH.,#6274);
#6276=PRESENTATION_STYLE_ASSIGNMENT((#6275));
#29=STYLED_ITEM('',(#6276),#6270);
#6279=PLANE_ANGLE_MEASURE_WITH_UNIT(PLANE_ANGLE_MEASURE(1.745329251994E-2),
#6278);
#6280=(CONVERSION_BASED_UNIT('DEGREE',#6279)NAMED_UNIT(*)PLANE_ANGLE_UNIT());
#6282=UNCERTAINTY_MEASURE_WITH_UNIT(LENGTH_MEASURE(4.666718079641E-4),#6277,
'distance_accuracy_value',
'Maximum model space distance between geometric entities at asserted connectivities');
#6284=CARTESIAN_POINT('',(0.E0,0.E0,0.E0));
#6285=DIRECTION('',(0.E0,0.E0,1.E0));
#6286=DIRECTION('',(1.E0,0.E0,0.E0));
#6289=APPLICATION_CONTEXT('automotive_design');
#6290=APPLICATION_PROTOCOL_DEFINITION('international standard',
'automotive_design',2001,#6289);
#6291=PRODUCT_DEFINITION_CONTEXT('part definition',#6289,'design');
#6292=PRODUCT_CONTEXT('',#6289,'mechanical');
#6293=PRODUCT('BODY-QFN_AF0','BODY-QFN_AF0','NOT SPECIFIED',(#6292));
#6294=PRODUCT_DEFINITION_FORMATION('113','LAST_VERSION',#6293);
#6302=DERIVED_UNIT_ELEMENT(#6301,2.E0);
#6303=DERIVED_UNIT((#6302));
#6304=MEASURE_REPRESENTATION_ITEM('surface area measure',AREA_MEASURE(
3.524668053448E1),#6303);
#6309=DERIVED_UNIT_ELEMENT(#6308,3.E0);
#6310=DERIVED_UNIT((#6309));
#6311=MEASURE_REPRESENTATION_ITEM('volume measure',VOLUME_MEASURE(
7.892491417599E0),#6310);
#6315=CARTESIAN_POINT('centre point',(-4.151942817837E-4,5.318391354689E-1,
-4.151942805745E-4));
#6320=DERIVED_UNIT_ELEMENT(#6319,2.E0);
#6321=DERIVED_UNIT((#6320));
#6322=MEASURE_REPRESENTATION_ITEM('surface area measure',AREA_MEASURE(
3.524668053448E1),#6321);
#6327=DERIVED_UNIT_ELEMENT(#6326,3.E0);
#6328=DERIVED_UNIT((#6327));
#6329=MEASURE_REPRESENTATION_ITEM('volume measure',VOLUME_MEASURE(
7.892491417599E0),#6328);
#6333=CARTESIAN_POINT('centre point',(-4.151942817837E-4,5.318391354689E-1,
-4.151942805745E-4));
#6338=(GEOMETRIC_REPRESENTATION_CONTEXT(2)PARAMETRIC_REPRESENTATION_CONTEXT()REPRESENTATION_CONTEXT('2D coordinate system context','2'));
#6339=DRAUGHTING_MODEL('Default',(#6351,#6352,#6368),#6338);
#6340=PRESENTATION_VIEW('Default',(#6359,#6372),#6338);
#6341=CARTESIAN_POINT('',(0.E0,0.E0,0.E0));
#6342=CARTESIAN_POINT('',(-2.555402020261E0,-1.727613296015E0,
9.197875820909E0));
#6343=DIRECTION('',(0.E0,0.E0,1.E0));
#6344=DIRECTION('',(1.E0,0.E0,0.E0));
#6345=AXIS2_PLACEMENT_3D('',#6342,#6343,#6344);
#6347=VIEW_VOLUME(.PARALLEL.,#6341,9.197875820909E0,9.197875820909E0,.T.,0.E0,
.F.,.T.,#6346);
#6348=CARTESIAN_POINT('',(1.228140430081E0,6.341795508709E0,7.238020973464E0));
#6349=DIRECTION('',(3.894183423087E-1,7.214918620107E-1,5.725406952575E-1));
#6350=DIRECTION('',(9.210609940029E-1,-3.050418666329E-1,-2.420663234065E-1));
#6351=AXIS2_PLACEMENT_3D('',#6348,#6349,#6350);
#6352=CAMERA_MODEL_D3_WITH_HLHSR('DEFAULT',#6351,#6347,.F.);
#6354=CARTESIAN_POINT('',(-5.308946428523E2,-3.589183371159E2,
1.910894239037E3));
#6355=DIRECTION('',(0.E0,0.E0,1.E0));
#6356=DIRECTION('',(1.E0,0.E0,0.E0));
#6357=AXIS2_PLACEMENT_3D('',#6354,#6355,#6356);
#6359=(CAMERA_IMAGE()CAMERA_IMAGE_3D_WITH_SCALE()GEOMETRIC_REPRESENTATION_ITEM()MAPPED_ITEM(#6353,#6358)REPRESENTATION_ITEM(''));
#6360=CARTESIAN_POINT('',(-2.555402020261E0,-1.727613296015E0,
9.197875820909E0));
#6361=DIRECTION('',(0.E0,0.E0,1.E0));
#6362=DIRECTION('',(1.E0,0.E0,0.E0));
#6363=AXIS2_PLACEMENT_3D('',#6360,#6361,#6362);
#6364=REPRESENTATION_MAP(#6363,#6288);
#6365=CARTESIAN_POINT('',(0.E0,0.E0));
#6366=DIRECTION('',(1.E0,0.E0));
#6367=AXIS2_PLACEMENT_2D('',#6365,#6366);
#6368=MAPPED_ITEM('',#6364,#6367);
#6369=CARTESIAN_POINT('',(-2.555402020261E0,-1.727613296015E0,
9.197875820909E0));
#6370=DIRECTION('',(0.E0,0.E0,1.E0));
#6371=DIRECTION('',(1.E0,0.E0,0.E0));
#6372=AXIS2_PLACEMENT_3D('',#6369,#6370,#6371);
#6373=REPRESENTATION_MAP(#6372,#6340);
#6374=CARTESIAN_POINT('',(0.E0,0.E0));
#6375=DIRECTION('',(1.E0,0.E0));
#6376=AXIS2_PLACEMENT_2D('',#6374,#6375);
#6377=MAPPED_ITEM('',#6373,#6376);
#6379=CARTESIAN_POINT('',(0.E0,0.E0));
#6380=DIRECTION('',(1.E0,0.E0));
#6381=AXIS2_PLACEMENT_2D('',#6379,#6380);
#6382=PLANAR_BOX('',1.E3,8.4375E2,#6381);
#6383=PRESENTATION_SIZE(#6378,#6382);
#6384=PRESENTATION_SET();
#6385=AREA_IN_SET(#6378,#6384);
#6386=APPLIED_PRESENTED_ITEM((#6295));
#6387=PRESENTED_ITEM_REPRESENTATION(#6384,#6386);
#6393=CARTESIAN_POINT('centre point',(-4.151942817837E-4,4.151942805745E-4,
5.568391354689E-1));
#6397=CARTESIAN_POINT('',(0.E0,0.E0,2.5E-2));
#6398=DIRECTION('',(0.E0,-1.E0,0.E0));
#6399=DIRECTION('',(1.E0,0.E0,0.E0));
#6400=AXIS2_PLACEMENT_3D('',#6397,#6398,#6399);
#6401=ITEM_DEFINED_TRANSFORMATION('','',#6287,#6400);
#6402=(REPRESENTATION_RELATIONSHIP('','',#6288,#6390)REPRESENTATION_RELATIONSHIP_WITH_TRANSFORMATION(#6401)SHAPE_REPRESENTATION_RELATIONSHIP());
#6403=CONTEXT_DEPENDENT_SHAPE_REPRESENTATION(#6402,#6392);
#6406=DIRECTION('',(-7.071067811865E-1,0.E0,7.071067811865E-1));
#6407=VECTOR('',#6406,4.949747468306E-1);
#6408=CARTESIAN_POINT('',(-4.8E-1,1.E-1,-8.3E-1));
#6409=LINE('',#6408,#6407);
#6410=CURVE_STYLE('',#34,POSITIVE_LENGTH_MEASURE(2.E-2),#6404);
#6411=PRESENTATION_STYLE_ASSIGNMENT((#6410));
#6412=STYLED_ITEM('',(#6411),#6409);
#6413=DIRECTION('',(0.E0,1.E0,0.E0));
#6414=VECTOR('',#6413,1.E-1);
#6415=CARTESIAN_POINT('',(-8.3E-1,0.E0,-4.8E-1));
#6416=LINE('',#6415,#6414);
#6417=CURVE_STYLE('',#34,POSITIVE_LENGTH_MEASURE(2.E-2),#6404);
#6418=PRESENTATION_STYLE_ASSIGNMENT((#6417));
#6419=STYLED_ITEM('',(#6418),#6416);
#6420=DIRECTION('',(0.E0,-1.E0,0.E0));
#6421=VECTOR('',#6420,1.E-1);
#6422=CARTESIAN_POINT('',(-8.3E-1,1.E-1,8.3E-1));
#6423=LINE('',#6422,#6421);
#6424=CURVE_STYLE('',#34,POSITIVE_LENGTH_MEASURE(2.E-2),#6404);
#6425=PRESENTATION_STYLE_ASSIGNMENT((#6424));
#6426=STYLED_ITEM('',(#6425),#6423);
#6427=DIRECTION('',(0.E0,0.E0,1.E0));
#6428=VECTOR('',#6427,1.86E0);
#6429=CARTESIAN_POINT('',(-9.3E-1,1.E-1,-9.3E-1));
#6430=LINE('',#6429,#6428);
#6431=CURVE_STYLE('',#34,POSITIVE_LENGTH_MEASURE(2.E-2),#6404);
#6432=PRESENTATION_STYLE_ASSIGNMENT((#6431));
#6433=STYLED_ITEM('',(#6432),#6430);
#6434=DIRECTION('',(1.E0,0.E0,0.E0));
#6435=VECTOR('',#6434,1.86E0);
#6436=CARTESIAN_POINT('',(-9.3E-1,1.E-1,9.3E-1));
#6437=LINE('',#6436,#6435);
#6438=CURVE_STYLE('',#34,POSITIVE_LENGTH_MEASURE(2.E-2),#6404);
#6439=PRESENTATION_STYLE_ASSIGNMENT((#6438));
#6440=STYLED_ITEM('',(#6439),#6437);
#6441=DIRECTION('',(0.E0,0.E0,-1.E0));
#6442=VECTOR('',#6441,1.86E0);
#6443=CARTESIAN_POINT('',(9.3E-1,1.E-1,9.3E-1));
#6444=LINE('',#6443,#6442);
#6445=CURVE_STYLE('',#34,POSITIVE_LENGTH_MEASURE(2.E-2),#6404);
#6446=PRESENTATION_STYLE_ASSIGNMENT((#6445));
#6447=STYLED_ITEM('',(#6446),#6444);
#6448=DIRECTION('',(-1.E0,0.E0,0.E0));
#6449=VECTOR('',#6448,1.86E0);
#6450=CARTESIAN_POINT('',(9.3E-1,1.E-1,-9.3E-1));
#6451=LINE('',#6450,#6449);
#6452=CURVE_STYLE('',#34,POSITIVE_LENGTH_MEASURE(2.E-2),#6404);
#6453=PRESENTATION_STYLE_ASSIGNMENT((#6452));
#6454=STYLED_ITEM('',(#6453),#6451);
#6455=DIRECTION('',(0.E0,0.E0,-1.E0));
#6456=VECTOR('',#6455,1.31E0);
#6457=CARTESIAN_POINT('',(-8.3E-1,1.E-1,8.3E-1));
#6458=LINE('',#6457,#6456);
#6459=CURVE_STYLE('',#34,POSITIVE_LENGTH_MEASURE(2.E-2),#6404);
#6460=PRESENTATION_STYLE_ASSIGNMENT((#6459));
#6461=STYLED_ITEM('',(#6460),#6458);
#6462=DIRECTION('',(1.E0,0.E0,0.E0));
#6463=VECTOR('',#6462,1.31E0);
#6464=CARTESIAN_POINT('',(-4.8E-1,1.E-1,-8.3E-1));
#6465=LINE('',#6464,#6463);
#6466=CURVE_STYLE('',#34,POSITIVE_LENGTH_MEASURE(2.E-2),#6404);
#6467=PRESENTATION_STYLE_ASSIGNMENT((#6466));
#6468=STYLED_ITEM('',(#6467),#6465);
#6469=DIRECTION('',(0.E0,0.E0,1.E0));
#6470=VECTOR('',#6469,1.66E0);
#6471=CARTESIAN_POINT('',(8.3E-1,1.E-1,-8.3E-1));
#6472=LINE('',#6471,#6470);
#6473=CURVE_STYLE('',#34,POSITIVE_LENGTH_MEASURE(2.E-2),#6404);
#6474=PRESENTATION_STYLE_ASSIGNMENT((#6473));
#6475=STYLED_ITEM('',(#6474),#6472);
#6476=DIRECTION('',(-1.E0,0.E0,0.E0));
#6477=VECTOR('',#6476,1.66E0);
#6478=CARTESIAN_POINT('',(8.3E-1,1.E-1,8.3E-1));
#6479=LINE('',#6478,#6477);
#6480=CURVE_STYLE('',#34,POSITIVE_LENGTH_MEASURE(2.E-2),#6404);
#6481=PRESENTATION_STYLE_ASSIGNMENT((#6480));
#6482=STYLED_ITEM('',(#6481),#6479);
#6483=DIRECTION('',(0.E0,1.E0,0.E0));
#6484=VECTOR('',#6483,1.E-1);
#6485=CARTESIAN_POINT('',(-9.3E-1,1.E-1,-9.3E-1));
#6486=LINE('',#6485,#6484);
#6487=CURVE_STYLE('',#34,POSITIVE_LENGTH_MEASURE(2.E-2),#6404);
#6488=PRESENTATION_STYLE_ASSIGNMENT((#6487));
#6489=STYLED_ITEM('',(#6488),#6486);
#6490=DIRECTION('',(0.E0,1.E0,0.E0));
#6491=VECTOR('',#6490,1.E-1);
#6492=CARTESIAN_POINT('',(9.3E-1,1.E-1,-9.3E-1));
#6493=LINE('',#6492,#6491);
#6494=CURVE_STYLE('',#34,POSITIVE_LENGTH_MEASURE(2.E-2),#6404);
#6495=PRESENTATION_STYLE_ASSIGNMENT((#6494));
#6496=STYLED_ITEM('',(#6495),#6493);
#6497=DIRECTION('',(0.E0,1.E0,0.E0));
#6498=VECTOR('',#6497,1.E-1);
#6499=CARTESIAN_POINT('',(9.3E-1,1.E-1,9.3E-1));
#6500=LINE('',#6499,#6498);
#6501=CURVE_STYLE('',#34,POSITIVE_LENGTH_MEASURE(2.E-2),#6404);
#6502=PRESENTATION_STYLE_ASSIGNMENT((#6501));
#6503=STYLED_ITEM('',(#6502),#6500);
#6504=DIRECTION('',(0.E0,1.E0,0.E0));
#6505=VECTOR('',#6504,1.E-1);
#6506=CARTESIAN_POINT('',(-9.3E-1,1.E-1,9.3E-1));
#6507=LINE('',#6506,#6505);
#6508=CURVE_STYLE('',#34,POSITIVE_LENGTH_MEASURE(2.E-2),#6404);
#6509=PRESENTATION_STYLE_ASSIGNMENT((#6508));
#6510=STYLED_ITEM('',(#6509),#6507);
#6511=DIRECTION('',(0.E0,0.E0,1.E0));
#6512=VECTOR('',#6511,1.86E0);
#6513=CARTESIAN_POINT('',(-9.3E-1,2.E-1,-9.3E-1));
#6514=LINE('',#6513,#6512);
#6515=CURVE_STYLE('',#34,POSITIVE_LENGTH_MEASURE(2.E-2),#6404);
#6516=PRESENTATION_STYLE_ASSIGNMENT((#6515));
#6517=STYLED_ITEM('',(#6516),#6514);
#6518=DIRECTION('',(-1.E0,0.E0,0.E0));
#6519=VECTOR('',#6518,1.86E0);
#6520=CARTESIAN_POINT('',(9.3E-1,2.E-1,-9.3E-1));
#6521=LINE('',#6520,#6519);
#6522=CURVE_STYLE('',#34,POSITIVE_LENGTH_MEASURE(2.E-2),#6404);
#6523=PRESENTATION_STYLE_ASSIGNMENT((#6522));
#6524=STYLED_ITEM('',(#6523),#6521);
#6525=DIRECTION('',(0.E0,0.E0,-1.E0));
#6526=VECTOR('',#6525,1.86E0);
#6527=CARTESIAN_POINT('',(9.3E-1,2.E-1,9.3E-1));
#6528=LINE('',#6527,#6526);
#6529=CURVE_STYLE('',#34,POSITIVE_LENGTH_MEASURE(2.E-2),#6404);
#6530=PRESENTATION_STYLE_ASSIGNMENT((#6529));
#6531=STYLED_ITEM('',(#6530),#6528);
#6532=DIRECTION('',(1.E0,0.E0,0.E0));
#6533=VECTOR('',#6532,1.86E0);
#6534=CARTESIAN_POINT('',(-9.3E-1,2.E-1,9.3E-1));
#6535=LINE('',#6534,#6533);
#6536=CURVE_STYLE('',#34,POSITIVE_LENGTH_MEASURE(2.E-2),#6404);
#6537=PRESENTATION_STYLE_ASSIGNMENT((#6536));
#6538=STYLED_ITEM('',(#6537),#6535);
#6539=DIRECTION('',(0.E0,1.E0,0.E0));
#6540=VECTOR('',#6539,1.E-1);
#6541=CARTESIAN_POINT('',(-4.8E-1,0.E0,-8.3E-1));
#6542=LINE('',#6541,#6540);
#6543=CURVE_STYLE('',#34,POSITIVE_LENGTH_MEASURE(2.E-2),#6404);
#6544=PRESENTATION_STYLE_ASSIGNMENT((#6543));
#6545=STYLED_ITEM('',(#6544),#6542);
#6546=DIRECTION('',(7.071067811865E-1,0.E0,-7.071067811865E-1));
#6547=VECTOR('',#6546,4.949747468306E-1);
#6548=CARTESIAN_POINT('',(-8.3E-1,0.E0,-4.8E-1));
#6549=LINE('',#6548,#6547);
#6550=CURVE_STYLE('',#34,POSITIVE_LENGTH_MEASURE(2.E-2),#6404);
#6551=PRESENTATION_STYLE_ASSIGNMENT((#6550));
#6552=STYLED_ITEM('',(#6551),#6549);
#6553=DIRECTION('',(0.E0,0.E0,-1.E0));
#6554=VECTOR('',#6553,1.31E0);
#6555=CARTESIAN_POINT('',(-8.3E-1,0.E0,8.3E-1));
#6556=LINE('',#6555,#6554);
#6557=CURVE_STYLE('',#34,POSITIVE_LENGTH_MEASURE(2.E-2),#6404);
#6558=PRESENTATION_STYLE_ASSIGNMENT((#6557));
#6559=STYLED_ITEM('',(#6558),#6556);
#6560=DIRECTION('',(-1.E0,0.E0,0.E0));
#6561=VECTOR('',#6560,1.66E0);
#6562=CARTESIAN_POINT('',(8.3E-1,0.E0,8.3E-1));
#6563=LINE('',#6562,#6561);
#6564=CURVE_STYLE('',#34,POSITIVE_LENGTH_MEASURE(2.E-2),#6404);
#6565=PRESENTATION_STYLE_ASSIGNMENT((#6564));
#6566=STYLED_ITEM('',(#6565),#6563);
#6567=DIRECTION('',(0.E0,0.E0,1.E0));
#6568=VECTOR('',#6567,1.66E0);
#6569=CARTESIAN_POINT('',(8.3E-1,0.E0,-8.3E-1));
#6570=LINE('',#6569,#6568);
#6571=CURVE_STYLE('',#34,POSITIVE_LENGTH_MEASURE(2.E-2),#6404);
#6572=PRESENTATION_STYLE_ASSIGNMENT((#6571));
#6573=STYLED_ITEM('',(#6572),#6570);
#6574=DIRECTION('',(1.E0,0.E0,0.E0));
#6575=VECTOR('',#6574,1.31E0);
#6576=CARTESIAN_POINT('',(-4.8E-1,0.E0,-8.3E-1));
#6577=LINE('',#6576,#6575);
#6578=CURVE_STYLE('',#34,POSITIVE_LENGTH_MEASURE(2.E-2),#6404);
#6579=PRESENTATION_STYLE_ASSIGNMENT((#6578));
#6580=STYLED_ITEM('',(#6579),#6577);
#6581=DIRECTION('',(0.E0,-1.E0,0.E0));
#6582=VECTOR('',#6581,1.E-1);
#6583=CARTESIAN_POINT('',(8.3E-1,1.E-1,8.3E-1));
#6584=LINE('',#6583,#6582);
#6585=CURVE_STYLE('',#34,POSITIVE_LENGTH_MEASURE(2.E-2),#6404);
#6586=PRESENTATION_STYLE_ASSIGNMENT((#6585));
#6587=STYLED_ITEM('',(#6586),#6584);
#6588=DIRECTION('',(0.E0,-1.E0,0.E0));
#6589=VECTOR('',#6588,1.E-1);
#6590=CARTESIAN_POINT('',(8.3E-1,1.E-1,-8.3E-1));
#6591=LINE('',#6590,#6589);
#6592=CURVE_STYLE('',#34,POSITIVE_LENGTH_MEASURE(2.E-2),#6404);
#6593=PRESENTATION_STYLE_ASSIGNMENT((#6592));
#6594=STYLED_ITEM('',(#6593),#6591);
#6595=CARTESIAN_POINT('',(-9.3E-1,1.E-1,-9.3E-1));
#6596=CARTESIAN_POINT('',(-9.3E-1,1.E-1,9.3E-1));
#6597=VERTEX_POINT('',#6595);
#6598=VERTEX_POINT('',#6596);
#6599=CARTESIAN_POINT('',(9.3E-1,1.E-1,9.3E-1));
#6600=VERTEX_POINT('',#6599);
#6601=CARTESIAN_POINT('',(9.3E-1,1.E-1,-9.3E-1));
#6602=VERTEX_POINT('',#6601);
#6603=CARTESIAN_POINT('',(-9.3E-1,2.E-1,-9.3E-1));
#6604=CARTESIAN_POINT('',(-9.3E-1,2.E-1,9.3E-1));
#6605=VERTEX_POINT('',#6603);
#6606=VERTEX_POINT('',#6604);
#6607=CARTESIAN_POINT('',(9.3E-1,2.E-1,9.3E-1));
#6608=VERTEX_POINT('',#6607);
#6609=CARTESIAN_POINT('',(9.3E-1,2.E-1,-9.3E-1));
#6610=VERTEX_POINT('',#6609);
#6611=CARTESIAN_POINT('',(8.3E-1,0.E0,8.3E-1));
#6612=CARTESIAN_POINT('',(-8.3E-1,0.E0,8.3E-1));
#6613=VERTEX_POINT('',#6611);
#6614=VERTEX_POINT('',#6612);
#6615=CARTESIAN_POINT('',(8.3E-1,0.E0,-8.3E-1));
#6616=VERTEX_POINT('',#6615);
#6617=CARTESIAN_POINT('',(8.3E-1,1.E-1,8.3E-1));
#6618=CARTESIAN_POINT('',(-8.3E-1,1.E-1,8.3E-1));
#6619=VERTEX_POINT('',#6617);
#6620=VERTEX_POINT('',#6618);
#6621=CARTESIAN_POINT('',(8.3E-1,1.E-1,-8.3E-1));
#6622=VERTEX_POINT('',#6621);
#6623=CARTESIAN_POINT('',(-8.3E-1,0.E0,-4.8E-1));
#6624=CARTESIAN_POINT('',(-8.3E-1,1.E-1,-4.8E-1));
#6625=VERTEX_POINT('',#6623);
#6626=VERTEX_POINT('',#6624);
#6627=CARTESIAN_POINT('',(-4.8E-1,0.E0,-8.3E-1));
#6628=VERTEX_POINT('',#6627);
#6629=CARTESIAN_POINT('',(-4.8E-1,1.E-1,-8.3E-1));
#6630=VERTEX_POINT('',#6629);
#6631=CARTESIAN_POINT('',(-6.55E-1,5.E-2,-6.55E-1));
#6632=DIRECTION('',(-7.071067811865E-1,0.E0,-7.071067811865E-1));
#6633=DIRECTION('',(-7.071067811865E-1,0.E0,7.071067811865E-1));
#6634=AXIS2_PLACEMENT_3D('',#6631,#6632,#6633);
#6635=PLANE('',#6634);
#6637=ORIENTED_EDGE('',*,*,#6636,.F.);
#6639=ORIENTED_EDGE('',*,*,#6638,.T.);
#6641=ORIENTED_EDGE('',*,*,#6640,.T.);
#6643=ORIENTED_EDGE('',*,*,#6642,.T.);
#6644=EDGE_LOOP('',(#6637,#6639,#6641,#6643));
#6645=FACE_OUTER_BOUND('',#6644,.F.);
#6647=CARTESIAN_POINT('',(-8.3E-1,1.E-1,8.3E-1));
#6648=DIRECTION('',(-1.E0,0.E0,0.E0));
#6649=DIRECTION('',(0.E0,0.E0,-1.E0));
#6650=AXIS2_PLACEMENT_3D('',#6647,#6648,#6649);
#6651=PLANE('',#6650);
#6652=ORIENTED_EDGE('',*,*,#6636,.T.);
#6654=ORIENTED_EDGE('',*,*,#6653,.F.);
#6656=ORIENTED_EDGE('',*,*,#6655,.T.);
#6658=ORIENTED_EDGE('',*,*,#6657,.T.);
#6659=EDGE_LOOP('',(#6652,#6654,#6656,#6658));
#6660=FACE_OUTER_BOUND('',#6659,.F.);
#6662=CARTESIAN_POINT('',(0.E0,1.E-1,0.E0));
#6663=DIRECTION('',(0.E0,1.E0,0.E0));
#6664=DIRECTION('',(1.E0,0.E0,0.E0));
#6665=AXIS2_PLACEMENT_3D('',#6662,#6663,#6664);
#6666=PLANE('',#6665);
#6668=ORIENTED_EDGE('',*,*,#6667,.T.);
#6670=ORIENTED_EDGE('',*,*,#6669,.T.);
#6672=ORIENTED_EDGE('',*,*,#6671,.T.);
#6674=ORIENTED_EDGE('',*,*,#6673,.T.);
#6675=EDGE_LOOP('',(#6668,#6670,#6672,#6674));
#6676=FACE_OUTER_BOUND('',#6675,.F.);
#6677=ORIENTED_EDGE('',*,*,#6653,.T.);
#6678=ORIENTED_EDGE('',*,*,#6642,.F.);
#6680=ORIENTED_EDGE('',*,*,#6679,.T.);
#6682=ORIENTED_EDGE('',*,*,#6681,.T.);
#6684=ORIENTED_EDGE('',*,*,#6683,.T.);
#6685=EDGE_LOOP('',(#6677,#6678,#6680,#6682,#6684));
#6686=FACE_BOUND('',#6685,.F.);
#6688=CARTESIAN_POINT('',(-9.3E-1,1.E-1,-9.3E-1));
#6689=DIRECTION('',(-1.E0,0.E0,0.E0));
#6690=DIRECTION('',(0.E0,0.E0,1.E0));
#6691=AXIS2_PLACEMENT_3D('',#6688,#6689,#6690);
#6692=PLANE('',#6691);
#6693=ORIENTED_EDGE('',*,*,#6667,.F.);
#6695=ORIENTED_EDGE('',*,*,#6694,.T.);
#6697=ORIENTED_EDGE('',*,*,#6696,.T.);
#6699=ORIENTED_EDGE('',*,*,#6698,.F.);
#6700=EDGE_LOOP('',(#6693,#6695,#6697,#6699));
#6701=FACE_OUTER_BOUND('',#6700,.F.);
#6703=CARTESIAN_POINT('',(9.3E-1,1.E-1,-9.3E-1));
#6704=DIRECTION('',(0.E0,0.E0,-1.E0));
#6705=DIRECTION('',(-1.E0,0.E0,0.E0));
#6706=AXIS2_PLACEMENT_3D('',#6703,#6704,#6705);
#6707=PLANE('',#6706);
#6708=ORIENTED_EDGE('',*,*,#6673,.F.);
#6710=ORIENTED_EDGE('',*,*,#6709,.T.);
#6712=ORIENTED_EDGE('',*,*,#6711,.T.);
#6713=ORIENTED_EDGE('',*,*,#6694,.F.);
#6714=EDGE_LOOP('',(#6708,#6710,#6712,#6713));
#6715=FACE_OUTER_BOUND('',#6714,.F.);
#6717=CARTESIAN_POINT('',(9.3E-1,1.E-1,9.3E-1));
#6718=DIRECTION('',(1.E0,0.E0,0.E0));
#6719=DIRECTION('',(0.E0,0.E0,-1.E0));
#6720=AXIS2_PLACEMENT_3D('',#6717,#6718,#6719);
#6721=PLANE('',#6720);
#6722=ORIENTED_EDGE('',*,*,#6671,.F.);
#6724=ORIENTED_EDGE('',*,*,#6723,.T.);
#6726=ORIENTED_EDGE('',*,*,#6725,.T.);
#6727=ORIENTED_EDGE('',*,*,#6709,.F.);
#6728=EDGE_LOOP('',(#6722,#6724,#6726,#6727));
#6729=FACE_OUTER_BOUND('',#6728,.F.);
#6731=CARTESIAN_POINT('',(-9.3E-1,1.E-1,9.3E-1));
#6732=DIRECTION('',(0.E0,0.E0,1.E0));
#6733=DIRECTION('',(1.E0,0.E0,0.E0));
#6734=AXIS2_PLACEMENT_3D('',#6731,#6732,#6733);
#6735=PLANE('',#6734);
#6736=ORIENTED_EDGE('',*,*,#6669,.F.);
#6737=ORIENTED_EDGE('',*,*,#6698,.T.);
#6739=ORIENTED_EDGE('',*,*,#6738,.T.);
#6740=ORIENTED_EDGE('',*,*,#6723,.F.);
#6741=EDGE_LOOP('',(#6736,#6737,#6739,#6740));
#6742=FACE_OUTER_BOUND('',#6741,.F.);
#6744=CARTESIAN_POINT('',(0.E0,2.E-1,0.E0));
#6745=DIRECTION('',(0.E0,1.E0,0.E0));
#6746=DIRECTION('',(1.E0,0.E0,0.E0));
#6747=AXIS2_PLACEMENT_3D('',#6744,#6745,#6746);
#6748=PLANE('',#6747);
#6749=ORIENTED_EDGE('',*,*,#6696,.F.);
#6750=ORIENTED_EDGE('',*,*,#6711,.F.);
#6751=ORIENTED_EDGE('',*,*,#6725,.F.);
#6752=ORIENTED_EDGE('',*,*,#6738,.F.);
#6753=EDGE_LOOP('',(#6749,#6750,#6751,#6752));
#6754=FACE_OUTER_BOUND('',#6753,.F.);
#6756=CARTESIAN_POINT('',(-8.3E-1,1.E-1,-8.3E-1));
#6757=DIRECTION('',(0.E0,0.E0,-1.E0));
#6758=DIRECTION('',(1.E0,0.E0,0.E0));
#6759=AXIS2_PLACEMENT_3D('',#6756,#6757,#6758);
#6760=PLANE('',#6759);
#6761=ORIENTED_EDGE('',*,*,#6640,.F.);
#6763=ORIENTED_EDGE('',*,*,#6762,.T.);
#6765=ORIENTED_EDGE('',*,*,#6764,.F.);
#6766=ORIENTED_EDGE('',*,*,#6679,.F.);
#6767=EDGE_LOOP('',(#6761,#6763,#6765,#6766));
#6768=FACE_OUTER_BOUND('',#6767,.F.);
#6770=CARTESIAN_POINT('',(0.E0,0.E0,0.E0));
#6771=DIRECTION('',(0.E0,-1.E0,0.E0));
#6772=DIRECTION('',(-1.E0,0.E0,0.E0));
#6773=AXIS2_PLACEMENT_3D('',#6770,#6771,#6772);
#6774=PLANE('',#6773);
#6775=ORIENTED_EDGE('',*,*,#6638,.F.);
#6776=ORIENTED_EDGE('',*,*,#6657,.F.);
#6778=ORIENTED_EDGE('',*,*,#6777,.F.);
#6780=ORIENTED_EDGE('',*,*,#6779,.F.);
#6781=ORIENTED_EDGE('',*,*,#6762,.F.);
#6782=EDGE_LOOP('',(#6775,#6776,#6778,#6780,#6781));
#6783=FACE_OUTER_BOUND('',#6782,.F.);
#6785=FILL_AREA_STYLE_COLOUR('',#27);
#6786=FILL_AREA_STYLE('',(#6785));
#6787=SURFACE_STYLE_FILL_AREA(#6786);
#6788=SURFACE_SIDE_STYLE('',(#6787));
#6789=SURFACE_STYLE_USAGE(.POSITIVE.,#6788);
#6790=FILL_AREA_STYLE_COLOUR('',#6404);
#6791=FILL_AREA_STYLE('',(#6790));
#6792=SURFACE_STYLE_FILL_AREA(#6791);
#6793=SURFACE_SIDE_STYLE('',(#6792));
#6794=SURFACE_STYLE_USAGE(.NEGATIVE.,#6793);
#6795=PRESENTATION_STYLE_ASSIGNMENT((#6789,#6794));
#6796=OVER_RIDING_STYLED_ITEM('',(#6795),#6784,#6405);
#6797=CARTESIAN_POINT('',(8.3E-1,1.E-1,8.3E-1));
#6798=DIRECTION('',(0.E0,0.E0,1.E0));
#6799=DIRECTION('',(-1.E0,0.E0,0.E0));
#6800=AXIS2_PLACEMENT_3D('',#6797,#6798,#6799);
#6801=PLANE('',#6800);
#6802=ORIENTED_EDGE('',*,*,#6683,.F.);
#6804=ORIENTED_EDGE('',*,*,#6803,.T.);
#6805=ORIENTED_EDGE('',*,*,#6777,.T.);
#6806=ORIENTED_EDGE('',*,*,#6655,.F.);
#6807=EDGE_LOOP('',(#6802,#6804,#6805,#6806));
#6808=FACE_OUTER_BOUND('',#6807,.F.);
#6810=CARTESIAN_POINT('',(8.3E-1,1.E-1,-8.3E-1));
#6811=DIRECTION('',(1.E0,0.E0,0.E0));
#6812=DIRECTION('',(0.E0,0.E0,1.E0));
#6813=AXIS2_PLACEMENT_3D('',#6810,#6811,#6812);
#6814=PLANE('',#6813);
#6815=ORIENTED_EDGE('',*,*,#6681,.F.);
#6816=ORIENTED_EDGE('',*,*,#6764,.T.);
#6817=ORIENTED_EDGE('',*,*,#6779,.T.);
#6818=ORIENTED_EDGE('',*,*,#6803,.F.);
#6819=EDGE_LOOP('',(#6815,#6816,#6817,#6818));
#6820=FACE_OUTER_BOUND('',#6819,.F.);
#6822=CLOSED_SHELL('',(#6646,#6661,#6687,#6702,#6716,#6730,#6743,#6755,#6769,
#6784,#6809,#6821));
#6823=MANIFOLD_SOLID_BREP('',#6822);
#6824=FILL_AREA_STYLE_COLOUR('',#6404);
#6825=FILL_AREA_STYLE('',(#6824));
#6826=SURFACE_STYLE_FILL_AREA(#6825);
#6827=SURFACE_SIDE_STYLE('',(#6826));
#6828=SURFACE_STYLE_USAGE(.BOTH.,#6827);
#6829=PRESENTATION_STYLE_ASSIGNMENT((#6828));
#6405=STYLED_ITEM('',(#6829),#6823);
#6831=DIRECTION('',(0.E0,0.E0,-1.E0));
#6832=VECTOR('',#6831,2.5E-1);
#6833=CARTESIAN_POINT('',(1.45E0,0.E0,8.75E-1));
#6834=LINE('',#6833,#6832);
#6835=CURVE_STYLE('',#34,POSITIVE_LENGTH_MEASURE(2.E-2),#6404);
#6836=PRESENTATION_STYLE_ASSIGNMENT((#6835));
#6837=STYLED_ITEM('',(#6836),#6834);
#6838=DIRECTION('',(-1.E0,0.E0,0.E0));
#6839=VECTOR('',#6838,2.25E-1);
#6840=CARTESIAN_POINT('',(1.45E0,0.E0,6.25E-1));
#6841=LINE('',#6840,#6839);
#6842=CURVE_STYLE('',#34,POSITIVE_LENGTH_MEASURE(2.E-2),#6404);
#6843=PRESENTATION_STYLE_ASSIGNMENT((#6842));
#6844=STYLED_ITEM('',(#6843),#6841);
#6845=CARTESIAN_POINT('',(1.225E0,0.E0,7.5E-1));
#6846=DIRECTION('',(0.E0,1.E0,0.E0));
#6847=DIRECTION('',(0.E0,0.E0,-1.E0));
#6848=AXIS2_PLACEMENT_3D('',#6845,#6846,#6847);
#6850=CURVE_STYLE('',#34,POSITIVE_LENGTH_MEASURE(2.E-2),#6404);
#6851=PRESENTATION_STYLE_ASSIGNMENT((#6850));
#6852=STYLED_ITEM('',(#6851),#6849);
#6853=DIRECTION('',(1.E0,0.E0,0.E0));
#6854=VECTOR('',#6853,2.25E-1);
#6855=CARTESIAN_POINT('',(1.225E0,0.E0,8.75E-1));
#6856=LINE('',#6855,#6854);
#6857=CURVE_STYLE('',#34,POSITIVE_LENGTH_MEASURE(2.E-2),#6404);
#6858=PRESENTATION_STYLE_ASSIGNMENT((#6857));
#6859=STYLED_ITEM('',(#6858),#6856);
#6860=DIRECTION('',(1.E0,0.E0,0.E0));
#6861=VECTOR('',#6860,5.E-2);
#6862=CARTESIAN_POINT('',(1.45E0,1.E-1,8.75E-1));
#6863=LINE('',#6862,#6861);
#6864=CURVE_STYLE('',#34,POSITIVE_LENGTH_MEASURE(2.E-2),#6404);
#6865=PRESENTATION_STYLE_ASSIGNMENT((#6864));
#6866=STYLED_ITEM('',(#6865),#6863);
#6867=DIRECTION('',(0.E0,1.E0,0.E0));
#6868=VECTOR('',#6867,1.E-1);
#6869=CARTESIAN_POINT('',(1.45E0,0.E0,8.75E-1));
#6870=LINE('',#6869,#6868);
#6871=CURVE_STYLE('',#34,POSITIVE_LENGTH_MEASURE(2.E-2),#6404);
#6872=PRESENTATION_STYLE_ASSIGNMENT((#6871));
#6873=STYLED_ITEM('',(#6872),#6870);
#6874=DIRECTION('',(0.E0,1.E0,0.E0));
#6875=VECTOR('',#6874,2.E-1);
#6876=CARTESIAN_POINT('',(1.225E0,0.E0,8.75E-1));
#6877=LINE('',#6876,#6875);
#6878=CURVE_STYLE('',#34,POSITIVE_LENGTH_MEASURE(2.E-2),#6404);
#6879=PRESENTATION_STYLE_ASSIGNMENT((#6878));
#6880=STYLED_ITEM('',(#6879),#6877);
#6881=DIRECTION('',(0.E0,0.E0,1.E0));
#6882=VECTOR('',#6881,2.5E-1);
#6883=CARTESIAN_POINT('',(1.45E0,1.E-1,6.25E-1));
#6884=LINE('',#6883,#6882);
#6885=CURVE_STYLE('',#34,POSITIVE_LENGTH_MEASURE(2.E-2),#6404);
#6886=PRESENTATION_STYLE_ASSIGNMENT((#6885));
#6887=STYLED_ITEM('',(#6886),#6884);
#6888=DIRECTION('',(-1.E0,0.E0,0.E0));
#6889=VECTOR('',#6888,5.E-2);
#6890=CARTESIAN_POINT('',(1.5E0,1.E-1,6.25E-1));
#6891=LINE('',#6890,#6889);
#6892=CURVE_STYLE('',#34,POSITIVE_LENGTH_MEASURE(2.E-2),#6404);
#6893=PRESENTATION_STYLE_ASSIGNMENT((#6892));
#6894=STYLED_ITEM('',(#6893),#6891);
#6895=DIRECTION('',(0.E0,1.E0,0.E0));
#6896=VECTOR('',#6895,1.E-1);
#6897=CARTESIAN_POINT('',(1.5E0,1.E-1,6.25E-1));
#6898=LINE('',#6897,#6896);
#6899=CURVE_STYLE('',#34,POSITIVE_LENGTH_MEASURE(2.E-2),#6404);
#6900=PRESENTATION_STYLE_ASSIGNMENT((#6899));
#6901=STYLED_ITEM('',(#6900),#6898);
#6902=DIRECTION('',(0.E0,1.E0,0.E0));
#6903=VECTOR('',#6902,1.E-1);
#6904=CARTESIAN_POINT('',(1.45E0,0.E0,6.25E-1));
#6905=LINE('',#6904,#6903);
#6906=CURVE_STYLE('',#34,POSITIVE_LENGTH_MEASURE(2.E-2),#6404);
#6907=PRESENTATION_STYLE_ASSIGNMENT((#6906));
#6908=STYLED_ITEM('',(#6907),#6905);
#6909=DIRECTION('',(0.E0,0.E0,-1.E0));
#6910=VECTOR('',#6909,2.5E-1);
#6911=CARTESIAN_POINT('',(1.5E0,1.E-1,8.75E-1));
#6912=LINE('',#6911,#6910);
#6913=CURVE_STYLE('',#34,POSITIVE_LENGTH_MEASURE(2.E-2),#6404);
#6914=PRESENTATION_STYLE_ASSIGNMENT((#6913));
#6915=STYLED_ITEM('',(#6914),#6912);
#6916=DIRECTION('',(0.E0,1.E0,0.E0));
#6917=VECTOR('',#6916,1.E-1);
#6918=CARTESIAN_POINT('',(1.5E0,1.E-1,8.75E-1));
#6919=LINE('',#6918,#6917);
#6920=CURVE_STYLE('',#34,POSITIVE_LENGTH_MEASURE(2.E-2),#6404);
#6921=PRESENTATION_STYLE_ASSIGNMENT((#6920));
#6922=STYLED_ITEM('',(#6921),#6919);
#6923=DIRECTION('',(-1.E0,0.E0,0.E0));
#6924=VECTOR('',#6923,2.75E-1);
#6925=CARTESIAN_POINT('',(1.5E0,2.E-1,6.25E-1));
#6926=LINE('',#6925,#6924);
#6927=CURVE_STYLE('',#34,POSITIVE_LENGTH_MEASURE(2.E-2),#6404);
#6928=PRESENTATION_STYLE_ASSIGNMENT((#6927));
#6929=STYLED_ITEM('',(#6928),#6926);
#6930=DIRECTION('',(0.E0,0.E0,-1.E0));
#6931=VECTOR('',#6930,2.5E-1);
#6932=CARTESIAN_POINT('',(1.5E0,2.E-1,8.75E-1));
#6933=LINE('',#6932,#6931);
#6934=CURVE_STYLE('',#34,POSITIVE_LENGTH_MEASURE(2.E-2),#6404);
#6935=PRESENTATION_STYLE_ASSIGNMENT((#6934));
#6936=STYLED_ITEM('',(#6935),#6933);
#6937=DIRECTION('',(1.E0,0.E0,0.E0));
#6938=VECTOR('',#6937,2.75E-1);
#6939=CARTESIAN_POINT('',(1.225E0,2.E-1,8.75E-1));
#6940=LINE('',#6939,#6938);
#6941=CURVE_STYLE('',#34,POSITIVE_LENGTH_MEASURE(2.E-2),#6404);
#6942=PRESENTATION_STYLE_ASSIGNMENT((#6941));
#6943=STYLED_ITEM('',(#6942),#6940);
#6944=CARTESIAN_POINT('',(1.225E0,2.E-1,7.5E-1));
#6945=DIRECTION('',(0.E0,1.E0,0.E0));
#6946=DIRECTION('',(0.E0,0.E0,-1.E0));
#6947=AXIS2_PLACEMENT_3D('',#6944,#6945,#6946);
#6949=CURVE_STYLE('',#34,POSITIVE_LENGTH_MEASURE(2.E-2),#6404);
#6950=PRESENTATION_STYLE_ASSIGNMENT((#6949));
#6951=STYLED_ITEM('',(#6950),#6948);
#6952=DIRECTION('',(0.E0,1.E0,0.E0));
#6953=VECTOR('',#6952,2.E-1);
#6954=CARTESIAN_POINT('',(1.225E0,0.E0,6.25E-1));
#6955=LINE('',#6954,#6953);
#6956=CURVE_STYLE('',#34,POSITIVE_LENGTH_MEASURE(2.E-2),#6404);
#6957=PRESENTATION_STYLE_ASSIGNMENT((#6956));
#6958=STYLED_ITEM('',(#6957),#6955);
#6959=CARTESIAN_POINT('',(1.225E0,0.E0,6.25E-1));
#6960=CARTESIAN_POINT('',(1.225E0,0.E0,8.75E-1));
#6961=VERTEX_POINT('',#6959);
#6962=VERTEX_POINT('',#6960);
#6963=CARTESIAN_POINT('',(1.5E0,2.E-1,6.25E-1));
#6964=CARTESIAN_POINT('',(1.225E0,2.E-1,6.25E-1));
#6965=VERTEX_POINT('',#6963);
#6966=VERTEX_POINT('',#6964);
#6967=CARTESIAN_POINT('',(1.225E0,2.E-1,8.75E-1));
#6968=VERTEX_POINT('',#6967);
#6969=CARTESIAN_POINT('',(1.5E0,2.E-1,8.75E-1));
#6970=VERTEX_POINT('',#6969);
#6971=CARTESIAN_POINT('',(1.45E0,0.E0,8.75E-1));
#6972=CARTESIAN_POINT('',(1.45E0,0.E0,6.25E-1));
#6973=VERTEX_POINT('',#6971);
#6974=VERTEX_POINT('',#6972);
#6975=CARTESIAN_POINT('',(1.5E0,1.E-1,6.25E-1));
#6976=CARTESIAN_POINT('',(1.45E0,1.E-1,6.25E-1));
#6977=VERTEX_POINT('',#6975);
#6978=VERTEX_POINT('',#6976);
#6979=CARTESIAN_POINT('',(1.45E0,1.E-1,8.75E-1));
#6980=CARTESIAN_POINT('',(1.5E0,1.E-1,8.75E-1));
#6981=VERTEX_POINT('',#6979);
#6982=VERTEX_POINT('',#6980);
#6983=CARTESIAN_POINT('',(0.E0,0.E0,0.E0));
#6984=DIRECTION('',(0.E0,1.E0,0.E0));
#6985=DIRECTION('',(1.E0,0.E0,0.E0));
#6986=AXIS2_PLACEMENT_3D('',#6983,#6984,#6985);
#6987=PLANE('',#6986);
#6989=ORIENTED_EDGE('',*,*,#6988,.T.);
#6991=ORIENTED_EDGE('',*,*,#6990,.T.);
#6993=ORIENTED_EDGE('',*,*,#6992,.T.);
#6995=ORIENTED_EDGE('',*,*,#6994,.T.);
#6996=EDGE_LOOP('',(#6989,#6991,#6993,#6995));
#6997=FACE_OUTER_BOUND('',#6996,.F.);
#6999=FILL_AREA_STYLE_COLOUR('',#27);
#7000=FILL_AREA_STYLE('',(#6999));
#7001=SURFACE_STYLE_FILL_AREA(#7000);
#7002=SURFACE_SIDE_STYLE('',(#7001));
#7003=SURFACE_STYLE_USAGE(.POSITIVE.,#7002);
#7004=PRESENTATION_STYLE_ASSIGNMENT((#7003));
#7005=OVER_RIDING_STYLED_ITEM('',(#7004),#6998,#6830);
#7006=CARTESIAN_POINT('',(1.45E0,0.E0,-1.45E0));
#7007=DIRECTION('',(-1.E0,0.E0,0.E0));
#7008=DIRECTION('',(0.E0,0.E0,1.E0));
#7009=AXIS2_PLACEMENT_3D('',#7006,#7007,#7008);
#7010=PLANE('',#7009);
#7011=ORIENTED_EDGE('',*,*,#6988,.F.);
#7013=ORIENTED_EDGE('',*,*,#7012,.T.);
#7015=ORIENTED_EDGE('',*,*,#7014,.F.);
#7017=ORIENTED_EDGE('',*,*,#7016,.F.);
#7018=EDGE_LOOP('',(#7011,#7013,#7015,#7017));
#7019=FACE_OUTER_BOUND('',#7018,.F.);
#7021=FILL_AREA_STYLE_COLOUR('',#27);
#7022=FILL_AREA_STYLE('',(#7021));
#7023=SURFACE_STYLE_FILL_AREA(#7022);
#7024=SURFACE_SIDE_STYLE('',(#7023));
#7025=SURFACE_STYLE_USAGE(.POSITIVE.,#7024);
#7026=PRESENTATION_STYLE_ASSIGNMENT((#7025));
#7027=OVER_RIDING_STYLED_ITEM('',(#7026),#7020,#6830);
#7028=CARTESIAN_POINT('',(1.225E0,0.E0,8.75E-1));
#7029=DIRECTION('',(0.E0,0.E0,1.E0));
#7030=DIRECTION('',(1.E0,0.E0,0.E0));
#7031=AXIS2_PLACEMENT_3D('',#7028,#7029,#7030);
#7032=PLANE('',#7031);
#7034=ORIENTED_EDGE('',*,*,#7033,.F.);
#7035=ORIENTED_EDGE('',*,*,#7012,.F.);
#7036=ORIENTED_EDGE('',*,*,#6994,.F.);
#7038=ORIENTED_EDGE('',*,*,#7037,.T.);
#7040=ORIENTED_EDGE('',*,*,#7039,.T.);
#7042=ORIENTED_EDGE('',*,*,#7041,.F.);
#7043=EDGE_LOOP('',(#7034,#7035,#7036,#7038,#7040,#7042));
#7044=FACE_OUTER_BOUND('',#7043,.F.);
#7046=CARTESIAN_POINT('',(0.E0,1.E-1,0.E0));
#7047=DIRECTION('',(0.E0,1.E0,0.E0));
#7048=DIRECTION('',(1.E0,0.E0,0.E0));
#7049=AXIS2_PLACEMENT_3D('',#7046,#7047,#7048);
#7050=PLANE('',#7049);
#7052=ORIENTED_EDGE('',*,*,#7051,.T.);
#7053=ORIENTED_EDGE('',*,*,#7014,.T.);
#7054=ORIENTED_EDGE('',*,*,#7033,.T.);
#7056=ORIENTED_EDGE('',*,*,#7055,.T.);
#7057=EDGE_LOOP('',(#7052,#7053,#7054,#7056));
#7058=FACE_OUTER_BOUND('',#7057,.F.);
#7060=FILL_AREA_STYLE_COLOUR('',#27);
#7061=FILL_AREA_STYLE('',(#7060));
#7062=SURFACE_STYLE_FILL_AREA(#7061);
#7063=SURFACE_SIDE_STYLE('',(#7062));
#7064=SURFACE_STYLE_USAGE(.POSITIVE.,#7063);
#7065=PRESENTATION_STYLE_ASSIGNMENT((#7064));
#7066=OVER_RIDING_STYLED_ITEM('',(#7065),#7059,#6830);
#7067=CARTESIAN_POINT('',(1.5E0,0.E0,6.25E-1));
#7068=DIRECTION('',(0.E0,0.E0,-1.E0));
#7069=DIRECTION('',(-1.E0,0.E0,0.E0));
#7070=AXIS2_PLACEMENT_3D('',#7067,#7068,#7069);
#7071=PLANE('',#7070);
#7072=ORIENTED_EDGE('',*,*,#7051,.F.);
#7074=ORIENTED_EDGE('',*,*,#7073,.T.);
#7076=ORIENTED_EDGE('',*,*,#7075,.T.);
#7078=ORIENTED_EDGE('',*,*,#7077,.F.);
#7079=ORIENTED_EDGE('',*,*,#6990,.F.);
#7080=ORIENTED_EDGE('',*,*,#7016,.T.);
#7081=EDGE_LOOP('',(#7072,#7074,#7076,#7078,#7079,#7080));
#7082=FACE_OUTER_BOUND('',#7081,.F.);
#7084=CARTESIAN_POINT('',(1.5E0,0.E0,8.75E-1));
#7085=DIRECTION('',(1.E0,0.E0,0.E0));
#7086=DIRECTION('',(0.E0,0.E0,-1.E0));
#7087=AXIS2_PLACEMENT_3D('',#7084,#7085,#7086);
#7088=PLANE('',#7087);
#7089=ORIENTED_EDGE('',*,*,#7055,.F.);
#7090=ORIENTED_EDGE('',*,*,#7041,.T.);
#7092=ORIENTED_EDGE('',*,*,#7091,.T.);
#7093=ORIENTED_EDGE('',*,*,#7073,.F.);
#7094=EDGE_LOOP('',(#7089,#7090,#7092,#7093));
#7095=FACE_OUTER_BOUND('',#7094,.F.);
#7097=CARTESIAN_POINT('',(0.E0,2.E-1,0.E0));
#7098=DIRECTION('',(0.E0,1.E0,0.E0));
#7099=DIRECTION('',(1.E0,0.E0,0.E0));
#7100=AXIS2_PLACEMENT_3D('',#7097,#7098,#7099);
#7101=PLANE('',#7100);
#7102=ORIENTED_EDGE('',*,*,#7075,.F.);
#7103=ORIENTED_EDGE('',*,*,#7091,.F.);
#7104=ORIENTED_EDGE('',*,*,#7039,.F.);
#7106=ORIENTED_EDGE('',*,*,#7105,.F.);
#7107=EDGE_LOOP('',(#7102,#7103,#7104,#7106));
#7108=FACE_OUTER_BOUND('',#7107,.F.);
#7110=CARTESIAN_POINT('',(1.225E0,0.E0,7.5E-1));
#7111=DIRECTION('',(0.E0,1.E0,0.E0));
#7112=DIRECTION('',(1.E0,0.E0,0.E0));
#7113=AXIS2_PLACEMENT_3D('',#7110,#7111,#7112);
#7114=CYLINDRICAL_SURFACE('',#7113,1.25E-1);
#7115=ORIENTED_EDGE('',*,*,#6992,.F.);
#7116=ORIENTED_EDGE('',*,*,#7077,.T.);
#7117=ORIENTED_EDGE('',*,*,#7105,.T.);
#7118=ORIENTED_EDGE('',*,*,#7037,.F.);
#7119=EDGE_LOOP('',(#7115,#7116,#7117,#7118));
#7120=FACE_OUTER_BOUND('',#7119,.F.);
#7122=CLOSED_SHELL('',(#6998,#7020,#7045,#7059,#7083,#7096,#7109,#7121));
#7123=MANIFOLD_SOLID_BREP('',#7122);
#7124=FILL_AREA_STYLE_COLOUR('',#6404);
#7125=FILL_AREA_STYLE('',(#7124));
#7126=SURFACE_STYLE_FILL_AREA(#7125);
#7127=SURFACE_SIDE_STYLE('',(#7126));
#7128=SURFACE_STYLE_USAGE(.POSITIVE.,#7127);
#7129=PRESENTATION_STYLE_ASSIGNMENT((#7128));
#6830=STYLED_ITEM('',(#7129),#7123);
#7131=DIRECTION('',(0.E0,0.E0,-1.E0));
#7132=VECTOR('',#7131,2.5E-1);
#7133=CARTESIAN_POINT('',(1.45E0,0.E0,3.75E-1));
#7134=LINE('',#7133,#7132);
#7135=CURVE_STYLE('',#34,POSITIVE_LENGTH_MEASURE(2.E-2),#6404);
#7136=PRESENTATION_STYLE_ASSIGNMENT((#7135));
#7137=STYLED_ITEM('',(#7136),#7134);
#7138=DIRECTION('',(-1.E0,0.E0,0.E0));
#7139=VECTOR('',#7138,2.25E-1);
#7140=CARTESIAN_POINT('',(1.45E0,0.E0,1.25E-1));
#7141=LINE('',#7140,#7139);
#7142=CURVE_STYLE('',#34,POSITIVE_LENGTH_MEASURE(2.E-2),#6404);
#7143=PRESENTATION_STYLE_ASSIGNMENT((#7142));
#7144=STYLED_ITEM('',(#7143),#7141);
#7145=CARTESIAN_POINT('',(1.225E0,0.E0,2.5E-1));
#7146=DIRECTION('',(0.E0,1.E0,0.E0));
#7147=DIRECTION('',(0.E0,0.E0,-1.E0));
#7148=AXIS2_PLACEMENT_3D('',#7145,#7146,#7147);
#7150=CURVE_STYLE('',#34,POSITIVE_LENGTH_MEASURE(2.E-2),#6404);
#7151=PRESENTATION_STYLE_ASSIGNMENT((#7150));
#7152=STYLED_ITEM('',(#7151),#7149);
#7153=DIRECTION('',(1.E0,0.E0,0.E0));
#7154=VECTOR('',#7153,2.25E-1);
#7155=CARTESIAN_POINT('',(1.225E0,0.E0,3.75E-1));
#7156=LINE('',#7155,#7154);
#7157=CURVE_STYLE('',#34,POSITIVE_LENGTH_MEASURE(2.E-2),#6404);
#7158=PRESENTATION_STYLE_ASSIGNMENT((#7157));
#7159=STYLED_ITEM('',(#7158),#7156);
#7160=DIRECTION('',(1.E0,0.E0,0.E0));
#7161=VECTOR('',#7160,5.E-2);
#7162=CARTESIAN_POINT('',(1.45E0,1.E-1,3.75E-1));
#7163=LINE('',#7162,#7161);
#7164=CURVE_STYLE('',#34,POSITIVE_LENGTH_MEASURE(2.E-2),#6404);
#7165=PRESENTATION_STYLE_ASSIGNMENT((#7164));
#7166=STYLED_ITEM('',(#7165),#7163);
#7167=DIRECTION('',(0.E0,1.E0,0.E0));
#7168=VECTOR('',#7167,1.E-1);
#7169=CARTESIAN_POINT('',(1.45E0,0.E0,3.75E-1));
#7170=LINE('',#7169,#7168);
#7171=CURVE_STYLE('',#34,POSITIVE_LENGTH_MEASURE(2.E-2),#6404);
#7172=PRESENTATION_STYLE_ASSIGNMENT((#7171));
#7173=STYLED_ITEM('',(#7172),#7170);
#7174=DIRECTION('',(0.E0,1.E0,0.E0));
#7175=VECTOR('',#7174,2.E-1);
#7176=CARTESIAN_POINT('',(1.225E0,0.E0,3.75E-1));
#7177=LINE('',#7176,#7175);
#7178=CURVE_STYLE('',#34,POSITIVE_LENGTH_MEASURE(2.E-2),#6404);
#7179=PRESENTATION_STYLE_ASSIGNMENT((#7178));
#7180=STYLED_ITEM('',(#7179),#7177);
#7181=DIRECTION('',(0.E0,0.E0,1.E0));
#7182=VECTOR('',#7181,2.5E-1);
#7183=CARTESIAN_POINT('',(1.45E0,1.E-1,1.25E-1));
#7184=LINE('',#7183,#7182);
#7185=CURVE_STYLE('',#34,POSITIVE_LENGTH_MEASURE(2.E-2),#6404);
#7186=PRESENTATION_STYLE_ASSIGNMENT((#7185));
#7187=STYLED_ITEM('',(#7186),#7184);
#7188=DIRECTION('',(-1.E0,0.E0,0.E0));
#7189=VECTOR('',#7188,5.E-2);
#7190=CARTESIAN_POINT('',(1.5E0,1.E-1,1.25E-1));
#7191=LINE('',#7190,#7189);
#7192=CURVE_STYLE('',#34,POSITIVE_LENGTH_MEASURE(2.E-2),#6404);
#7193=PRESENTATION_STYLE_ASSIGNMENT((#7192));
#7194=STYLED_ITEM('',(#7193),#7191);
#7195=DIRECTION('',(0.E0,1.E0,0.E0));
#7196=VECTOR('',#7195,1.E-1);
#7197=CARTESIAN_POINT('',(1.5E0,1.E-1,1.25E-1));
#7198=LINE('',#7197,#7196);
#7199=CURVE_STYLE('',#34,POSITIVE_LENGTH_MEASURE(2.E-2),#6404);
#7200=PRESENTATION_STYLE_ASSIGNMENT((#7199));
#7201=STYLED_ITEM('',(#7200),#7198);
#7202=DIRECTION('',(0.E0,1.E0,0.E0));
#7203=VECTOR('',#7202,1.E-1);
#7204=CARTESIAN_POINT('',(1.45E0,0.E0,1.25E-1));
#7205=LINE('',#7204,#7203);
#7206=CURVE_STYLE('',#34,POSITIVE_LENGTH_MEASURE(2.E-2),#6404);
#7207=PRESENTATION_STYLE_ASSIGNMENT((#7206));
#7208=STYLED_ITEM('',(#7207),#7205);
#7209=DIRECTION('',(0.E0,0.E0,-1.E0));
#7210=VECTOR('',#7209,2.5E-1);
#7211=CARTESIAN_POINT('',(1.5E0,1.E-1,3.75E-1));
#7212=LINE('',#7211,#7210);
#7213=CURVE_STYLE('',#34,POSITIVE_LENGTH_MEASURE(2.E-2),#6404);
#7214=PRESENTATION_STYLE_ASSIGNMENT((#7213));
#7215=STYLED_ITEM('',(#7214),#7212);
#7216=DIRECTION('',(0.E0,1.E0,0.E0));
#7217=VECTOR('',#7216,1.E-1);
#7218=CARTESIAN_POINT('',(1.5E0,1.E-1,3.75E-1));
#7219=LINE('',#7218,#7217);
#7220=CURVE_STYLE('',#34,POSITIVE_LENGTH_MEASURE(2.E-2),#6404);
#7221=PRESENTATION_STYLE_ASSIGNMENT((#7220));
#7222=STYLED_ITEM('',(#7221),#7219);
#7223=DIRECTION('',(-1.E0,0.E0,0.E0));
#7224=VECTOR('',#7223,2.75E-1);
#7225=CARTESIAN_POINT('',(1.5E0,2.E-1,1.25E-1));
#7226=LINE('',#7225,#7224);
#7227=CURVE_STYLE('',#34,POSITIVE_LENGTH_MEASURE(2.E-2),#6404);
#7228=PRESENTATION_STYLE_ASSIGNMENT((#7227));
#7229=STYLED_ITEM('',(#7228),#7226);
#7230=DIRECTION('',(0.E0,0.E0,-1.E0));
#7231=VECTOR('',#7230,2.5E-1);
#7232=CARTESIAN_POINT('',(1.5E0,2.E-1,3.75E-1));
#7233=LINE('',#7232,#7231);
#7234=CURVE_STYLE('',#34,POSITIVE_LENGTH_MEASURE(2.E-2),#6404);
#7235=PRESENTATION_STYLE_ASSIGNMENT((#7234));
#7236=STYLED_ITEM('',(#7235),#7233);
#7237=DIRECTION('',(1.E0,0.E0,0.E0));
#7238=VECTOR('',#7237,2.75E-1);
#7239=CARTESIAN_POINT('',(1.225E0,2.E-1,3.75E-1));
#7240=LINE('',#7239,#7238);
#7241=CURVE_STYLE('',#34,POSITIVE_LENGTH_MEASURE(2.E-2),#6404);
#7242=PRESENTATION_STYLE_ASSIGNMENT((#7241));
#7243=STYLED_ITEM('',(#7242),#7240);
#7244=CARTESIAN_POINT('',(1.225E0,2.E-1,2.5E-1));
#7245=DIRECTION('',(0.E0,1.E0,0.E0));
#7246=DIRECTION('',(0.E0,0.E0,-1.E0));
#7247=AXIS2_PLACEMENT_3D('',#7244,#7245,#7246);
#7249=CURVE_STYLE('',#34,POSITIVE_LENGTH_MEASURE(2.E-2),#6404);
#7250=PRESENTATION_STYLE_ASSIGNMENT((#7249));
#7251=STYLED_ITEM('',(#7250),#7248);
#7252=DIRECTION('',(0.E0,1.E0,0.E0));
#7253=VECTOR('',#7252,2.E-1);
#7254=CARTESIAN_POINT('',(1.225E0,0.E0,1.25E-1));
#7255=LINE('',#7254,#7253);
#7256=CURVE_STYLE('',#34,POSITIVE_LENGTH_MEASURE(2.E-2),#6404);
#7257=PRESENTATION_STYLE_ASSIGNMENT((#7256));
#7258=STYLED_ITEM('',(#7257),#7255);
#7259=CARTESIAN_POINT('',(1.225E0,0.E0,1.25E-1));
#7260=CARTESIAN_POINT('',(1.225E0,0.E0,3.75E-1));
#7261=VERTEX_POINT('',#7259);
#7262=VERTEX_POINT('',#7260);
#7263=CARTESIAN_POINT('',(1.5E0,2.E-1,1.25E-1));
#7264=CARTESIAN_POINT('',(1.225E0,2.E-1,1.25E-1));
#7265=VERTEX_POINT('',#7263);
#7266=VERTEX_POINT('',#7264);
#7267=CARTESIAN_POINT('',(1.225E0,2.E-1,3.75E-1));
#7268=VERTEX_POINT('',#7267);
#7269=CARTESIAN_POINT('',(1.5E0,2.E-1,3.75E-1));
#7270=VERTEX_POINT('',#7269);
#7271=CARTESIAN_POINT('',(1.45E0,0.E0,3.75E-1));
#7272=CARTESIAN_POINT('',(1.45E0,0.E0,1.25E-1));
#7273=VERTEX_POINT('',#7271);
#7274=VERTEX_POINT('',#7272);
#7275=CARTESIAN_POINT('',(1.5E0,1.E-1,1.25E-1));
#7276=CARTESIAN_POINT('',(1.45E0,1.E-1,1.25E-1));
#7277=VERTEX_POINT('',#7275);
#7278=VERTEX_POINT('',#7276);
#7279=CARTESIAN_POINT('',(1.45E0,1.E-1,3.75E-1));
#7280=CARTESIAN_POINT('',(1.5E0,1.E-1,3.75E-1));
#7281=VERTEX_POINT('',#7279);
#7282=VERTEX_POINT('',#7280);
#7283=CARTESIAN_POINT('',(0.E0,0.E0,0.E0));
#7284=DIRECTION('',(0.E0,1.E0,0.E0));
#7285=DIRECTION('',(1.E0,0.E0,0.E0));
#7286=AXIS2_PLACEMENT_3D('',#7283,#7284,#7285);
#7287=PLANE('',#7286);
#7289=ORIENTED_EDGE('',*,*,#7288,.T.);
#7291=ORIENTED_EDGE('',*,*,#7290,.T.);
#7293=ORIENTED_EDGE('',*,*,#7292,.T.);
#7295=ORIENTED_EDGE('',*,*,#7294,.T.);
#7296=EDGE_LOOP('',(#7289,#7291,#7293,#7295));
#7297=FACE_OUTER_BOUND('',#7296,.F.);
#7299=FILL_AREA_STYLE_COLOUR('',#27);
#7300=FILL_AREA_STYLE('',(#7299));
#7301=SURFACE_STYLE_FILL_AREA(#7300);
#7302=SURFACE_SIDE_STYLE('',(#7301));
#7303=SURFACE_STYLE_USAGE(.POSITIVE.,#7302);
#7304=PRESENTATION_STYLE_ASSIGNMENT((#7303));
#7305=OVER_RIDING_STYLED_ITEM('',(#7304),#7298,#7130);
#7306=CARTESIAN_POINT('',(1.45E0,0.E0,-1.45E0));
#7307=DIRECTION('',(-1.E0,0.E0,0.E0));
#7308=DIRECTION('',(0.E0,0.E0,1.E0));
#7309=AXIS2_PLACEMENT_3D('',#7306,#7307,#7308);
#7310=PLANE('',#7309);
#7311=ORIENTED_EDGE('',*,*,#7288,.F.);
#7313=ORIENTED_EDGE('',*,*,#7312,.T.);
#7315=ORIENTED_EDGE('',*,*,#7314,.F.);
#7317=ORIENTED_EDGE('',*,*,#7316,.F.);
#7318=EDGE_LOOP('',(#7311,#7313,#7315,#7317));
#7319=FACE_OUTER_BOUND('',#7318,.F.);
#7321=FILL_AREA_STYLE_COLOUR('',#27);
#7322=FILL_AREA_STYLE('',(#7321));
#7323=SURFACE_STYLE_FILL_AREA(#7322);
#7324=SURFACE_SIDE_STYLE('',(#7323));
#7325=SURFACE_STYLE_USAGE(.POSITIVE.,#7324);
#7326=PRESENTATION_STYLE_ASSIGNMENT((#7325));
#7327=OVER_RIDING_STYLED_ITEM('',(#7326),#7320,#7130);
#7328=CARTESIAN_POINT('',(1.225E0,0.E0,3.75E-1));
#7329=DIRECTION('',(0.E0,0.E0,1.E0));
#7330=DIRECTION('',(1.E0,0.E0,0.E0));
#7331=AXIS2_PLACEMENT_3D('',#7328,#7329,#7330);
#7332=PLANE('',#7331);
#7334=ORIENTED_EDGE('',*,*,#7333,.F.);
#7335=ORIENTED_EDGE('',*,*,#7312,.F.);
#7336=ORIENTED_EDGE('',*,*,#7294,.F.);
#7338=ORIENTED_EDGE('',*,*,#7337,.T.);
#7340=ORIENTED_EDGE('',*,*,#7339,.T.);
#7342=ORIENTED_EDGE('',*,*,#7341,.F.);
#7343=EDGE_LOOP('',(#7334,#7335,#7336,#7338,#7340,#7342));
#7344=FACE_OUTER_BOUND('',#7343,.F.);
#7346=CARTESIAN_POINT('',(0.E0,1.E-1,0.E0));
#7347=DIRECTION('',(0.E0,1.E0,0.E0));
#7348=DIRECTION('',(1.E0,0.E0,0.E0));
#7349=AXIS2_PLACEMENT_3D('',#7346,#7347,#7348);
#7350=PLANE('',#7349);
#7352=ORIENTED_EDGE('',*,*,#7351,.T.);
#7353=ORIENTED_EDGE('',*,*,#7314,.T.);
#7354=ORIENTED_EDGE('',*,*,#7333,.T.);
#7356=ORIENTED_EDGE('',*,*,#7355,.T.);
#7357=EDGE_LOOP('',(#7352,#7353,#7354,#7356));
#7358=FACE_OUTER_BOUND('',#7357,.F.);
#7360=FILL_AREA_STYLE_COLOUR('',#27);
#7361=FILL_AREA_STYLE('',(#7360));
#7362=SURFACE_STYLE_FILL_AREA(#7361);
#7363=SURFACE_SIDE_STYLE('',(#7362));
#7364=SURFACE_STYLE_USAGE(.POSITIVE.,#7363);
#7365=PRESENTATION_STYLE_ASSIGNMENT((#7364));
#7366=OVER_RIDING_STYLED_ITEM('',(#7365),#7359,#7130);
#7367=CARTESIAN_POINT('',(1.5E0,0.E0,1.25E-1));
#7368=DIRECTION('',(0.E0,0.E0,-1.E0));
#7369=DIRECTION('',(-1.E0,0.E0,0.E0));
#7370=AXIS2_PLACEMENT_3D('',#7367,#7368,#7369);
#7371=PLANE('',#7370);
#7372=ORIENTED_EDGE('',*,*,#7351,.F.);
#7374=ORIENTED_EDGE('',*,*,#7373,.T.);
#7376=ORIENTED_EDGE('',*,*,#7375,.T.);
#7378=ORIENTED_EDGE('',*,*,#7377,.F.);
#7379=ORIENTED_EDGE('',*,*,#7290,.F.);
#7380=ORIENTED_EDGE('',*,*,#7316,.T.);
#7381=EDGE_LOOP('',(#7372,#7374,#7376,#7378,#7379,#7380));
#7382=FACE_OUTER_BOUND('',#7381,.F.);
#7384=CARTESIAN_POINT('',(1.5E0,0.E0,3.75E-1));
#7385=DIRECTION('',(1.E0,0.E0,0.E0));
#7386=DIRECTION('',(0.E0,0.E0,-1.E0));
#7387=AXIS2_PLACEMENT_3D('',#7384,#7385,#7386);
#7388=PLANE('',#7387);
#7389=ORIENTED_EDGE('',*,*,#7355,.F.);
#7390=ORIENTED_EDGE('',*,*,#7341,.T.);
#7392=ORIENTED_EDGE('',*,*,#7391,.T.);
#7393=ORIENTED_EDGE('',*,*,#7373,.F.);
#7394=EDGE_LOOP('',(#7389,#7390,#7392,#7393));
#7395=FACE_OUTER_BOUND('',#7394,.F.);
#7397=CARTESIAN_POINT('',(0.E0,2.E-1,0.E0));
#7398=DIRECTION('',(0.E0,1.E0,0.E0));
#7399=DIRECTION('',(1.E0,0.E0,0.E0));
#7400=AXIS2_PLACEMENT_3D('',#7397,#7398,#7399);
#7401=PLANE('',#7400);
#7402=ORIENTED_EDGE('',*,*,#7375,.F.);
#7403=ORIENTED_EDGE('',*,*,#7391,.F.);
#7404=ORIENTED_EDGE('',*,*,#7339,.F.);
#7406=ORIENTED_EDGE('',*,*,#7405,.F.);
#7407=EDGE_LOOP('',(#7402,#7403,#7404,#7406));
#7408=FACE_OUTER_BOUND('',#7407,.F.);
#7410=CARTESIAN_POINT('',(1.225E0,0.E0,2.5E-1));
#7411=DIRECTION('',(0.E0,1.E0,0.E0));
#7412=DIRECTION('',(1.E0,0.E0,0.E0));
#7413=AXIS2_PLACEMENT_3D('',#7410,#7411,#7412);
#7414=CYLINDRICAL_SURFACE('',#7413,1.25E-1);
#7415=ORIENTED_EDGE('',*,*,#7292,.F.);
#7416=ORIENTED_EDGE('',*,*,#7377,.T.);
#7417=ORIENTED_EDGE('',*,*,#7405,.T.);
#7418=ORIENTED_EDGE('',*,*,#7337,.F.);
#7419=EDGE_LOOP('',(#7415,#7416,#7417,#7418));
#7420=FACE_OUTER_BOUND('',#7419,.F.);
#7422=CLOSED_SHELL('',(#7298,#7320,#7345,#7359,#7383,#7396,#7409,#7421));
#7423=MANIFOLD_SOLID_BREP('',#7422);
#7424=FILL_AREA_STYLE_COLOUR('',#6404);
#7425=FILL_AREA_STYLE('',(#7424));
#7426=SURFACE_STYLE_FILL_AREA(#7425);
#7427=SURFACE_SIDE_STYLE('',(#7426));
#7428=SURFACE_STYLE_USAGE(.POSITIVE.,#7427);
#7429=PRESENTATION_STYLE_ASSIGNMENT((#7428));
#7130=STYLED_ITEM('',(#7429),#7423);
#7431=DIRECTION('',(0.E0,0.E0,-1.E0));
#7432=VECTOR('',#7431,2.5E-1);
#7433=CARTESIAN_POINT('',(1.45E0,0.E0,-1.25E-1));
#7434=LINE('',#7433,#7432);
#7435=CURVE_STYLE('',#34,POSITIVE_LENGTH_MEASURE(2.E-2),#6404);
#7436=PRESENTATION_STYLE_ASSIGNMENT((#7435));
#7437=STYLED_ITEM('',(#7436),#7434);
#7438=DIRECTION('',(-1.E0,0.E0,0.E0));
#7439=VECTOR('',#7438,2.25E-1);
#7440=CARTESIAN_POINT('',(1.45E0,0.E0,-3.75E-1));
#7441=LINE('',#7440,#7439);
#7442=CURVE_STYLE('',#34,POSITIVE_LENGTH_MEASURE(2.E-2),#6404);
#7443=PRESENTATION_STYLE_ASSIGNMENT((#7442));
#7444=STYLED_ITEM('',(#7443),#7441);
#7445=CARTESIAN_POINT('',(1.225E0,0.E0,-2.5E-1));
#7446=DIRECTION('',(0.E0,1.E0,0.E0));
#7447=DIRECTION('',(0.E0,0.E0,-1.E0));
#7448=AXIS2_PLACEMENT_3D('',#7445,#7446,#7447);
#7450=CURVE_STYLE('',#34,POSITIVE_LENGTH_MEASURE(2.E-2),#6404);
#7451=PRESENTATION_STYLE_ASSIGNMENT((#7450));
#7452=STYLED_ITEM('',(#7451),#7449);
#7453=DIRECTION('',(1.E0,0.E0,0.E0));
#7454=VECTOR('',#7453,2.25E-1);
#7455=CARTESIAN_POINT('',(1.225E0,0.E0,-1.25E-1));
#7456=LINE('',#7455,#7454);
#7457=CURVE_STYLE('',#34,POSITIVE_LENGTH_MEASURE(2.E-2),#6404);
#7458=PRESENTATION_STYLE_ASSIGNMENT((#7457));
#7459=STYLED_ITEM('',(#7458),#7456);
#7460=DIRECTION('',(1.E0,0.E0,0.E0));
#7461=VECTOR('',#7460,5.E-2);
#7462=CARTESIAN_POINT('',(1.45E0,1.E-1,-1.25E-1));
#7463=LINE('',#7462,#7461);
#7464=CURVE_STYLE('',#34,POSITIVE_LENGTH_MEASURE(2.E-2),#6404);
#7465=PRESENTATION_STYLE_ASSIGNMENT((#7464));
#7466=STYLED_ITEM('',(#7465),#7463);
#7467=DIRECTION('',(0.E0,1.E0,0.E0));
#7468=VECTOR('',#7467,1.E-1);
#7469=CARTESIAN_POINT('',(1.45E0,0.E0,-1.25E-1));
#7470=LINE('',#7469,#7468);
#7471=CURVE_STYLE('',#34,POSITIVE_LENGTH_MEASURE(2.E-2),#6404);
#7472=PRESENTATION_STYLE_ASSIGNMENT((#7471));
#7473=STYLED_ITEM('',(#7472),#7470);
#7474=DIRECTION('',(0.E0,1.E0,0.E0));
#7475=VECTOR('',#7474,2.E-1);
#7476=CARTESIAN_POINT('',(1.225E0,0.E0,-1.25E-1));
#7477=LINE('',#7476,#7475);
#7478=CURVE_STYLE('',#34,POSITIVE_LENGTH_MEASURE(2.E-2),#6404);
#7479=PRESENTATION_STYLE_ASSIGNMENT((#7478));
#7480=STYLED_ITEM('',(#7479),#7477);
#7481=DIRECTION('',(0.E0,0.E0,1.E0));
#7482=VECTOR('',#7481,2.5E-1);
#7483=CARTESIAN_POINT('',(1.45E0,1.E-1,-3.75E-1));
#7484=LINE('',#7483,#7482);
#7485=CURVE_STYLE('',#34,POSITIVE_LENGTH_MEASURE(2.E-2),#6404);
#7486=PRESENTATION_STYLE_ASSIGNMENT((#7485));
#7487=STYLED_ITEM('',(#7486),#7484);
#7488=DIRECTION('',(-1.E0,0.E0,0.E0));
#7489=VECTOR('',#7488,5.E-2);
#7490=CARTESIAN_POINT('',(1.5E0,1.E-1,-3.75E-1));
#7491=LINE('',#7490,#7489);
#7492=CURVE_STYLE('',#34,POSITIVE_LENGTH_MEASURE(2.E-2),#6404);
#7493=PRESENTATION_STYLE_ASSIGNMENT((#7492));
#7494=STYLED_ITEM('',(#7493),#7491);
#7495=DIRECTION('',(0.E0,1.E0,0.E0));
#7496=VECTOR('',#7495,1.E-1);
#7497=CARTESIAN_POINT('',(1.5E0,1.E-1,-3.75E-1));
#7498=LINE('',#7497,#7496);
#7499=CURVE_STYLE('',#34,POSITIVE_LENGTH_MEASURE(2.E-2),#6404);
#7500=PRESENTATION_STYLE_ASSIGNMENT((#7499));
#7501=STYLED_ITEM('',(#7500),#7498);
#7502=DIRECTION('',(0.E0,1.E0,0.E0));
#7503=VECTOR('',#7502,1.E-1);
#7504=CARTESIAN_POINT('',(1.45E0,0.E0,-3.75E-1));
#7505=LINE('',#7504,#7503);
#7506=CURVE_STYLE('',#34,POSITIVE_LENGTH_MEASURE(2.E-2),#6404);
#7507=PRESENTATION_STYLE_ASSIGNMENT((#7506));
#7508=STYLED_ITEM('',(#7507),#7505);
#7509=DIRECTION('',(0.E0,0.E0,-1.E0));
#7510=VECTOR('',#7509,2.5E-1);
#7511=CARTESIAN_POINT('',(1.5E0,1.E-1,-1.25E-1));
#7512=LINE('',#7511,#7510);
#7513=CURVE_STYLE('',#34,POSITIVE_LENGTH_MEASURE(2.E-2),#6404);
#7514=PRESENTATION_STYLE_ASSIGNMENT((#7513));
#7515=STYLED_ITEM('',(#7514),#7512);
#7516=DIRECTION('',(0.E0,1.E0,0.E0));
#7517=VECTOR('',#7516,1.E-1);
#7518=CARTESIAN_POINT('',(1.5E0,1.E-1,-1.25E-1));
#7519=LINE('',#7518,#7517);
#7520=CURVE_STYLE('',#34,POSITIVE_LENGTH_MEASURE(2.E-2),#6404);
#7521=PRESENTATION_STYLE_ASSIGNMENT((#7520));
#7522=STYLED_ITEM('',(#7521),#7519);
#7523=DIRECTION('',(-1.E0,0.E0,0.E0));
#7524=VECTOR('',#7523,2.75E-1);
#7525=CARTESIAN_POINT('',(1.5E0,2.E-1,-3.75E-1));
#7526=LINE('',#7525,#7524);
#7527=CURVE_STYLE('',#34,POSITIVE_LENGTH_MEASURE(2.E-2),#6404);
#7528=PRESENTATION_STYLE_ASSIGNMENT((#7527));
#7529=STYLED_ITEM('',(#7528),#7526);
#7530=DIRECTION('',(0.E0,0.E0,-1.E0));
#7531=VECTOR('',#7530,2.5E-1);
#7532=CARTESIAN_POINT('',(1.5E0,2.E-1,-1.25E-1));
#7533=LINE('',#7532,#7531);
#7534=CURVE_STYLE('',#34,POSITIVE_LENGTH_MEASURE(2.E-2),#6404);
#7535=PRESENTATION_STYLE_ASSIGNMENT((#7534));
#7536=STYLED_ITEM('',(#7535),#7533);
#7537=DIRECTION('',(1.E0,0.E0,0.E0));
#7538=VECTOR('',#7537,2.75E-1);
#7539=CARTESIAN_POINT('',(1.225E0,2.E-1,-1.25E-1));
#7540=LINE('',#7539,#7538);
#7541=CURVE_STYLE('',#34,POSITIVE_LENGTH_MEASURE(2.E-2),#6404);
#7542=PRESENTATION_STYLE_ASSIGNMENT((#7541));
#7543=STYLED_ITEM('',(#7542),#7540);
#7544=CARTESIAN_POINT('',(1.225E0,2.E-1,-2.5E-1));
#7545=DIRECTION('',(0.E0,1.E0,0.E0));
#7546=DIRECTION('',(0.E0,0.E0,-1.E0));
#7547=AXIS2_PLACEMENT_3D('',#7544,#7545,#7546);
#7549=CURVE_STYLE('',#34,POSITIVE_LENGTH_MEASURE(2.E-2),#6404);
#7550=PRESENTATION_STYLE_ASSIGNMENT((#7549));
#7551=STYLED_ITEM('',(#7550),#7548);
#7552=DIRECTION('',(0.E0,1.E0,0.E0));
#7553=VECTOR('',#7552,2.E-1);
#7554=CARTESIAN_POINT('',(1.225E0,0.E0,-3.75E-1));
#7555=LINE('',#7554,#7553);
#7556=CURVE_STYLE('',#34,POSITIVE_LENGTH_MEASURE(2.E-2),#6404);
#7557=PRESENTATION_STYLE_ASSIGNMENT((#7556));
#7558=STYLED_ITEM('',(#7557),#7555);
#7559=CARTESIAN_POINT('',(1.225E0,0.E0,-3.75E-1));
#7560=CARTESIAN_POINT('',(1.225E0,0.E0,-1.25E-1));
#7561=VERTEX_POINT('',#7559);
#7562=VERTEX_POINT('',#7560);
#7563=CARTESIAN_POINT('',(1.5E0,2.E-1,-3.75E-1));
#7564=CARTESIAN_POINT('',(1.225E0,2.E-1,-3.75E-1));
#7565=VERTEX_POINT('',#7563);
#7566=VERTEX_POINT('',#7564);
#7567=CARTESIAN_POINT('',(1.225E0,2.E-1,-1.25E-1));
#7568=VERTEX_POINT('',#7567);
#7569=CARTESIAN_POINT('',(1.5E0,2.E-1,-1.25E-1));
#7570=VERTEX_POINT('',#7569);
#7571=CARTESIAN_POINT('',(1.45E0,0.E0,-1.25E-1));
#7572=CARTESIAN_POINT('',(1.45E0,0.E0,-3.75E-1));
#7573=VERTEX_POINT('',#7571);
#7574=VERTEX_POINT('',#7572);
#7575=CARTESIAN_POINT('',(1.5E0,1.E-1,-3.75E-1));
#7576=CARTESIAN_POINT('',(1.45E0,1.E-1,-3.75E-1));
#7577=VERTEX_POINT('',#7575);
#7578=VERTEX_POINT('',#7576);
#7579=CARTESIAN_POINT('',(1.45E0,1.E-1,-1.25E-1));
#7580=CARTESIAN_POINT('',(1.5E0,1.E-1,-1.25E-1));
#7581=VERTEX_POINT('',#7579);
#7582=VERTEX_POINT('',#7580);
#7583=CARTESIAN_POINT('',(0.E0,0.E0,0.E0));
#7584=DIRECTION('',(0.E0,1.E0,0.E0));
#7585=DIRECTION('',(1.E0,0.E0,0.E0));
#7586=AXIS2_PLACEMENT_3D('',#7583,#7584,#7585);
#7587=PLANE('',#7586);
#7589=ORIENTED_EDGE('',*,*,#7588,.T.);
#7591=ORIENTED_EDGE('',*,*,#7590,.T.);
#7593=ORIENTED_EDGE('',*,*,#7592,.T.);
#7595=ORIENTED_EDGE('',*,*,#7594,.T.);
#7596=EDGE_LOOP('',(#7589,#7591,#7593,#7595));
#7597=FACE_OUTER_BOUND('',#7596,.F.);
#7599=FILL_AREA_STYLE_COLOUR('',#27);
#7600=FILL_AREA_STYLE('',(#7599));
#7601=SURFACE_STYLE_FILL_AREA(#7600);
#7602=SURFACE_SIDE_STYLE('',(#7601));
#7603=SURFACE_STYLE_USAGE(.POSITIVE.,#7602);
#7604=PRESENTATION_STYLE_ASSIGNMENT((#7603));
#7605=OVER_RIDING_STYLED_ITEM('',(#7604),#7598,#7430);
#7606=CARTESIAN_POINT('',(1.45E0,0.E0,-1.45E0));
#7607=DIRECTION('',(-1.E0,0.E0,0.E0));
#7608=DIRECTION('',(0.E0,0.E0,1.E0));
#7609=AXIS2_PLACEMENT_3D('',#7606,#7607,#7608);
#7610=PLANE('',#7609);
#7611=ORIENTED_EDGE('',*,*,#7588,.F.);
#7613=ORIENTED_EDGE('',*,*,#7612,.T.);
#7615=ORIENTED_EDGE('',*,*,#7614,.F.);
#7617=ORIENTED_EDGE('',*,*,#7616,.F.);
#7618=EDGE_LOOP('',(#7611,#7613,#7615,#7617));
#7619=FACE_OUTER_BOUND('',#7618,.F.);
#7621=FILL_AREA_STYLE_COLOUR('',#27);
#7622=FILL_AREA_STYLE('',(#7621));
#7623=SURFACE_STYLE_FILL_AREA(#7622);
#7624=SURFACE_SIDE_STYLE('',(#7623));
#7625=SURFACE_STYLE_USAGE(.POSITIVE.,#7624);
#7626=PRESENTATION_STYLE_ASSIGNMENT((#7625));
#7627=OVER_RIDING_STYLED_ITEM('',(#7626),#7620,#7430);
#7628=CARTESIAN_POINT('',(1.225E0,0.E0,-1.25E-1));
#7629=DIRECTION('',(0.E0,0.E0,1.E0));
#7630=DIRECTION('',(1.E0,0.E0,0.E0));
#7631=AXIS2_PLACEMENT_3D('',#7628,#7629,#7630);
#7632=PLANE('',#7631);
#7634=ORIENTED_EDGE('',*,*,#7633,.F.);
#7635=ORIENTED_EDGE('',*,*,#7612,.F.);
#7636=ORIENTED_EDGE('',*,*,#7594,.F.);
#7638=ORIENTED_EDGE('',*,*,#7637,.T.);
#7640=ORIENTED_EDGE('',*,*,#7639,.T.);
#7642=ORIENTED_EDGE('',*,*,#7641,.F.);
#7643=EDGE_LOOP('',(#7634,#7635,#7636,#7638,#7640,#7642));
#7644=FACE_OUTER_BOUND('',#7643,.F.);
#7646=CARTESIAN_POINT('',(0.E0,1.E-1,0.E0));
#7647=DIRECTION('',(0.E0,1.E0,0.E0));
#7648=DIRECTION('',(1.E0,0.E0,0.E0));
#7649=AXIS2_PLACEMENT_3D('',#7646,#7647,#7648);
#7650=PLANE('',#7649);
#7652=ORIENTED_EDGE('',*,*,#7651,.T.);
#7653=ORIENTED_EDGE('',*,*,#7614,.T.);
#7654=ORIENTED_EDGE('',*,*,#7633,.T.);
#7656=ORIENTED_EDGE('',*,*,#7655,.T.);
#7657=EDGE_LOOP('',(#7652,#7653,#7654,#7656));
#7658=FACE_OUTER_BOUND('',#7657,.F.);
#7660=FILL_AREA_STYLE_COLOUR('',#27);
#7661=FILL_AREA_STYLE('',(#7660));
#7662=SURFACE_STYLE_FILL_AREA(#7661);
#7663=SURFACE_SIDE_STYLE('',(#7662));
#7664=SURFACE_STYLE_USAGE(.POSITIVE.,#7663);
#7665=PRESENTATION_STYLE_ASSIGNMENT((#7664));
#7666=OVER_RIDING_STYLED_ITEM('',(#7665),#7659,#7430);
#7667=CARTESIAN_POINT('',(1.5E0,0.E0,-3.75E-1));
#7668=DIRECTION('',(0.E0,0.E0,-1.E0));
#7669=DIRECTION('',(-1.E0,0.E0,0.E0));
#7670=AXIS2_PLACEMENT_3D('',#7667,#7668,#7669);
#7671=PLANE('',#7670);
#7672=ORIENTED_EDGE('',*,*,#7651,.F.);
#7674=ORIENTED_EDGE('',*,*,#7673,.T.);
#7676=ORIENTED_EDGE('',*,*,#7675,.T.);
#7678=ORIENTED_EDGE('',*,*,#7677,.F.);
#7679=ORIENTED_EDGE('',*,*,#7590,.F.);
#7680=ORIENTED_EDGE('',*,*,#7616,.T.);
#7681=EDGE_LOOP('',(#7672,#7674,#7676,#7678,#7679,#7680));
#7682=FACE_OUTER_BOUND('',#7681,.F.);
#7684=CARTESIAN_POINT('',(1.5E0,0.E0,-1.25E-1));
#7685=DIRECTION('',(1.E0,0.E0,0.E0));
#7686=DIRECTION('',(0.E0,0.E0,-1.E0));
#7687=AXIS2_PLACEMENT_3D('',#7684,#7685,#7686);
#7688=PLANE('',#7687);
#7689=ORIENTED_EDGE('',*,*,#7655,.F.);
#7690=ORIENTED_EDGE('',*,*,#7641,.T.);
#7692=ORIENTED_EDGE('',*,*,#7691,.T.);
#7693=ORIENTED_EDGE('',*,*,#7673,.F.);
#7694=EDGE_LOOP('',(#7689,#7690,#7692,#7693));
#7695=FACE_OUTER_BOUND('',#7694,.F.);
#7697=CARTESIAN_POINT('',(0.E0,2.E-1,0.E0));
#7698=DIRECTION('',(0.E0,1.E0,0.E0));
#7699=DIRECTION('',(1.E0,0.E0,0.E0));
#7700=AXIS2_PLACEMENT_3D('',#7697,#7698,#7699);
#7701=PLANE('',#7700);
#7702=ORIENTED_EDGE('',*,*,#7675,.F.);
#7703=ORIENTED_EDGE('',*,*,#7691,.F.);
#7704=ORIENTED_EDGE('',*,*,#7639,.F.);
#7706=ORIENTED_EDGE('',*,*,#7705,.F.);
#7707=EDGE_LOOP('',(#7702,#7703,#7704,#7706));
#7708=FACE_OUTER_BOUND('',#7707,.F.);
#7710=CARTESIAN_POINT('',(1.225E0,0.E0,-2.5E-1));
#7711=DIRECTION('',(0.E0,1.E0,0.E0));
#7712=DIRECTION('',(1.E0,0.E0,0.E0));
#7713=AXIS2_PLACEMENT_3D('',#7710,#7711,#7712);
#7714=CYLINDRICAL_SURFACE('',#7713,1.25E-1);
#7715=ORIENTED_EDGE('',*,*,#7592,.F.);
#7716=ORIENTED_EDGE('',*,*,#7677,.T.);
#7717=ORIENTED_EDGE('',*,*,#7705,.T.);
#7718=ORIENTED_EDGE('',*,*,#7637,.F.);
#7719=EDGE_LOOP('',(#7715,#7716,#7717,#7718));
#7720=FACE_OUTER_BOUND('',#7719,.F.);
#7722=CLOSED_SHELL('',(#7598,#7620,#7645,#7659,#7683,#7696,#7709,#7721));
#7723=MANIFOLD_SOLID_BREP('',#7722);
#7724=FILL_AREA_STYLE_COLOUR('',#6404);
#7725=FILL_AREA_STYLE('',(#7724));
#7726=SURFACE_STYLE_FILL_AREA(#7725);
#7727=SURFACE_SIDE_STYLE('',(#7726));
#7728=SURFACE_STYLE_USAGE(.POSITIVE.,#7727);
#7729=PRESENTATION_STYLE_ASSIGNMENT((#7728));
#7430=STYLED_ITEM('',(#7729),#7723);
#7731=DIRECTION('',(0.E0,0.E0,-1.E0));
#7732=VECTOR('',#7731,2.5E-1);
#7733=CARTESIAN_POINT('',(1.45E0,0.E0,-6.25E-1));
#7734=LINE('',#7733,#7732);
#7735=CURVE_STYLE('',#34,POSITIVE_LENGTH_MEASURE(2.E-2),#6404);
#7736=PRESENTATION_STYLE_ASSIGNMENT((#7735));
#7737=STYLED_ITEM('',(#7736),#7734);
#7738=DIRECTION('',(-1.E0,0.E0,0.E0));
#7739=VECTOR('',#7738,2.25E-1);
#7740=CARTESIAN_POINT('',(1.45E0,0.E0,-8.75E-1));
#7741=LINE('',#7740,#7739);
#7742=CURVE_STYLE('',#34,POSITIVE_LENGTH_MEASURE(2.E-2),#6404);
#7743=PRESENTATION_STYLE_ASSIGNMENT((#7742));
#7744=STYLED_ITEM('',(#7743),#7741);
#7745=CARTESIAN_POINT('',(1.225E0,0.E0,-7.5E-1));
#7746=DIRECTION('',(0.E0,1.E0,0.E0));
#7747=DIRECTION('',(0.E0,0.E0,-1.E0));
#7748=AXIS2_PLACEMENT_3D('',#7745,#7746,#7747);
#7750=CURVE_STYLE('',#34,POSITIVE_LENGTH_MEASURE(2.E-2),#6404);
#7751=PRESENTATION_STYLE_ASSIGNMENT((#7750));
#7752=STYLED_ITEM('',(#7751),#7749);
#7753=DIRECTION('',(1.E0,0.E0,0.E0));
#7754=VECTOR('',#7753,2.25E-1);
#7755=CARTESIAN_POINT('',(1.225E0,0.E0,-6.25E-1));
#7756=LINE('',#7755,#7754);
#7757=CURVE_STYLE('',#34,POSITIVE_LENGTH_MEASURE(2.E-2),#6404);
#7758=PRESENTATION_STYLE_ASSIGNMENT((#7757));
#7759=STYLED_ITEM('',(#7758),#7756);
#7760=DIRECTION('',(1.E0,0.E0,0.E0));
#7761=VECTOR('',#7760,5.E-2);
#7762=CARTESIAN_POINT('',(1.45E0,1.E-1,-6.25E-1));
#7763=LINE('',#7762,#7761);
#7764=CURVE_STYLE('',#34,POSITIVE_LENGTH_MEASURE(2.E-2),#6404);
#7765=PRESENTATION_STYLE_ASSIGNMENT((#7764));
#7766=STYLED_ITEM('',(#7765),#7763);
#7767=DIRECTION('',(0.E0,1.E0,0.E0));
#7768=VECTOR('',#7767,1.E-1);
#7769=CARTESIAN_POINT('',(1.45E0,0.E0,-6.25E-1));
#7770=LINE('',#7769,#7768);
#7771=CURVE_STYLE('',#34,POSITIVE_LENGTH_MEASURE(2.E-2),#6404);
#7772=PRESENTATION_STYLE_ASSIGNMENT((#7771));
#7773=STYLED_ITEM('',(#7772),#7770);
#7774=DIRECTION('',(0.E0,1.E0,0.E0));
#7775=VECTOR('',#7774,2.E-1);
#7776=CARTESIAN_POINT('',(1.225E0,0.E0,-6.25E-1));
#7777=LINE('',#7776,#7775);
#7778=CURVE_STYLE('',#34,POSITIVE_LENGTH_MEASURE(2.E-2),#6404);
#7779=PRESENTATION_STYLE_ASSIGNMENT((#7778));
#7780=STYLED_ITEM('',(#7779),#7777);
#7781=DIRECTION('',(0.E0,0.E0,1.E0));
#7782=VECTOR('',#7781,2.5E-1);
#7783=CARTESIAN_POINT('',(1.45E0,1.E-1,-8.75E-1));
#7784=LINE('',#7783,#7782);
#7785=CURVE_STYLE('',#34,POSITIVE_LENGTH_MEASURE(2.E-2),#6404);
#7786=PRESENTATION_STYLE_ASSIGNMENT((#7785));
#7787=STYLED_ITEM('',(#7786),#7784);
#7788=DIRECTION('',(-1.E0,0.E0,0.E0));
#7789=VECTOR('',#7788,5.E-2);
#7790=CARTESIAN_POINT('',(1.5E0,1.E-1,-8.75E-1));
#7791=LINE('',#7790,#7789);
#7792=CURVE_STYLE('',#34,POSITIVE_LENGTH_MEASURE(2.E-2),#6404);
#7793=PRESENTATION_STYLE_ASSIGNMENT((#7792));
#7794=STYLED_ITEM('',(#7793),#7791);
#7795=DIRECTION('',(0.E0,1.E0,0.E0));
#7796=VECTOR('',#7795,1.E-1);
#7797=CARTESIAN_POINT('',(1.5E0,1.E-1,-8.75E-1));
#7798=LINE('',#7797,#7796);
#7799=CURVE_STYLE('',#34,POSITIVE_LENGTH_MEASURE(2.E-2),#6404);
#7800=PRESENTATION_STYLE_ASSIGNMENT((#7799));
#7801=STYLED_ITEM('',(#7800),#7798);
#7802=DIRECTION('',(0.E0,1.E0,0.E0));
#7803=VECTOR('',#7802,1.E-1);
#7804=CARTESIAN_POINT('',(1.45E0,0.E0,-8.75E-1));
#7805=LINE('',#7804,#7803);
#7806=CURVE_STYLE('',#34,POSITIVE_LENGTH_MEASURE(2.E-2),#6404);
#7807=PRESENTATION_STYLE_ASSIGNMENT((#7806));
#7808=STYLED_ITEM('',(#7807),#7805);
#7809=DIRECTION('',(0.E0,0.E0,-1.E0));
#7810=VECTOR('',#7809,2.5E-1);
#7811=CARTESIAN_POINT('',(1.5E0,1.E-1,-6.25E-1));
#7812=LINE('',#7811,#7810);
#7813=CURVE_STYLE('',#34,POSITIVE_LENGTH_MEASURE(2.E-2),#6404);
#7814=PRESENTATION_STYLE_ASSIGNMENT((#7813));
#7815=STYLED_ITEM('',(#7814),#7812);
#7816=DIRECTION('',(0.E0,1.E0,0.E0));
#7817=VECTOR('',#7816,1.E-1);
#7818=CARTESIAN_POINT('',(1.5E0,1.E-1,-6.25E-1));
#7819=LINE('',#7818,#7817);
#7820=CURVE_STYLE('',#34,POSITIVE_LENGTH_MEASURE(2.E-2),#6404);
#7821=PRESENTATION_STYLE_ASSIGNMENT((#7820));
#7822=STYLED_ITEM('',(#7821),#7819);
#7823=DIRECTION('',(-1.E0,0.E0,0.E0));
#7824=VECTOR('',#7823,2.75E-1);
#7825=CARTESIAN_POINT('',(1.5E0,2.E-1,-8.75E-1));
#7826=LINE('',#7825,#7824);
#7827=CURVE_STYLE('',#34,POSITIVE_LENGTH_MEASURE(2.E-2),#6404);
#7828=PRESENTATION_STYLE_ASSIGNMENT((#7827));
#7829=STYLED_ITEM('',(#7828),#7826);
#7830=DIRECTION('',(0.E0,0.E0,-1.E0));
#7831=VECTOR('',#7830,2.5E-1);
#7832=CARTESIAN_POINT('',(1.5E0,2.E-1,-6.25E-1));
#7833=LINE('',#7832,#7831);
#7834=CURVE_STYLE('',#34,POSITIVE_LENGTH_MEASURE(2.E-2),#6404);
#7835=PRESENTATION_STYLE_ASSIGNMENT((#7834));
#7836=STYLED_ITEM('',(#7835),#7833);
#7837=DIRECTION('',(1.E0,0.E0,0.E0));
#7838=VECTOR('',#7837,2.75E-1);
#7839=CARTESIAN_POINT('',(1.225E0,2.E-1,-6.25E-1));
#7840=LINE('',#7839,#7838);
#7841=CURVE_STYLE('',#34,POSITIVE_LENGTH_MEASURE(2.E-2),#6404);
#7842=PRESENTATION_STYLE_ASSIGNMENT((#7841));
#7843=STYLED_ITEM('',(#7842),#7840);
#7844=CARTESIAN_POINT('',(1.225E0,2.E-1,-7.5E-1));
#7845=DIRECTION('',(0.E0,1.E0,0.E0));
#7846=DIRECTION('',(0.E0,0.E0,-1.E0));
#7847=AXIS2_PLACEMENT_3D('',#7844,#7845,#7846);
#7849=CURVE_STYLE('',#34,POSITIVE_LENGTH_MEASURE(2.E-2),#6404);
#7850=PRESENTATION_STYLE_ASSIGNMENT((#7849));
#7851=STYLED_ITEM('',(#7850),#7848);
#7852=DIRECTION('',(0.E0,1.E0,0.E0));
#7853=VECTOR('',#7852,2.E-1);
#7854=CARTESIAN_POINT('',(1.225E0,0.E0,-8.75E-1));
#7855=LINE('',#7854,#7853);
#7856=CURVE_STYLE('',#34,POSITIVE_LENGTH_MEASURE(2.E-2),#6404);
#7857=PRESENTATION_STYLE_ASSIGNMENT((#7856));
#7858=STYLED_ITEM('',(#7857),#7855);
#7859=CARTESIAN_POINT('',(1.225E0,0.E0,-8.75E-1));
#7860=CARTESIAN_POINT('',(1.225E0,0.E0,-6.25E-1));
#7861=VERTEX_POINT('',#7859);
#7862=VERTEX_POINT('',#7860);
#7863=CARTESIAN_POINT('',(1.5E0,2.E-1,-8.75E-1));
#7864=CARTESIAN_POINT('',(1.225E0,2.E-1,-8.75E-1));
#7865=VERTEX_POINT('',#7863);
#7866=VERTEX_POINT('',#7864);
#7867=CARTESIAN_POINT('',(1.225E0,2.E-1,-6.25E-1));
#7868=VERTEX_POINT('',#7867);
#7869=CARTESIAN_POINT('',(1.5E0,2.E-1,-6.25E-1));
#7870=VERTEX_POINT('',#7869);
#7871=CARTESIAN_POINT('',(1.45E0,0.E0,-6.25E-1));
#7872=CARTESIAN_POINT('',(1.45E0,0.E0,-8.75E-1));
#7873=VERTEX_POINT('',#7871);
#7874=VERTEX_POINT('',#7872);
#7875=CARTESIAN_POINT('',(1.5E0,1.E-1,-8.75E-1));
#7876=CARTESIAN_POINT('',(1.45E0,1.E-1,-8.75E-1));
#7877=VERTEX_POINT('',#7875);
#7878=VERTEX_POINT('',#7876);
#7879=CARTESIAN_POINT('',(1.45E0,1.E-1,-6.25E-1));
#7880=CARTESIAN_POINT('',(1.5E0,1.E-1,-6.25E-1));
#7881=VERTEX_POINT('',#7879);
#7882=VERTEX_POINT('',#7880);
#7883=CARTESIAN_POINT('',(0.E0,0.E0,0.E0));
#7884=DIRECTION('',(0.E0,1.E0,0.E0));
#7885=DIRECTION('',(1.E0,0.E0,0.E0));
#7886=AXIS2_PLACEMENT_3D('',#7883,#7884,#7885);
#7887=PLANE('',#7886);
#7889=ORIENTED_EDGE('',*,*,#7888,.T.);
#7891=ORIENTED_EDGE('',*,*,#7890,.T.);
#7893=ORIENTED_EDGE('',*,*,#7892,.T.);
#7895=ORIENTED_EDGE('',*,*,#7894,.T.);
#7896=EDGE_LOOP('',(#7889,#7891,#7893,#7895));
#7897=FACE_OUTER_BOUND('',#7896,.F.);
#7899=FILL_AREA_STYLE_COLOUR('',#27);
#7900=FILL_AREA_STYLE('',(#7899));
#7901=SURFACE_STYLE_FILL_AREA(#7900);
#7902=SURFACE_SIDE_STYLE('',(#7901));
#7903=SURFACE_STYLE_USAGE(.POSITIVE.,#7902);
#7904=PRESENTATION_STYLE_ASSIGNMENT((#7903));
#7905=OVER_RIDING_STYLED_ITEM('',(#7904),#7898,#7730);
#7906=CARTESIAN_POINT('',(1.45E0,0.E0,-1.45E0));
#7907=DIRECTION('',(-1.E0,0.E0,0.E0));
#7908=DIRECTION('',(0.E0,0.E0,1.E0));
#7909=AXIS2_PLACEMENT_3D('',#7906,#7907,#7908);
#7910=PLANE('',#7909);
#7911=ORIENTED_EDGE('',*,*,#7888,.F.);
#7913=ORIENTED_EDGE('',*,*,#7912,.T.);
#7915=ORIENTED_EDGE('',*,*,#7914,.F.);
#7917=ORIENTED_EDGE('',*,*,#7916,.F.);
#7918=EDGE_LOOP('',(#7911,#7913,#7915,#7917));
#7919=FACE_OUTER_BOUND('',#7918,.F.);
#7921=FILL_AREA_STYLE_COLOUR('',#27);
#7922=FILL_AREA_STYLE('',(#7921));
#7923=SURFACE_STYLE_FILL_AREA(#7922);
#7924=SURFACE_SIDE_STYLE('',(#7923));
#7925=SURFACE_STYLE_USAGE(.POSITIVE.,#7924);
#7926=PRESENTATION_STYLE_ASSIGNMENT((#7925));
#7927=OVER_RIDING_STYLED_ITEM('',(#7926),#7920,#7730);
#7928=CARTESIAN_POINT('',(1.225E0,0.E0,-6.25E-1));
#7929=DIRECTION('',(0.E0,0.E0,1.E0));
#7930=DIRECTION('',(1.E0,0.E0,0.E0));
#7931=AXIS2_PLACEMENT_3D('',#7928,#7929,#7930);
#7932=PLANE('',#7931);
#7934=ORIENTED_EDGE('',*,*,#7933,.F.);
#7935=ORIENTED_EDGE('',*,*,#7912,.F.);
#7936=ORIENTED_EDGE('',*,*,#7894,.F.);
#7938=ORIENTED_EDGE('',*,*,#7937,.T.);
#7940=ORIENTED_EDGE('',*,*,#7939,.T.);
#7942=ORIENTED_EDGE('',*,*,#7941,.F.);
#7943=EDGE_LOOP('',(#7934,#7935,#7936,#7938,#7940,#7942));
#7944=FACE_OUTER_BOUND('',#7943,.F.);
#7946=CARTESIAN_POINT('',(0.E0,1.E-1,0.E0));
#7947=DIRECTION('',(0.E0,1.E0,0.E0));
#7948=DIRECTION('',(1.E0,0.E0,0.E0));
#7949=AXIS2_PLACEMENT_3D('',#7946,#7947,#7948);
#7950=PLANE('',#7949);
#7952=ORIENTED_EDGE('',*,*,#7951,.T.);
#7953=ORIENTED_EDGE('',*,*,#7914,.T.);
#7954=ORIENTED_EDGE('',*,*,#7933,.T.);
#7956=ORIENTED_EDGE('',*,*,#7955,.T.);
#7957=EDGE_LOOP('',(#7952,#7953,#7954,#7956));
#7958=FACE_OUTER_BOUND('',#7957,.F.);
#7960=FILL_AREA_STYLE_COLOUR('',#27);
#7961=FILL_AREA_STYLE('',(#7960));
#7962=SURFACE_STYLE_FILL_AREA(#7961);
#7963=SURFACE_SIDE_STYLE('',(#7962));
#7964=SURFACE_STYLE_USAGE(.POSITIVE.,#7963);
#7965=PRESENTATION_STYLE_ASSIGNMENT((#7964));
#7966=OVER_RIDING_STYLED_ITEM('',(#7965),#7959,#7730);
#7967=CARTESIAN_POINT('',(1.5E0,0.E0,-8.75E-1));
#7968=DIRECTION('',(0.E0,0.E0,-1.E0));
#7969=DIRECTION('',(-1.E0,0.E0,0.E0));
#7970=AXIS2_PLACEMENT_3D('',#7967,#7968,#7969);
#7971=PLANE('',#7970);
#7972=ORIENTED_EDGE('',*,*,#7951,.F.);
#7974=ORIENTED_EDGE('',*,*,#7973,.T.);
#7976=ORIENTED_EDGE('',*,*,#7975,.T.);
#7978=ORIENTED_EDGE('',*,*,#7977,.F.);
#7979=ORIENTED_EDGE('',*,*,#7890,.F.);
#7980=ORIENTED_EDGE('',*,*,#7916,.T.);
#7981=EDGE_LOOP('',(#7972,#7974,#7976,#7978,#7979,#7980));
#7982=FACE_OUTER_BOUND('',#7981,.F.);
#7984=CARTESIAN_POINT('',(1.5E0,0.E0,-6.25E-1));
#7985=DIRECTION('',(1.E0,0.E0,0.E0));
#7986=DIRECTION('',(0.E0,0.E0,-1.E0));
#7987=AXIS2_PLACEMENT_3D('',#7984,#7985,#7986);
#7988=PLANE('',#7987);
#7989=ORIENTED_EDGE('',*,*,#7955,.F.);
#7990=ORIENTED_EDGE('',*,*,#7941,.T.);
#7992=ORIENTED_EDGE('',*,*,#7991,.T.);
#7993=ORIENTED_EDGE('',*,*,#7973,.F.);
#7994=EDGE_LOOP('',(#7989,#7990,#7992,#7993));
#7995=FACE_OUTER_BOUND('',#7994,.F.);
#7997=CARTESIAN_POINT('',(0.E0,2.E-1,0.E0));
#7998=DIRECTION('',(0.E0,1.E0,0.E0));
#7999=DIRECTION('',(1.E0,0.E0,0.E0));
#8000=AXIS2_PLACEMENT_3D('',#7997,#7998,#7999);
#8001=PLANE('',#8000);
#8002=ORIENTED_EDGE('',*,*,#7975,.F.);
#8003=ORIENTED_EDGE('',*,*,#7991,.F.);
#8004=ORIENTED_EDGE('',*,*,#7939,.F.);
#8006=ORIENTED_EDGE('',*,*,#8005,.F.);
#8007=EDGE_LOOP('',(#8002,#8003,#8004,#8006));
#8008=FACE_OUTER_BOUND('',#8007,.F.);
#8010=CARTESIAN_POINT('',(1.225E0,0.E0,-7.5E-1));
#8011=DIRECTION('',(0.E0,1.E0,0.E0));
#8012=DIRECTION('',(1.E0,0.E0,0.E0));
#8013=AXIS2_PLACEMENT_3D('',#8010,#8011,#8012);
#8014=CYLINDRICAL_SURFACE('',#8013,1.25E-1);
#8015=ORIENTED_EDGE('',*,*,#7892,.F.);
#8016=ORIENTED_EDGE('',*,*,#7977,.T.);
#8017=ORIENTED_EDGE('',*,*,#8005,.T.);
#8018=ORIENTED_EDGE('',*,*,#7937,.F.);
#8019=EDGE_LOOP('',(#8015,#8016,#8017,#8018));
#8020=FACE_OUTER_BOUND('',#8019,.F.);
#8022=CLOSED_SHELL('',(#7898,#7920,#7945,#7959,#7983,#7996,#8009,#8021));
#8023=MANIFOLD_SOLID_BREP('',#8022);
#8024=FILL_AREA_STYLE_COLOUR('',#6404);
#8025=FILL_AREA_STYLE('',(#8024));
#8026=SURFACE_STYLE_FILL_AREA(#8025);
#8027=SURFACE_SIDE_STYLE('',(#8026));
#8028=SURFACE_STYLE_USAGE(.POSITIVE.,#8027);
#8029=PRESENTATION_STYLE_ASSIGNMENT((#8028));
#7730=STYLED_ITEM('',(#8029),#8023);
#8031=DIRECTION('',(0.E0,0.E0,-1.E0));
#8032=VECTOR('',#8031,2.5E-1);
#8033=CARTESIAN_POINT('',(-1.45E0,0.E0,8.75E-1));
#8034=LINE('',#8033,#8032);
#8035=CURVE_STYLE('',#34,POSITIVE_LENGTH_MEASURE(2.E-2),#6404);
#8036=PRESENTATION_STYLE_ASSIGNMENT((#8035));
#8037=STYLED_ITEM('',(#8036),#8034);
#8038=DIRECTION('',(-1.E0,0.E0,0.E0));
#8039=VECTOR('',#8038,2.25E-1);
#8040=CARTESIAN_POINT('',(-1.225E0,0.E0,8.75E-1));
#8041=LINE('',#8040,#8039);
#8042=CURVE_STYLE('',#34,POSITIVE_LENGTH_MEASURE(2.E-2),#6404);
#8043=PRESENTATION_STYLE_ASSIGNMENT((#8042));
#8044=STYLED_ITEM('',(#8043),#8041);
#8045=CARTESIAN_POINT('',(-1.225E0,0.E0,7.5E-1));
#8046=DIRECTION('',(0.E0,-1.E0,0.E0));
#8047=DIRECTION('',(0.E0,0.E0,-1.E0));
#8048=AXIS2_PLACEMENT_3D('',#8045,#8046,#8047);
#8050=CURVE_STYLE('',#34,POSITIVE_LENGTH_MEASURE(2.E-2),#6404);
#8051=PRESENTATION_STYLE_ASSIGNMENT((#8050));
#8052=STYLED_ITEM('',(#8051),#8049);
#8053=DIRECTION('',(1.E0,0.E0,0.E0));
#8054=VECTOR('',#8053,2.25E-1);
#8055=CARTESIAN_POINT('',(-1.45E0,0.E0,6.25E-1));
#8056=LINE('',#8055,#8054);
#8057=CURVE_STYLE('',#34,POSITIVE_LENGTH_MEASURE(2.E-2),#6404);
#8058=PRESENTATION_STYLE_ASSIGNMENT((#8057));
#8059=STYLED_ITEM('',(#8058),#8056);
#8060=DIRECTION('',(1.E0,0.E0,0.E0));
#8061=VECTOR('',#8060,5.E-2);
#8062=CARTESIAN_POINT('',(-1.5E0,1.E-1,6.25E-1));
#8063=LINE('',#8062,#8061);
#8064=CURVE_STYLE('',#34,POSITIVE_LENGTH_MEASURE(2.E-2),#6404);
#8065=PRESENTATION_STYLE_ASSIGNMENT((#8064));
#8066=STYLED_ITEM('',(#8065),#8063);
#8067=DIRECTION('',(0.E0,1.E0,0.E0));
#8068=VECTOR('',#8067,1.E-1);
#8069=CARTESIAN_POINT('',(-1.45E0,0.E0,6.25E-1));
#8070=LINE('',#8069,#8068);
#8071=CURVE_STYLE('',#34,POSITIVE_LENGTH_MEASURE(2.E-2),#6404);
#8072=PRESENTATION_STYLE_ASSIGNMENT((#8071));
#8073=STYLED_ITEM('',(#8072),#8070);
#8074=DIRECTION('',(0.E0,1.E0,0.E0));
#8075=VECTOR('',#8074,1.E-1);
#8076=CARTESIAN_POINT('',(-1.5E0,1.E-1,6.25E-1));
#8077=LINE('',#8076,#8075);
#8078=CURVE_STYLE('',#34,POSITIVE_LENGTH_MEASURE(2.E-2),#6404);
#8079=PRESENTATION_STYLE_ASSIGNMENT((#8078));
#8080=STYLED_ITEM('',(#8079),#8077);
#8081=DIRECTION('',(0.E0,0.E0,-1.E0));
#8082=VECTOR('',#8081,2.5E-1);
#8083=CARTESIAN_POINT('',(-1.45E0,1.E-1,8.75E-1));
#8084=LINE('',#8083,#8082);
#8085=CURVE_STYLE('',#34,POSITIVE_LENGTH_MEASURE(2.E-2),#6404);
#8086=PRESENTATION_STYLE_ASSIGNMENT((#8085));
#8087=STYLED_ITEM('',(#8086),#8084);
#8088=DIRECTION('',(0.E0,0.E0,-1.E0));
#8089=VECTOR('',#8088,2.5E-1);
#8090=CARTESIAN_POINT('',(-1.5E0,1.E-1,8.75E-1));
#8091=LINE('',#8090,#8089);
#8092=CURVE_STYLE('',#34,POSITIVE_LENGTH_MEASURE(2.E-2),#6404);
#8093=PRESENTATION_STYLE_ASSIGNMENT((#8092));
#8094=STYLED_ITEM('',(#8093),#8091);
#8095=DIRECTION('',(0.E0,1.E0,0.E0));
#8096=VECTOR('',#8095,1.E-1);
#8097=CARTESIAN_POINT('',(-1.5E0,1.E-1,8.75E-1));
#8098=LINE('',#8097,#8096);
#8099=CURVE_STYLE('',#34,POSITIVE_LENGTH_MEASURE(2.E-2),#6404);
#8100=PRESENTATION_STYLE_ASSIGNMENT((#8099));
#8101=STYLED_ITEM('',(#8100),#8098);
#8102=DIRECTION('',(1.E0,0.E0,0.E0));
#8103=VECTOR('',#8102,2.75E-1);
#8104=CARTESIAN_POINT('',(-1.5E0,2.E-1,6.25E-1));
#8105=LINE('',#8104,#8103);
#8106=CURVE_STYLE('',#34,POSITIVE_LENGTH_MEASURE(2.E-2),#6404);
#8107=PRESENTATION_STYLE_ASSIGNMENT((#8106));
#8108=STYLED_ITEM('',(#8107),#8105);
#8109=CARTESIAN_POINT('',(-1.225E0,2.E-1,7.5E-1));
#8110=DIRECTION('',(0.E0,-1.E0,0.E0));
#8111=DIRECTION('',(0.E0,0.E0,-1.E0));
#8112=AXIS2_PLACEMENT_3D('',#8109,#8110,#8111);
#8114=CURVE_STYLE('',#34,POSITIVE_LENGTH_MEASURE(2.E-2),#6404);
#8115=PRESENTATION_STYLE_ASSIGNMENT((#8114));
#8116=STYLED_ITEM('',(#8115),#8113);
#8117=DIRECTION('',(-1.E0,0.E0,0.E0));
#8118=VECTOR('',#8117,2.75E-1);
#8119=CARTESIAN_POINT('',(-1.225E0,2.E-1,8.75E-1));
#8120=LINE('',#8119,#8118);
#8121=CURVE_STYLE('',#34,POSITIVE_LENGTH_MEASURE(2.E-2),#6404);
#8122=PRESENTATION_STYLE_ASSIGNMENT((#8121));
#8123=STYLED_ITEM('',(#8122),#8120);
#8124=DIRECTION('',(0.E0,0.E0,-1.E0));
#8125=VECTOR('',#8124,2.5E-1);
#8126=CARTESIAN_POINT('',(-1.5E0,2.E-1,8.75E-1));
#8127=LINE('',#8126,#8125);
#8128=CURVE_STYLE('',#34,POSITIVE_LENGTH_MEASURE(2.E-2),#6404);
#8129=PRESENTATION_STYLE_ASSIGNMENT((#8128));
#8130=STYLED_ITEM('',(#8129),#8127);
#8131=DIRECTION('',(0.E0,1.E0,0.E0));
#8132=VECTOR('',#8131,2.E-1);
#8133=CARTESIAN_POINT('',(-1.225E0,0.E0,6.25E-1));
#8134=LINE('',#8133,#8132);
#8135=CURVE_STYLE('',#34,POSITIVE_LENGTH_MEASURE(2.E-2),#6404);
#8136=PRESENTATION_STYLE_ASSIGNMENT((#8135));
#8137=STYLED_ITEM('',(#8136),#8134);
#8138=DIRECTION('',(-1.E0,0.E0,0.E0));
#8139=VECTOR('',#8138,5.E-2);
#8140=CARTESIAN_POINT('',(-1.45E0,1.E-1,8.75E-1));
#8141=LINE('',#8140,#8139);
#8142=CURVE_STYLE('',#34,POSITIVE_LENGTH_MEASURE(2.E-2),#6404);
#8143=PRESENTATION_STYLE_ASSIGNMENT((#8142));
#8144=STYLED_ITEM('',(#8143),#8141);
#8145=DIRECTION('',(0.E0,1.E0,0.E0));
#8146=VECTOR('',#8145,2.E-1);
#8147=CARTESIAN_POINT('',(-1.225E0,0.E0,8.75E-1));
#8148=LINE('',#8147,#8146);
#8149=CURVE_STYLE('',#34,POSITIVE_LENGTH_MEASURE(2.E-2),#6404);
#8150=PRESENTATION_STYLE_ASSIGNMENT((#8149));
#8151=STYLED_ITEM('',(#8150),#8148);
#8152=DIRECTION('',(0.E0,1.E0,0.E0));
#8153=VECTOR('',#8152,1.E-1);
#8154=CARTESIAN_POINT('',(-1.45E0,0.E0,8.75E-1));
#8155=LINE('',#8154,#8153);
#8156=CURVE_STYLE('',#34,POSITIVE_LENGTH_MEASURE(2.E-2),#6404);
#8157=PRESENTATION_STYLE_ASSIGNMENT((#8156));
#8158=STYLED_ITEM('',(#8157),#8155);
#8159=CARTESIAN_POINT('',(-1.225E0,0.E0,6.25E-1));
#8160=CARTESIAN_POINT('',(-1.225E0,0.E0,8.75E-1));
#8161=VERTEX_POINT('',#8159);
#8162=VERTEX_POINT('',#8160);
#8163=CARTESIAN_POINT('',(-1.5E0,2.E-1,6.25E-1));
#8164=CARTESIAN_POINT('',(-1.225E0,2.E-1,6.25E-1));
#8165=VERTEX_POINT('',#8163);
#8166=VERTEX_POINT('',#8164);
#8167=CARTESIAN_POINT('',(-1.225E0,2.E-1,8.75E-1));
#8168=VERTEX_POINT('',#8167);
#8169=CARTESIAN_POINT('',(-1.5E0,2.E-1,8.75E-1));
#8170=VERTEX_POINT('',#8169);
#8171=CARTESIAN_POINT('',(-1.45E0,0.E0,8.75E-1));
#8172=CARTESIAN_POINT('',(-1.45E0,0.E0,6.25E-1));
#8173=VERTEX_POINT('',#8171);
#8174=VERTEX_POINT('',#8172);
#8175=CARTESIAN_POINT('',(-1.5E0,1.E-1,6.25E-1));
#8176=CARTESIAN_POINT('',(-1.45E0,1.E-1,6.25E-1));
#8177=VERTEX_POINT('',#8175);
#8178=VERTEX_POINT('',#8176);
#8179=CARTESIAN_POINT('',(-1.45E0,1.E-1,8.75E-1));
#8180=CARTESIAN_POINT('',(-1.5E0,1.E-1,8.75E-1));
#8181=VERTEX_POINT('',#8179);
#8182=VERTEX_POINT('',#8180);
#8183=CARTESIAN_POINT('',(0.E0,0.E0,0.E0));
#8184=DIRECTION('',(0.E0,-1.E0,0.E0));
#8185=DIRECTION('',(-1.E0,0.E0,0.E0));
#8186=AXIS2_PLACEMENT_3D('',#8183,#8184,#8185);
#8187=PLANE('',#8186);
#8189=ORIENTED_EDGE('',*,*,#8188,.F.);
#8191=ORIENTED_EDGE('',*,*,#8190,.F.);
#8193=ORIENTED_EDGE('',*,*,#8192,.F.);
#8195=ORIENTED_EDGE('',*,*,#8194,.F.);
#8196=EDGE_LOOP('',(#8189,#8191,#8193,#8195));
#8197=FACE_OUTER_BOUND('',#8196,.F.);
#8199=FILL_AREA_STYLE_COLOUR('',#27);
#8200=FILL_AREA_STYLE('',(#8199));
#8201=SURFACE_STYLE_FILL_AREA(#8200);
#8202=SURFACE_SIDE_STYLE('',(#8201));
#8203=SURFACE_STYLE_USAGE(.POSITIVE.,#8202);
#8204=PRESENTATION_STYLE_ASSIGNMENT((#8203));
#8205=OVER_RIDING_STYLED_ITEM('',(#8204),#8198,#8030);
#8206=CARTESIAN_POINT('',(-1.45E0,0.E0,1.45E0));
#8207=DIRECTION('',(1.E0,0.E0,0.E0));
#8208=DIRECTION('',(0.E0,0.E0,-1.E0));
#8209=AXIS2_PLACEMENT_3D('',#8206,#8207,#8208);
#8210=PLANE('',#8209);
#8211=ORIENTED_EDGE('',*,*,#8188,.T.);
#8213=ORIENTED_EDGE('',*,*,#8212,.T.);
#8215=ORIENTED_EDGE('',*,*,#8214,.F.);
#8217=ORIENTED_EDGE('',*,*,#8216,.F.);
#8218=EDGE_LOOP('',(#8211,#8213,#8215,#8217));
#8219=FACE_OUTER_BOUND('',#8218,.F.);
#8221=FILL_AREA_STYLE_COLOUR('',#27);
#8222=FILL_AREA_STYLE('',(#8221));
#8223=SURFACE_STYLE_FILL_AREA(#8222);
#8224=SURFACE_SIDE_STYLE('',(#8223));
#8225=SURFACE_STYLE_USAGE(.POSITIVE.,#8224);
#8226=PRESENTATION_STYLE_ASSIGNMENT((#8225));
#8227=OVER_RIDING_STYLED_ITEM('',(#8226),#8220,#8030);
#8228=CARTESIAN_POINT('',(-1.5E0,0.E0,6.25E-1));
#8229=DIRECTION('',(0.E0,0.E0,1.E0));
#8230=DIRECTION('',(1.E0,0.E0,0.E0));
#8231=AXIS2_PLACEMENT_3D('',#8228,#8229,#8230);
#8232=PLANE('',#8231);
#8234=ORIENTED_EDGE('',*,*,#8233,.T.);
#8235=ORIENTED_EDGE('',*,*,#8212,.F.);
#8236=ORIENTED_EDGE('',*,*,#8194,.T.);
#8238=ORIENTED_EDGE('',*,*,#8237,.T.);
#8240=ORIENTED_EDGE('',*,*,#8239,.F.);
#8242=ORIENTED_EDGE('',*,*,#8241,.F.);
#8243=EDGE_LOOP('',(#8234,#8235,#8236,#8238,#8240,#8242));
#8244=FACE_OUTER_BOUND('',#8243,.F.);
#8246=CARTESIAN_POINT('',(0.E0,1.E-1,0.E0));
#8247=DIRECTION('',(0.E0,1.E0,0.E0));
#8248=DIRECTION('',(1.E0,0.E0,0.E0));
#8249=AXIS2_PLACEMENT_3D('',#8246,#8247,#8248);
#8250=PLANE('',#8249);
#8251=ORIENTED_EDGE('',*,*,#8233,.F.);
#8253=ORIENTED_EDGE('',*,*,#8252,.F.);
#8255=ORIENTED_EDGE('',*,*,#8254,.F.);
#8256=ORIENTED_EDGE('',*,*,#8214,.T.);
#8257=EDGE_LOOP('',(#8251,#8253,#8255,#8256));
#8258=FACE_OUTER_BOUND('',#8257,.F.);
#8260=FILL_AREA_STYLE_COLOUR('',#27);
#8261=FILL_AREA_STYLE('',(#8260));
#8262=SURFACE_STYLE_FILL_AREA(#8261);
#8263=SURFACE_SIDE_STYLE('',(#8262));
#8264=SURFACE_STYLE_USAGE(.POSITIVE.,#8263);
#8265=PRESENTATION_STYLE_ASSIGNMENT((#8264));
#8266=OVER_RIDING_STYLED_ITEM('',(#8265),#8259,#8030);
#8267=CARTESIAN_POINT('',(-1.5E0,0.E0,8.75E-1));
#8268=DIRECTION('',(1.E0,0.E0,0.E0));
#8269=DIRECTION('',(0.E0,0.E0,-1.E0));
#8270=AXIS2_PLACEMENT_3D('',#8267,#8268,#8269);
#8271=PLANE('',#8270);
#8272=ORIENTED_EDGE('',*,*,#8252,.T.);
#8273=ORIENTED_EDGE('',*,*,#8241,.T.);
#8275=ORIENTED_EDGE('',*,*,#8274,.F.);
#8277=ORIENTED_EDGE('',*,*,#8276,.F.);
#8278=EDGE_LOOP('',(#8272,#8273,#8275,#8277));
#8279=FACE_OUTER_BOUND('',#8278,.F.);
#8281=CARTESIAN_POINT('',(0.E0,2.E-1,0.E0));
#8282=DIRECTION('',(0.E0,-1.E0,0.E0));
#8283=DIRECTION('',(-1.E0,0.E0,0.E0));
#8284=AXIS2_PLACEMENT_3D('',#8281,#8282,#8283);
#8285=PLANE('',#8284);
#8286=ORIENTED_EDGE('',*,*,#8239,.T.);
#8288=ORIENTED_EDGE('',*,*,#8287,.T.);
#8290=ORIENTED_EDGE('',*,*,#8289,.T.);
#8291=ORIENTED_EDGE('',*,*,#8274,.T.);
#8292=EDGE_LOOP('',(#8286,#8288,#8290,#8291));
#8293=FACE_OUTER_BOUND('',#8292,.F.);
#8295=CARTESIAN_POINT('',(-1.225E0,0.E0,7.5E-1));
#8296=DIRECTION('',(0.E0,-1.E0,0.E0));
#8297=DIRECTION('',(-1.E0,0.E0,0.E0));
#8298=AXIS2_PLACEMENT_3D('',#8295,#8296,#8297);
#8299=CYLINDRICAL_SURFACE('',#8298,1.25E-1);
#8300=ORIENTED_EDGE('',*,*,#8192,.T.);
#8302=ORIENTED_EDGE('',*,*,#8301,.T.);
#8303=ORIENTED_EDGE('',*,*,#8287,.F.);
#8304=ORIENTED_EDGE('',*,*,#8237,.F.);
#8305=EDGE_LOOP('',(#8300,#8302,#8303,#8304));
#8306=FACE_OUTER_BOUND('',#8305,.F.);
#8308=CARTESIAN_POINT('',(-1.225E0,0.E0,8.75E-1));
#8309=DIRECTION('',(0.E0,0.E0,-1.E0));
#8310=DIRECTION('',(-1.E0,0.E0,0.E0));
#8311=AXIS2_PLACEMENT_3D('',#8308,#8309,#8310);
#8312=PLANE('',#8311);
#8313=ORIENTED_EDGE('',*,*,#8254,.T.);
#8314=ORIENTED_EDGE('',*,*,#8276,.T.);
#8315=ORIENTED_EDGE('',*,*,#8289,.F.);
#8316=ORIENTED_EDGE('',*,*,#8301,.F.);
#8317=ORIENTED_EDGE('',*,*,#8190,.T.);
#8318=ORIENTED_EDGE('',*,*,#8216,.T.);
#8319=EDGE_LOOP('',(#8313,#8314,#8315,#8316,#8317,#8318));
#8320=FACE_OUTER_BOUND('',#8319,.F.);
#8322=CLOSED_SHELL('',(#8198,#8220,#8245,#8259,#8280,#8294,#8307,#8321));
#8323=MANIFOLD_SOLID_BREP('',#8322);
#8324=FILL_AREA_STYLE_COLOUR('',#6404);
#8325=FILL_AREA_STYLE('',(#8324));
#8326=SURFACE_STYLE_FILL_AREA(#8325);
#8327=SURFACE_SIDE_STYLE('',(#8326));
#8328=SURFACE_STYLE_USAGE(.POSITIVE.,#8327);
#8329=PRESENTATION_STYLE_ASSIGNMENT((#8328));
#8030=STYLED_ITEM('',(#8329),#8323);
#8331=DIRECTION('',(0.E0,0.E0,-1.E0));
#8332=VECTOR('',#8331,2.5E-1);
#8333=CARTESIAN_POINT('',(-1.45E0,0.E0,3.75E-1));
#8334=LINE('',#8333,#8332);
#8335=CURVE_STYLE('',#34,POSITIVE_LENGTH_MEASURE(2.E-2),#6404);
#8336=PRESENTATION_STYLE_ASSIGNMENT((#8335));
#8337=STYLED_ITEM('',(#8336),#8334);
#8338=DIRECTION('',(-1.E0,0.E0,0.E0));
#8339=VECTOR('',#8338,2.25E-1);
#8340=CARTESIAN_POINT('',(-1.225E0,0.E0,3.75E-1));
#8341=LINE('',#8340,#8339);
#8342=CURVE_STYLE('',#34,POSITIVE_LENGTH_MEASURE(2.E-2),#6404);
#8343=PRESENTATION_STYLE_ASSIGNMENT((#8342));
#8344=STYLED_ITEM('',(#8343),#8341);
#8345=CARTESIAN_POINT('',(-1.225E0,0.E0,2.5E-1));
#8346=DIRECTION('',(0.E0,-1.E0,0.E0));
#8347=DIRECTION('',(0.E0,0.E0,-1.E0));
#8348=AXIS2_PLACEMENT_3D('',#8345,#8346,#8347);
#8350=CURVE_STYLE('',#34,POSITIVE_LENGTH_MEASURE(2.E-2),#6404);
#8351=PRESENTATION_STYLE_ASSIGNMENT((#8350));
#8352=STYLED_ITEM('',(#8351),#8349);
#8353=DIRECTION('',(1.E0,0.E0,0.E0));
#8354=VECTOR('',#8353,2.25E-1);
#8355=CARTESIAN_POINT('',(-1.45E0,0.E0,1.25E-1));
#8356=LINE('',#8355,#8354);
#8357=CURVE_STYLE('',#34,POSITIVE_LENGTH_MEASURE(2.E-2),#6404);
#8358=PRESENTATION_STYLE_ASSIGNMENT((#8357));
#8359=STYLED_ITEM('',(#8358),#8356);
#8360=DIRECTION('',(1.E0,0.E0,0.E0));
#8361=VECTOR('',#8360,5.E-2);
#8362=CARTESIAN_POINT('',(-1.5E0,1.E-1,1.25E-1));
#8363=LINE('',#8362,#8361);
#8364=CURVE_STYLE('',#34,POSITIVE_LENGTH_MEASURE(2.E-2),#6404);
#8365=PRESENTATION_STYLE_ASSIGNMENT((#8364));
#8366=STYLED_ITEM('',(#8365),#8363);
#8367=DIRECTION('',(0.E0,1.E0,0.E0));
#8368=VECTOR('',#8367,1.E-1);
#8369=CARTESIAN_POINT('',(-1.45E0,0.E0,1.25E-1));
#8370=LINE('',#8369,#8368);
#8371=CURVE_STYLE('',#34,POSITIVE_LENGTH_MEASURE(2.E-2),#6404);
#8372=PRESENTATION_STYLE_ASSIGNMENT((#8371));
#8373=STYLED_ITEM('',(#8372),#8370);
#8374=DIRECTION('',(0.E0,1.E0,0.E0));
#8375=VECTOR('',#8374,1.E-1);
#8376=CARTESIAN_POINT('',(-1.5E0,1.E-1,1.25E-1));
#8377=LINE('',#8376,#8375);
#8378=CURVE_STYLE('',#34,POSITIVE_LENGTH_MEASURE(2.E-2),#6404);
#8379=PRESENTATION_STYLE_ASSIGNMENT((#8378));
#8380=STYLED_ITEM('',(#8379),#8377);
#8381=DIRECTION('',(0.E0,0.E0,-1.E0));
#8382=VECTOR('',#8381,2.5E-1);
#8383=CARTESIAN_POINT('',(-1.45E0,1.E-1,3.75E-1));
#8384=LINE('',#8383,#8382);
#8385=CURVE_STYLE('',#34,POSITIVE_LENGTH_MEASURE(2.E-2),#6404);
#8386=PRESENTATION_STYLE_ASSIGNMENT((#8385));
#8387=STYLED_ITEM('',(#8386),#8384);
#8388=DIRECTION('',(0.E0,0.E0,-1.E0));
#8389=VECTOR('',#8388,2.5E-1);
#8390=CARTESIAN_POINT('',(-1.5E0,1.E-1,3.75E-1));
#8391=LINE('',#8390,#8389);
#8392=CURVE_STYLE('',#34,POSITIVE_LENGTH_MEASURE(2.E-2),#6404);
#8393=PRESENTATION_STYLE_ASSIGNMENT((#8392));
#8394=STYLED_ITEM('',(#8393),#8391);
#8395=DIRECTION('',(0.E0,1.E0,0.E0));
#8396=VECTOR('',#8395,1.E-1);
#8397=CARTESIAN_POINT('',(-1.5E0,1.E-1,3.75E-1));
#8398=LINE('',#8397,#8396);
#8399=CURVE_STYLE('',#34,POSITIVE_LENGTH_MEASURE(2.E-2),#6404);
#8400=PRESENTATION_STYLE_ASSIGNMENT((#8399));
#8401=STYLED_ITEM('',(#8400),#8398);
#8402=DIRECTION('',(1.E0,0.E0,0.E0));
#8403=VECTOR('',#8402,2.75E-1);
#8404=CARTESIAN_POINT('',(-1.5E0,2.E-1,1.25E-1));
#8405=LINE('',#8404,#8403);
#8406=CURVE_STYLE('',#34,POSITIVE_LENGTH_MEASURE(2.E-2),#6404);
#8407=PRESENTATION_STYLE_ASSIGNMENT((#8406));
#8408=STYLED_ITEM('',(#8407),#8405);
#8409=CARTESIAN_POINT('',(-1.225E0,2.E-1,2.5E-1));
#8410=DIRECTION('',(0.E0,-1.E0,0.E0));
#8411=DIRECTION('',(0.E0,0.E0,-1.E0));
#8412=AXIS2_PLACEMENT_3D('',#8409,#8410,#8411);
#8414=CURVE_STYLE('',#34,POSITIVE_LENGTH_MEASURE(2.E-2),#6404);
#8415=PRESENTATION_STYLE_ASSIGNMENT((#8414));
#8416=STYLED_ITEM('',(#8415),#8413);
#8417=DIRECTION('',(-1.E0,0.E0,0.E0));
#8418=VECTOR('',#8417,2.75E-1);
#8419=CARTESIAN_POINT('',(-1.225E0,2.E-1,3.75E-1));
#8420=LINE('',#8419,#8418);
#8421=CURVE_STYLE('',#34,POSITIVE_LENGTH_MEASURE(2.E-2),#6404);
#8422=PRESENTATION_STYLE_ASSIGNMENT((#8421));
#8423=STYLED_ITEM('',(#8422),#8420);
#8424=DIRECTION('',(0.E0,0.E0,-1.E0));
#8425=VECTOR('',#8424,2.5E-1);
#8426=CARTESIAN_POINT('',(-1.5E0,2.E-1,3.75E-1));
#8427=LINE('',#8426,#8425);
#8428=CURVE_STYLE('',#34,POSITIVE_LENGTH_MEASURE(2.E-2),#6404);
#8429=PRESENTATION_STYLE_ASSIGNMENT((#8428));
#8430=STYLED_ITEM('',(#8429),#8427);
#8431=DIRECTION('',(0.E0,1.E0,0.E0));
#8432=VECTOR('',#8431,2.E-1);
#8433=CARTESIAN_POINT('',(-1.225E0,0.E0,1.25E-1));
#8434=LINE('',#8433,#8432);
#8435=CURVE_STYLE('',#34,POSITIVE_LENGTH_MEASURE(2.E-2),#6404);
#8436=PRESENTATION_STYLE_ASSIGNMENT((#8435));
#8437=STYLED_ITEM('',(#8436),#8434);
#8438=DIRECTION('',(-1.E0,0.E0,0.E0));
#8439=VECTOR('',#8438,5.E-2);
#8440=CARTESIAN_POINT('',(-1.45E0,1.E-1,3.75E-1));
#8441=LINE('',#8440,#8439);
#8442=CURVE_STYLE('',#34,POSITIVE_LENGTH_MEASURE(2.E-2),#6404);
#8443=PRESENTATION_STYLE_ASSIGNMENT((#8442));
#8444=STYLED_ITEM('',(#8443),#8441);
#8445=DIRECTION('',(0.E0,1.E0,0.E0));
#8446=VECTOR('',#8445,2.E-1);
#8447=CARTESIAN_POINT('',(-1.225E0,0.E0,3.75E-1));
#8448=LINE('',#8447,#8446);
#8449=CURVE_STYLE('',#34,POSITIVE_LENGTH_MEASURE(2.E-2),#6404);
#8450=PRESENTATION_STYLE_ASSIGNMENT((#8449));
#8451=STYLED_ITEM('',(#8450),#8448);
#8452=DIRECTION('',(0.E0,1.E0,0.E0));
#8453=VECTOR('',#8452,1.E-1);
#8454=CARTESIAN_POINT('',(-1.45E0,0.E0,3.75E-1));
#8455=LINE('',#8454,#8453);
#8456=CURVE_STYLE('',#34,POSITIVE_LENGTH_MEASURE(2.E-2),#6404);
#8457=PRESENTATION_STYLE_ASSIGNMENT((#8456));
#8458=STYLED_ITEM('',(#8457),#8455);
#8459=CARTESIAN_POINT('',(-1.225E0,0.E0,1.25E-1));
#8460=CARTESIAN_POINT('',(-1.225E0,0.E0,3.75E-1));
#8461=VERTEX_POINT('',#8459);
#8462=VERTEX_POINT('',#8460);
#8463=CARTESIAN_POINT('',(-1.5E0,2.E-1,1.25E-1));
#8464=CARTESIAN_POINT('',(-1.225E0,2.E-1,1.25E-1));
#8465=VERTEX_POINT('',#8463);
#8466=VERTEX_POINT('',#8464);
#8467=CARTESIAN_POINT('',(-1.225E0,2.E-1,3.75E-1));
#8468=VERTEX_POINT('',#8467);
#8469=CARTESIAN_POINT('',(-1.5E0,2.E-1,3.75E-1));
#8470=VERTEX_POINT('',#8469);
#8471=CARTESIAN_POINT('',(-1.45E0,0.E0,3.75E-1));
#8472=CARTESIAN_POINT('',(-1.45E0,0.E0,1.25E-1));
#8473=VERTEX_POINT('',#8471);
#8474=VERTEX_POINT('',#8472);
#8475=CARTESIAN_POINT('',(-1.5E0,1.E-1,1.25E-1));
#8476=CARTESIAN_POINT('',(-1.45E0,1.E-1,1.25E-1));
#8477=VERTEX_POINT('',#8475);
#8478=VERTEX_POINT('',#8476);
#8479=CARTESIAN_POINT('',(-1.45E0,1.E-1,3.75E-1));
#8480=CARTESIAN_POINT('',(-1.5E0,1.E-1,3.75E-1));
#8481=VERTEX_POINT('',#8479);
#8482=VERTEX_POINT('',#8480);
#8483=CARTESIAN_POINT('',(0.E0,0.E0,0.E0));
#8484=DIRECTION('',(0.E0,-1.E0,0.E0));
#8485=DIRECTION('',(-1.E0,0.E0,0.E0));
#8486=AXIS2_PLACEMENT_3D('',#8483,#8484,#8485);
#8487=PLANE('',#8486);
#8489=ORIENTED_EDGE('',*,*,#8488,.F.);
#8491=ORIENTED_EDGE('',*,*,#8490,.F.);
#8493=ORIENTED_EDGE('',*,*,#8492,.F.);
#8495=ORIENTED_EDGE('',*,*,#8494,.F.);
#8496=EDGE_LOOP('',(#8489,#8491,#8493,#8495));
#8497=FACE_OUTER_BOUND('',#8496,.F.);
#8499=FILL_AREA_STYLE_COLOUR('',#27);
#8500=FILL_AREA_STYLE('',(#8499));
#8501=SURFACE_STYLE_FILL_AREA(#8500);
#8502=SURFACE_SIDE_STYLE('',(#8501));
#8503=SURFACE_STYLE_USAGE(.POSITIVE.,#8502);
#8504=PRESENTATION_STYLE_ASSIGNMENT((#8503));
#8505=OVER_RIDING_STYLED_ITEM('',(#8504),#8498,#8330);
#8506=CARTESIAN_POINT('',(-1.45E0,0.E0,1.45E0));
#8507=DIRECTION('',(1.E0,0.E0,0.E0));
#8508=DIRECTION('',(0.E0,0.E0,-1.E0));
#8509=AXIS2_PLACEMENT_3D('',#8506,#8507,#8508);
#8510=PLANE('',#8509);
#8511=ORIENTED_EDGE('',*,*,#8488,.T.);
#8513=ORIENTED_EDGE('',*,*,#8512,.T.);
#8515=ORIENTED_EDGE('',*,*,#8514,.F.);
#8517=ORIENTED_EDGE('',*,*,#8516,.F.);
#8518=EDGE_LOOP('',(#8511,#8513,#8515,#8517));
#8519=FACE_OUTER_BOUND('',#8518,.F.);
#8521=FILL_AREA_STYLE_COLOUR('',#27);
#8522=FILL_AREA_STYLE('',(#8521));
#8523=SURFACE_STYLE_FILL_AREA(#8522);
#8524=SURFACE_SIDE_STYLE('',(#8523));
#8525=SURFACE_STYLE_USAGE(.POSITIVE.,#8524);
#8526=PRESENTATION_STYLE_ASSIGNMENT((#8525));
#8527=OVER_RIDING_STYLED_ITEM('',(#8526),#8520,#8330);
#8528=CARTESIAN_POINT('',(-1.5E0,0.E0,1.25E-1));
#8529=DIRECTION('',(0.E0,0.E0,1.E0));
#8530=DIRECTION('',(1.E0,0.E0,0.E0));
#8531=AXIS2_PLACEMENT_3D('',#8528,#8529,#8530);
#8532=PLANE('',#8531);
#8534=ORIENTED_EDGE('',*,*,#8533,.T.);
#8535=ORIENTED_EDGE('',*,*,#8512,.F.);
#8536=ORIENTED_EDGE('',*,*,#8494,.T.);
#8538=ORIENTED_EDGE('',*,*,#8537,.T.);
#8540=ORIENTED_EDGE('',*,*,#8539,.F.);
#8542=ORIENTED_EDGE('',*,*,#8541,.F.);
#8543=EDGE_LOOP('',(#8534,#8535,#8536,#8538,#8540,#8542));
#8544=FACE_OUTER_BOUND('',#8543,.F.);
#8546=CARTESIAN_POINT('',(0.E0,1.E-1,0.E0));
#8547=DIRECTION('',(0.E0,1.E0,0.E0));
#8548=DIRECTION('',(1.E0,0.E0,0.E0));
#8549=AXIS2_PLACEMENT_3D('',#8546,#8547,#8548);
#8550=PLANE('',#8549);
#8551=ORIENTED_EDGE('',*,*,#8533,.F.);
#8553=ORIENTED_EDGE('',*,*,#8552,.F.);
#8555=ORIENTED_EDGE('',*,*,#8554,.F.);
#8556=ORIENTED_EDGE('',*,*,#8514,.T.);
#8557=EDGE_LOOP('',(#8551,#8553,#8555,#8556));
#8558=FACE_OUTER_BOUND('',#8557,.F.);
#8560=FILL_AREA_STYLE_COLOUR('',#27);
#8561=FILL_AREA_STYLE('',(#8560));
#8562=SURFACE_STYLE_FILL_AREA(#8561);
#8563=SURFACE_SIDE_STYLE('',(#8562));
#8564=SURFACE_STYLE_USAGE(.POSITIVE.,#8563);
#8565=PRESENTATION_STYLE_ASSIGNMENT((#8564));
#8566=OVER_RIDING_STYLED_ITEM('',(#8565),#8559,#8330);
#8567=CARTESIAN_POINT('',(-1.5E0,0.E0,3.75E-1));
#8568=DIRECTION('',(1.E0,0.E0,0.E0));
#8569=DIRECTION('',(0.E0,0.E0,-1.E0));
#8570=AXIS2_PLACEMENT_3D('',#8567,#8568,#8569);
#8571=PLANE('',#8570);
#8572=ORIENTED_EDGE('',*,*,#8552,.T.);
#8573=ORIENTED_EDGE('',*,*,#8541,.T.);
#8575=ORIENTED_EDGE('',*,*,#8574,.F.);
#8577=ORIENTED_EDGE('',*,*,#8576,.F.);
#8578=EDGE_LOOP('',(#8572,#8573,#8575,#8577));
#8579=FACE_OUTER_BOUND('',#8578,.F.);
#8581=CARTESIAN_POINT('',(0.E0,2.E-1,0.E0));
#8582=DIRECTION('',(0.E0,-1.E0,0.E0));
#8583=DIRECTION('',(-1.E0,0.E0,0.E0));
#8584=AXIS2_PLACEMENT_3D('',#8581,#8582,#8583);
#8585=PLANE('',#8584);
#8586=ORIENTED_EDGE('',*,*,#8539,.T.);
#8588=ORIENTED_EDGE('',*,*,#8587,.T.);
#8590=ORIENTED_EDGE('',*,*,#8589,.T.);
#8591=ORIENTED_EDGE('',*,*,#8574,.T.);
#8592=EDGE_LOOP('',(#8586,#8588,#8590,#8591));
#8593=FACE_OUTER_BOUND('',#8592,.F.);
#8595=CARTESIAN_POINT('',(-1.225E0,0.E0,2.5E-1));
#8596=DIRECTION('',(0.E0,-1.E0,0.E0));
#8597=DIRECTION('',(-1.E0,0.E0,0.E0));
#8598=AXIS2_PLACEMENT_3D('',#8595,#8596,#8597);
#8599=CYLINDRICAL_SURFACE('',#8598,1.25E-1);
#8600=ORIENTED_EDGE('',*,*,#8492,.T.);
#8602=ORIENTED_EDGE('',*,*,#8601,.T.);
#8603=ORIENTED_EDGE('',*,*,#8587,.F.);
#8604=ORIENTED_EDGE('',*,*,#8537,.F.);
#8605=EDGE_LOOP('',(#8600,#8602,#8603,#8604));
#8606=FACE_OUTER_BOUND('',#8605,.F.);
#8608=CARTESIAN_POINT('',(-1.225E0,0.E0,3.75E-1));
#8609=DIRECTION('',(0.E0,0.E0,-1.E0));
#8610=DIRECTION('',(-1.E0,0.E0,0.E0));
#8611=AXIS2_PLACEMENT_3D('',#8608,#8609,#8610);
#8612=PLANE('',#8611);
#8613=ORIENTED_EDGE('',*,*,#8554,.T.);
#8614=ORIENTED_EDGE('',*,*,#8576,.T.);
#8615=ORIENTED_EDGE('',*,*,#8589,.F.);
#8616=ORIENTED_EDGE('',*,*,#8601,.F.);
#8617=ORIENTED_EDGE('',*,*,#8490,.T.);
#8618=ORIENTED_EDGE('',*,*,#8516,.T.);
#8619=EDGE_LOOP('',(#8613,#8614,#8615,#8616,#8617,#8618));
#8620=FACE_OUTER_BOUND('',#8619,.F.);
#8622=CLOSED_SHELL('',(#8498,#8520,#8545,#8559,#8580,#8594,#8607,#8621));
#8623=MANIFOLD_SOLID_BREP('',#8622);
#8624=FILL_AREA_STYLE_COLOUR('',#6404);
#8625=FILL_AREA_STYLE('',(#8624));
#8626=SURFACE_STYLE_FILL_AREA(#8625);
#8627=SURFACE_SIDE_STYLE('',(#8626));
#8628=SURFACE_STYLE_USAGE(.POSITIVE.,#8627);
#8629=PRESENTATION_STYLE_ASSIGNMENT((#8628));
#8330=STYLED_ITEM('',(#8629),#8623);
#8631=DIRECTION('',(0.E0,0.E0,-1.E0));
#8632=VECTOR('',#8631,2.5E-1);
#8633=CARTESIAN_POINT('',(-1.45E0,0.E0,-1.25E-1));
#8634=LINE('',#8633,#8632);
#8635=CURVE_STYLE('',#34,POSITIVE_LENGTH_MEASURE(2.E-2),#6404);
#8636=PRESENTATION_STYLE_ASSIGNMENT((#8635));
#8637=STYLED_ITEM('',(#8636),#8634);
#8638=DIRECTION('',(-1.E0,0.E0,0.E0));
#8639=VECTOR('',#8638,2.25E-1);
#8640=CARTESIAN_POINT('',(-1.225E0,0.E0,-1.25E-1));
#8641=LINE('',#8640,#8639);
#8642=CURVE_STYLE('',#34,POSITIVE_LENGTH_MEASURE(2.E-2),#6404);
#8643=PRESENTATION_STYLE_ASSIGNMENT((#8642));
#8644=STYLED_ITEM('',(#8643),#8641);
#8645=CARTESIAN_POINT('',(-1.225E0,0.E0,-2.5E-1));
#8646=DIRECTION('',(0.E0,-1.E0,0.E0));
#8647=DIRECTION('',(0.E0,0.E0,-1.E0));
#8648=AXIS2_PLACEMENT_3D('',#8645,#8646,#8647);
#8650=CURVE_STYLE('',#34,POSITIVE_LENGTH_MEASURE(2.E-2),#6404);
#8651=PRESENTATION_STYLE_ASSIGNMENT((#8650));
#8652=STYLED_ITEM('',(#8651),#8649);
#8653=DIRECTION('',(1.E0,0.E0,0.E0));
#8654=VECTOR('',#8653,2.25E-1);
#8655=CARTESIAN_POINT('',(-1.45E0,0.E0,-3.75E-1));
#8656=LINE('',#8655,#8654);
#8657=CURVE_STYLE('',#34,POSITIVE_LENGTH_MEASURE(2.E-2),#6404);
#8658=PRESENTATION_STYLE_ASSIGNMENT((#8657));
#8659=STYLED_ITEM('',(#8658),#8656);
#8660=DIRECTION('',(1.E0,0.E0,0.E0));
#8661=VECTOR('',#8660,5.E-2);
#8662=CARTESIAN_POINT('',(-1.5E0,1.E-1,-3.75E-1));
#8663=LINE('',#8662,#8661);
#8664=CURVE_STYLE('',#34,POSITIVE_LENGTH_MEASURE(2.E-2),#6404);
#8665=PRESENTATION_STYLE_ASSIGNMENT((#8664));
#8666=STYLED_ITEM('',(#8665),#8663);
#8667=DIRECTION('',(0.E0,1.E0,0.E0));
#8668=VECTOR('',#8667,1.E-1);
#8669=CARTESIAN_POINT('',(-1.45E0,0.E0,-3.75E-1));
#8670=LINE('',#8669,#8668);
#8671=CURVE_STYLE('',#34,POSITIVE_LENGTH_MEASURE(2.E-2),#6404);
#8672=PRESENTATION_STYLE_ASSIGNMENT((#8671));
#8673=STYLED_ITEM('',(#8672),#8670);
#8674=DIRECTION('',(0.E0,1.E0,0.E0));
#8675=VECTOR('',#8674,1.E-1);
#8676=CARTESIAN_POINT('',(-1.5E0,1.E-1,-3.75E-1));
#8677=LINE('',#8676,#8675);
#8678=CURVE_STYLE('',#34,POSITIVE_LENGTH_MEASURE(2.E-2),#6404);
#8679=PRESENTATION_STYLE_ASSIGNMENT((#8678));
#8680=STYLED_ITEM('',(#8679),#8677);
#8681=DIRECTION('',(0.E0,0.E0,-1.E0));
#8682=VECTOR('',#8681,2.5E-1);
#8683=CARTESIAN_POINT('',(-1.45E0,1.E-1,-1.25E-1));
#8684=LINE('',#8683,#8682);
#8685=CURVE_STYLE('',#34,POSITIVE_LENGTH_MEASURE(2.E-2),#6404);
#8686=PRESENTATION_STYLE_ASSIGNMENT((#8685));
#8687=STYLED_ITEM('',(#8686),#8684);
#8688=DIRECTION('',(0.E0,0.E0,-1.E0));
#8689=VECTOR('',#8688,2.5E-1);
#8690=CARTESIAN_POINT('',(-1.5E0,1.E-1,-1.25E-1));
#8691=LINE('',#8690,#8689);
#8692=CURVE_STYLE('',#34,POSITIVE_LENGTH_MEASURE(2.E-2),#6404);
#8693=PRESENTATION_STYLE_ASSIGNMENT((#8692));
#8694=STYLED_ITEM('',(#8693),#8691);
#8695=DIRECTION('',(0.E0,1.E0,0.E0));
#8696=VECTOR('',#8695,1.E-1);
#8697=CARTESIAN_POINT('',(-1.5E0,1.E-1,-1.25E-1));
#8698=LINE('',#8697,#8696);
#8699=CURVE_STYLE('',#34,POSITIVE_LENGTH_MEASURE(2.E-2),#6404);
#8700=PRESENTATION_STYLE_ASSIGNMENT((#8699));
#8701=STYLED_ITEM('',(#8700),#8698);
#8702=DIRECTION('',(1.E0,0.E0,0.E0));
#8703=VECTOR('',#8702,2.75E-1);
#8704=CARTESIAN_POINT('',(-1.5E0,2.E-1,-3.75E-1));
#8705=LINE('',#8704,#8703);
#8706=CURVE_STYLE('',#34,POSITIVE_LENGTH_MEASURE(2.E-2),#6404);
#8707=PRESENTATION_STYLE_ASSIGNMENT((#8706));
#8708=STYLED_ITEM('',(#8707),#8705);
#8709=CARTESIAN_POINT('',(-1.225E0,2.E-1,-2.5E-1));
#8710=DIRECTION('',(0.E0,-1.E0,0.E0));
#8711=DIRECTION('',(0.E0,0.E0,-1.E0));
#8712=AXIS2_PLACEMENT_3D('',#8709,#8710,#8711);
#8714=CURVE_STYLE('',#34,POSITIVE_LENGTH_MEASURE(2.E-2),#6404);
#8715=PRESENTATION_STYLE_ASSIGNMENT((#8714));
#8716=STYLED_ITEM('',(#8715),#8713);
#8717=DIRECTION('',(-1.E0,0.E0,0.E0));
#8718=VECTOR('',#8717,2.75E-1);
#8719=CARTESIAN_POINT('',(-1.225E0,2.E-1,-1.25E-1));
#8720=LINE('',#8719,#8718);
#8721=CURVE_STYLE('',#34,POSITIVE_LENGTH_MEASURE(2.E-2),#6404);
#8722=PRESENTATION_STYLE_ASSIGNMENT((#8721));
#8723=STYLED_ITEM('',(#8722),#8720);
#8724=DIRECTION('',(0.E0,0.E0,-1.E0));
#8725=VECTOR('',#8724,2.5E-1);
#8726=CARTESIAN_POINT('',(-1.5E0,2.E-1,-1.25E-1));
#8727=LINE('',#8726,#8725);
#8728=CURVE_STYLE('',#34,POSITIVE_LENGTH_MEASURE(2.E-2),#6404);
#8729=PRESENTATION_STYLE_ASSIGNMENT((#8728));
#8730=STYLED_ITEM('',(#8729),#8727);
#8731=DIRECTION('',(0.E0,1.E0,0.E0));
#8732=VECTOR('',#8731,2.E-1);
#8733=CARTESIAN_POINT('',(-1.225E0,0.E0,-3.75E-1));
#8734=LINE('',#8733,#8732);
#8735=CURVE_STYLE('',#34,POSITIVE_LENGTH_MEASURE(2.E-2),#6404);
#8736=PRESENTATION_STYLE_ASSIGNMENT((#8735));
#8737=STYLED_ITEM('',(#8736),#8734);
#8738=DIRECTION('',(-1.E0,0.E0,0.E0));
#8739=VECTOR('',#8738,5.E-2);
#8740=CARTESIAN_POINT('',(-1.45E0,1.E-1,-1.25E-1));
#8741=LINE('',#8740,#8739);
#8742=CURVE_STYLE('',#34,POSITIVE_LENGTH_MEASURE(2.E-2),#6404);
#8743=PRESENTATION_STYLE_ASSIGNMENT((#8742));
#8744=STYLED_ITEM('',(#8743),#8741);
#8745=DIRECTION('',(0.E0,1.E0,0.E0));
#8746=VECTOR('',#8745,2.E-1);
#8747=CARTESIAN_POINT('',(-1.225E0,0.E0,-1.25E-1));
#8748=LINE('',#8747,#8746);
#8749=CURVE_STYLE('',#34,POSITIVE_LENGTH_MEASURE(2.E-2),#6404);
#8750=PRESENTATION_STYLE_ASSIGNMENT((#8749));
#8751=STYLED_ITEM('',(#8750),#8748);
#8752=DIRECTION('',(0.E0,1.E0,0.E0));
#8753=VECTOR('',#8752,1.E-1);
#8754=CARTESIAN_POINT('',(-1.45E0,0.E0,-1.25E-1));
#8755=LINE('',#8754,#8753);
#8756=CURVE_STYLE('',#34,POSITIVE_LENGTH_MEASURE(2.E-2),#6404);
#8757=PRESENTATION_STYLE_ASSIGNMENT((#8756));
#8758=STYLED_ITEM('',(#8757),#8755);
#8759=CARTESIAN_POINT('',(-1.225E0,0.E0,-3.75E-1));
#8760=CARTESIAN_POINT('',(-1.225E0,0.E0,-1.25E-1));
#8761=VERTEX_POINT('',#8759);
#8762=VERTEX_POINT('',#8760);
#8763=CARTESIAN_POINT('',(-1.5E0,2.E-1,-3.75E-1));
#8764=CARTESIAN_POINT('',(-1.225E0,2.E-1,-3.75E-1));
#8765=VERTEX_POINT('',#8763);
#8766=VERTEX_POINT('',#8764);
#8767=CARTESIAN_POINT('',(-1.225E0,2.E-1,-1.25E-1));
#8768=VERTEX_POINT('',#8767);
#8769=CARTESIAN_POINT('',(-1.5E0,2.E-1,-1.25E-1));
#8770=VERTEX_POINT('',#8769);
#8771=CARTESIAN_POINT('',(-1.45E0,0.E0,-1.25E-1));
#8772=CARTESIAN_POINT('',(-1.45E0,0.E0,-3.75E-1));
#8773=VERTEX_POINT('',#8771);
#8774=VERTEX_POINT('',#8772);
#8775=CARTESIAN_POINT('',(-1.5E0,1.E-1,-3.75E-1));
#8776=CARTESIAN_POINT('',(-1.45E0,1.E-1,-3.75E-1));
#8777=VERTEX_POINT('',#8775);
#8778=VERTEX_POINT('',#8776);
#8779=CARTESIAN_POINT('',(-1.45E0,1.E-1,-1.25E-1));
#8780=CARTESIAN_POINT('',(-1.5E0,1.E-1,-1.25E-1));
#8781=VERTEX_POINT('',#8779);
#8782=VERTEX_POINT('',#8780);
#8783=CARTESIAN_POINT('',(0.E0,0.E0,0.E0));
#8784=DIRECTION('',(0.E0,-1.E0,0.E0));
#8785=DIRECTION('',(-1.E0,0.E0,0.E0));
#8786=AXIS2_PLACEMENT_3D('',#8783,#8784,#8785);
#8787=PLANE('',#8786);
#8789=ORIENTED_EDGE('',*,*,#8788,.F.);
#8791=ORIENTED_EDGE('',*,*,#8790,.F.);
#8793=ORIENTED_EDGE('',*,*,#8792,.F.);
#8795=ORIENTED_EDGE('',*,*,#8794,.F.);
#8796=EDGE_LOOP('',(#8789,#8791,#8793,#8795));
#8797=FACE_OUTER_BOUND('',#8796,.F.);
#8799=FILL_AREA_STYLE_COLOUR('',#27);
#8800=FILL_AREA_STYLE('',(#8799));
#8801=SURFACE_STYLE_FILL_AREA(#8800);
#8802=SURFACE_SIDE_STYLE('',(#8801));
#8803=SURFACE_STYLE_USAGE(.POSITIVE.,#8802);
#8804=PRESENTATION_STYLE_ASSIGNMENT((#8803));
#8805=OVER_RIDING_STYLED_ITEM('',(#8804),#8798,#8630);
#8806=CARTESIAN_POINT('',(-1.45E0,0.E0,1.45E0));
#8807=DIRECTION('',(1.E0,0.E0,0.E0));
#8808=DIRECTION('',(0.E0,0.E0,-1.E0));
#8809=AXIS2_PLACEMENT_3D('',#8806,#8807,#8808);
#8810=PLANE('',#8809);
#8811=ORIENTED_EDGE('',*,*,#8788,.T.);
#8813=ORIENTED_EDGE('',*,*,#8812,.T.);
#8815=ORIENTED_EDGE('',*,*,#8814,.F.);
#8817=ORIENTED_EDGE('',*,*,#8816,.F.);
#8818=EDGE_LOOP('',(#8811,#8813,#8815,#8817));
#8819=FACE_OUTER_BOUND('',#8818,.F.);
#8821=FILL_AREA_STYLE_COLOUR('',#27);
#8822=FILL_AREA_STYLE('',(#8821));
#8823=SURFACE_STYLE_FILL_AREA(#8822);
#8824=SURFACE_SIDE_STYLE('',(#8823));
#8825=SURFACE_STYLE_USAGE(.POSITIVE.,#8824);
#8826=PRESENTATION_STYLE_ASSIGNMENT((#8825));
#8827=OVER_RIDING_STYLED_ITEM('',(#8826),#8820,#8630);
#8828=CARTESIAN_POINT('',(-1.5E0,0.E0,-3.75E-1));
#8829=DIRECTION('',(0.E0,0.E0,1.E0));
#8830=DIRECTION('',(1.E0,0.E0,0.E0));
#8831=AXIS2_PLACEMENT_3D('',#8828,#8829,#8830);
#8832=PLANE('',#8831);
#8834=ORIENTED_EDGE('',*,*,#8833,.T.);
#8835=ORIENTED_EDGE('',*,*,#8812,.F.);
#8836=ORIENTED_EDGE('',*,*,#8794,.T.);
#8838=ORIENTED_EDGE('',*,*,#8837,.T.);
#8840=ORIENTED_EDGE('',*,*,#8839,.F.);
#8842=ORIENTED_EDGE('',*,*,#8841,.F.);
#8843=EDGE_LOOP('',(#8834,#8835,#8836,#8838,#8840,#8842));
#8844=FACE_OUTER_BOUND('',#8843,.F.);
#8846=CARTESIAN_POINT('',(0.E0,1.E-1,0.E0));
#8847=DIRECTION('',(0.E0,1.E0,0.E0));
#8848=DIRECTION('',(1.E0,0.E0,0.E0));
#8849=AXIS2_PLACEMENT_3D('',#8846,#8847,#8848);
#8850=PLANE('',#8849);
#8851=ORIENTED_EDGE('',*,*,#8833,.F.);
#8853=ORIENTED_EDGE('',*,*,#8852,.F.);
#8855=ORIENTED_EDGE('',*,*,#8854,.F.);
#8856=ORIENTED_EDGE('',*,*,#8814,.T.);
#8857=EDGE_LOOP('',(#8851,#8853,#8855,#8856));
#8858=FACE_OUTER_BOUND('',#8857,.F.);
#8860=FILL_AREA_STYLE_COLOUR('',#27);
#8861=FILL_AREA_STYLE('',(#8860));
#8862=SURFACE_STYLE_FILL_AREA(#8861);
#8863=SURFACE_SIDE_STYLE('',(#8862));
#8864=SURFACE_STYLE_USAGE(.POSITIVE.,#8863);
#8865=PRESENTATION_STYLE_ASSIGNMENT((#8864));
#8866=OVER_RIDING_STYLED_ITEM('',(#8865),#8859,#8630);
#8867=CARTESIAN_POINT('',(-1.5E0,0.E0,-1.25E-1));
#8868=DIRECTION('',(1.E0,0.E0,0.E0));
#8869=DIRECTION('',(0.E0,0.E0,-1.E0));
#8870=AXIS2_PLACEMENT_3D('',#8867,#8868,#8869);
#8871=PLANE('',#8870);
#8872=ORIENTED_EDGE('',*,*,#8852,.T.);
#8873=ORIENTED_EDGE('',*,*,#8841,.T.);
#8875=ORIENTED_EDGE('',*,*,#8874,.F.);
#8877=ORIENTED_EDGE('',*,*,#8876,.F.);
#8878=EDGE_LOOP('',(#8872,#8873,#8875,#8877));
#8879=FACE_OUTER_BOUND('',#8878,.F.);
#8881=CARTESIAN_POINT('',(0.E0,2.E-1,0.E0));
#8882=DIRECTION('',(0.E0,-1.E0,0.E0));
#8883=DIRECTION('',(-1.E0,0.E0,0.E0));
#8884=AXIS2_PLACEMENT_3D('',#8881,#8882,#8883);
#8885=PLANE('',#8884);
#8886=ORIENTED_EDGE('',*,*,#8839,.T.);
#8888=ORIENTED_EDGE('',*,*,#8887,.T.);
#8890=ORIENTED_EDGE('',*,*,#8889,.T.);
#8891=ORIENTED_EDGE('',*,*,#8874,.T.);
#8892=EDGE_LOOP('',(#8886,#8888,#8890,#8891));
#8893=FACE_OUTER_BOUND('',#8892,.F.);
#8895=CARTESIAN_POINT('',(-1.225E0,0.E0,-2.5E-1));
#8896=DIRECTION('',(0.E0,-1.E0,0.E0));
#8897=DIRECTION('',(-1.E0,0.E0,0.E0));
#8898=AXIS2_PLACEMENT_3D('',#8895,#8896,#8897);
#8899=CYLINDRICAL_SURFACE('',#8898,1.25E-1);
#8900=ORIENTED_EDGE('',*,*,#8792,.T.);
#8902=ORIENTED_EDGE('',*,*,#8901,.T.);
#8903=ORIENTED_EDGE('',*,*,#8887,.F.);
#8904=ORIENTED_EDGE('',*,*,#8837,.F.);
#8905=EDGE_LOOP('',(#8900,#8902,#8903,#8904));
#8906=FACE_OUTER_BOUND('',#8905,.F.);
#8908=CARTESIAN_POINT('',(-1.225E0,0.E0,-1.25E-1));
#8909=DIRECTION('',(0.E0,0.E0,-1.E0));
#8910=DIRECTION('',(-1.E0,0.E0,0.E0));
#8911=AXIS2_PLACEMENT_3D('',#8908,#8909,#8910);
#8912=PLANE('',#8911);
#8913=ORIENTED_EDGE('',*,*,#8854,.T.);
#8914=ORIENTED_EDGE('',*,*,#8876,.T.);
#8915=ORIENTED_EDGE('',*,*,#8889,.F.);
#8916=ORIENTED_EDGE('',*,*,#8901,.F.);
#8917=ORIENTED_EDGE('',*,*,#8790,.T.);
#8918=ORIENTED_EDGE('',*,*,#8816,.T.);
#8919=EDGE_LOOP('',(#8913,#8914,#8915,#8916,#8917,#8918));
#8920=FACE_OUTER_BOUND('',#8919,.F.);
#8922=CLOSED_SHELL('',(#8798,#8820,#8845,#8859,#8880,#8894,#8907,#8921));
#8923=MANIFOLD_SOLID_BREP('',#8922);
#8924=FILL_AREA_STYLE_COLOUR('',#6404);
#8925=FILL_AREA_STYLE('',(#8924));
#8926=SURFACE_STYLE_FILL_AREA(#8925);
#8927=SURFACE_SIDE_STYLE('',(#8926));
#8928=SURFACE_STYLE_USAGE(.POSITIVE.,#8927);
#8929=PRESENTATION_STYLE_ASSIGNMENT((#8928));
#8630=STYLED_ITEM('',(#8929),#8923);
#8931=DIRECTION('',(0.E0,0.E0,-1.E0));
#8932=VECTOR('',#8931,2.5E-1);
#8933=CARTESIAN_POINT('',(-1.45E0,0.E0,-6.25E-1));
#8934=LINE('',#8933,#8932);
#8935=CURVE_STYLE('',#34,POSITIVE_LENGTH_MEASURE(2.E-2),#6404);
#8936=PRESENTATION_STYLE_ASSIGNMENT((#8935));
#8937=STYLED_ITEM('',(#8936),#8934);
#8938=DIRECTION('',(-1.E0,0.E0,0.E0));
#8939=VECTOR('',#8938,2.25E-1);
#8940=CARTESIAN_POINT('',(-1.225E0,0.E0,-6.25E-1));
#8941=LINE('',#8940,#8939);
#8942=CURVE_STYLE('',#34,POSITIVE_LENGTH_MEASURE(2.E-2),#6404);
#8943=PRESENTATION_STYLE_ASSIGNMENT((#8942));
#8944=STYLED_ITEM('',(#8943),#8941);
#8945=CARTESIAN_POINT('',(-1.225E0,0.E0,-7.5E-1));
#8946=DIRECTION('',(0.E0,-1.E0,0.E0));
#8947=DIRECTION('',(0.E0,0.E0,-1.E0));
#8948=AXIS2_PLACEMENT_3D('',#8945,#8946,#8947);
#8950=CURVE_STYLE('',#34,POSITIVE_LENGTH_MEASURE(2.E-2),#6404);
#8951=PRESENTATION_STYLE_ASSIGNMENT((#8950));
#8952=STYLED_ITEM('',(#8951),#8949);
#8953=DIRECTION('',(1.E0,0.E0,0.E0));
#8954=VECTOR('',#8953,2.25E-1);
#8955=CARTESIAN_POINT('',(-1.45E0,0.E0,-8.75E-1));
#8956=LINE('',#8955,#8954);
#8957=CURVE_STYLE('',#34,POSITIVE_LENGTH_MEASURE(2.E-2),#6404);
#8958=PRESENTATION_STYLE_ASSIGNMENT((#8957));
#8959=STYLED_ITEM('',(#8958),#8956);
#8960=DIRECTION('',(1.E0,0.E0,0.E0));
#8961=VECTOR('',#8960,5.E-2);
#8962=CARTESIAN_POINT('',(-1.5E0,1.E-1,-8.75E-1));
#8963=LINE('',#8962,#8961);
#8964=CURVE_STYLE('',#34,POSITIVE_LENGTH_MEASURE(2.E-2),#6404);
#8965=PRESENTATION_STYLE_ASSIGNMENT((#8964));
#8966=STYLED_ITEM('',(#8965),#8963);
#8967=DIRECTION('',(0.E0,1.E0,0.E0));
#8968=VECTOR('',#8967,1.E-1);
#8969=CARTESIAN_POINT('',(-1.45E0,0.E0,-8.75E-1));
#8970=LINE('',#8969,#8968);
#8971=CURVE_STYLE('',#34,POSITIVE_LENGTH_MEASURE(2.E-2),#6404);
#8972=PRESENTATION_STYLE_ASSIGNMENT((#8971));
#8973=STYLED_ITEM('',(#8972),#8970);
#8974=DIRECTION('',(0.E0,1.E0,0.E0));
#8975=VECTOR('',#8974,1.E-1);
#8976=CARTESIAN_POINT('',(-1.5E0,1.E-1,-8.75E-1));
#8977=LINE('',#8976,#8975);
#8978=CURVE_STYLE('',#34,POSITIVE_LENGTH_MEASURE(2.E-2),#6404);
#8979=PRESENTATION_STYLE_ASSIGNMENT((#8978));
#8980=STYLED_ITEM('',(#8979),#8977);
#8981=DIRECTION('',(0.E0,0.E0,-1.E0));
#8982=VECTOR('',#8981,2.5E-1);
#8983=CARTESIAN_POINT('',(-1.45E0,1.E-1,-6.25E-1));
#8984=LINE('',#8983,#8982);
#8985=CURVE_STYLE('',#34,POSITIVE_LENGTH_MEASURE(2.E-2),#6404);
#8986=PRESENTATION_STYLE_ASSIGNMENT((#8985));
#8987=STYLED_ITEM('',(#8986),#8984);
#8988=DIRECTION('',(0.E0,0.E0,-1.E0));
#8989=VECTOR('',#8988,2.5E-1);
#8990=CARTESIAN_POINT('',(-1.5E0,1.E-1,-6.25E-1));
#8991=LINE('',#8990,#8989);
#8992=CURVE_STYLE('',#34,POSITIVE_LENGTH_MEASURE(2.E-2),#6404);
#8993=PRESENTATION_STYLE_ASSIGNMENT((#8992));
#8994=STYLED_ITEM('',(#8993),#8991);
#8995=DIRECTION('',(0.E0,1.E0,0.E0));
#8996=VECTOR('',#8995,1.E-1);
#8997=CARTESIAN_POINT('',(-1.5E0,1.E-1,-6.25E-1));
#8998=LINE('',#8997,#8996);
#8999=CURVE_STYLE('',#34,POSITIVE_LENGTH_MEASURE(2.E-2),#6404);
#9000=PRESENTATION_STYLE_ASSIGNMENT((#8999));
#9001=STYLED_ITEM('',(#9000),#8998);
#9002=DIRECTION('',(1.E0,0.E0,0.E0));
#9003=VECTOR('',#9002,2.75E-1);
#9004=CARTESIAN_POINT('',(-1.5E0,2.E-1,-8.75E-1));
#9005=LINE('',#9004,#9003);
#9006=CURVE_STYLE('',#34,POSITIVE_LENGTH_MEASURE(2.E-2),#6404);
#9007=PRESENTATION_STYLE_ASSIGNMENT((#9006));
#9008=STYLED_ITEM('',(#9007),#9005);
#9009=CARTESIAN_POINT('',(-1.225E0,2.E-1,-7.5E-1));
#9010=DIRECTION('',(0.E0,-1.E0,0.E0));
#9011=DIRECTION('',(0.E0,0.E0,-1.E0));
#9012=AXIS2_PLACEMENT_3D('',#9009,#9010,#9011);
#9014=CURVE_STYLE('',#34,POSITIVE_LENGTH_MEASURE(2.E-2),#6404);
#9015=PRESENTATION_STYLE_ASSIGNMENT((#9014));
#9016=STYLED_ITEM('',(#9015),#9013);
#9017=DIRECTION('',(-1.E0,0.E0,0.E0));
#9018=VECTOR('',#9017,2.75E-1);
#9019=CARTESIAN_POINT('',(-1.225E0,2.E-1,-6.25E-1));
#9020=LINE('',#9019,#9018);
#9021=CURVE_STYLE('',#34,POSITIVE_LENGTH_MEASURE(2.E-2),#6404);
#9022=PRESENTATION_STYLE_ASSIGNMENT((#9021));
#9023=STYLED_ITEM('',(#9022),#9020);
#9024=DIRECTION('',(0.E0,0.E0,-1.E0));
#9025=VECTOR('',#9024,2.5E-1);
#9026=CARTESIAN_POINT('',(-1.5E0,2.E-1,-6.25E-1));
#9027=LINE('',#9026,#9025);
#9028=CURVE_STYLE('',#34,POSITIVE_LENGTH_MEASURE(2.E-2),#6404);
#9029=PRESENTATION_STYLE_ASSIGNMENT((#9028));
#9030=STYLED_ITEM('',(#9029),#9027);
#9031=DIRECTION('',(0.E0,1.E0,0.E0));
#9032=VECTOR('',#9031,2.E-1);
#9033=CARTESIAN_POINT('',(-1.225E0,0.E0,-8.75E-1));
#9034=LINE('',#9033,#9032);
#9035=CURVE_STYLE('',#34,POSITIVE_LENGTH_MEASURE(2.E-2),#6404);
#9036=PRESENTATION_STYLE_ASSIGNMENT((#9035));
#9037=STYLED_ITEM('',(#9036),#9034);
#9038=DIRECTION('',(-1.E0,0.E0,0.E0));
#9039=VECTOR('',#9038,5.E-2);
#9040=CARTESIAN_POINT('',(-1.45E0,1.E-1,-6.25E-1));
#9041=LINE('',#9040,#9039);
#9042=CURVE_STYLE('',#34,POSITIVE_LENGTH_MEASURE(2.E-2),#6404);
#9043=PRESENTATION_STYLE_ASSIGNMENT((#9042));
#9044=STYLED_ITEM('',(#9043),#9041);
#9045=DIRECTION('',(0.E0,1.E0,0.E0));
#9046=VECTOR('',#9045,2.E-1);
#9047=CARTESIAN_POINT('',(-1.225E0,0.E0,-6.25E-1));
#9048=LINE('',#9047,#9046);
#9049=CURVE_STYLE('',#34,POSITIVE_LENGTH_MEASURE(2.E-2),#6404);
#9050=PRESENTATION_STYLE_ASSIGNMENT((#9049));
#9051=STYLED_ITEM('',(#9050),#9048);
#9052=DIRECTION('',(0.E0,1.E0,0.E0));
#9053=VECTOR('',#9052,1.E-1);
#9054=CARTESIAN_POINT('',(-1.45E0,0.E0,-6.25E-1));
#9055=LINE('',#9054,#9053);
#9056=CURVE_STYLE('',#34,POSITIVE_LENGTH_MEASURE(2.E-2),#6404);
#9057=PRESENTATION_STYLE_ASSIGNMENT((#9056));
#9058=STYLED_ITEM('',(#9057),#9055);
#9059=CARTESIAN_POINT('',(-1.225E0,0.E0,-8.75E-1));
#9060=CARTESIAN_POINT('',(-1.225E0,0.E0,-6.25E-1));
#9061=VERTEX_POINT('',#9059);
#9062=VERTEX_POINT('',#9060);
#9063=CARTESIAN_POINT('',(-1.5E0,2.E-1,-8.75E-1));
#9064=CARTESIAN_POINT('',(-1.225E0,2.E-1,-8.75E-1));
#9065=VERTEX_POINT('',#9063);
#9066=VERTEX_POINT('',#9064);
#9067=CARTESIAN_POINT('',(-1.225E0,2.E-1,-6.25E-1));
#9068=VERTEX_POINT('',#9067);
#9069=CARTESIAN_POINT('',(-1.5E0,2.E-1,-6.25E-1));
#9070=VERTEX_POINT('',#9069);
#9071=CARTESIAN_POINT('',(-1.45E0,0.E0,-6.25E-1));
#9072=CARTESIAN_POINT('',(-1.45E0,0.E0,-8.75E-1));
#9073=VERTEX_POINT('',#9071);
#9074=VERTEX_POINT('',#9072);
#9075=CARTESIAN_POINT('',(-1.5E0,1.E-1,-8.75E-1));
#9076=CARTESIAN_POINT('',(-1.45E0,1.E-1,-8.75E-1));
#9077=VERTEX_POINT('',#9075);
#9078=VERTEX_POINT('',#9076);
#9079=CARTESIAN_POINT('',(-1.45E0,1.E-1,-6.25E-1));
#9080=CARTESIAN_POINT('',(-1.5E0,1.E-1,-6.25E-1));
#9081=VERTEX_POINT('',#9079);
#9082=VERTEX_POINT('',#9080);
#9083=CARTESIAN_POINT('',(0.E0,0.E0,0.E0));
#9084=DIRECTION('',(0.E0,-1.E0,0.E0));
#9085=DIRECTION('',(-1.E0,0.E0,0.E0));
#9086=AXIS2_PLACEMENT_3D('',#9083,#9084,#9085);
#9087=PLANE('',#9086);
#9089=ORIENTED_EDGE('',*,*,#9088,.F.);
#9091=ORIENTED_EDGE('',*,*,#9090,.F.);
#9093=ORIENTED_EDGE('',*,*,#9092,.F.);
#9095=ORIENTED_EDGE('',*,*,#9094,.F.);
#9096=EDGE_LOOP('',(#9089,#9091,#9093,#9095));
#9097=FACE_OUTER_BOUND('',#9096,.F.);
#9099=FILL_AREA_STYLE_COLOUR('',#27);
#9100=FILL_AREA_STYLE('',(#9099));
#9101=SURFACE_STYLE_FILL_AREA(#9100);
#9102=SURFACE_SIDE_STYLE('',(#9101));
#9103=SURFACE_STYLE_USAGE(.POSITIVE.,#9102);
#9104=PRESENTATION_STYLE_ASSIGNMENT((#9103));
#9105=OVER_RIDING_STYLED_ITEM('',(#9104),#9098,#8930);
#9106=CARTESIAN_POINT('',(-1.45E0,0.E0,1.45E0));
#9107=DIRECTION('',(1.E0,0.E0,0.E0));
#9108=DIRECTION('',(0.E0,0.E0,-1.E0));
#9109=AXIS2_PLACEMENT_3D('',#9106,#9107,#9108);
#9110=PLANE('',#9109);
#9111=ORIENTED_EDGE('',*,*,#9088,.T.);
#9113=ORIENTED_EDGE('',*,*,#9112,.T.);
#9115=ORIENTED_EDGE('',*,*,#9114,.F.);
#9117=ORIENTED_EDGE('',*,*,#9116,.F.);
#9118=EDGE_LOOP('',(#9111,#9113,#9115,#9117));
#9119=FACE_OUTER_BOUND('',#9118,.F.);
#9121=FILL_AREA_STYLE_COLOUR('',#27);
#9122=FILL_AREA_STYLE('',(#9121));
#9123=SURFACE_STYLE_FILL_AREA(#9122);
#9124=SURFACE_SIDE_STYLE('',(#9123));
#9125=SURFACE_STYLE_USAGE(.POSITIVE.,#9124);
#9126=PRESENTATION_STYLE_ASSIGNMENT((#9125));
#9127=OVER_RIDING_STYLED_ITEM('',(#9126),#9120,#8930);
#9128=CARTESIAN_POINT('',(-1.5E0,0.E0,-8.75E-1));
#9129=DIRECTION('',(0.E0,0.E0,1.E0));
#9130=DIRECTION('',(1.E0,0.E0,0.E0));
#9131=AXIS2_PLACEMENT_3D('',#9128,#9129,#9130);
#9132=PLANE('',#9131);
#9134=ORIENTED_EDGE('',*,*,#9133,.T.);
#9135=ORIENTED_EDGE('',*,*,#9112,.F.);
#9136=ORIENTED_EDGE('',*,*,#9094,.T.);
#9138=ORIENTED_EDGE('',*,*,#9137,.T.);
#9140=ORIENTED_EDGE('',*,*,#9139,.F.);
#9142=ORIENTED_EDGE('',*,*,#9141,.F.);
#9143=EDGE_LOOP('',(#9134,#9135,#9136,#9138,#9140,#9142));
#9144=FACE_OUTER_BOUND('',#9143,.F.);
#9146=CARTESIAN_POINT('',(0.E0,1.E-1,0.E0));
#9147=DIRECTION('',(0.E0,1.E0,0.E0));
#9148=DIRECTION('',(1.E0,0.E0,0.E0));
#9149=AXIS2_PLACEMENT_3D('',#9146,#9147,#9148);
#9150=PLANE('',#9149);
#9151=ORIENTED_EDGE('',*,*,#9133,.F.);
#9153=ORIENTED_EDGE('',*,*,#9152,.F.);
#9155=ORIENTED_EDGE('',*,*,#9154,.F.);
#9156=ORIENTED_EDGE('',*,*,#9114,.T.);
#9157=EDGE_LOOP('',(#9151,#9153,#9155,#9156));
#9158=FACE_OUTER_BOUND('',#9157,.F.);
#9160=FILL_AREA_STYLE_COLOUR('',#27);
#9161=FILL_AREA_STYLE('',(#9160));
#9162=SURFACE_STYLE_FILL_AREA(#9161);
#9163=SURFACE_SIDE_STYLE('',(#9162));
#9164=SURFACE_STYLE_USAGE(.POSITIVE.,#9163);
#9165=PRESENTATION_STYLE_ASSIGNMENT((#9164));
#9166=OVER_RIDING_STYLED_ITEM('',(#9165),#9159,#8930);
#9167=CARTESIAN_POINT('',(-1.5E0,0.E0,-6.25E-1));
#9168=DIRECTION('',(1.E0,0.E0,0.E0));
#9169=DIRECTION('',(0.E0,0.E0,-1.E0));
#9170=AXIS2_PLACEMENT_3D('',#9167,#9168,#9169);
#9171=PLANE('',#9170);
#9172=ORIENTED_EDGE('',*,*,#9152,.T.);
#9173=ORIENTED_EDGE('',*,*,#9141,.T.);
#9175=ORIENTED_EDGE('',*,*,#9174,.F.);
#9177=ORIENTED_EDGE('',*,*,#9176,.F.);
#9178=EDGE_LOOP('',(#9172,#9173,#9175,#9177));
#9179=FACE_OUTER_BOUND('',#9178,.F.);
#9181=CARTESIAN_POINT('',(0.E0,2.E-1,0.E0));
#9182=DIRECTION('',(0.E0,-1.E0,0.E0));
#9183=DIRECTION('',(-1.E0,0.E0,0.E0));
#9184=AXIS2_PLACEMENT_3D('',#9181,#9182,#9183);
#9185=PLANE('',#9184);
#9186=ORIENTED_EDGE('',*,*,#9139,.T.);
#9188=ORIENTED_EDGE('',*,*,#9187,.T.);
#9190=ORIENTED_EDGE('',*,*,#9189,.T.);
#9191=ORIENTED_EDGE('',*,*,#9174,.T.);
#9192=EDGE_LOOP('',(#9186,#9188,#9190,#9191));
#9193=FACE_OUTER_BOUND('',#9192,.F.);
#9195=CARTESIAN_POINT('',(-1.225E0,0.E0,-7.5E-1));
#9196=DIRECTION('',(0.E0,-1.E0,0.E0));
#9197=DIRECTION('',(-1.E0,0.E0,0.E0));
#9198=AXIS2_PLACEMENT_3D('',#9195,#9196,#9197);
#9199=CYLINDRICAL_SURFACE('',#9198,1.25E-1);
#9200=ORIENTED_EDGE('',*,*,#9092,.T.);
#9202=ORIENTED_EDGE('',*,*,#9201,.T.);
#9203=ORIENTED_EDGE('',*,*,#9187,.F.);
#9204=ORIENTED_EDGE('',*,*,#9137,.F.);
#9205=EDGE_LOOP('',(#9200,#9202,#9203,#9204));
#9206=FACE_OUTER_BOUND('',#9205,.F.);
#9208=CARTESIAN_POINT('',(-1.225E0,0.E0,-6.25E-1));
#9209=DIRECTION('',(0.E0,0.E0,-1.E0));
#9210=DIRECTION('',(-1.E0,0.E0,0.E0));
#9211=AXIS2_PLACEMENT_3D('',#9208,#9209,#9210);
#9212=PLANE('',#9211);
#9213=ORIENTED_EDGE('',*,*,#9154,.T.);
#9214=ORIENTED_EDGE('',*,*,#9176,.T.);
#9215=ORIENTED_EDGE('',*,*,#9189,.F.);
#9216=ORIENTED_EDGE('',*,*,#9201,.F.);
#9217=ORIENTED_EDGE('',*,*,#9090,.T.);
#9218=ORIENTED_EDGE('',*,*,#9116,.T.);
#9219=EDGE_LOOP('',(#9213,#9214,#9215,#9216,#9217,#9218));
#9220=FACE_OUTER_BOUND('',#9219,.F.);
#9222=CLOSED_SHELL('',(#9098,#9120,#9145,#9159,#9180,#9194,#9207,#9221));
#9223=MANIFOLD_SOLID_BREP('',#9222);
#9224=FILL_AREA_STYLE_COLOUR('',#6404);
#9225=FILL_AREA_STYLE('',(#9224));
#9226=SURFACE_STYLE_FILL_AREA(#9225);
#9227=SURFACE_SIDE_STYLE('',(#9226));
#9228=SURFACE_STYLE_USAGE(.POSITIVE.,#9227);
#9229=PRESENTATION_STYLE_ASSIGNMENT((#9228));
#8930=STYLED_ITEM('',(#9229),#9223);
#9231=DIRECTION('',(1.E0,0.E0,0.E0));
#9232=VECTOR('',#9231,2.5E-1);
#9233=CARTESIAN_POINT('',(-8.75E-1,0.E0,-1.45E0));
#9234=LINE('',#9233,#9232);
#9235=CURVE_STYLE('',#34,POSITIVE_LENGTH_MEASURE(2.E-2),#6404);
#9236=PRESENTATION_STYLE_ASSIGNMENT((#9235));
#9237=STYLED_ITEM('',(#9236),#9234);
#9238=DIRECTION('',(0.E0,0.E0,1.E0));
#9239=VECTOR('',#9238,2.25E-1);
#9240=CARTESIAN_POINT('',(-8.75E-1,0.E0,-1.45E0));
#9241=LINE('',#9240,#9239);
#9242=CURVE_STYLE('',#34,POSITIVE_LENGTH_MEASURE(2.E-2),#6404);
#9243=PRESENTATION_STYLE_ASSIGNMENT((#9242));
#9244=STYLED_ITEM('',(#9243),#9241);
#9245=CARTESIAN_POINT('',(-7.5E-1,0.E0,-1.225E0));
#9246=DIRECTION('',(0.E0,1.E0,0.E0));
#9247=DIRECTION('',(-1.E0,0.E0,0.E0));
#9248=AXIS2_PLACEMENT_3D('',#9245,#9246,#9247);
#9250=CURVE_STYLE('',#34,POSITIVE_LENGTH_MEASURE(2.E-2),#6404);
#9251=PRESENTATION_STYLE_ASSIGNMENT((#9250));
#9252=STYLED_ITEM('',(#9251),#9249);
#9253=DIRECTION('',(0.E0,0.E0,-1.E0));
#9254=VECTOR('',#9253,2.25E-1);
#9255=CARTESIAN_POINT('',(-6.25E-1,0.E0,-1.225E0));
#9256=LINE('',#9255,#9254);
#9257=CURVE_STYLE('',#34,POSITIVE_LENGTH_MEASURE(2.E-2),#6404);
#9258=PRESENTATION_STYLE_ASSIGNMENT((#9257));
#9259=STYLED_ITEM('',(#9258),#9256);
#9260=DIRECTION('',(0.E0,0.E0,-1.E0));
#9261=VECTOR('',#9260,5.E-2);
#9262=CARTESIAN_POINT('',(-6.25E-1,1.E-1,-1.45E0));
#9263=LINE('',#9262,#9261);
#9264=CURVE_STYLE('',#34,POSITIVE_LENGTH_MEASURE(2.E-2),#6404);
#9265=PRESENTATION_STYLE_ASSIGNMENT((#9264));
#9266=STYLED_ITEM('',(#9265),#9263);
#9267=DIRECTION('',(0.E0,1.E0,0.E0));
#9268=VECTOR('',#9267,1.E-1);
#9269=CARTESIAN_POINT('',(-6.25E-1,0.E0,-1.45E0));
#9270=LINE('',#9269,#9268);
#9271=CURVE_STYLE('',#34,POSITIVE_LENGTH_MEASURE(2.E-2),#6404);
#9272=PRESENTATION_STYLE_ASSIGNMENT((#9271));
#9273=STYLED_ITEM('',(#9272),#9270);
#9274=DIRECTION('',(0.E0,1.E0,0.E0));
#9275=VECTOR('',#9274,2.E-1);
#9276=CARTESIAN_POINT('',(-6.25E-1,0.E0,-1.225E0));
#9277=LINE('',#9276,#9275);
#9278=CURVE_STYLE('',#34,POSITIVE_LENGTH_MEASURE(2.E-2),#6404);
#9279=PRESENTATION_STYLE_ASSIGNMENT((#9278));
#9280=STYLED_ITEM('',(#9279),#9277);
#9281=DIRECTION('',(1.E0,0.E0,0.E0));
#9282=VECTOR('',#9281,2.5E-1);
#9283=CARTESIAN_POINT('',(-8.75E-1,1.E-1,-1.45E0));
#9284=LINE('',#9283,#9282);
#9285=CURVE_STYLE('',#34,POSITIVE_LENGTH_MEASURE(2.E-2),#6404);
#9286=PRESENTATION_STYLE_ASSIGNMENT((#9285));
#9287=STYLED_ITEM('',(#9286),#9284);
#9288=DIRECTION('',(0.E0,0.E0,1.E0));
#9289=VECTOR('',#9288,5.E-2);
#9290=CARTESIAN_POINT('',(-8.75E-1,1.E-1,-1.5E0));
#9291=LINE('',#9290,#9289);
#9292=CURVE_STYLE('',#34,POSITIVE_LENGTH_MEASURE(2.E-2),#6404);
#9293=PRESENTATION_STYLE_ASSIGNMENT((#9292));
#9294=STYLED_ITEM('',(#9293),#9291);
#9295=DIRECTION('',(0.E0,1.E0,0.E0));
#9296=VECTOR('',#9295,1.E-1);
#9297=CARTESIAN_POINT('',(-8.75E-1,1.E-1,-1.5E0));
#9298=LINE('',#9297,#9296);
#9299=CURVE_STYLE('',#34,POSITIVE_LENGTH_MEASURE(2.E-2),#6404);
#9300=PRESENTATION_STYLE_ASSIGNMENT((#9299));
#9301=STYLED_ITEM('',(#9300),#9298);
#9302=DIRECTION('',(0.E0,1.E0,0.E0));
#9303=VECTOR('',#9302,1.E-1);
#9304=CARTESIAN_POINT('',(-8.75E-1,0.E0,-1.45E0));
#9305=LINE('',#9304,#9303);
#9306=CURVE_STYLE('',#34,POSITIVE_LENGTH_MEASURE(2.E-2),#6404);
#9307=PRESENTATION_STYLE_ASSIGNMENT((#9306));
#9308=STYLED_ITEM('',(#9307),#9305);
#9309=DIRECTION('',(-1.E0,0.E0,0.E0));
#9310=VECTOR('',#9309,2.5E-1);
#9311=CARTESIAN_POINT('',(-6.25E-1,1.E-1,-1.5E0));
#9312=LINE('',#9311,#9310);
#9313=CURVE_STYLE('',#34,POSITIVE_LENGTH_MEASURE(2.E-2),#6404);
#9314=PRESENTATION_STYLE_ASSIGNMENT((#9313));
#9315=STYLED_ITEM('',(#9314),#9312);
#9316=DIRECTION('',(0.E0,1.E0,0.E0));
#9317=VECTOR('',#9316,1.E-1);
#9318=CARTESIAN_POINT('',(-6.25E-1,1.E-1,-1.5E0));
#9319=LINE('',#9318,#9317);
#9320=CURVE_STYLE('',#34,POSITIVE_LENGTH_MEASURE(2.E-2),#6404);
#9321=PRESENTATION_STYLE_ASSIGNMENT((#9320));
#9322=STYLED_ITEM('',(#9321),#9319);
#9323=DIRECTION('',(0.E0,0.E0,1.E0));
#9324=VECTOR('',#9323,2.75E-1);
#9325=CARTESIAN_POINT('',(-8.75E-1,2.E-1,-1.5E0));
#9326=LINE('',#9325,#9324);
#9327=CURVE_STYLE('',#34,POSITIVE_LENGTH_MEASURE(2.E-2),#6404);
#9328=PRESENTATION_STYLE_ASSIGNMENT((#9327));
#9329=STYLED_ITEM('',(#9328),#9326);
#9330=DIRECTION('',(-1.E0,0.E0,0.E0));
#9331=VECTOR('',#9330,2.5E-1);
#9332=CARTESIAN_POINT('',(-6.25E-1,2.E-1,-1.5E0));
#9333=LINE('',#9332,#9331);
#9334=CURVE_STYLE('',#34,POSITIVE_LENGTH_MEASURE(2.E-2),#6404);
#9335=PRESENTATION_STYLE_ASSIGNMENT((#9334));
#9336=STYLED_ITEM('',(#9335),#9333);
#9337=DIRECTION('',(0.E0,0.E0,-1.E0));
#9338=VECTOR('',#9337,2.75E-1);
#9339=CARTESIAN_POINT('',(-6.25E-1,2.E-1,-1.225E0));
#9340=LINE('',#9339,#9338);
#9341=CURVE_STYLE('',#34,POSITIVE_LENGTH_MEASURE(2.E-2),#6404);
#9342=PRESENTATION_STYLE_ASSIGNMENT((#9341));
#9343=STYLED_ITEM('',(#9342),#9340);
#9344=CARTESIAN_POINT('',(-7.5E-1,2.E-1,-1.225E0));
#9345=DIRECTION('',(0.E0,1.E0,0.E0));
#9346=DIRECTION('',(-1.E0,0.E0,0.E0));
#9347=AXIS2_PLACEMENT_3D('',#9344,#9345,#9346);
#9349=CURVE_STYLE('',#34,POSITIVE_LENGTH_MEASURE(2.E-2),#6404);
#9350=PRESENTATION_STYLE_ASSIGNMENT((#9349));
#9351=STYLED_ITEM('',(#9350),#9348);
#9352=DIRECTION('',(0.E0,1.E0,0.E0));
#9353=VECTOR('',#9352,2.E-1);
#9354=CARTESIAN_POINT('',(-8.75E-1,0.E0,-1.225E0));
#9355=LINE('',#9354,#9353);
#9356=CURVE_STYLE('',#34,POSITIVE_LENGTH_MEASURE(2.E-2),#6404);
#9357=PRESENTATION_STYLE_ASSIGNMENT((#9356));
#9358=STYLED_ITEM('',(#9357),#9355);
#9359=CARTESIAN_POINT('',(-8.75E-1,0.E0,-1.225E0));
#9360=CARTESIAN_POINT('',(-6.25E-1,0.E0,-1.225E0));
#9361=VERTEX_POINT('',#9359);
#9362=VERTEX_POINT('',#9360);
#9363=CARTESIAN_POINT('',(-8.75E-1,2.E-1,-1.5E0));
#9364=CARTESIAN_POINT('',(-8.75E-1,2.E-1,-1.225E0));
#9365=VERTEX_POINT('',#9363);
#9366=VERTEX_POINT('',#9364);
#9367=CARTESIAN_POINT('',(-6.25E-1,2.E-1,-1.225E0));
#9368=VERTEX_POINT('',#9367);
#9369=CARTESIAN_POINT('',(-6.25E-1,2.E-1,-1.5E0));
#9370=VERTEX_POINT('',#9369);
#9371=CARTESIAN_POINT('',(-8.75E-1,0.E0,-1.45E0));
#9372=CARTESIAN_POINT('',(-6.25E-1,0.E0,-1.45E0));
#9373=VERTEX_POINT('',#9371);
#9374=VERTEX_POINT('',#9372);
#9375=CARTESIAN_POINT('',(-8.75E-1,1.E-1,-1.5E0));
#9376=CARTESIAN_POINT('',(-8.75E-1,1.E-1,-1.45E0));
#9377=VERTEX_POINT('',#9375);
#9378=VERTEX_POINT('',#9376);
#9379=CARTESIAN_POINT('',(-6.25E-1,1.E-1,-1.45E0));
#9380=CARTESIAN_POINT('',(-6.25E-1,1.E-1,-1.5E0));
#9381=VERTEX_POINT('',#9379);
#9382=VERTEX_POINT('',#9380);
#9383=CARTESIAN_POINT('',(0.E0,0.E0,0.E0));
#9384=DIRECTION('',(0.E0,1.E0,0.E0));
#9385=DIRECTION('',(1.E0,0.E0,0.E0));
#9386=AXIS2_PLACEMENT_3D('',#9383,#9384,#9385);
#9387=PLANE('',#9386);
#9389=ORIENTED_EDGE('',*,*,#9388,.F.);
#9391=ORIENTED_EDGE('',*,*,#9390,.T.);
#9393=ORIENTED_EDGE('',*,*,#9392,.T.);
#9395=ORIENTED_EDGE('',*,*,#9394,.T.);
#9396=EDGE_LOOP('',(#9389,#9391,#9393,#9395));
#9397=FACE_OUTER_BOUND('',#9396,.F.);
#9399=FILL_AREA_STYLE_COLOUR('',#27);
#9400=FILL_AREA_STYLE('',(#9399));
#9401=SURFACE_STYLE_FILL_AREA(#9400);
#9402=SURFACE_SIDE_STYLE('',(#9401));
#9403=SURFACE_STYLE_USAGE(.POSITIVE.,#9402);
#9404=PRESENTATION_STYLE_ASSIGNMENT((#9403));
#9405=OVER_RIDING_STYLED_ITEM('',(#9404),#9398,#9230);
#9406=CARTESIAN_POINT('',(-1.45E0,0.E0,-1.45E0));
#9407=DIRECTION('',(0.E0,0.E0,1.E0));
#9408=DIRECTION('',(1.E0,0.E0,0.E0));
#9409=AXIS2_PLACEMENT_3D('',#9406,#9407,#9408);
#9410=PLANE('',#9409);
#9411=ORIENTED_EDGE('',*,*,#9388,.T.);
#9413=ORIENTED_EDGE('',*,*,#9412,.T.);
#9415=ORIENTED_EDGE('',*,*,#9414,.F.);
#9417=ORIENTED_EDGE('',*,*,#9416,.F.);
#9418=EDGE_LOOP('',(#9411,#9413,#9415,#9417));
#9419=FACE_OUTER_BOUND('',#9418,.F.);
#9421=FILL_AREA_STYLE_COLOUR('',#27);
#9422=FILL_AREA_STYLE('',(#9421));
#9423=SURFACE_STYLE_FILL_AREA(#9422);
#9424=SURFACE_SIDE_STYLE('',(#9423));
#9425=SURFACE_STYLE_USAGE(.POSITIVE.,#9424);
#9426=PRESENTATION_STYLE_ASSIGNMENT((#9425));
#9427=OVER_RIDING_STYLED_ITEM('',(#9426),#9420,#9230);
#9428=CARTESIAN_POINT('',(-6.25E-1,0.E0,-1.225E0));
#9429=DIRECTION('',(1.E0,0.E0,0.E0));
#9430=DIRECTION('',(0.E0,0.E0,-1.E0));
#9431=AXIS2_PLACEMENT_3D('',#9428,#9429,#9430);
#9432=PLANE('',#9431);
#9434=ORIENTED_EDGE('',*,*,#9433,.F.);
#9435=ORIENTED_EDGE('',*,*,#9412,.F.);
#9436=ORIENTED_EDGE('',*,*,#9394,.F.);
#9438=ORIENTED_EDGE('',*,*,#9437,.T.);
#9440=ORIENTED_EDGE('',*,*,#9439,.T.);
#9442=ORIENTED_EDGE('',*,*,#9441,.F.);
#9443=EDGE_LOOP('',(#9434,#9435,#9436,#9438,#9440,#9442));
#9444=FACE_OUTER_BOUND('',#9443,.F.);
#9446=CARTESIAN_POINT('',(0.E0,1.E-1,0.E0));
#9447=DIRECTION('',(0.E0,1.E0,0.E0));
#9448=DIRECTION('',(1.E0,0.E0,0.E0));
#9449=AXIS2_PLACEMENT_3D('',#9446,#9447,#9448);
#9450=PLANE('',#9449);
#9452=ORIENTED_EDGE('',*,*,#9451,.T.);
#9453=ORIENTED_EDGE('',*,*,#9414,.T.);
#9454=ORIENTED_EDGE('',*,*,#9433,.T.);
#9456=ORIENTED_EDGE('',*,*,#9455,.T.);
#9457=EDGE_LOOP('',(#9452,#9453,#9454,#9456));
#9458=FACE_OUTER_BOUND('',#9457,.F.);
#9460=FILL_AREA_STYLE_COLOUR('',#27);
#9461=FILL_AREA_STYLE('',(#9460));
#9462=SURFACE_STYLE_FILL_AREA(#9461);
#9463=SURFACE_SIDE_STYLE('',(#9462));
#9464=SURFACE_STYLE_USAGE(.POSITIVE.,#9463);
#9465=PRESENTATION_STYLE_ASSIGNMENT((#9464));
#9466=OVER_RIDING_STYLED_ITEM('',(#9465),#9459,#9230);
#9467=CARTESIAN_POINT('',(-8.75E-1,0.E0,-1.5E0));
#9468=DIRECTION('',(-1.E0,0.E0,0.E0));
#9469=DIRECTION('',(0.E0,0.E0,1.E0));
#9470=AXIS2_PLACEMENT_3D('',#9467,#9468,#9469);
#9471=PLANE('',#9470);
#9472=ORIENTED_EDGE('',*,*,#9451,.F.);
#9474=ORIENTED_EDGE('',*,*,#9473,.T.);
#9476=ORIENTED_EDGE('',*,*,#9475,.T.);
#9478=ORIENTED_EDGE('',*,*,#9477,.F.);
#9479=ORIENTED_EDGE('',*,*,#9390,.F.);
#9480=ORIENTED_EDGE('',*,*,#9416,.T.);
#9481=EDGE_LOOP('',(#9472,#9474,#9476,#9478,#9479,#9480));
#9482=FACE_OUTER_BOUND('',#9481,.F.);
#9484=CARTESIAN_POINT('',(-6.25E-1,0.E0,-1.5E0));
#9485=DIRECTION('',(0.E0,0.E0,-1.E0));
#9486=DIRECTION('',(-1.E0,0.E0,0.E0));
#9487=AXIS2_PLACEMENT_3D('',#9484,#9485,#9486);
#9488=PLANE('',#9487);
#9489=ORIENTED_EDGE('',*,*,#9455,.F.);
#9490=ORIENTED_EDGE('',*,*,#9441,.T.);
#9492=ORIENTED_EDGE('',*,*,#9491,.T.);
#9493=ORIENTED_EDGE('',*,*,#9473,.F.);
#9494=EDGE_LOOP('',(#9489,#9490,#9492,#9493));
#9495=FACE_OUTER_BOUND('',#9494,.F.);
#9497=CARTESIAN_POINT('',(0.E0,2.E-1,0.E0));
#9498=DIRECTION('',(0.E0,1.E0,0.E0));
#9499=DIRECTION('',(1.E0,0.E0,0.E0));
#9500=AXIS2_PLACEMENT_3D('',#9497,#9498,#9499);
#9501=PLANE('',#9500);
#9502=ORIENTED_EDGE('',*,*,#9475,.F.);
#9503=ORIENTED_EDGE('',*,*,#9491,.F.);
#9504=ORIENTED_EDGE('',*,*,#9439,.F.);
#9506=ORIENTED_EDGE('',*,*,#9505,.F.);
#9507=EDGE_LOOP('',(#9502,#9503,#9504,#9506));
#9508=FACE_OUTER_BOUND('',#9507,.F.);
#9510=CARTESIAN_POINT('',(-7.5E-1,0.E0,-1.225E0));
#9511=DIRECTION('',(0.E0,1.E0,0.E0));
#9512=DIRECTION('',(1.E0,0.E0,0.E0));
#9513=AXIS2_PLACEMENT_3D('',#9510,#9511,#9512);
#9514=CYLINDRICAL_SURFACE('',#9513,1.25E-1);
#9515=ORIENTED_EDGE('',*,*,#9392,.F.);
#9516=ORIENTED_EDGE('',*,*,#9477,.T.);
#9517=ORIENTED_EDGE('',*,*,#9505,.T.);
#9518=ORIENTED_EDGE('',*,*,#9437,.F.);
#9519=EDGE_LOOP('',(#9515,#9516,#9517,#9518));
#9520=FACE_OUTER_BOUND('',#9519,.F.);
#9522=CLOSED_SHELL('',(#9398,#9420,#9445,#9459,#9483,#9496,#9509,#9521));
#9523=MANIFOLD_SOLID_BREP('',#9522);
#9524=FILL_AREA_STYLE_COLOUR('',#6404);
#9525=FILL_AREA_STYLE('',(#9524));
#9526=SURFACE_STYLE_FILL_AREA(#9525);
#9527=SURFACE_SIDE_STYLE('',(#9526));
#9528=SURFACE_STYLE_USAGE(.POSITIVE.,#9527);
#9529=PRESENTATION_STYLE_ASSIGNMENT((#9528));
#9230=STYLED_ITEM('',(#9529),#9523);
#9531=DIRECTION('',(1.E0,0.E0,0.E0));
#9532=VECTOR('',#9531,2.5E-1);
#9533=CARTESIAN_POINT('',(-3.75E-1,0.E0,-1.45E0));
#9534=LINE('',#9533,#9532);
#9535=CURVE_STYLE('',#34,POSITIVE_LENGTH_MEASURE(2.E-2),#6404);
#9536=PRESENTATION_STYLE_ASSIGNMENT((#9535));
#9537=STYLED_ITEM('',(#9536),#9534);
#9538=DIRECTION('',(0.E0,0.E0,1.E0));
#9539=VECTOR('',#9538,2.25E-1);
#9540=CARTESIAN_POINT('',(-3.75E-1,0.E0,-1.45E0));
#9541=LINE('',#9540,#9539);
#9542=CURVE_STYLE('',#34,POSITIVE_LENGTH_MEASURE(2.E-2),#6404);
#9543=PRESENTATION_STYLE_ASSIGNMENT((#9542));
#9544=STYLED_ITEM('',(#9543),#9541);
#9545=CARTESIAN_POINT('',(-2.5E-1,0.E0,-1.225E0));
#9546=DIRECTION('',(0.E0,1.E0,0.E0));
#9547=DIRECTION('',(-1.E0,0.E0,0.E0));
#9548=AXIS2_PLACEMENT_3D('',#9545,#9546,#9547);
#9550=CURVE_STYLE('',#34,POSITIVE_LENGTH_MEASURE(2.E-2),#6404);
#9551=PRESENTATION_STYLE_ASSIGNMENT((#9550));
#9552=STYLED_ITEM('',(#9551),#9549);
#9553=DIRECTION('',(0.E0,0.E0,-1.E0));
#9554=VECTOR('',#9553,2.25E-1);
#9555=CARTESIAN_POINT('',(-1.25E-1,0.E0,-1.225E0));
#9556=LINE('',#9555,#9554);
#9557=CURVE_STYLE('',#34,POSITIVE_LENGTH_MEASURE(2.E-2),#6404);
#9558=PRESENTATION_STYLE_ASSIGNMENT((#9557));
#9559=STYLED_ITEM('',(#9558),#9556);
#9560=DIRECTION('',(0.E0,0.E0,-1.E0));
#9561=VECTOR('',#9560,5.E-2);
#9562=CARTESIAN_POINT('',(-1.25E-1,1.E-1,-1.45E0));
#9563=LINE('',#9562,#9561);
#9564=CURVE_STYLE('',#34,POSITIVE_LENGTH_MEASURE(2.E-2),#6404);
#9565=PRESENTATION_STYLE_ASSIGNMENT((#9564));
#9566=STYLED_ITEM('',(#9565),#9563);
#9567=DIRECTION('',(0.E0,1.E0,0.E0));
#9568=VECTOR('',#9567,1.E-1);
#9569=CARTESIAN_POINT('',(-1.25E-1,0.E0,-1.45E0));
#9570=LINE('',#9569,#9568);
#9571=CURVE_STYLE('',#34,POSITIVE_LENGTH_MEASURE(2.E-2),#6404);
#9572=PRESENTATION_STYLE_ASSIGNMENT((#9571));
#9573=STYLED_ITEM('',(#9572),#9570);
#9574=DIRECTION('',(0.E0,1.E0,0.E0));
#9575=VECTOR('',#9574,2.E-1);
#9576=CARTESIAN_POINT('',(-1.25E-1,0.E0,-1.225E0));
#9577=LINE('',#9576,#9575);
#9578=CURVE_STYLE('',#34,POSITIVE_LENGTH_MEASURE(2.E-2),#6404);
#9579=PRESENTATION_STYLE_ASSIGNMENT((#9578));
#9580=STYLED_ITEM('',(#9579),#9577);
#9581=DIRECTION('',(1.E0,0.E0,0.E0));
#9582=VECTOR('',#9581,2.5E-1);
#9583=CARTESIAN_POINT('',(-3.75E-1,1.E-1,-1.45E0));
#9584=LINE('',#9583,#9582);
#9585=CURVE_STYLE('',#34,POSITIVE_LENGTH_MEASURE(2.E-2),#6404);
#9586=PRESENTATION_STYLE_ASSIGNMENT((#9585));
#9587=STYLED_ITEM('',(#9586),#9584);
#9588=DIRECTION('',(0.E0,0.E0,1.E0));
#9589=VECTOR('',#9588,5.E-2);
#9590=CARTESIAN_POINT('',(-3.75E-1,1.E-1,-1.5E0));
#9591=LINE('',#9590,#9589);
#9592=CURVE_STYLE('',#34,POSITIVE_LENGTH_MEASURE(2.E-2),#6404);
#9593=PRESENTATION_STYLE_ASSIGNMENT((#9592));
#9594=STYLED_ITEM('',(#9593),#9591);
#9595=DIRECTION('',(0.E0,1.E0,0.E0));
#9596=VECTOR('',#9595,1.E-1);
#9597=CARTESIAN_POINT('',(-3.75E-1,1.E-1,-1.5E0));
#9598=LINE('',#9597,#9596);
#9599=CURVE_STYLE('',#34,POSITIVE_LENGTH_MEASURE(2.E-2),#6404);
#9600=PRESENTATION_STYLE_ASSIGNMENT((#9599));
#9601=STYLED_ITEM('',(#9600),#9598);
#9602=DIRECTION('',(0.E0,1.E0,0.E0));
#9603=VECTOR('',#9602,1.E-1);
#9604=CARTESIAN_POINT('',(-3.75E-1,0.E0,-1.45E0));
#9605=LINE('',#9604,#9603);
#9606=CURVE_STYLE('',#34,POSITIVE_LENGTH_MEASURE(2.E-2),#6404);
#9607=PRESENTATION_STYLE_ASSIGNMENT((#9606));
#9608=STYLED_ITEM('',(#9607),#9605);
#9609=DIRECTION('',(-1.E0,0.E0,0.E0));
#9610=VECTOR('',#9609,2.5E-1);
#9611=CARTESIAN_POINT('',(-1.25E-1,1.E-1,-1.5E0));
#9612=LINE('',#9611,#9610);
#9613=CURVE_STYLE('',#34,POSITIVE_LENGTH_MEASURE(2.E-2),#6404);
#9614=PRESENTATION_STYLE_ASSIGNMENT((#9613));
#9615=STYLED_ITEM('',(#9614),#9612);
#9616=DIRECTION('',(0.E0,1.E0,0.E0));
#9617=VECTOR('',#9616,1.E-1);
#9618=CARTESIAN_POINT('',(-1.25E-1,1.E-1,-1.5E0));
#9619=LINE('',#9618,#9617);
#9620=CURVE_STYLE('',#34,POSITIVE_LENGTH_MEASURE(2.E-2),#6404);
#9621=PRESENTATION_STYLE_ASSIGNMENT((#9620));
#9622=STYLED_ITEM('',(#9621),#9619);
#9623=DIRECTION('',(0.E0,0.E0,1.E0));
#9624=VECTOR('',#9623,2.75E-1);
#9625=CARTESIAN_POINT('',(-3.75E-1,2.E-1,-1.5E0));
#9626=LINE('',#9625,#9624);
#9627=CURVE_STYLE('',#34,POSITIVE_LENGTH_MEASURE(2.E-2),#6404);
#9628=PRESENTATION_STYLE_ASSIGNMENT((#9627));
#9629=STYLED_ITEM('',(#9628),#9626);
#9630=DIRECTION('',(-1.E0,0.E0,0.E0));
#9631=VECTOR('',#9630,2.5E-1);
#9632=CARTESIAN_POINT('',(-1.25E-1,2.E-1,-1.5E0));
#9633=LINE('',#9632,#9631);
#9634=CURVE_STYLE('',#34,POSITIVE_LENGTH_MEASURE(2.E-2),#6404);
#9635=PRESENTATION_STYLE_ASSIGNMENT((#9634));
#9636=STYLED_ITEM('',(#9635),#9633);
#9637=DIRECTION('',(0.E0,0.E0,-1.E0));
#9638=VECTOR('',#9637,2.75E-1);
#9639=CARTESIAN_POINT('',(-1.25E-1,2.E-1,-1.225E0));
#9640=LINE('',#9639,#9638);
#9641=CURVE_STYLE('',#34,POSITIVE_LENGTH_MEASURE(2.E-2),#6404);
#9642=PRESENTATION_STYLE_ASSIGNMENT((#9641));
#9643=STYLED_ITEM('',(#9642),#9640);
#9644=CARTESIAN_POINT('',(-2.5E-1,2.E-1,-1.225E0));
#9645=DIRECTION('',(0.E0,1.E0,0.E0));
#9646=DIRECTION('',(-1.E0,0.E0,0.E0));
#9647=AXIS2_PLACEMENT_3D('',#9644,#9645,#9646);
#9649=CURVE_STYLE('',#34,POSITIVE_LENGTH_MEASURE(2.E-2),#6404);
#9650=PRESENTATION_STYLE_ASSIGNMENT((#9649));
#9651=STYLED_ITEM('',(#9650),#9648);
#9652=DIRECTION('',(0.E0,1.E0,0.E0));
#9653=VECTOR('',#9652,2.E-1);
#9654=CARTESIAN_POINT('',(-3.75E-1,0.E0,-1.225E0));
#9655=LINE('',#9654,#9653);
#9656=CURVE_STYLE('',#34,POSITIVE_LENGTH_MEASURE(2.E-2),#6404);
#9657=PRESENTATION_STYLE_ASSIGNMENT((#9656));
#9658=STYLED_ITEM('',(#9657),#9655);
#9659=CARTESIAN_POINT('',(-3.75E-1,0.E0,-1.225E0));
#9660=CARTESIAN_POINT('',(-1.25E-1,0.E0,-1.225E0));
#9661=VERTEX_POINT('',#9659);
#9662=VERTEX_POINT('',#9660);
#9663=CARTESIAN_POINT('',(-3.75E-1,2.E-1,-1.5E0));
#9664=CARTESIAN_POINT('',(-3.75E-1,2.E-1,-1.225E0));
#9665=VERTEX_POINT('',#9663);
#9666=VERTEX_POINT('',#9664);
#9667=CARTESIAN_POINT('',(-1.25E-1,2.E-1,-1.225E0));
#9668=VERTEX_POINT('',#9667);
#9669=CARTESIAN_POINT('',(-1.25E-1,2.E-1,-1.5E0));
#9670=VERTEX_POINT('',#9669);
#9671=CARTESIAN_POINT('',(-3.75E-1,0.E0,-1.45E0));
#9672=CARTESIAN_POINT('',(-1.25E-1,0.E0,-1.45E0));
#9673=VERTEX_POINT('',#9671);
#9674=VERTEX_POINT('',#9672);
#9675=CARTESIAN_POINT('',(-3.75E-1,1.E-1,-1.5E0));
#9676=CARTESIAN_POINT('',(-3.75E-1,1.E-1,-1.45E0));
#9677=VERTEX_POINT('',#9675);
#9678=VERTEX_POINT('',#9676);
#9679=CARTESIAN_POINT('',(-1.25E-1,1.E-1,-1.45E0));
#9680=CARTESIAN_POINT('',(-1.25E-1,1.E-1,-1.5E0));
#9681=VERTEX_POINT('',#9679);
#9682=VERTEX_POINT('',#9680);
#9683=CARTESIAN_POINT('',(0.E0,0.E0,0.E0));
#9684=DIRECTION('',(0.E0,1.E0,0.E0));
#9685=DIRECTION('',(1.E0,0.E0,0.E0));
#9686=AXIS2_PLACEMENT_3D('',#9683,#9684,#9685);
#9687=PLANE('',#9686);
#9689=ORIENTED_EDGE('',*,*,#9688,.F.);
#9691=ORIENTED_EDGE('',*,*,#9690,.T.);
#9693=ORIENTED_EDGE('',*,*,#9692,.T.);
#9695=ORIENTED_EDGE('',*,*,#9694,.T.);
#9696=EDGE_LOOP('',(#9689,#9691,#9693,#9695));
#9697=FACE_OUTER_BOUND('',#9696,.F.);
#9699=FILL_AREA_STYLE_COLOUR('',#27);
#9700=FILL_AREA_STYLE('',(#9699));
#9701=SURFACE_STYLE_FILL_AREA(#9700);
#9702=SURFACE_SIDE_STYLE('',(#9701));
#9703=SURFACE_STYLE_USAGE(.POSITIVE.,#9702);
#9704=PRESENTATION_STYLE_ASSIGNMENT((#9703));
#9705=OVER_RIDING_STYLED_ITEM('',(#9704),#9698,#9530);
#9706=CARTESIAN_POINT('',(-1.45E0,0.E0,-1.45E0));
#9707=DIRECTION('',(0.E0,0.E0,1.E0));
#9708=DIRECTION('',(1.E0,0.E0,0.E0));
#9709=AXIS2_PLACEMENT_3D('',#9706,#9707,#9708);
#9710=PLANE('',#9709);
#9711=ORIENTED_EDGE('',*,*,#9688,.T.);
#9713=ORIENTED_EDGE('',*,*,#9712,.T.);
#9715=ORIENTED_EDGE('',*,*,#9714,.F.);
#9717=ORIENTED_EDGE('',*,*,#9716,.F.);
#9718=EDGE_LOOP('',(#9711,#9713,#9715,#9717));
#9719=FACE_OUTER_BOUND('',#9718,.F.);
#9721=FILL_AREA_STYLE_COLOUR('',#27);
#9722=FILL_AREA_STYLE('',(#9721));
#9723=SURFACE_STYLE_FILL_AREA(#9722);
#9724=SURFACE_SIDE_STYLE('',(#9723));
#9725=SURFACE_STYLE_USAGE(.POSITIVE.,#9724);
#9726=PRESENTATION_STYLE_ASSIGNMENT((#9725));
#9727=OVER_RIDING_STYLED_ITEM('',(#9726),#9720,#9530);
#9728=CARTESIAN_POINT('',(-1.25E-1,0.E0,-1.225E0));
#9729=DIRECTION('',(1.E0,0.E0,0.E0));
#9730=DIRECTION('',(0.E0,0.E0,-1.E0));
#9731=AXIS2_PLACEMENT_3D('',#9728,#9729,#9730);
#9732=PLANE('',#9731);
#9734=ORIENTED_EDGE('',*,*,#9733,.F.);
#9735=ORIENTED_EDGE('',*,*,#9712,.F.);
#9736=ORIENTED_EDGE('',*,*,#9694,.F.);
#9738=ORIENTED_EDGE('',*,*,#9737,.T.);
#9740=ORIENTED_EDGE('',*,*,#9739,.T.);
#9742=ORIENTED_EDGE('',*,*,#9741,.F.);
#9743=EDGE_LOOP('',(#9734,#9735,#9736,#9738,#9740,#9742));
#9744=FACE_OUTER_BOUND('',#9743,.F.);
#9746=CARTESIAN_POINT('',(0.E0,1.E-1,0.E0));
#9747=DIRECTION('',(0.E0,1.E0,0.E0));
#9748=DIRECTION('',(1.E0,0.E0,0.E0));
#9749=AXIS2_PLACEMENT_3D('',#9746,#9747,#9748);
#9750=PLANE('',#9749);
#9752=ORIENTED_EDGE('',*,*,#9751,.T.);
#9753=ORIENTED_EDGE('',*,*,#9714,.T.);
#9754=ORIENTED_EDGE('',*,*,#9733,.T.);
#9756=ORIENTED_EDGE('',*,*,#9755,.T.);
#9757=EDGE_LOOP('',(#9752,#9753,#9754,#9756));
#9758=FACE_OUTER_BOUND('',#9757,.F.);
#9760=FILL_AREA_STYLE_COLOUR('',#27);
#9761=FILL_AREA_STYLE('',(#9760));
#9762=SURFACE_STYLE_FILL_AREA(#9761);
#9763=SURFACE_SIDE_STYLE('',(#9762));
#9764=SURFACE_STYLE_USAGE(.POSITIVE.,#9763);
#9765=PRESENTATION_STYLE_ASSIGNMENT((#9764));
#9766=OVER_RIDING_STYLED_ITEM('',(#9765),#9759,#9530);
#9767=CARTESIAN_POINT('',(-3.75E-1,0.E0,-1.5E0));
#9768=DIRECTION('',(-1.E0,0.E0,0.E0));
#9769=DIRECTION('',(0.E0,0.E0,1.E0));
#9770=AXIS2_PLACEMENT_3D('',#9767,#9768,#9769);
#9771=PLANE('',#9770);
#9772=ORIENTED_EDGE('',*,*,#9751,.F.);
#9774=ORIENTED_EDGE('',*,*,#9773,.T.);
#9776=ORIENTED_EDGE('',*,*,#9775,.T.);
#9778=ORIENTED_EDGE('',*,*,#9777,.F.);
#9779=ORIENTED_EDGE('',*,*,#9690,.F.);
#9780=ORIENTED_EDGE('',*,*,#9716,.T.);
#9781=EDGE_LOOP('',(#9772,#9774,#9776,#9778,#9779,#9780));
#9782=FACE_OUTER_BOUND('',#9781,.F.);
#9784=CARTESIAN_POINT('',(-1.25E-1,0.E0,-1.5E0));
#9785=DIRECTION('',(0.E0,0.E0,-1.E0));
#9786=DIRECTION('',(-1.E0,0.E0,0.E0));
#9787=AXIS2_PLACEMENT_3D('',#9784,#9785,#9786);
#9788=PLANE('',#9787);
#9789=ORIENTED_EDGE('',*,*,#9755,.F.);
#9790=ORIENTED_EDGE('',*,*,#9741,.T.);
#9792=ORIENTED_EDGE('',*,*,#9791,.T.);
#9793=ORIENTED_EDGE('',*,*,#9773,.F.);
#9794=EDGE_LOOP('',(#9789,#9790,#9792,#9793));
#9795=FACE_OUTER_BOUND('',#9794,.F.);
#9797=CARTESIAN_POINT('',(0.E0,2.E-1,0.E0));
#9798=DIRECTION('',(0.E0,1.E0,0.E0));
#9799=DIRECTION('',(1.E0,0.E0,0.E0));
#9800=AXIS2_PLACEMENT_3D('',#9797,#9798,#9799);
#9801=PLANE('',#9800);
#9802=ORIENTED_EDGE('',*,*,#9775,.F.);
#9803=ORIENTED_EDGE('',*,*,#9791,.F.);
#9804=ORIENTED_EDGE('',*,*,#9739,.F.);
#9806=ORIENTED_EDGE('',*,*,#9805,.F.);
#9807=EDGE_LOOP('',(#9802,#9803,#9804,#9806));
#9808=FACE_OUTER_BOUND('',#9807,.F.);
#9810=CARTESIAN_POINT('',(-2.5E-1,0.E0,-1.225E0));
#9811=DIRECTION('',(0.E0,1.E0,0.E0));
#9812=DIRECTION('',(1.E0,0.E0,0.E0));
#9813=AXIS2_PLACEMENT_3D('',#9810,#9811,#9812);
#9814=CYLINDRICAL_SURFACE('',#9813,1.25E-1);
#9815=ORIENTED_EDGE('',*,*,#9692,.F.);
#9816=ORIENTED_EDGE('',*,*,#9777,.T.);
#9817=ORIENTED_EDGE('',*,*,#9805,.T.);
#9818=ORIENTED_EDGE('',*,*,#9737,.F.);
#9819=EDGE_LOOP('',(#9815,#9816,#9817,#9818));
#9820=FACE_OUTER_BOUND('',#9819,.F.);
#9822=CLOSED_SHELL('',(#9698,#9720,#9745,#9759,#9783,#9796,#9809,#9821));
#9823=MANIFOLD_SOLID_BREP('',#9822);
#9824=FILL_AREA_STYLE_COLOUR('',#6404);
#9825=FILL_AREA_STYLE('',(#9824));
#9826=SURFACE_STYLE_FILL_AREA(#9825);
#9827=SURFACE_SIDE_STYLE('',(#9826));
#9828=SURFACE_STYLE_USAGE(.POSITIVE.,#9827);
#9829=PRESENTATION_STYLE_ASSIGNMENT((#9828));
#9530=STYLED_ITEM('',(#9829),#9823);
#9831=DIRECTION('',(1.E0,0.E0,0.E0));
#9832=VECTOR('',#9831,2.5E-1);
#9833=CARTESIAN_POINT('',(1.25E-1,0.E0,-1.45E0));
#9834=LINE('',#9833,#9832);
#9835=CURVE_STYLE('',#34,POSITIVE_LENGTH_MEASURE(2.E-2),#6404);
#9836=PRESENTATION_STYLE_ASSIGNMENT((#9835));
#9837=STYLED_ITEM('',(#9836),#9834);
#9838=DIRECTION('',(0.E0,0.E0,1.E0));
#9839=VECTOR('',#9838,2.25E-1);
#9840=CARTESIAN_POINT('',(1.25E-1,0.E0,-1.45E0));
#9841=LINE('',#9840,#9839);
#9842=CURVE_STYLE('',#34,POSITIVE_LENGTH_MEASURE(2.E-2),#6404);
#9843=PRESENTATION_STYLE_ASSIGNMENT((#9842));
#9844=STYLED_ITEM('',(#9843),#9841);
#9845=CARTESIAN_POINT('',(2.5E-1,0.E0,-1.225E0));
#9846=DIRECTION('',(0.E0,1.E0,0.E0));
#9847=DIRECTION('',(-1.E0,0.E0,0.E0));
#9848=AXIS2_PLACEMENT_3D('',#9845,#9846,#9847);
#9850=CURVE_STYLE('',#34,POSITIVE_LENGTH_MEASURE(2.E-2),#6404);
#9851=PRESENTATION_STYLE_ASSIGNMENT((#9850));
#9852=STYLED_ITEM('',(#9851),#9849);
#9853=DIRECTION('',(0.E0,0.E0,-1.E0));
#9854=VECTOR('',#9853,2.25E-1);
#9855=CARTESIAN_POINT('',(3.75E-1,0.E0,-1.225E0));
#9856=LINE('',#9855,#9854);
#9857=CURVE_STYLE('',#34,POSITIVE_LENGTH_MEASURE(2.E-2),#6404);
#9858=PRESENTATION_STYLE_ASSIGNMENT((#9857));
#9859=STYLED_ITEM('',(#9858),#9856);
#9860=DIRECTION('',(0.E0,0.E0,-1.E0));
#9861=VECTOR('',#9860,5.E-2);
#9862=CARTESIAN_POINT('',(3.75E-1,1.E-1,-1.45E0));
#9863=LINE('',#9862,#9861);
#9864=CURVE_STYLE('',#34,POSITIVE_LENGTH_MEASURE(2.E-2),#6404);
#9865=PRESENTATION_STYLE_ASSIGNMENT((#9864));
#9866=STYLED_ITEM('',(#9865),#9863);
#9867=DIRECTION('',(0.E0,1.E0,0.E0));
#9868=VECTOR('',#9867,1.E-1);
#9869=CARTESIAN_POINT('',(3.75E-1,0.E0,-1.45E0));
#9870=LINE('',#9869,#9868);
#9871=CURVE_STYLE('',#34,POSITIVE_LENGTH_MEASURE(2.E-2),#6404);
#9872=PRESENTATION_STYLE_ASSIGNMENT((#9871));
#9873=STYLED_ITEM('',(#9872),#9870);
#9874=DIRECTION('',(0.E0,1.E0,0.E0));
#9875=VECTOR('',#9874,2.E-1);
#9876=CARTESIAN_POINT('',(3.75E-1,0.E0,-1.225E0));
#9877=LINE('',#9876,#9875);
#9878=CURVE_STYLE('',#34,POSITIVE_LENGTH_MEASURE(2.E-2),#6404);
#9879=PRESENTATION_STYLE_ASSIGNMENT((#9878));
#9880=STYLED_ITEM('',(#9879),#9877);
#9881=DIRECTION('',(1.E0,0.E0,0.E0));
#9882=VECTOR('',#9881,2.5E-1);
#9883=CARTESIAN_POINT('',(1.25E-1,1.E-1,-1.45E0));
#9884=LINE('',#9883,#9882);
#9885=CURVE_STYLE('',#34,POSITIVE_LENGTH_MEASURE(2.E-2),#6404);
#9886=PRESENTATION_STYLE_ASSIGNMENT((#9885));
#9887=STYLED_ITEM('',(#9886),#9884);
#9888=DIRECTION('',(0.E0,0.E0,1.E0));
#9889=VECTOR('',#9888,5.E-2);
#9890=CARTESIAN_POINT('',(1.25E-1,1.E-1,-1.5E0));
#9891=LINE('',#9890,#9889);
#9892=CURVE_STYLE('',#34,POSITIVE_LENGTH_MEASURE(2.E-2),#6404);
#9893=PRESENTATION_STYLE_ASSIGNMENT((#9892));
#9894=STYLED_ITEM('',(#9893),#9891);
#9895=DIRECTION('',(0.E0,1.E0,0.E0));
#9896=VECTOR('',#9895,1.E-1);
#9897=CARTESIAN_POINT('',(1.25E-1,1.E-1,-1.5E0));
#9898=LINE('',#9897,#9896);
#9899=CURVE_STYLE('',#34,POSITIVE_LENGTH_MEASURE(2.E-2),#6404);
#9900=PRESENTATION_STYLE_ASSIGNMENT((#9899));
#9901=STYLED_ITEM('',(#9900),#9898);
#9902=DIRECTION('',(0.E0,1.E0,0.E0));
#9903=VECTOR('',#9902,1.E-1);
#9904=CARTESIAN_POINT('',(1.25E-1,0.E0,-1.45E0));
#9905=LINE('',#9904,#9903);
#9906=CURVE_STYLE('',#34,POSITIVE_LENGTH_MEASURE(2.E-2),#6404);
#9907=PRESENTATION_STYLE_ASSIGNMENT((#9906));
#9908=STYLED_ITEM('',(#9907),#9905);
#9909=DIRECTION('',(-1.E0,0.E0,0.E0));
#9910=VECTOR('',#9909,2.5E-1);
#9911=CARTESIAN_POINT('',(3.75E-1,1.E-1,-1.5E0));
#9912=LINE('',#9911,#9910);
#9913=CURVE_STYLE('',#34,POSITIVE_LENGTH_MEASURE(2.E-2),#6404);
#9914=PRESENTATION_STYLE_ASSIGNMENT((#9913));
#9915=STYLED_ITEM('',(#9914),#9912);
#9916=DIRECTION('',(0.E0,1.E0,0.E0));
#9917=VECTOR('',#9916,1.E-1);
#9918=CARTESIAN_POINT('',(3.75E-1,1.E-1,-1.5E0));
#9919=LINE('',#9918,#9917);
#9920=CURVE_STYLE('',#34,POSITIVE_LENGTH_MEASURE(2.E-2),#6404);
#9921=PRESENTATION_STYLE_ASSIGNMENT((#9920));
#9922=STYLED_ITEM('',(#9921),#9919);
#9923=DIRECTION('',(0.E0,0.E0,1.E0));
#9924=VECTOR('',#9923,2.75E-1);
#9925=CARTESIAN_POINT('',(1.25E-1,2.E-1,-1.5E0));
#9926=LINE('',#9925,#9924);
#9927=CURVE_STYLE('',#34,POSITIVE_LENGTH_MEASURE(2.E-2),#6404);
#9928=PRESENTATION_STYLE_ASSIGNMENT((#9927));
#9929=STYLED_ITEM('',(#9928),#9926);
#9930=DIRECTION('',(-1.E0,0.E0,0.E0));
#9931=VECTOR('',#9930,2.5E-1);
#9932=CARTESIAN_POINT('',(3.75E-1,2.E-1,-1.5E0));
#9933=LINE('',#9932,#9931);
#9934=CURVE_STYLE('',#34,POSITIVE_LENGTH_MEASURE(2.E-2),#6404);
#9935=PRESENTATION_STYLE_ASSIGNMENT((#9934));
#9936=STYLED_ITEM('',(#9935),#9933);
#9937=DIRECTION('',(0.E0,0.E0,-1.E0));
#9938=VECTOR('',#9937,2.75E-1);
#9939=CARTESIAN_POINT('',(3.75E-1,2.E-1,-1.225E0));
#9940=LINE('',#9939,#9938);
#9941=CURVE_STYLE('',#34,POSITIVE_LENGTH_MEASURE(2.E-2),#6404);
#9942=PRESENTATION_STYLE_ASSIGNMENT((#9941));
#9943=STYLED_ITEM('',(#9942),#9940);
#9944=CARTESIAN_POINT('',(2.5E-1,2.E-1,-1.225E0));
#9945=DIRECTION('',(0.E0,1.E0,0.E0));
#9946=DIRECTION('',(-1.E0,0.E0,0.E0));
#9947=AXIS2_PLACEMENT_3D('',#9944,#9945,#9946);
#9949=CURVE_STYLE('',#34,POSITIVE_LENGTH_MEASURE(2.E-2),#6404);
#9950=PRESENTATION_STYLE_ASSIGNMENT((#9949));
#9951=STYLED_ITEM('',(#9950),#9948);
#9952=DIRECTION('',(0.E0,1.E0,0.E0));
#9953=VECTOR('',#9952,2.E-1);
#9954=CARTESIAN_POINT('',(1.25E-1,0.E0,-1.225E0));
#9955=LINE('',#9954,#9953);
#9956=CURVE_STYLE('',#34,POSITIVE_LENGTH_MEASURE(2.E-2),#6404);
#9957=PRESENTATION_STYLE_ASSIGNMENT((#9956));
#9958=STYLED_ITEM('',(#9957),#9955);
#9959=CARTESIAN_POINT('',(1.25E-1,0.E0,-1.225E0));
#9960=CARTESIAN_POINT('',(3.75E-1,0.E0,-1.225E0));
#9961=VERTEX_POINT('',#9959);
#9962=VERTEX_POINT('',#9960);
#9963=CARTESIAN_POINT('',(1.25E-1,2.E-1,-1.5E0));
#9964=CARTESIAN_POINT('',(1.25E-1,2.E-1,-1.225E0));
#9965=VERTEX_POINT('',#9963);
#9966=VERTEX_POINT('',#9964);
#9967=CARTESIAN_POINT('',(3.75E-1,2.E-1,-1.225E0));
#9968=VERTEX_POINT('',#9967);
#9969=CARTESIAN_POINT('',(3.75E-1,2.E-1,-1.5E0));
#9970=VERTEX_POINT('',#9969);
#9971=CARTESIAN_POINT('',(1.25E-1,0.E0,-1.45E0));
#9972=CARTESIAN_POINT('',(3.75E-1,0.E0,-1.45E0));
#9973=VERTEX_POINT('',#9971);
#9974=VERTEX_POINT('',#9972);
#9975=CARTESIAN_POINT('',(1.25E-1,1.E-1,-1.5E0));
#9976=CARTESIAN_POINT('',(1.25E-1,1.E-1,-1.45E0));
#9977=VERTEX_POINT('',#9975);
#9978=VERTEX_POINT('',#9976);
#9979=CARTESIAN_POINT('',(3.75E-1,1.E-1,-1.45E0));
#9980=CARTESIAN_POINT('',(3.75E-1,1.E-1,-1.5E0));
#9981=VERTEX_POINT('',#9979);
#9982=VERTEX_POINT('',#9980);
#9983=CARTESIAN_POINT('',(0.E0,0.E0,0.E0));
#9984=DIRECTION('',(0.E0,1.E0,0.E0));
#9985=DIRECTION('',(1.E0,0.E0,0.E0));
#9986=AXIS2_PLACEMENT_3D('',#9983,#9984,#9985);
#9987=PLANE('',#9986);
#9989=ORIENTED_EDGE('',*,*,#9988,.F.);
#9991=ORIENTED_EDGE('',*,*,#9990,.T.);
#9993=ORIENTED_EDGE('',*,*,#9992,.T.);
#9995=ORIENTED_EDGE('',*,*,#9994,.T.);
#9996=EDGE_LOOP('',(#9989,#9991,#9993,#9995));
#9997=FACE_OUTER_BOUND('',#9996,.F.);
#9999=FILL_AREA_STYLE_COLOUR('',#27);
#10000=FILL_AREA_STYLE('',(#9999));
#10001=SURFACE_STYLE_FILL_AREA(#10000);
#10002=SURFACE_SIDE_STYLE('',(#10001));
#10003=SURFACE_STYLE_USAGE(.POSITIVE.,#10002);
#10004=PRESENTATION_STYLE_ASSIGNMENT((#10003));
#10005=OVER_RIDING_STYLED_ITEM('',(#10004),#9998,#9830);
#10006=CARTESIAN_POINT('',(-1.45E0,0.E0,-1.45E0));
#10007=DIRECTION('',(0.E0,0.E0,1.E0));
#10008=DIRECTION('',(1.E0,0.E0,0.E0));
#10009=AXIS2_PLACEMENT_3D('',#10006,#10007,#10008);
#10010=PLANE('',#10009);
#10011=ORIENTED_EDGE('',*,*,#9988,.T.);
#10013=ORIENTED_EDGE('',*,*,#10012,.T.);
#10015=ORIENTED_EDGE('',*,*,#10014,.F.);
#10017=ORIENTED_EDGE('',*,*,#10016,.F.);
#10018=EDGE_LOOP('',(#10011,#10013,#10015,#10017));
#10019=FACE_OUTER_BOUND('',#10018,.F.);
#10021=FILL_AREA_STYLE_COLOUR('',#27);
#10022=FILL_AREA_STYLE('',(#10021));
#10023=SURFACE_STYLE_FILL_AREA(#10022);
#10024=SURFACE_SIDE_STYLE('',(#10023));
#10025=SURFACE_STYLE_USAGE(.POSITIVE.,#10024);
#10026=PRESENTATION_STYLE_ASSIGNMENT((#10025));
#10027=OVER_RIDING_STYLED_ITEM('',(#10026),#10020,#9830);
#10028=CARTESIAN_POINT('',(3.75E-1,0.E0,-1.225E0));
#10029=DIRECTION('',(1.E0,0.E0,0.E0));
#10030=DIRECTION('',(0.E0,0.E0,-1.E0));
#10031=AXIS2_PLACEMENT_3D('',#10028,#10029,#10030);
#10032=PLANE('',#10031);
#10034=ORIENTED_EDGE('',*,*,#10033,.F.);
#10035=ORIENTED_EDGE('',*,*,#10012,.F.);
#10036=ORIENTED_EDGE('',*,*,#9994,.F.);
#10038=ORIENTED_EDGE('',*,*,#10037,.T.);
#10040=ORIENTED_EDGE('',*,*,#10039,.T.);
#10042=ORIENTED_EDGE('',*,*,#10041,.F.);
#10043=EDGE_LOOP('',(#10034,#10035,#10036,#10038,#10040,#10042));
#10044=FACE_OUTER_BOUND('',#10043,.F.);
#10046=CARTESIAN_POINT('',(0.E0,1.E-1,0.E0));
#10047=DIRECTION('',(0.E0,1.E0,0.E0));
#10048=DIRECTION('',(1.E0,0.E0,0.E0));
#10049=AXIS2_PLACEMENT_3D('',#10046,#10047,#10048);
#10050=PLANE('',#10049);
#10052=ORIENTED_EDGE('',*,*,#10051,.T.);
#10053=ORIENTED_EDGE('',*,*,#10014,.T.);
#10054=ORIENTED_EDGE('',*,*,#10033,.T.);
#10056=ORIENTED_EDGE('',*,*,#10055,.T.);
#10057=EDGE_LOOP('',(#10052,#10053,#10054,#10056));
#10058=FACE_OUTER_BOUND('',#10057,.F.);
#10060=FILL_AREA_STYLE_COLOUR('',#27);
#10061=FILL_AREA_STYLE('',(#10060));
#10062=SURFACE_STYLE_FILL_AREA(#10061);
#10063=SURFACE_SIDE_STYLE('',(#10062));
#10064=SURFACE_STYLE_USAGE(.POSITIVE.,#10063);
#10065=PRESENTATION_STYLE_ASSIGNMENT((#10064));
#10066=OVER_RIDING_STYLED_ITEM('',(#10065),#10059,#9830);
#10067=CARTESIAN_POINT('',(1.25E-1,0.E0,-1.5E0));
#10068=DIRECTION('',(-1.E0,0.E0,0.E0));
#10069=DIRECTION('',(0.E0,0.E0,1.E0));
#10070=AXIS2_PLACEMENT_3D('',#10067,#10068,#10069);
#10071=PLANE('',#10070);
#10072=ORIENTED_EDGE('',*,*,#10051,.F.);
#10074=ORIENTED_EDGE('',*,*,#10073,.T.);
#10076=ORIENTED_EDGE('',*,*,#10075,.T.);
#10078=ORIENTED_EDGE('',*,*,#10077,.F.);
#10079=ORIENTED_EDGE('',*,*,#9990,.F.);
#10080=ORIENTED_EDGE('',*,*,#10016,.T.);
#10081=EDGE_LOOP('',(#10072,#10074,#10076,#10078,#10079,#10080));
#10082=FACE_OUTER_BOUND('',#10081,.F.);
#10084=CARTESIAN_POINT('',(3.75E-1,0.E0,-1.5E0));
#10085=DIRECTION('',(0.E0,0.E0,-1.E0));
#10086=DIRECTION('',(-1.E0,0.E0,0.E0));
#10087=AXIS2_PLACEMENT_3D('',#10084,#10085,#10086);
#10088=PLANE('',#10087);
#10089=ORIENTED_EDGE('',*,*,#10055,.F.);
#10090=ORIENTED_EDGE('',*,*,#10041,.T.);
#10092=ORIENTED_EDGE('',*,*,#10091,.T.);
#10093=ORIENTED_EDGE('',*,*,#10073,.F.);
#10094=EDGE_LOOP('',(#10089,#10090,#10092,#10093));
#10095=FACE_OUTER_BOUND('',#10094,.F.);
#10097=CARTESIAN_POINT('',(0.E0,2.E-1,0.E0));
#10098=DIRECTION('',(0.E0,1.E0,0.E0));
#10099=DIRECTION('',(1.E0,0.E0,0.E0));
#10100=AXIS2_PLACEMENT_3D('',#10097,#10098,#10099);
#10101=PLANE('',#10100);
#10102=ORIENTED_EDGE('',*,*,#10075,.F.);
#10103=ORIENTED_EDGE('',*,*,#10091,.F.);
#10104=ORIENTED_EDGE('',*,*,#10039,.F.);
#10106=ORIENTED_EDGE('',*,*,#10105,.F.);
#10107=EDGE_LOOP('',(#10102,#10103,#10104,#10106));
#10108=FACE_OUTER_BOUND('',#10107,.F.);
#10110=CARTESIAN_POINT('',(2.5E-1,0.E0,-1.225E0));
#10111=DIRECTION('',(0.E0,1.E0,0.E0));
#10112=DIRECTION('',(1.E0,0.E0,0.E0));
#10113=AXIS2_PLACEMENT_3D('',#10110,#10111,#10112);
#10114=CYLINDRICAL_SURFACE('',#10113,1.25E-1);
#10115=ORIENTED_EDGE('',*,*,#9992,.F.);
#10116=ORIENTED_EDGE('',*,*,#10077,.T.);
#10117=ORIENTED_EDGE('',*,*,#10105,.T.);
#10118=ORIENTED_EDGE('',*,*,#10037,.F.);
#10119=EDGE_LOOP('',(#10115,#10116,#10117,#10118));
#10120=FACE_OUTER_BOUND('',#10119,.F.);
#10122=CLOSED_SHELL('',(#9998,#10020,#10045,#10059,#10083,#10096,#10109,
#10121));
#10123=MANIFOLD_SOLID_BREP('',#10122);
#10124=FILL_AREA_STYLE_COLOUR('',#6404);
#10125=FILL_AREA_STYLE('',(#10124));
#10126=SURFACE_STYLE_FILL_AREA(#10125);
#10127=SURFACE_SIDE_STYLE('',(#10126));
#10128=SURFACE_STYLE_USAGE(.POSITIVE.,#10127);
#10129=PRESENTATION_STYLE_ASSIGNMENT((#10128));
#9830=STYLED_ITEM('',(#10129),#10123);
#10131=DIRECTION('',(1.E0,0.E0,0.E0));
#10132=VECTOR('',#10131,2.5E-1);
#10133=CARTESIAN_POINT('',(6.25E-1,0.E0,-1.45E0));
#10134=LINE('',#10133,#10132);
#10135=CURVE_STYLE('',#34,POSITIVE_LENGTH_MEASURE(2.E-2),#6404);
#10136=PRESENTATION_STYLE_ASSIGNMENT((#10135));
#10137=STYLED_ITEM('',(#10136),#10134);
#10138=DIRECTION('',(0.E0,0.E0,1.E0));
#10139=VECTOR('',#10138,2.25E-1);
#10140=CARTESIAN_POINT('',(6.25E-1,0.E0,-1.45E0));
#10141=LINE('',#10140,#10139);
#10142=CURVE_STYLE('',#34,POSITIVE_LENGTH_MEASURE(2.E-2),#6404);
#10143=PRESENTATION_STYLE_ASSIGNMENT((#10142));
#10144=STYLED_ITEM('',(#10143),#10141);
#10145=CARTESIAN_POINT('',(7.5E-1,0.E0,-1.225E0));
#10146=DIRECTION('',(0.E0,1.E0,0.E0));
#10147=DIRECTION('',(-1.E0,0.E0,0.E0));
#10148=AXIS2_PLACEMENT_3D('',#10145,#10146,#10147);
#10150=CURVE_STYLE('',#34,POSITIVE_LENGTH_MEASURE(2.E-2),#6404);
#10151=PRESENTATION_STYLE_ASSIGNMENT((#10150));
#10152=STYLED_ITEM('',(#10151),#10149);
#10153=DIRECTION('',(0.E0,0.E0,-1.E0));
#10154=VECTOR('',#10153,2.25E-1);
#10155=CARTESIAN_POINT('',(8.75E-1,0.E0,-1.225E0));
#10156=LINE('',#10155,#10154);
#10157=CURVE_STYLE('',#34,POSITIVE_LENGTH_MEASURE(2.E-2),#6404);
#10158=PRESENTATION_STYLE_ASSIGNMENT((#10157));
#10159=STYLED_ITEM('',(#10158),#10156);
#10160=DIRECTION('',(0.E0,0.E0,-1.E0));
#10161=VECTOR('',#10160,5.E-2);
#10162=CARTESIAN_POINT('',(8.75E-1,1.E-1,-1.45E0));
#10163=LINE('',#10162,#10161);
#10164=CURVE_STYLE('',#34,POSITIVE_LENGTH_MEASURE(2.E-2),#6404);
#10165=PRESENTATION_STYLE_ASSIGNMENT((#10164));
#10166=STYLED_ITEM('',(#10165),#10163);
#10167=DIRECTION('',(0.E0,1.E0,0.E0));
#10168=VECTOR('',#10167,1.E-1);
#10169=CARTESIAN_POINT('',(8.75E-1,0.E0,-1.45E0));
#10170=LINE('',#10169,#10168);
#10171=CURVE_STYLE('',#34,POSITIVE_LENGTH_MEASURE(2.E-2),#6404);
#10172=PRESENTATION_STYLE_ASSIGNMENT((#10171));
#10173=STYLED_ITEM('',(#10172),#10170);
#10174=DIRECTION('',(0.E0,1.E0,0.E0));
#10175=VECTOR('',#10174,2.E-1);
#10176=CARTESIAN_POINT('',(8.75E-1,0.E0,-1.225E0));
#10177=LINE('',#10176,#10175);
#10178=CURVE_STYLE('',#34,POSITIVE_LENGTH_MEASURE(2.E-2),#6404);
#10179=PRESENTATION_STYLE_ASSIGNMENT((#10178));
#10180=STYLED_ITEM('',(#10179),#10177);
#10181=DIRECTION('',(1.E0,0.E0,0.E0));
#10182=VECTOR('',#10181,2.5E-1);
#10183=CARTESIAN_POINT('',(6.25E-1,1.E-1,-1.45E0));
#10184=LINE('',#10183,#10182);
#10185=CURVE_STYLE('',#34,POSITIVE_LENGTH_MEASURE(2.E-2),#6404);
#10186=PRESENTATION_STYLE_ASSIGNMENT((#10185));
#10187=STYLED_ITEM('',(#10186),#10184);
#10188=DIRECTION('',(0.E0,0.E0,1.E0));
#10189=VECTOR('',#10188,5.E-2);
#10190=CARTESIAN_POINT('',(6.25E-1,1.E-1,-1.5E0));
#10191=LINE('',#10190,#10189);
#10192=CURVE_STYLE('',#34,POSITIVE_LENGTH_MEASURE(2.E-2),#6404);
#10193=PRESENTATION_STYLE_ASSIGNMENT((#10192));
#10194=STYLED_ITEM('',(#10193),#10191);
#10195=DIRECTION('',(0.E0,1.E0,0.E0));
#10196=VECTOR('',#10195,1.E-1);
#10197=CARTESIAN_POINT('',(6.25E-1,1.E-1,-1.5E0));
#10198=LINE('',#10197,#10196);
#10199=CURVE_STYLE('',#34,POSITIVE_LENGTH_MEASURE(2.E-2),#6404);
#10200=PRESENTATION_STYLE_ASSIGNMENT((#10199));
#10201=STYLED_ITEM('',(#10200),#10198);
#10202=DIRECTION('',(0.E0,1.E0,0.E0));
#10203=VECTOR('',#10202,1.E-1);
#10204=CARTESIAN_POINT('',(6.25E-1,0.E0,-1.45E0));
#10205=LINE('',#10204,#10203);
#10206=CURVE_STYLE('',#34,POSITIVE_LENGTH_MEASURE(2.E-2),#6404);
#10207=PRESENTATION_STYLE_ASSIGNMENT((#10206));
#10208=STYLED_ITEM('',(#10207),#10205);
#10209=DIRECTION('',(-1.E0,0.E0,0.E0));
#10210=VECTOR('',#10209,2.5E-1);
#10211=CARTESIAN_POINT('',(8.75E-1,1.E-1,-1.5E0));
#10212=LINE('',#10211,#10210);
#10213=CURVE_STYLE('',#34,POSITIVE_LENGTH_MEASURE(2.E-2),#6404);
#10214=PRESENTATION_STYLE_ASSIGNMENT((#10213));
#10215=STYLED_ITEM('',(#10214),#10212);
#10216=DIRECTION('',(0.E0,1.E0,0.E0));
#10217=VECTOR('',#10216,1.E-1);
#10218=CARTESIAN_POINT('',(8.75E-1,1.E-1,-1.5E0));
#10219=LINE('',#10218,#10217);
#10220=CURVE_STYLE('',#34,POSITIVE_LENGTH_MEASURE(2.E-2),#6404);
#10221=PRESENTATION_STYLE_ASSIGNMENT((#10220));
#10222=STYLED_ITEM('',(#10221),#10219);
#10223=DIRECTION('',(0.E0,0.E0,1.E0));
#10224=VECTOR('',#10223,2.75E-1);
#10225=CARTESIAN_POINT('',(6.25E-1,2.E-1,-1.5E0));
#10226=LINE('',#10225,#10224);
#10227=CURVE_STYLE('',#34,POSITIVE_LENGTH_MEASURE(2.E-2),#6404);
#10228=PRESENTATION_STYLE_ASSIGNMENT((#10227));
#10229=STYLED_ITEM('',(#10228),#10226);
#10230=DIRECTION('',(-1.E0,0.E0,0.E0));
#10231=VECTOR('',#10230,2.5E-1);
#10232=CARTESIAN_POINT('',(8.75E-1,2.E-1,-1.5E0));
#10233=LINE('',#10232,#10231);
#10234=CURVE_STYLE('',#34,POSITIVE_LENGTH_MEASURE(2.E-2),#6404);
#10235=PRESENTATION_STYLE_ASSIGNMENT((#10234));
#10236=STYLED_ITEM('',(#10235),#10233);
#10237=DIRECTION('',(0.E0,0.E0,-1.E0));
#10238=VECTOR('',#10237,2.75E-1);
#10239=CARTESIAN_POINT('',(8.75E-1,2.E-1,-1.225E0));
#10240=LINE('',#10239,#10238);
#10241=CURVE_STYLE('',#34,POSITIVE_LENGTH_MEASURE(2.E-2),#6404);
#10242=PRESENTATION_STYLE_ASSIGNMENT((#10241));
#10243=STYLED_ITEM('',(#10242),#10240);
#10244=CARTESIAN_POINT('',(7.5E-1,2.E-1,-1.225E0));
#10245=DIRECTION('',(0.E0,1.E0,0.E0));
#10246=DIRECTION('',(-1.E0,0.E0,0.E0));
#10247=AXIS2_PLACEMENT_3D('',#10244,#10245,#10246);
#10249=CURVE_STYLE('',#34,POSITIVE_LENGTH_MEASURE(2.E-2),#6404);
#10250=PRESENTATION_STYLE_ASSIGNMENT((#10249));
#10251=STYLED_ITEM('',(#10250),#10248);
#10252=DIRECTION('',(0.E0,1.E0,0.E0));
#10253=VECTOR('',#10252,2.E-1);
#10254=CARTESIAN_POINT('',(6.25E-1,0.E0,-1.225E0));
#10255=LINE('',#10254,#10253);
#10256=CURVE_STYLE('',#34,POSITIVE_LENGTH_MEASURE(2.E-2),#6404);
#10257=PRESENTATION_STYLE_ASSIGNMENT((#10256));
#10258=STYLED_ITEM('',(#10257),#10255);
#10259=CARTESIAN_POINT('',(6.25E-1,0.E0,-1.225E0));
#10260=CARTESIAN_POINT('',(8.75E-1,0.E0,-1.225E0));
#10261=VERTEX_POINT('',#10259);
#10262=VERTEX_POINT('',#10260);
#10263=CARTESIAN_POINT('',(6.25E-1,2.E-1,-1.5E0));
#10264=CARTESIAN_POINT('',(6.25E-1,2.E-1,-1.225E0));
#10265=VERTEX_POINT('',#10263);
#10266=VERTEX_POINT('',#10264);
#10267=CARTESIAN_POINT('',(8.75E-1,2.E-1,-1.225E0));
#10268=VERTEX_POINT('',#10267);
#10269=CARTESIAN_POINT('',(8.75E-1,2.E-1,-1.5E0));
#10270=VERTEX_POINT('',#10269);
#10271=CARTESIAN_POINT('',(6.25E-1,0.E0,-1.45E0));
#10272=CARTESIAN_POINT('',(8.75E-1,0.E0,-1.45E0));
#10273=VERTEX_POINT('',#10271);
#10274=VERTEX_POINT('',#10272);
#10275=CARTESIAN_POINT('',(6.25E-1,1.E-1,-1.5E0));
#10276=CARTESIAN_POINT('',(6.25E-1,1.E-1,-1.45E0));
#10277=VERTEX_POINT('',#10275);
#10278=VERTEX_POINT('',#10276);
#10279=CARTESIAN_POINT('',(8.75E-1,1.E-1,-1.45E0));
#10280=CARTESIAN_POINT('',(8.75E-1,1.E-1,-1.5E0));
#10281=VERTEX_POINT('',#10279);
#10282=VERTEX_POINT('',#10280);
#10283=CARTESIAN_POINT('',(0.E0,0.E0,0.E0));
#10284=DIRECTION('',(0.E0,1.E0,0.E0));
#10285=DIRECTION('',(1.E0,0.E0,0.E0));
#10286=AXIS2_PLACEMENT_3D('',#10283,#10284,#10285);
#10287=PLANE('',#10286);
#10289=ORIENTED_EDGE('',*,*,#10288,.F.);
#10291=ORIENTED_EDGE('',*,*,#10290,.T.);
#10293=ORIENTED_EDGE('',*,*,#10292,.T.);
#10295=ORIENTED_EDGE('',*,*,#10294,.T.);
#10296=EDGE_LOOP('',(#10289,#10291,#10293,#10295));
#10297=FACE_OUTER_BOUND('',#10296,.F.);
#10299=FILL_AREA_STYLE_COLOUR('',#27);
#10300=FILL_AREA_STYLE('',(#10299));
#10301=SURFACE_STYLE_FILL_AREA(#10300);
#10302=SURFACE_SIDE_STYLE('',(#10301));
#10303=SURFACE_STYLE_USAGE(.POSITIVE.,#10302);
#10304=PRESENTATION_STYLE_ASSIGNMENT((#10303));
#10305=OVER_RIDING_STYLED_ITEM('',(#10304),#10298,#10130);
#10306=CARTESIAN_POINT('',(-1.45E0,0.E0,-1.45E0));
#10307=DIRECTION('',(0.E0,0.E0,1.E0));
#10308=DIRECTION('',(1.E0,0.E0,0.E0));
#10309=AXIS2_PLACEMENT_3D('',#10306,#10307,#10308);
#10310=PLANE('',#10309);
#10311=ORIENTED_EDGE('',*,*,#10288,.T.);
#10313=ORIENTED_EDGE('',*,*,#10312,.T.);
#10315=ORIENTED_EDGE('',*,*,#10314,.F.);
#10317=ORIENTED_EDGE('',*,*,#10316,.F.);
#10318=EDGE_LOOP('',(#10311,#10313,#10315,#10317));
#10319=FACE_OUTER_BOUND('',#10318,.F.);
#10321=FILL_AREA_STYLE_COLOUR('',#27);
#10322=FILL_AREA_STYLE('',(#10321));
#10323=SURFACE_STYLE_FILL_AREA(#10322);
#10324=SURFACE_SIDE_STYLE('',(#10323));
#10325=SURFACE_STYLE_USAGE(.POSITIVE.,#10324);
#10326=PRESENTATION_STYLE_ASSIGNMENT((#10325));
#10327=OVER_RIDING_STYLED_ITEM('',(#10326),#10320,#10130);
#10328=CARTESIAN_POINT('',(8.75E-1,0.E0,-1.225E0));
#10329=DIRECTION('',(1.E0,0.E0,0.E0));
#10330=DIRECTION('',(0.E0,0.E0,-1.E0));
#10331=AXIS2_PLACEMENT_3D('',#10328,#10329,#10330);
#10332=PLANE('',#10331);
#10334=ORIENTED_EDGE('',*,*,#10333,.F.);
#10335=ORIENTED_EDGE('',*,*,#10312,.F.);
#10336=ORIENTED_EDGE('',*,*,#10294,.F.);
#10338=ORIENTED_EDGE('',*,*,#10337,.T.);
#10340=ORIENTED_EDGE('',*,*,#10339,.T.);
#10342=ORIENTED_EDGE('',*,*,#10341,.F.);
#10343=EDGE_LOOP('',(#10334,#10335,#10336,#10338,#10340,#10342));
#10344=FACE_OUTER_BOUND('',#10343,.F.);
#10346=CARTESIAN_POINT('',(0.E0,1.E-1,0.E0));
#10347=DIRECTION('',(0.E0,1.E0,0.E0));
#10348=DIRECTION('',(1.E0,0.E0,0.E0));
#10349=AXIS2_PLACEMENT_3D('',#10346,#10347,#10348);
#10350=PLANE('',#10349);
#10352=ORIENTED_EDGE('',*,*,#10351,.T.);
#10353=ORIENTED_EDGE('',*,*,#10314,.T.);
#10354=ORIENTED_EDGE('',*,*,#10333,.T.);
#10356=ORIENTED_EDGE('',*,*,#10355,.T.);
#10357=EDGE_LOOP('',(#10352,#10353,#10354,#10356));
#10358=FACE_OUTER_BOUND('',#10357,.F.);
#10360=FILL_AREA_STYLE_COLOUR('',#27);
#10361=FILL_AREA_STYLE('',(#10360));
#10362=SURFACE_STYLE_FILL_AREA(#10361);
#10363=SURFACE_SIDE_STYLE('',(#10362));
#10364=SURFACE_STYLE_USAGE(.POSITIVE.,#10363);
#10365=PRESENTATION_STYLE_ASSIGNMENT((#10364));
#10366=OVER_RIDING_STYLED_ITEM('',(#10365),#10359,#10130);
#10367=CARTESIAN_POINT('',(6.25E-1,0.E0,-1.5E0));
#10368=DIRECTION('',(-1.E0,0.E0,0.E0));
#10369=DIRECTION('',(0.E0,0.E0,1.E0));
#10370=AXIS2_PLACEMENT_3D('',#10367,#10368,#10369);
#10371=PLANE('',#10370);
#10372=ORIENTED_EDGE('',*,*,#10351,.F.);
#10374=ORIENTED_EDGE('',*,*,#10373,.T.);
#10376=ORIENTED_EDGE('',*,*,#10375,.T.);
#10378=ORIENTED_EDGE('',*,*,#10377,.F.);
#10379=ORIENTED_EDGE('',*,*,#10290,.F.);
#10380=ORIENTED_EDGE('',*,*,#10316,.T.);
#10381=EDGE_LOOP('',(#10372,#10374,#10376,#10378,#10379,#10380));
#10382=FACE_OUTER_BOUND('',#10381,.F.);
#10384=CARTESIAN_POINT('',(8.75E-1,0.E0,-1.5E0));
#10385=DIRECTION('',(0.E0,0.E0,-1.E0));
#10386=DIRECTION('',(-1.E0,0.E0,0.E0));
#10387=AXIS2_PLACEMENT_3D('',#10384,#10385,#10386);
#10388=PLANE('',#10387);
#10389=ORIENTED_EDGE('',*,*,#10355,.F.);
#10390=ORIENTED_EDGE('',*,*,#10341,.T.);
#10392=ORIENTED_EDGE('',*,*,#10391,.T.);
#10393=ORIENTED_EDGE('',*,*,#10373,.F.);
#10394=EDGE_LOOP('',(#10389,#10390,#10392,#10393));
#10395=FACE_OUTER_BOUND('',#10394,.F.);
#10397=CARTESIAN_POINT('',(0.E0,2.E-1,0.E0));
#10398=DIRECTION('',(0.E0,1.E0,0.E0));
#10399=DIRECTION('',(1.E0,0.E0,0.E0));
#10400=AXIS2_PLACEMENT_3D('',#10397,#10398,#10399);
#10401=PLANE('',#10400);
#10402=ORIENTED_EDGE('',*,*,#10375,.F.);
#10403=ORIENTED_EDGE('',*,*,#10391,.F.);
#10404=ORIENTED_EDGE('',*,*,#10339,.F.);
#10406=ORIENTED_EDGE('',*,*,#10405,.F.);
#10407=EDGE_LOOP('',(#10402,#10403,#10404,#10406));
#10408=FACE_OUTER_BOUND('',#10407,.F.);
#10410=CARTESIAN_POINT('',(7.5E-1,0.E0,-1.225E0));
#10411=DIRECTION('',(0.E0,1.E0,0.E0));
#10412=DIRECTION('',(1.E0,0.E0,0.E0));
#10413=AXIS2_PLACEMENT_3D('',#10410,#10411,#10412);
#10414=CYLINDRICAL_SURFACE('',#10413,1.25E-1);
#10415=ORIENTED_EDGE('',*,*,#10292,.F.);
#10416=ORIENTED_EDGE('',*,*,#10377,.T.);
#10417=ORIENTED_EDGE('',*,*,#10405,.T.);
#10418=ORIENTED_EDGE('',*,*,#10337,.F.);
#10419=EDGE_LOOP('',(#10415,#10416,#10417,#10418));
#10420=FACE_OUTER_BOUND('',#10419,.F.);
#10422=CLOSED_SHELL('',(#10298,#10320,#10345,#10359,#10383,#10396,#10409,
#10421));
#10423=MANIFOLD_SOLID_BREP('',#10422);
#10424=FILL_AREA_STYLE_COLOUR('',#6404);
#10425=FILL_AREA_STYLE('',(#10424));
#10426=SURFACE_STYLE_FILL_AREA(#10425);
#10427=SURFACE_SIDE_STYLE('',(#10426));
#10428=SURFACE_STYLE_USAGE(.POSITIVE.,#10427);
#10429=PRESENTATION_STYLE_ASSIGNMENT((#10428));
#10130=STYLED_ITEM('',(#10429),#10423);
#10431=DIRECTION('',(1.E0,0.E0,0.E0));
#10432=VECTOR('',#10431,2.5E-1);
#10433=CARTESIAN_POINT('',(-8.75E-1,0.E0,1.45E0));
#10434=LINE('',#10433,#10432);
#10435=CURVE_STYLE('',#34,POSITIVE_LENGTH_MEASURE(2.E-2),#6404);
#10436=PRESENTATION_STYLE_ASSIGNMENT((#10435));
#10437=STYLED_ITEM('',(#10436),#10434);
#10438=DIRECTION('',(0.E0,0.E0,1.E0));
#10439=VECTOR('',#10438,2.25E-1);
#10440=CARTESIAN_POINT('',(-6.25E-1,0.E0,1.225E0));
#10441=LINE('',#10440,#10439);
#10442=CURVE_STYLE('',#34,POSITIVE_LENGTH_MEASURE(2.E-2),#6404);
#10443=PRESENTATION_STYLE_ASSIGNMENT((#10442));
#10444=STYLED_ITEM('',(#10443),#10441);
#10445=CARTESIAN_POINT('',(-7.5E-1,0.E0,1.225E0));
#10446=DIRECTION('',(0.E0,-1.E0,0.E0));
#10447=DIRECTION('',(-1.E0,0.E0,0.E0));
#10448=AXIS2_PLACEMENT_3D('',#10445,#10446,#10447);
#10450=CURVE_STYLE('',#34,POSITIVE_LENGTH_MEASURE(2.E-2),#6404);
#10451=PRESENTATION_STYLE_ASSIGNMENT((#10450));
#10452=STYLED_ITEM('',(#10451),#10449);
#10453=DIRECTION('',(0.E0,0.E0,-1.E0));
#10454=VECTOR('',#10453,2.25E-1);
#10455=CARTESIAN_POINT('',(-8.75E-1,0.E0,1.45E0));
#10456=LINE('',#10455,#10454);
#10457=CURVE_STYLE('',#34,POSITIVE_LENGTH_MEASURE(2.E-2),#6404);
#10458=PRESENTATION_STYLE_ASSIGNMENT((#10457));
#10459=STYLED_ITEM('',(#10458),#10456);
#10460=DIRECTION('',(0.E0,0.E0,-1.E0));
#10461=VECTOR('',#10460,5.E-2);
#10462=CARTESIAN_POINT('',(-8.75E-1,1.E-1,1.5E0));
#10463=LINE('',#10462,#10461);
#10464=CURVE_STYLE('',#34,POSITIVE_LENGTH_MEASURE(2.E-2),#6404);
#10465=PRESENTATION_STYLE_ASSIGNMENT((#10464));
#10466=STYLED_ITEM('',(#10465),#10463);
#10467=DIRECTION('',(0.E0,1.E0,0.E0));
#10468=VECTOR('',#10467,1.E-1);
#10469=CARTESIAN_POINT('',(-8.75E-1,0.E0,1.45E0));
#10470=LINE('',#10469,#10468);
#10471=CURVE_STYLE('',#34,POSITIVE_LENGTH_MEASURE(2.E-2),#6404);
#10472=PRESENTATION_STYLE_ASSIGNMENT((#10471));
#10473=STYLED_ITEM('',(#10472),#10470);
#10474=DIRECTION('',(0.E0,1.E0,0.E0));
#10475=VECTOR('',#10474,1.E-1);
#10476=CARTESIAN_POINT('',(-8.75E-1,1.E-1,1.5E0));
#10477=LINE('',#10476,#10475);
#10478=CURVE_STYLE('',#34,POSITIVE_LENGTH_MEASURE(2.E-2),#6404);
#10479=PRESENTATION_STYLE_ASSIGNMENT((#10478));
#10480=STYLED_ITEM('',(#10479),#10477);
#10481=DIRECTION('',(-1.E0,0.E0,0.E0));
#10482=VECTOR('',#10481,2.5E-1);
#10483=CARTESIAN_POINT('',(-6.25E-1,1.E-1,1.45E0));
#10484=LINE('',#10483,#10482);
#10485=CURVE_STYLE('',#34,POSITIVE_LENGTH_MEASURE(2.E-2),#6404);
#10486=PRESENTATION_STYLE_ASSIGNMENT((#10485));
#10487=STYLED_ITEM('',(#10486),#10484);
#10488=DIRECTION('',(-1.E0,0.E0,0.E0));
#10489=VECTOR('',#10488,2.5E-1);
#10490=CARTESIAN_POINT('',(-6.25E-1,1.E-1,1.5E0));
#10491=LINE('',#10490,#10489);
#10492=CURVE_STYLE('',#34,POSITIVE_LENGTH_MEASURE(2.E-2),#6404);
#10493=PRESENTATION_STYLE_ASSIGNMENT((#10492));
#10494=STYLED_ITEM('',(#10493),#10491);
#10495=DIRECTION('',(0.E0,1.E0,0.E0));
#10496=VECTOR('',#10495,1.E-1);
#10497=CARTESIAN_POINT('',(-6.25E-1,1.E-1,1.5E0));
#10498=LINE('',#10497,#10496);
#10499=CURVE_STYLE('',#34,POSITIVE_LENGTH_MEASURE(2.E-2),#6404);
#10500=PRESENTATION_STYLE_ASSIGNMENT((#10499));
#10501=STYLED_ITEM('',(#10500),#10498);
#10502=DIRECTION('',(0.E0,0.E0,-1.E0));
#10503=VECTOR('',#10502,2.75E-1);
#10504=CARTESIAN_POINT('',(-8.75E-1,2.E-1,1.5E0));
#10505=LINE('',#10504,#10503);
#10506=CURVE_STYLE('',#34,POSITIVE_LENGTH_MEASURE(2.E-2),#6404);
#10507=PRESENTATION_STYLE_ASSIGNMENT((#10506));
#10508=STYLED_ITEM('',(#10507),#10505);
#10509=CARTESIAN_POINT('',(-7.5E-1,2.E-1,1.225E0));
#10510=DIRECTION('',(0.E0,-1.E0,0.E0));
#10511=DIRECTION('',(-1.E0,0.E0,0.E0));
#10512=AXIS2_PLACEMENT_3D('',#10509,#10510,#10511);
#10514=CURVE_STYLE('',#34,POSITIVE_LENGTH_MEASURE(2.E-2),#6404);
#10515=PRESENTATION_STYLE_ASSIGNMENT((#10514));
#10516=STYLED_ITEM('',(#10515),#10513);
#10517=DIRECTION('',(0.E0,0.E0,1.E0));
#10518=VECTOR('',#10517,2.75E-1);
#10519=CARTESIAN_POINT('',(-6.25E-1,2.E-1,1.225E0));
#10520=LINE('',#10519,#10518);
#10521=CURVE_STYLE('',#34,POSITIVE_LENGTH_MEASURE(2.E-2),#6404);
#10522=PRESENTATION_STYLE_ASSIGNMENT((#10521));
#10523=STYLED_ITEM('',(#10522),#10520);
#10524=DIRECTION('',(-1.E0,0.E0,0.E0));
#10525=VECTOR('',#10524,2.5E-1);
#10526=CARTESIAN_POINT('',(-6.25E-1,2.E-1,1.5E0));
#10527=LINE('',#10526,#10525);
#10528=CURVE_STYLE('',#34,POSITIVE_LENGTH_MEASURE(2.E-2),#6404);
#10529=PRESENTATION_STYLE_ASSIGNMENT((#10528));
#10530=STYLED_ITEM('',(#10529),#10527);
#10531=DIRECTION('',(0.E0,1.E0,0.E0));
#10532=VECTOR('',#10531,2.E-1);
#10533=CARTESIAN_POINT('',(-8.75E-1,0.E0,1.225E0));
#10534=LINE('',#10533,#10532);
#10535=CURVE_STYLE('',#34,POSITIVE_LENGTH_MEASURE(2.E-2),#6404);
#10536=PRESENTATION_STYLE_ASSIGNMENT((#10535));
#10537=STYLED_ITEM('',(#10536),#10534);
#10538=DIRECTION('',(0.E0,0.E0,1.E0));
#10539=VECTOR('',#10538,5.E-2);
#10540=CARTESIAN_POINT('',(-6.25E-1,1.E-1,1.45E0));
#10541=LINE('',#10540,#10539);
#10542=CURVE_STYLE('',#34,POSITIVE_LENGTH_MEASURE(2.E-2),#6404);
#10543=PRESENTATION_STYLE_ASSIGNMENT((#10542));
#10544=STYLED_ITEM('',(#10543),#10541);
#10545=DIRECTION('',(0.E0,1.E0,0.E0));
#10546=VECTOR('',#10545,2.E-1);
#10547=CARTESIAN_POINT('',(-6.25E-1,0.E0,1.225E0));
#10548=LINE('',#10547,#10546);
#10549=CURVE_STYLE('',#34,POSITIVE_LENGTH_MEASURE(2.E-2),#6404);
#10550=PRESENTATION_STYLE_ASSIGNMENT((#10549));
#10551=STYLED_ITEM('',(#10550),#10548);
#10552=DIRECTION('',(0.E0,1.E0,0.E0));
#10553=VECTOR('',#10552,1.E-1);
#10554=CARTESIAN_POINT('',(-6.25E-1,0.E0,1.45E0));
#10555=LINE('',#10554,#10553);
#10556=CURVE_STYLE('',#34,POSITIVE_LENGTH_MEASURE(2.E-2),#6404);
#10557=PRESENTATION_STYLE_ASSIGNMENT((#10556));
#10558=STYLED_ITEM('',(#10557),#10555);
#10559=CARTESIAN_POINT('',(-8.75E-1,0.E0,1.225E0));
#10560=CARTESIAN_POINT('',(-6.25E-1,0.E0,1.225E0));
#10561=VERTEX_POINT('',#10559);
#10562=VERTEX_POINT('',#10560);
#10563=CARTESIAN_POINT('',(-8.75E-1,2.E-1,1.5E0));
#10564=CARTESIAN_POINT('',(-8.75E-1,2.E-1,1.225E0));
#10565=VERTEX_POINT('',#10563);
#10566=VERTEX_POINT('',#10564);
#10567=CARTESIAN_POINT('',(-6.25E-1,2.E-1,1.225E0));
#10568=VERTEX_POINT('',#10567);
#10569=CARTESIAN_POINT('',(-6.25E-1,2.E-1,1.5E0));
#10570=VERTEX_POINT('',#10569);
#10571=CARTESIAN_POINT('',(-8.75E-1,0.E0,1.45E0));
#10572=CARTESIAN_POINT('',(-6.25E-1,0.E0,1.45E0));
#10573=VERTEX_POINT('',#10571);
#10574=VERTEX_POINT('',#10572);
#10575=CARTESIAN_POINT('',(-8.75E-1,1.E-1,1.5E0));
#10576=CARTESIAN_POINT('',(-8.75E-1,1.E-1,1.45E0));
#10577=VERTEX_POINT('',#10575);
#10578=VERTEX_POINT('',#10576);
#10579=CARTESIAN_POINT('',(-6.25E-1,1.E-1,1.45E0));
#10580=CARTESIAN_POINT('',(-6.25E-1,1.E-1,1.5E0));
#10581=VERTEX_POINT('',#10579);
#10582=VERTEX_POINT('',#10580);
#10583=CARTESIAN_POINT('',(0.E0,0.E0,0.E0));
#10584=DIRECTION('',(0.E0,-1.E0,0.E0));
#10585=DIRECTION('',(1.E0,0.E0,0.E0));
#10586=AXIS2_PLACEMENT_3D('',#10583,#10584,#10585);
#10587=PLANE('',#10586);
#10589=ORIENTED_EDGE('',*,*,#10588,.T.);
#10591=ORIENTED_EDGE('',*,*,#10590,.F.);
#10593=ORIENTED_EDGE('',*,*,#10592,.F.);
#10595=ORIENTED_EDGE('',*,*,#10594,.F.);
#10596=EDGE_LOOP('',(#10589,#10591,#10593,#10595));
#10597=FACE_OUTER_BOUND('',#10596,.F.);
#10599=FILL_AREA_STYLE_COLOUR('',#27);
#10600=FILL_AREA_STYLE('',(#10599));
#10601=SURFACE_STYLE_FILL_AREA(#10600);
#10602=SURFACE_SIDE_STYLE('',(#10601));
#10603=SURFACE_STYLE_USAGE(.POSITIVE.,#10602);
#10604=PRESENTATION_STYLE_ASSIGNMENT((#10603));
#10605=OVER_RIDING_STYLED_ITEM('',(#10604),#10598,#10430);
#10606=CARTESIAN_POINT('',(1.45E0,0.E0,1.45E0));
#10607=DIRECTION('',(0.E0,0.E0,-1.E0));
#10608=DIRECTION('',(-1.E0,0.E0,0.E0));
#10609=AXIS2_PLACEMENT_3D('',#10606,#10607,#10608);
#10610=PLANE('',#10609);
#10611=ORIENTED_EDGE('',*,*,#10588,.F.);
#10613=ORIENTED_EDGE('',*,*,#10612,.T.);
#10615=ORIENTED_EDGE('',*,*,#10614,.F.);
#10617=ORIENTED_EDGE('',*,*,#10616,.F.);
#10618=EDGE_LOOP('',(#10611,#10613,#10615,#10617));
#10619=FACE_OUTER_BOUND('',#10618,.F.);
#10621=FILL_AREA_STYLE_COLOUR('',#27);
#10622=FILL_AREA_STYLE('',(#10621));
#10623=SURFACE_STYLE_FILL_AREA(#10622);
#10624=SURFACE_SIDE_STYLE('',(#10623));
#10625=SURFACE_STYLE_USAGE(.POSITIVE.,#10624);
#10626=PRESENTATION_STYLE_ASSIGNMENT((#10625));
#10627=OVER_RIDING_STYLED_ITEM('',(#10626),#10620,#10430);
#10628=CARTESIAN_POINT('',(-8.75E-1,0.E0,1.5E0));
#10629=DIRECTION('',(1.E0,0.E0,0.E0));
#10630=DIRECTION('',(0.E0,0.E0,-1.E0));
#10631=AXIS2_PLACEMENT_3D('',#10628,#10629,#10630);
#10632=PLANE('',#10631);
#10634=ORIENTED_EDGE('',*,*,#10633,.T.);
#10635=ORIENTED_EDGE('',*,*,#10612,.F.);
#10636=ORIENTED_EDGE('',*,*,#10594,.T.);
#10638=ORIENTED_EDGE('',*,*,#10637,.T.);
#10640=ORIENTED_EDGE('',*,*,#10639,.F.);
#10642=ORIENTED_EDGE('',*,*,#10641,.F.);
#10643=EDGE_LOOP('',(#10634,#10635,#10636,#10638,#10640,#10642));
#10644=FACE_OUTER_BOUND('',#10643,.F.);
#10646=CARTESIAN_POINT('',(0.E0,1.E-1,0.E0));
#10647=DIRECTION('',(0.E0,1.E0,0.E0));
#10648=DIRECTION('',(1.E0,0.E0,0.E0));
#10649=AXIS2_PLACEMENT_3D('',#10646,#10647,#10648);
#10650=PLANE('',#10649);
#10651=ORIENTED_EDGE('',*,*,#10633,.F.);
#10653=ORIENTED_EDGE('',*,*,#10652,.F.);
#10655=ORIENTED_EDGE('',*,*,#10654,.F.);
#10656=ORIENTED_EDGE('',*,*,#10614,.T.);
#10657=EDGE_LOOP('',(#10651,#10653,#10655,#10656));
#10658=FACE_OUTER_BOUND('',#10657,.F.);
#10660=FILL_AREA_STYLE_COLOUR('',#27);
#10661=FILL_AREA_STYLE('',(#10660));
#10662=SURFACE_STYLE_FILL_AREA(#10661);
#10663=SURFACE_SIDE_STYLE('',(#10662));
#10664=SURFACE_STYLE_USAGE(.POSITIVE.,#10663);
#10665=PRESENTATION_STYLE_ASSIGNMENT((#10664));
#10666=OVER_RIDING_STYLED_ITEM('',(#10665),#10659,#10430);
#10667=CARTESIAN_POINT('',(-6.25E-1,0.E0,1.5E0));
#10668=DIRECTION('',(0.E0,0.E0,-1.E0));
#10669=DIRECTION('',(-1.E0,0.E0,0.E0));
#10670=AXIS2_PLACEMENT_3D('',#10667,#10668,#10669);
#10671=PLANE('',#10670);
#10672=ORIENTED_EDGE('',*,*,#10652,.T.);
#10673=ORIENTED_EDGE('',*,*,#10641,.T.);
#10675=ORIENTED_EDGE('',*,*,#10674,.F.);
#10677=ORIENTED_EDGE('',*,*,#10676,.F.);
#10678=EDGE_LOOP('',(#10672,#10673,#10675,#10677));
#10679=FACE_OUTER_BOUND('',#10678,.F.);
#10681=CARTESIAN_POINT('',(0.E0,2.E-1,0.E0));
#10682=DIRECTION('',(0.E0,-1.E0,0.E0));
#10683=DIRECTION('',(1.E0,0.E0,0.E0));
#10684=AXIS2_PLACEMENT_3D('',#10681,#10682,#10683);
#10685=PLANE('',#10684);
#10686=ORIENTED_EDGE('',*,*,#10639,.T.);
#10688=ORIENTED_EDGE('',*,*,#10687,.T.);
#10690=ORIENTED_EDGE('',*,*,#10689,.T.);
#10691=ORIENTED_EDGE('',*,*,#10674,.T.);
#10692=EDGE_LOOP('',(#10686,#10688,#10690,#10691));
#10693=FACE_OUTER_BOUND('',#10692,.F.);
#10695=CARTESIAN_POINT('',(-7.5E-1,0.E0,1.225E0));
#10696=DIRECTION('',(0.E0,-1.E0,0.E0));
#10697=DIRECTION('',(1.E0,0.E0,0.E0));
#10698=AXIS2_PLACEMENT_3D('',#10695,#10696,#10697);
#10699=CYLINDRICAL_SURFACE('',#10698,1.25E-1);
#10700=ORIENTED_EDGE('',*,*,#10592,.T.);
#10702=ORIENTED_EDGE('',*,*,#10701,.T.);
#10703=ORIENTED_EDGE('',*,*,#10687,.F.);
#10704=ORIENTED_EDGE('',*,*,#10637,.F.);
#10705=EDGE_LOOP('',(#10700,#10702,#10703,#10704));
#10706=FACE_OUTER_BOUND('',#10705,.F.);
#10708=CARTESIAN_POINT('',(-6.25E-1,0.E0,1.225E0));
#10709=DIRECTION('',(-1.E0,0.E0,0.E0));
#10710=DIRECTION('',(0.E0,0.E0,1.E0));
#10711=AXIS2_PLACEMENT_3D('',#10708,#10709,#10710);
#10712=PLANE('',#10711);
#10713=ORIENTED_EDGE('',*,*,#10654,.T.);
#10714=ORIENTED_EDGE('',*,*,#10676,.T.);
#10715=ORIENTED_EDGE('',*,*,#10689,.F.);
#10716=ORIENTED_EDGE('',*,*,#10701,.F.);
#10717=ORIENTED_EDGE('',*,*,#10590,.T.);
#10718=ORIENTED_EDGE('',*,*,#10616,.T.);
#10719=EDGE_LOOP('',(#10713,#10714,#10715,#10716,#10717,#10718));
#10720=FACE_OUTER_BOUND('',#10719,.F.);
#10722=CLOSED_SHELL('',(#10598,#10620,#10645,#10659,#10680,#10694,#10707,
#10721));
#10723=MANIFOLD_SOLID_BREP('',#10722);
#10724=FILL_AREA_STYLE_COLOUR('',#6404);
#10725=FILL_AREA_STYLE('',(#10724));
#10726=SURFACE_STYLE_FILL_AREA(#10725);
#10727=SURFACE_SIDE_STYLE('',(#10726));
#10728=SURFACE_STYLE_USAGE(.POSITIVE.,#10727);
#10729=PRESENTATION_STYLE_ASSIGNMENT((#10728));
#10430=STYLED_ITEM('',(#10729),#10723);
#10731=DIRECTION('',(1.E0,0.E0,0.E0));
#10732=VECTOR('',#10731,2.5E-1);
#10733=CARTESIAN_POINT('',(-3.75E-1,0.E0,1.45E0));
#10734=LINE('',#10733,#10732);
#10735=CURVE_STYLE('',#34,POSITIVE_LENGTH_MEASURE(2.E-2),#6404);
#10736=PRESENTATION_STYLE_ASSIGNMENT((#10735));
#10737=STYLED_ITEM('',(#10736),#10734);
#10738=DIRECTION('',(0.E0,0.E0,1.E0));
#10739=VECTOR('',#10738,2.25E-1);
#10740=CARTESIAN_POINT('',(-1.25E-1,0.E0,1.225E0));
#10741=LINE('',#10740,#10739);
#10742=CURVE_STYLE('',#34,POSITIVE_LENGTH_MEASURE(2.E-2),#6404);
#10743=PRESENTATION_STYLE_ASSIGNMENT((#10742));
#10744=STYLED_ITEM('',(#10743),#10741);
#10745=CARTESIAN_POINT('',(-2.5E-1,0.E0,1.225E0));
#10746=DIRECTION('',(0.E0,-1.E0,0.E0));
#10747=DIRECTION('',(-1.E0,0.E0,0.E0));
#10748=AXIS2_PLACEMENT_3D('',#10745,#10746,#10747);
#10750=CURVE_STYLE('',#34,POSITIVE_LENGTH_MEASURE(2.E-2),#6404);
#10751=PRESENTATION_STYLE_ASSIGNMENT((#10750));
#10752=STYLED_ITEM('',(#10751),#10749);
#10753=DIRECTION('',(0.E0,0.E0,-1.E0));
#10754=VECTOR('',#10753,2.25E-1);
#10755=CARTESIAN_POINT('',(-3.75E-1,0.E0,1.45E0));
#10756=LINE('',#10755,#10754);
#10757=CURVE_STYLE('',#34,POSITIVE_LENGTH_MEASURE(2.E-2),#6404);
#10758=PRESENTATION_STYLE_ASSIGNMENT((#10757));
#10759=STYLED_ITEM('',(#10758),#10756);
#10760=DIRECTION('',(0.E0,0.E0,-1.E0));
#10761=VECTOR('',#10760,5.E-2);
#10762=CARTESIAN_POINT('',(-3.75E-1,1.E-1,1.5E0));
#10763=LINE('',#10762,#10761);
#10764=CURVE_STYLE('',#34,POSITIVE_LENGTH_MEASURE(2.E-2),#6404);
#10765=PRESENTATION_STYLE_ASSIGNMENT((#10764));
#10766=STYLED_ITEM('',(#10765),#10763);
#10767=DIRECTION('',(0.E0,1.E0,0.E0));
#10768=VECTOR('',#10767,1.E-1);
#10769=CARTESIAN_POINT('',(-3.75E-1,0.E0,1.45E0));
#10770=LINE('',#10769,#10768);
#10771=CURVE_STYLE('',#34,POSITIVE_LENGTH_MEASURE(2.E-2),#6404);
#10772=PRESENTATION_STYLE_ASSIGNMENT((#10771));
#10773=STYLED_ITEM('',(#10772),#10770);
#10774=DIRECTION('',(0.E0,1.E0,0.E0));
#10775=VECTOR('',#10774,1.E-1);
#10776=CARTESIAN_POINT('',(-3.75E-1,1.E-1,1.5E0));
#10777=LINE('',#10776,#10775);
#10778=CURVE_STYLE('',#34,POSITIVE_LENGTH_MEASURE(2.E-2),#6404);
#10779=PRESENTATION_STYLE_ASSIGNMENT((#10778));
#10780=STYLED_ITEM('',(#10779),#10777);
#10781=DIRECTION('',(-1.E0,0.E0,0.E0));
#10782=VECTOR('',#10781,2.5E-1);
#10783=CARTESIAN_POINT('',(-1.25E-1,1.E-1,1.45E0));
#10784=LINE('',#10783,#10782);
#10785=CURVE_STYLE('',#34,POSITIVE_LENGTH_MEASURE(2.E-2),#6404);
#10786=PRESENTATION_STYLE_ASSIGNMENT((#10785));
#10787=STYLED_ITEM('',(#10786),#10784);
#10788=DIRECTION('',(-1.E0,0.E0,0.E0));
#10789=VECTOR('',#10788,2.5E-1);
#10790=CARTESIAN_POINT('',(-1.25E-1,1.E-1,1.5E0));
#10791=LINE('',#10790,#10789);
#10792=CURVE_STYLE('',#34,POSITIVE_LENGTH_MEASURE(2.E-2),#6404);
#10793=PRESENTATION_STYLE_ASSIGNMENT((#10792));
#10794=STYLED_ITEM('',(#10793),#10791);
#10795=DIRECTION('',(0.E0,1.E0,0.E0));
#10796=VECTOR('',#10795,1.E-1);
#10797=CARTESIAN_POINT('',(-1.25E-1,1.E-1,1.5E0));
#10798=LINE('',#10797,#10796);
#10799=CURVE_STYLE('',#34,POSITIVE_LENGTH_MEASURE(2.E-2),#6404);
#10800=PRESENTATION_STYLE_ASSIGNMENT((#10799));
#10801=STYLED_ITEM('',(#10800),#10798);
#10802=DIRECTION('',(0.E0,0.E0,-1.E0));
#10803=VECTOR('',#10802,2.75E-1);
#10804=CARTESIAN_POINT('',(-3.75E-1,2.E-1,1.5E0));
#10805=LINE('',#10804,#10803);
#10806=CURVE_STYLE('',#34,POSITIVE_LENGTH_MEASURE(2.E-2),#6404);
#10807=PRESENTATION_STYLE_ASSIGNMENT((#10806));
#10808=STYLED_ITEM('',(#10807),#10805);
#10809=CARTESIAN_POINT('',(-2.5E-1,2.E-1,1.225E0));
#10810=DIRECTION('',(0.E0,-1.E0,0.E0));
#10811=DIRECTION('',(-1.E0,0.E0,0.E0));
#10812=AXIS2_PLACEMENT_3D('',#10809,#10810,#10811);
#10814=CURVE_STYLE('',#34,POSITIVE_LENGTH_MEASURE(2.E-2),#6404);
#10815=PRESENTATION_STYLE_ASSIGNMENT((#10814));
#10816=STYLED_ITEM('',(#10815),#10813);
#10817=DIRECTION('',(0.E0,0.E0,1.E0));
#10818=VECTOR('',#10817,2.75E-1);
#10819=CARTESIAN_POINT('',(-1.25E-1,2.E-1,1.225E0));
#10820=LINE('',#10819,#10818);
#10821=CURVE_STYLE('',#34,POSITIVE_LENGTH_MEASURE(2.E-2),#6404);
#10822=PRESENTATION_STYLE_ASSIGNMENT((#10821));
#10823=STYLED_ITEM('',(#10822),#10820);
#10824=DIRECTION('',(-1.E0,0.E0,0.E0));
#10825=VECTOR('',#10824,2.5E-1);
#10826=CARTESIAN_POINT('',(-1.25E-1,2.E-1,1.5E0));
#10827=LINE('',#10826,#10825);
#10828=CURVE_STYLE('',#34,POSITIVE_LENGTH_MEASURE(2.E-2),#6404);
#10829=PRESENTATION_STYLE_ASSIGNMENT((#10828));
#10830=STYLED_ITEM('',(#10829),#10827);
#10831=DIRECTION('',(0.E0,1.E0,0.E0));
#10832=VECTOR('',#10831,2.E-1);
#10833=CARTESIAN_POINT('',(-3.75E-1,0.E0,1.225E0));
#10834=LINE('',#10833,#10832);
#10835=CURVE_STYLE('',#34,POSITIVE_LENGTH_MEASURE(2.E-2),#6404);
#10836=PRESENTATION_STYLE_ASSIGNMENT((#10835));
#10837=STYLED_ITEM('',(#10836),#10834);
#10838=DIRECTION('',(0.E0,0.E0,1.E0));
#10839=VECTOR('',#10838,5.E-2);
#10840=CARTESIAN_POINT('',(-1.25E-1,1.E-1,1.45E0));
#10841=LINE('',#10840,#10839);
#10842=CURVE_STYLE('',#34,POSITIVE_LENGTH_MEASURE(2.E-2),#6404);
#10843=PRESENTATION_STYLE_ASSIGNMENT((#10842));
#10844=STYLED_ITEM('',(#10843),#10841);
#10845=DIRECTION('',(0.E0,1.E0,0.E0));
#10846=VECTOR('',#10845,2.E-1);
#10847=CARTESIAN_POINT('',(-1.25E-1,0.E0,1.225E0));
#10848=LINE('',#10847,#10846);
#10849=CURVE_STYLE('',#34,POSITIVE_LENGTH_MEASURE(2.E-2),#6404);
#10850=PRESENTATION_STYLE_ASSIGNMENT((#10849));
#10851=STYLED_ITEM('',(#10850),#10848);
#10852=DIRECTION('',(0.E0,1.E0,0.E0));
#10853=VECTOR('',#10852,1.E-1);
#10854=CARTESIAN_POINT('',(-1.25E-1,0.E0,1.45E0));
#10855=LINE('',#10854,#10853);
#10856=CURVE_STYLE('',#34,POSITIVE_LENGTH_MEASURE(2.E-2),#6404);
#10857=PRESENTATION_STYLE_ASSIGNMENT((#10856));
#10858=STYLED_ITEM('',(#10857),#10855);
#10859=CARTESIAN_POINT('',(-3.75E-1,0.E0,1.225E0));
#10860=CARTESIAN_POINT('',(-1.25E-1,0.E0,1.225E0));
#10861=VERTEX_POINT('',#10859);
#10862=VERTEX_POINT('',#10860);
#10863=CARTESIAN_POINT('',(-3.75E-1,2.E-1,1.5E0));
#10864=CARTESIAN_POINT('',(-3.75E-1,2.E-1,1.225E0));
#10865=VERTEX_POINT('',#10863);
#10866=VERTEX_POINT('',#10864);
#10867=CARTESIAN_POINT('',(-1.25E-1,2.E-1,1.225E0));
#10868=VERTEX_POINT('',#10867);
#10869=CARTESIAN_POINT('',(-1.25E-1,2.E-1,1.5E0));
#10870=VERTEX_POINT('',#10869);
#10871=CARTESIAN_POINT('',(-3.75E-1,0.E0,1.45E0));
#10872=CARTESIAN_POINT('',(-1.25E-1,0.E0,1.45E0));
#10873=VERTEX_POINT('',#10871);
#10874=VERTEX_POINT('',#10872);
#10875=CARTESIAN_POINT('',(-3.75E-1,1.E-1,1.5E0));
#10876=CARTESIAN_POINT('',(-3.75E-1,1.E-1,1.45E0));
#10877=VERTEX_POINT('',#10875);
#10878=VERTEX_POINT('',#10876);
#10879=CARTESIAN_POINT('',(-1.25E-1,1.E-1,1.45E0));
#10880=CARTESIAN_POINT('',(-1.25E-1,1.E-1,1.5E0));
#10881=VERTEX_POINT('',#10879);
#10882=VERTEX_POINT('',#10880);
#10883=CARTESIAN_POINT('',(0.E0,0.E0,0.E0));
#10884=DIRECTION('',(0.E0,-1.E0,0.E0));
#10885=DIRECTION('',(1.E0,0.E0,0.E0));
#10886=AXIS2_PLACEMENT_3D('',#10883,#10884,#10885);
#10887=PLANE('',#10886);
#10889=ORIENTED_EDGE('',*,*,#10888,.T.);
#10891=ORIENTED_EDGE('',*,*,#10890,.F.);
#10893=ORIENTED_EDGE('',*,*,#10892,.F.);
#10895=ORIENTED_EDGE('',*,*,#10894,.F.);
#10896=EDGE_LOOP('',(#10889,#10891,#10893,#10895));
#10897=FACE_OUTER_BOUND('',#10896,.F.);
#10899=FILL_AREA_STYLE_COLOUR('',#27);
#10900=FILL_AREA_STYLE('',(#10899));
#10901=SURFACE_STYLE_FILL_AREA(#10900);
#10902=SURFACE_SIDE_STYLE('',(#10901));
#10903=SURFACE_STYLE_USAGE(.POSITIVE.,#10902);
#10904=PRESENTATION_STYLE_ASSIGNMENT((#10903));
#10905=OVER_RIDING_STYLED_ITEM('',(#10904),#10898,#10730);
#10906=CARTESIAN_POINT('',(1.45E0,0.E0,1.45E0));
#10907=DIRECTION('',(0.E0,0.E0,-1.E0));
#10908=DIRECTION('',(-1.E0,0.E0,0.E0));
#10909=AXIS2_PLACEMENT_3D('',#10906,#10907,#10908);
#10910=PLANE('',#10909);
#10911=ORIENTED_EDGE('',*,*,#10888,.F.);
#10913=ORIENTED_EDGE('',*,*,#10912,.T.);
#10915=ORIENTED_EDGE('',*,*,#10914,.F.);
#10917=ORIENTED_EDGE('',*,*,#10916,.F.);
#10918=EDGE_LOOP('',(#10911,#10913,#10915,#10917));
#10919=FACE_OUTER_BOUND('',#10918,.F.);
#10921=FILL_AREA_STYLE_COLOUR('',#27);
#10922=FILL_AREA_STYLE('',(#10921));
#10923=SURFACE_STYLE_FILL_AREA(#10922);
#10924=SURFACE_SIDE_STYLE('',(#10923));
#10925=SURFACE_STYLE_USAGE(.POSITIVE.,#10924);
#10926=PRESENTATION_STYLE_ASSIGNMENT((#10925));
#10927=OVER_RIDING_STYLED_ITEM('',(#10926),#10920,#10730);
#10928=CARTESIAN_POINT('',(-3.75E-1,0.E0,1.5E0));
#10929=DIRECTION('',(1.E0,0.E0,0.E0));
#10930=DIRECTION('',(0.E0,0.E0,-1.E0));
#10931=AXIS2_PLACEMENT_3D('',#10928,#10929,#10930);
#10932=PLANE('',#10931);
#10934=ORIENTED_EDGE('',*,*,#10933,.T.);
#10935=ORIENTED_EDGE('',*,*,#10912,.F.);
#10936=ORIENTED_EDGE('',*,*,#10894,.T.);
#10938=ORIENTED_EDGE('',*,*,#10937,.T.);
#10940=ORIENTED_EDGE('',*,*,#10939,.F.);
#10942=ORIENTED_EDGE('',*,*,#10941,.F.);
#10943=EDGE_LOOP('',(#10934,#10935,#10936,#10938,#10940,#10942));
#10944=FACE_OUTER_BOUND('',#10943,.F.);
#10946=CARTESIAN_POINT('',(0.E0,1.E-1,0.E0));
#10947=DIRECTION('',(0.E0,1.E0,0.E0));
#10948=DIRECTION('',(1.E0,0.E0,0.E0));
#10949=AXIS2_PLACEMENT_3D('',#10946,#10947,#10948);
#10950=PLANE('',#10949);
#10951=ORIENTED_EDGE('',*,*,#10933,.F.);
#10953=ORIENTED_EDGE('',*,*,#10952,.F.);
#10955=ORIENTED_EDGE('',*,*,#10954,.F.);
#10956=ORIENTED_EDGE('',*,*,#10914,.T.);
#10957=EDGE_LOOP('',(#10951,#10953,#10955,#10956));
#10958=FACE_OUTER_BOUND('',#10957,.F.);
#10960=FILL_AREA_STYLE_COLOUR('',#27);
#10961=FILL_AREA_STYLE('',(#10960));
#10962=SURFACE_STYLE_FILL_AREA(#10961);
#10963=SURFACE_SIDE_STYLE('',(#10962));
#10964=SURFACE_STYLE_USAGE(.POSITIVE.,#10963);
#10965=PRESENTATION_STYLE_ASSIGNMENT((#10964));
#10966=OVER_RIDING_STYLED_ITEM('',(#10965),#10959,#10730);
#10967=CARTESIAN_POINT('',(-1.25E-1,0.E0,1.5E0));
#10968=DIRECTION('',(0.E0,0.E0,-1.E0));
#10969=DIRECTION('',(-1.E0,0.E0,0.E0));
#10970=AXIS2_PLACEMENT_3D('',#10967,#10968,#10969);
#10971=PLANE('',#10970);
#10972=ORIENTED_EDGE('',*,*,#10952,.T.);
#10973=ORIENTED_EDGE('',*,*,#10941,.T.);
#10975=ORIENTED_EDGE('',*,*,#10974,.F.);
#10977=ORIENTED_EDGE('',*,*,#10976,.F.);
#10978=EDGE_LOOP('',(#10972,#10973,#10975,#10977));
#10979=FACE_OUTER_BOUND('',#10978,.F.);
#10981=CARTESIAN_POINT('',(0.E0,2.E-1,0.E0));
#10982=DIRECTION('',(0.E0,-1.E0,0.E0));
#10983=DIRECTION('',(1.E0,0.E0,0.E0));
#10984=AXIS2_PLACEMENT_3D('',#10981,#10982,#10983);
#10985=PLANE('',#10984);
#10986=ORIENTED_EDGE('',*,*,#10939,.T.);
#10988=ORIENTED_EDGE('',*,*,#10987,.T.);
#10990=ORIENTED_EDGE('',*,*,#10989,.T.);
#10991=ORIENTED_EDGE('',*,*,#10974,.T.);
#10992=EDGE_LOOP('',(#10986,#10988,#10990,#10991));
#10993=FACE_OUTER_BOUND('',#10992,.F.);
#10995=CARTESIAN_POINT('',(-2.5E-1,0.E0,1.225E0));
#10996=DIRECTION('',(0.E0,-1.E0,0.E0));
#10997=DIRECTION('',(1.E0,0.E0,0.E0));
#10998=AXIS2_PLACEMENT_3D('',#10995,#10996,#10997);
#10999=CYLINDRICAL_SURFACE('',#10998,1.25E-1);
#11000=ORIENTED_EDGE('',*,*,#10892,.T.);
#11002=ORIENTED_EDGE('',*,*,#11001,.T.);
#11003=ORIENTED_EDGE('',*,*,#10987,.F.);
#11004=ORIENTED_EDGE('',*,*,#10937,.F.);
#11005=EDGE_LOOP('',(#11000,#11002,#11003,#11004));
#11006=FACE_OUTER_BOUND('',#11005,.F.);
#11008=CARTESIAN_POINT('',(-1.25E-1,0.E0,1.225E0));
#11009=DIRECTION('',(-1.E0,0.E0,0.E0));
#11010=DIRECTION('',(0.E0,0.E0,1.E0));
#11011=AXIS2_PLACEMENT_3D('',#11008,#11009,#11010);
#11012=PLANE('',#11011);
#11013=ORIENTED_EDGE('',*,*,#10954,.T.);
#11014=ORIENTED_EDGE('',*,*,#10976,.T.);
#11015=ORIENTED_EDGE('',*,*,#10989,.F.);
#11016=ORIENTED_EDGE('',*,*,#11001,.F.);
#11017=ORIENTED_EDGE('',*,*,#10890,.T.);
#11018=ORIENTED_EDGE('',*,*,#10916,.T.);
#11019=EDGE_LOOP('',(#11013,#11014,#11015,#11016,#11017,#11018));
#11020=FACE_OUTER_BOUND('',#11019,.F.);
#11022=CLOSED_SHELL('',(#10898,#10920,#10945,#10959,#10980,#10994,#11007,
#11021));
#11023=MANIFOLD_SOLID_BREP('',#11022);
#11024=FILL_AREA_STYLE_COLOUR('',#6404);
#11025=FILL_AREA_STYLE('',(#11024));
#11026=SURFACE_STYLE_FILL_AREA(#11025);
#11027=SURFACE_SIDE_STYLE('',(#11026));
#11028=SURFACE_STYLE_USAGE(.POSITIVE.,#11027);
#11029=PRESENTATION_STYLE_ASSIGNMENT((#11028));
#10730=STYLED_ITEM('',(#11029),#11023);
#11031=DIRECTION('',(1.E0,0.E0,0.E0));
#11032=VECTOR('',#11031,2.5E-1);
#11033=CARTESIAN_POINT('',(1.25E-1,0.E0,1.45E0));
#11034=LINE('',#11033,#11032);
#11035=CURVE_STYLE('',#34,POSITIVE_LENGTH_MEASURE(2.E-2),#6404);
#11036=PRESENTATION_STYLE_ASSIGNMENT((#11035));
#11037=STYLED_ITEM('',(#11036),#11034);
#11038=DIRECTION('',(0.E0,0.E0,1.E0));
#11039=VECTOR('',#11038,2.25E-1);
#11040=CARTESIAN_POINT('',(3.75E-1,0.E0,1.225E0));
#11041=LINE('',#11040,#11039);
#11042=CURVE_STYLE('',#34,POSITIVE_LENGTH_MEASURE(2.E-2),#6404);
#11043=PRESENTATION_STYLE_ASSIGNMENT((#11042));
#11044=STYLED_ITEM('',(#11043),#11041);
#11045=CARTESIAN_POINT('',(2.5E-1,0.E0,1.225E0));
#11046=DIRECTION('',(0.E0,-1.E0,0.E0));
#11047=DIRECTION('',(-1.E0,0.E0,0.E0));
#11048=AXIS2_PLACEMENT_3D('',#11045,#11046,#11047);
#11050=CURVE_STYLE('',#34,POSITIVE_LENGTH_MEASURE(2.E-2),#6404);
#11051=PRESENTATION_STYLE_ASSIGNMENT((#11050));
#11052=STYLED_ITEM('',(#11051),#11049);
#11053=DIRECTION('',(0.E0,0.E0,-1.E0));
#11054=VECTOR('',#11053,2.25E-1);
#11055=CARTESIAN_POINT('',(1.25E-1,0.E0,1.45E0));
#11056=LINE('',#11055,#11054);
#11057=CURVE_STYLE('',#34,POSITIVE_LENGTH_MEASURE(2.E-2),#6404);
#11058=PRESENTATION_STYLE_ASSIGNMENT((#11057));
#11059=STYLED_ITEM('',(#11058),#11056);
#11060=DIRECTION('',(0.E0,0.E0,-1.E0));
#11061=VECTOR('',#11060,5.E-2);
#11062=CARTESIAN_POINT('',(1.25E-1,1.E-1,1.5E0));
#11063=LINE('',#11062,#11061);
#11064=CURVE_STYLE('',#34,POSITIVE_LENGTH_MEASURE(2.E-2),#6404);
#11065=PRESENTATION_STYLE_ASSIGNMENT((#11064));
#11066=STYLED_ITEM('',(#11065),#11063);
#11067=DIRECTION('',(0.E0,1.E0,0.E0));
#11068=VECTOR('',#11067,1.E-1);
#11069=CARTESIAN_POINT('',(1.25E-1,0.E0,1.45E0));
#11070=LINE('',#11069,#11068);
#11071=CURVE_STYLE('',#34,POSITIVE_LENGTH_MEASURE(2.E-2),#6404);
#11072=PRESENTATION_STYLE_ASSIGNMENT((#11071));
#11073=STYLED_ITEM('',(#11072),#11070);
#11074=DIRECTION('',(0.E0,1.E0,0.E0));
#11075=VECTOR('',#11074,1.E-1);
#11076=CARTESIAN_POINT('',(1.25E-1,1.E-1,1.5E0));
#11077=LINE('',#11076,#11075);
#11078=CURVE_STYLE('',#34,POSITIVE_LENGTH_MEASURE(2.E-2),#6404);
#11079=PRESENTATION_STYLE_ASSIGNMENT((#11078));
#11080=STYLED_ITEM('',(#11079),#11077);
#11081=DIRECTION('',(-1.E0,0.E0,0.E0));
#11082=VECTOR('',#11081,2.5E-1);
#11083=CARTESIAN_POINT('',(3.75E-1,1.E-1,1.45E0));
#11084=LINE('',#11083,#11082);
#11085=CURVE_STYLE('',#34,POSITIVE_LENGTH_MEASURE(2.E-2),#6404);
#11086=PRESENTATION_STYLE_ASSIGNMENT((#11085));
#11087=STYLED_ITEM('',(#11086),#11084);
#11088=DIRECTION('',(-1.E0,0.E0,0.E0));
#11089=VECTOR('',#11088,2.5E-1);
#11090=CARTESIAN_POINT('',(3.75E-1,1.E-1,1.5E0));
#11091=LINE('',#11090,#11089);
#11092=CURVE_STYLE('',#34,POSITIVE_LENGTH_MEASURE(2.E-2),#6404);
#11093=PRESENTATION_STYLE_ASSIGNMENT((#11092));
#11094=STYLED_ITEM('',(#11093),#11091);
#11095=DIRECTION('',(0.E0,1.E0,0.E0));
#11096=VECTOR('',#11095,1.E-1);
#11097=CARTESIAN_POINT('',(3.75E-1,1.E-1,1.5E0));
#11098=LINE('',#11097,#11096);
#11099=CURVE_STYLE('',#34,POSITIVE_LENGTH_MEASURE(2.E-2),#6404);
#11100=PRESENTATION_STYLE_ASSIGNMENT((#11099));
#11101=STYLED_ITEM('',(#11100),#11098);
#11102=DIRECTION('',(0.E0,0.E0,-1.E0));
#11103=VECTOR('',#11102,2.75E-1);
#11104=CARTESIAN_POINT('',(1.25E-1,2.E-1,1.5E0));
#11105=LINE('',#11104,#11103);
#11106=CURVE_STYLE('',#34,POSITIVE_LENGTH_MEASURE(2.E-2),#6404);
#11107=PRESENTATION_STYLE_ASSIGNMENT((#11106));
#11108=STYLED_ITEM('',(#11107),#11105);
#11109=CARTESIAN_POINT('',(2.5E-1,2.E-1,1.225E0));
#11110=DIRECTION('',(0.E0,-1.E0,0.E0));
#11111=DIRECTION('',(-1.E0,0.E0,0.E0));
#11112=AXIS2_PLACEMENT_3D('',#11109,#11110,#11111);
#11114=CURVE_STYLE('',#34,POSITIVE_LENGTH_MEASURE(2.E-2),#6404);
#11115=PRESENTATION_STYLE_ASSIGNMENT((#11114));
#11116=STYLED_ITEM('',(#11115),#11113);
#11117=DIRECTION('',(0.E0,0.E0,1.E0));
#11118=VECTOR('',#11117,2.75E-1);
#11119=CARTESIAN_POINT('',(3.75E-1,2.E-1,1.225E0));
#11120=LINE('',#11119,#11118);
#11121=CURVE_STYLE('',#34,POSITIVE_LENGTH_MEASURE(2.E-2),#6404);
#11122=PRESENTATION_STYLE_ASSIGNMENT((#11121));
#11123=STYLED_ITEM('',(#11122),#11120);
#11124=DIRECTION('',(-1.E0,0.E0,0.E0));
#11125=VECTOR('',#11124,2.5E-1);
#11126=CARTESIAN_POINT('',(3.75E-1,2.E-1,1.5E0));
#11127=LINE('',#11126,#11125);
#11128=CURVE_STYLE('',#34,POSITIVE_LENGTH_MEASURE(2.E-2),#6404);
#11129=PRESENTATION_STYLE_ASSIGNMENT((#11128));
#11130=STYLED_ITEM('',(#11129),#11127);
#11131=DIRECTION('',(0.E0,1.E0,0.E0));
#11132=VECTOR('',#11131,2.E-1);
#11133=CARTESIAN_POINT('',(1.25E-1,0.E0,1.225E0));
#11134=LINE('',#11133,#11132);
#11135=CURVE_STYLE('',#34,POSITIVE_LENGTH_MEASURE(2.E-2),#6404);
#11136=PRESENTATION_STYLE_ASSIGNMENT((#11135));
#11137=STYLED_ITEM('',(#11136),#11134);
#11138=DIRECTION('',(0.E0,0.E0,1.E0));
#11139=VECTOR('',#11138,5.E-2);
#11140=CARTESIAN_POINT('',(3.75E-1,1.E-1,1.45E0));
#11141=LINE('',#11140,#11139);
#11142=CURVE_STYLE('',#34,POSITIVE_LENGTH_MEASURE(2.E-2),#6404);
#11143=PRESENTATION_STYLE_ASSIGNMENT((#11142));
#11144=STYLED_ITEM('',(#11143),#11141);
#11145=DIRECTION('',(0.E0,1.E0,0.E0));
#11146=VECTOR('',#11145,2.E-1);
#11147=CARTESIAN_POINT('',(3.75E-1,0.E0,1.225E0));
#11148=LINE('',#11147,#11146);
#11149=CURVE_STYLE('',#34,POSITIVE_LENGTH_MEASURE(2.E-2),#6404);
#11150=PRESENTATION_STYLE_ASSIGNMENT((#11149));
#11151=STYLED_ITEM('',(#11150),#11148);
#11152=DIRECTION('',(0.E0,1.E0,0.E0));
#11153=VECTOR('',#11152,1.E-1);
#11154=CARTESIAN_POINT('',(3.75E-1,0.E0,1.45E0));
#11155=LINE('',#11154,#11153);
#11156=CURVE_STYLE('',#34,POSITIVE_LENGTH_MEASURE(2.E-2),#6404);
#11157=PRESENTATION_STYLE_ASSIGNMENT((#11156));
#11158=STYLED_ITEM('',(#11157),#11155);
#11159=CARTESIAN_POINT('',(1.25E-1,0.E0,1.225E0));
#11160=CARTESIAN_POINT('',(3.75E-1,0.E0,1.225E0));
#11161=VERTEX_POINT('',#11159);
#11162=VERTEX_POINT('',#11160);
#11163=CARTESIAN_POINT('',(1.25E-1,2.E-1,1.5E0));
#11164=CARTESIAN_POINT('',(1.25E-1,2.E-1,1.225E0));
#11165=VERTEX_POINT('',#11163);
#11166=VERTEX_POINT('',#11164);
#11167=CARTESIAN_POINT('',(3.75E-1,2.E-1,1.225E0));
#11168=VERTEX_POINT('',#11167);
#11169=CARTESIAN_POINT('',(3.75E-1,2.E-1,1.5E0));
#11170=VERTEX_POINT('',#11169);
#11171=CARTESIAN_POINT('',(1.25E-1,0.E0,1.45E0));
#11172=CARTESIAN_POINT('',(3.75E-1,0.E0,1.45E0));
#11173=VERTEX_POINT('',#11171);
#11174=VERTEX_POINT('',#11172);
#11175=CARTESIAN_POINT('',(1.25E-1,1.E-1,1.5E0));
#11176=CARTESIAN_POINT('',(1.25E-1,1.E-1,1.45E0));
#11177=VERTEX_POINT('',#11175);
#11178=VERTEX_POINT('',#11176);
#11179=CARTESIAN_POINT('',(3.75E-1,1.E-1,1.45E0));
#11180=CARTESIAN_POINT('',(3.75E-1,1.E-1,1.5E0));
#11181=VERTEX_POINT('',#11179);
#11182=VERTEX_POINT('',#11180);
#11183=CARTESIAN_POINT('',(0.E0,0.E0,0.E0));
#11184=DIRECTION('',(0.E0,-1.E0,0.E0));
#11185=DIRECTION('',(1.E0,0.E0,0.E0));
#11186=AXIS2_PLACEMENT_3D('',#11183,#11184,#11185);
#11187=PLANE('',#11186);
#11189=ORIENTED_EDGE('',*,*,#11188,.T.);
#11191=ORIENTED_EDGE('',*,*,#11190,.F.);
#11193=ORIENTED_EDGE('',*,*,#11192,.F.);
#11195=ORIENTED_EDGE('',*,*,#11194,.F.);
#11196=EDGE_LOOP('',(#11189,#11191,#11193,#11195));
#11197=FACE_OUTER_BOUND('',#11196,.F.);
#11199=FILL_AREA_STYLE_COLOUR('',#27);
#11200=FILL_AREA_STYLE('',(#11199));
#11201=SURFACE_STYLE_FILL_AREA(#11200);
#11202=SURFACE_SIDE_STYLE('',(#11201));
#11203=SURFACE_STYLE_USAGE(.POSITIVE.,#11202);
#11204=PRESENTATION_STYLE_ASSIGNMENT((#11203));
#11205=OVER_RIDING_STYLED_ITEM('',(#11204),#11198,#11030);
#11206=CARTESIAN_POINT('',(1.45E0,0.E0,1.45E0));
#11207=DIRECTION('',(0.E0,0.E0,-1.E0));
#11208=DIRECTION('',(-1.E0,0.E0,0.E0));
#11209=AXIS2_PLACEMENT_3D('',#11206,#11207,#11208);
#11210=PLANE('',#11209);
#11211=ORIENTED_EDGE('',*,*,#11188,.F.);
#11213=ORIENTED_EDGE('',*,*,#11212,.T.);
#11215=ORIENTED_EDGE('',*,*,#11214,.F.);
#11217=ORIENTED_EDGE('',*,*,#11216,.F.);
#11218=EDGE_LOOP('',(#11211,#11213,#11215,#11217));
#11219=FACE_OUTER_BOUND('',#11218,.F.);
#11221=FILL_AREA_STYLE_COLOUR('',#27);
#11222=FILL_AREA_STYLE('',(#11221));
#11223=SURFACE_STYLE_FILL_AREA(#11222);
#11224=SURFACE_SIDE_STYLE('',(#11223));
#11225=SURFACE_STYLE_USAGE(.POSITIVE.,#11224);
#11226=PRESENTATION_STYLE_ASSIGNMENT((#11225));
#11227=OVER_RIDING_STYLED_ITEM('',(#11226),#11220,#11030);
#11228=CARTESIAN_POINT('',(1.25E-1,0.E0,1.5E0));
#11229=DIRECTION('',(1.E0,0.E0,0.E0));
#11230=DIRECTION('',(0.E0,0.E0,-1.E0));
#11231=AXIS2_PLACEMENT_3D('',#11228,#11229,#11230);
#11232=PLANE('',#11231);
#11234=ORIENTED_EDGE('',*,*,#11233,.T.);
#11235=ORIENTED_EDGE('',*,*,#11212,.F.);
#11236=ORIENTED_EDGE('',*,*,#11194,.T.);
#11238=ORIENTED_EDGE('',*,*,#11237,.T.);
#11240=ORIENTED_EDGE('',*,*,#11239,.F.);
#11242=ORIENTED_EDGE('',*,*,#11241,.F.);
#11243=EDGE_LOOP('',(#11234,#11235,#11236,#11238,#11240,#11242));
#11244=FACE_OUTER_BOUND('',#11243,.F.);
#11246=CARTESIAN_POINT('',(0.E0,1.E-1,0.E0));
#11247=DIRECTION('',(0.E0,1.E0,0.E0));
#11248=DIRECTION('',(1.E0,0.E0,0.E0));
#11249=AXIS2_PLACEMENT_3D('',#11246,#11247,#11248);
#11250=PLANE('',#11249);
#11251=ORIENTED_EDGE('',*,*,#11233,.F.);
#11253=ORIENTED_EDGE('',*,*,#11252,.F.);
#11255=ORIENTED_EDGE('',*,*,#11254,.F.);
#11256=ORIENTED_EDGE('',*,*,#11214,.T.);
#11257=EDGE_LOOP('',(#11251,#11253,#11255,#11256));
#11258=FACE_OUTER_BOUND('',#11257,.F.);
#11260=FILL_AREA_STYLE_COLOUR('',#27);
#11261=FILL_AREA_STYLE('',(#11260));
#11262=SURFACE_STYLE_FILL_AREA(#11261);
#11263=SURFACE_SIDE_STYLE('',(#11262));
#11264=SURFACE_STYLE_USAGE(.POSITIVE.,#11263);
#11265=PRESENTATION_STYLE_ASSIGNMENT((#11264));
#11266=OVER_RIDING_STYLED_ITEM('',(#11265),#11259,#11030);
#11267=CARTESIAN_POINT('',(3.75E-1,0.E0,1.5E0));
#11268=DIRECTION('',(0.E0,0.E0,-1.E0));
#11269=DIRECTION('',(-1.E0,0.E0,0.E0));
#11270=AXIS2_PLACEMENT_3D('',#11267,#11268,#11269);
#11271=PLANE('',#11270);
#11272=ORIENTED_EDGE('',*,*,#11252,.T.);
#11273=ORIENTED_EDGE('',*,*,#11241,.T.);
#11275=ORIENTED_EDGE('',*,*,#11274,.F.);
#11277=ORIENTED_EDGE('',*,*,#11276,.F.);
#11278=EDGE_LOOP('',(#11272,#11273,#11275,#11277));
#11279=FACE_OUTER_BOUND('',#11278,.F.);
#11281=CARTESIAN_POINT('',(0.E0,2.E-1,0.E0));
#11282=DIRECTION('',(0.E0,-1.E0,0.E0));
#11283=DIRECTION('',(1.E0,0.E0,0.E0));
#11284=AXIS2_PLACEMENT_3D('',#11281,#11282,#11283);
#11285=PLANE('',#11284);
#11286=ORIENTED_EDGE('',*,*,#11239,.T.);
#11288=ORIENTED_EDGE('',*,*,#11287,.T.);
#11290=ORIENTED_EDGE('',*,*,#11289,.T.);
#11291=ORIENTED_EDGE('',*,*,#11274,.T.);
#11292=EDGE_LOOP('',(#11286,#11288,#11290,#11291));
#11293=FACE_OUTER_BOUND('',#11292,.F.);
#11295=CARTESIAN_POINT('',(2.5E-1,0.E0,1.225E0));
#11296=DIRECTION('',(0.E0,-1.E0,0.E0));
#11297=DIRECTION('',(1.E0,0.E0,0.E0));
#11298=AXIS2_PLACEMENT_3D('',#11295,#11296,#11297);
#11299=CYLINDRICAL_SURFACE('',#11298,1.25E-1);
#11300=ORIENTED_EDGE('',*,*,#11192,.T.);
#11302=ORIENTED_EDGE('',*,*,#11301,.T.);
#11303=ORIENTED_EDGE('',*,*,#11287,.F.);
#11304=ORIENTED_EDGE('',*,*,#11237,.F.);
#11305=EDGE_LOOP('',(#11300,#11302,#11303,#11304));
#11306=FACE_OUTER_BOUND('',#11305,.F.);
#11308=CARTESIAN_POINT('',(3.75E-1,0.E0,1.225E0));
#11309=DIRECTION('',(-1.E0,0.E0,0.E0));
#11310=DIRECTION('',(0.E0,0.E0,1.E0));
#11311=AXIS2_PLACEMENT_3D('',#11308,#11309,#11310);
#11312=PLANE('',#11311);
#11313=ORIENTED_EDGE('',*,*,#11254,.T.);
#11314=ORIENTED_EDGE('',*,*,#11276,.T.);
#11315=ORIENTED_EDGE('',*,*,#11289,.F.);
#11316=ORIENTED_EDGE('',*,*,#11301,.F.);
#11317=ORIENTED_EDGE('',*,*,#11190,.T.);
#11318=ORIENTED_EDGE('',*,*,#11216,.T.);
#11319=EDGE_LOOP('',(#11313,#11314,#11315,#11316,#11317,#11318));
#11320=FACE_OUTER_BOUND('',#11319,.F.);
#11322=CLOSED_SHELL('',(#11198,#11220,#11245,#11259,#11280,#11294,#11307,
#11321));
#11323=MANIFOLD_SOLID_BREP('',#11322);
#11324=FILL_AREA_STYLE_COLOUR('',#6404);
#11325=FILL_AREA_STYLE('',(#11324));
#11326=SURFACE_STYLE_FILL_AREA(#11325);
#11327=SURFACE_SIDE_STYLE('',(#11326));
#11328=SURFACE_STYLE_USAGE(.POSITIVE.,#11327);
#11329=PRESENTATION_STYLE_ASSIGNMENT((#11328));
#11030=STYLED_ITEM('',(#11329),#11323);
#11331=DIRECTION('',(1.E0,0.E0,0.E0));
#11332=VECTOR('',#11331,2.5E-1);
#11333=CARTESIAN_POINT('',(6.25E-1,0.E0,1.45E0));
#11334=LINE('',#11333,#11332);
#11335=CURVE_STYLE('',#34,POSITIVE_LENGTH_MEASURE(2.E-2),#6404);
#11336=PRESENTATION_STYLE_ASSIGNMENT((#11335));
#11337=STYLED_ITEM('',(#11336),#11334);
#11338=DIRECTION('',(0.E0,0.E0,1.E0));
#11339=VECTOR('',#11338,2.25E-1);
#11340=CARTESIAN_POINT('',(8.75E-1,0.E0,1.225E0));
#11341=LINE('',#11340,#11339);
#11342=CURVE_STYLE('',#34,POSITIVE_LENGTH_MEASURE(2.E-2),#6404);
#11343=PRESENTATION_STYLE_ASSIGNMENT((#11342));
#11344=STYLED_ITEM('',(#11343),#11341);
#11345=CARTESIAN_POINT('',(7.5E-1,0.E0,1.225E0));
#11346=DIRECTION('',(0.E0,-1.E0,0.E0));
#11347=DIRECTION('',(-1.E0,0.E0,0.E0));
#11348=AXIS2_PLACEMENT_3D('',#11345,#11346,#11347);
#11350=CURVE_STYLE('',#34,POSITIVE_LENGTH_MEASURE(2.E-2),#6404);
#11351=PRESENTATION_STYLE_ASSIGNMENT((#11350));
#11352=STYLED_ITEM('',(#11351),#11349);
#11353=DIRECTION('',(0.E0,0.E0,-1.E0));
#11354=VECTOR('',#11353,2.25E-1);
#11355=CARTESIAN_POINT('',(6.25E-1,0.E0,1.45E0));
#11356=LINE('',#11355,#11354);
#11357=CURVE_STYLE('',#34,POSITIVE_LENGTH_MEASURE(2.E-2),#6404);
#11358=PRESENTATION_STYLE_ASSIGNMENT((#11357));
#11359=STYLED_ITEM('',(#11358),#11356);
#11360=DIRECTION('',(0.E0,0.E0,-1.E0));
#11361=VECTOR('',#11360,5.E-2);
#11362=CARTESIAN_POINT('',(6.25E-1,1.E-1,1.5E0));
#11363=LINE('',#11362,#11361);
#11364=CURVE_STYLE('',#34,POSITIVE_LENGTH_MEASURE(2.E-2),#6404);
#11365=PRESENTATION_STYLE_ASSIGNMENT((#11364));
#11366=STYLED_ITEM('',(#11365),#11363);
#11367=DIRECTION('',(0.E0,1.E0,0.E0));
#11368=VECTOR('',#11367,1.E-1);
#11369=CARTESIAN_POINT('',(6.25E-1,0.E0,1.45E0));
#11370=LINE('',#11369,#11368);
#11371=CURVE_STYLE('',#34,POSITIVE_LENGTH_MEASURE(2.E-2),#6404);
#11372=PRESENTATION_STYLE_ASSIGNMENT((#11371));
#11373=STYLED_ITEM('',(#11372),#11370);
#11374=DIRECTION('',(0.E0,1.E0,0.E0));
#11375=VECTOR('',#11374,1.E-1);
#11376=CARTESIAN_POINT('',(6.25E-1,1.E-1,1.5E0));
#11377=LINE('',#11376,#11375);
#11378=CURVE_STYLE('',#34,POSITIVE_LENGTH_MEASURE(2.E-2),#6404);
#11379=PRESENTATION_STYLE_ASSIGNMENT((#11378));
#11380=STYLED_ITEM('',(#11379),#11377);
#11381=DIRECTION('',(-1.E0,0.E0,0.E0));
#11382=VECTOR('',#11381,2.5E-1);
#11383=CARTESIAN_POINT('',(8.75E-1,1.E-1,1.45E0));
#11384=LINE('',#11383,#11382);
#11385=CURVE_STYLE('',#34,POSITIVE_LENGTH_MEASURE(2.E-2),#6404);
#11386=PRESENTATION_STYLE_ASSIGNMENT((#11385));
#11387=STYLED_ITEM('',(#11386),#11384);
#11388=DIRECTION('',(-1.E0,0.E0,0.E0));
#11389=VECTOR('',#11388,2.5E-1);
#11390=CARTESIAN_POINT('',(8.75E-1,1.E-1,1.5E0));
#11391=LINE('',#11390,#11389);
#11392=CURVE_STYLE('',#34,POSITIVE_LENGTH_MEASURE(2.E-2),#6404);
#11393=PRESENTATION_STYLE_ASSIGNMENT((#11392));
#11394=STYLED_ITEM('',(#11393),#11391);
#11395=DIRECTION('',(0.E0,1.E0,0.E0));
#11396=VECTOR('',#11395,1.E-1);
#11397=CARTESIAN_POINT('',(8.75E-1,1.E-1,1.5E0));
#11398=LINE('',#11397,#11396);
#11399=CURVE_STYLE('',#34,POSITIVE_LENGTH_MEASURE(2.E-2),#6404);
#11400=PRESENTATION_STYLE_ASSIGNMENT((#11399));
#11401=STYLED_ITEM('',(#11400),#11398);
#11402=DIRECTION('',(0.E0,0.E0,-1.E0));
#11403=VECTOR('',#11402,2.75E-1);
#11404=CARTESIAN_POINT('',(6.25E-1,2.E-1,1.5E0));
#11405=LINE('',#11404,#11403);
#11406=CURVE_STYLE('',#34,POSITIVE_LENGTH_MEASURE(2.E-2),#6404);
#11407=PRESENTATION_STYLE_ASSIGNMENT((#11406));
#11408=STYLED_ITEM('',(#11407),#11405);
#11409=CARTESIAN_POINT('',(7.5E-1,2.E-1,1.225E0));
#11410=DIRECTION('',(0.E0,-1.E0,0.E0));
#11411=DIRECTION('',(-1.E0,0.E0,0.E0));
#11412=AXIS2_PLACEMENT_3D('',#11409,#11410,#11411);
#11414=CURVE_STYLE('',#34,POSITIVE_LENGTH_MEASURE(2.E-2),#6404);
#11415=PRESENTATION_STYLE_ASSIGNMENT((#11414));
#11416=STYLED_ITEM('',(#11415),#11413);
#11417=DIRECTION('',(0.E0,0.E0,1.E0));
#11418=VECTOR('',#11417,2.75E-1);
#11419=CARTESIAN_POINT('',(8.75E-1,2.E-1,1.225E0));
#11420=LINE('',#11419,#11418);
#11421=CURVE_STYLE('',#34,POSITIVE_LENGTH_MEASURE(2.E-2),#6404);
#11422=PRESENTATION_STYLE_ASSIGNMENT((#11421));
#11423=STYLED_ITEM('',(#11422),#11420);
#11424=DIRECTION('',(-1.E0,0.E0,0.E0));
#11425=VECTOR('',#11424,2.5E-1);
#11426=CARTESIAN_POINT('',(8.75E-1,2.E-1,1.5E0));
#11427=LINE('',#11426,#11425);
#11428=CURVE_STYLE('',#34,POSITIVE_LENGTH_MEASURE(2.E-2),#6404);
#11429=PRESENTATION_STYLE_ASSIGNMENT((#11428));
#11430=STYLED_ITEM('',(#11429),#11427);
#11431=DIRECTION('',(0.E0,1.E0,0.E0));
#11432=VECTOR('',#11431,2.E-1);
#11433=CARTESIAN_POINT('',(6.25E-1,0.E0,1.225E0));
#11434=LINE('',#11433,#11432);
#11435=CURVE_STYLE('',#34,POSITIVE_LENGTH_MEASURE(2.E-2),#6404);
#11436=PRESENTATION_STYLE_ASSIGNMENT((#11435));
#11437=STYLED_ITEM('',(#11436),#11434);
#11438=DIRECTION('',(0.E0,0.E0,1.E0));
#11439=VECTOR('',#11438,5.E-2);
#11440=CARTESIAN_POINT('',(8.75E-1,1.E-1,1.45E0));
#11441=LINE('',#11440,#11439);
#11442=CURVE_STYLE('',#34,POSITIVE_LENGTH_MEASURE(2.E-2),#6404);
#11443=PRESENTATION_STYLE_ASSIGNMENT((#11442));
#11444=STYLED_ITEM('',(#11443),#11441);
#11445=DIRECTION('',(0.E0,1.E0,0.E0));
#11446=VECTOR('',#11445,2.E-1);
#11447=CARTESIAN_POINT('',(8.75E-1,0.E0,1.225E0));
#11448=LINE('',#11447,#11446);
#11449=CURVE_STYLE('',#34,POSITIVE_LENGTH_MEASURE(2.E-2),#6404);
#11450=PRESENTATION_STYLE_ASSIGNMENT((#11449));
#11451=STYLED_ITEM('',(#11450),#11448);
#11452=DIRECTION('',(0.E0,1.E0,0.E0));
#11453=VECTOR('',#11452,1.E-1);
#11454=CARTESIAN_POINT('',(8.75E-1,0.E0,1.45E0));
#11455=LINE('',#11454,#11453);
#11456=CURVE_STYLE('',#34,POSITIVE_LENGTH_MEASURE(2.E-2),#6404);
#11457=PRESENTATION_STYLE_ASSIGNMENT((#11456));
#11458=STYLED_ITEM('',(#11457),#11455);
#11459=CARTESIAN_POINT('',(6.25E-1,0.E0,1.225E0));
#11460=CARTESIAN_POINT('',(8.75E-1,0.E0,1.225E0));
#11461=VERTEX_POINT('',#11459);
#11462=VERTEX_POINT('',#11460);
#11463=CARTESIAN_POINT('',(6.25E-1,2.E-1,1.5E0));
#11464=CARTESIAN_POINT('',(6.25E-1,2.E-1,1.225E0));
#11465=VERTEX_POINT('',#11463);
#11466=VERTEX_POINT('',#11464);
#11467=CARTESIAN_POINT('',(8.75E-1,2.E-1,1.225E0));
#11468=VERTEX_POINT('',#11467);
#11469=CARTESIAN_POINT('',(8.75E-1,2.E-1,1.5E0));
#11470=VERTEX_POINT('',#11469);
#11471=CARTESIAN_POINT('',(6.25E-1,0.E0,1.45E0));
#11472=CARTESIAN_POINT('',(8.75E-1,0.E0,1.45E0));
#11473=VERTEX_POINT('',#11471);
#11474=VERTEX_POINT('',#11472);
#11475=CARTESIAN_POINT('',(6.25E-1,1.E-1,1.5E0));
#11476=CARTESIAN_POINT('',(6.25E-1,1.E-1,1.45E0));
#11477=VERTEX_POINT('',#11475);
#11478=VERTEX_POINT('',#11476);
#11479=CARTESIAN_POINT('',(8.75E-1,1.E-1,1.45E0));
#11480=CARTESIAN_POINT('',(8.75E-1,1.E-1,1.5E0));
#11481=VERTEX_POINT('',#11479);
#11482=VERTEX_POINT('',#11480);
#11483=CARTESIAN_POINT('',(0.E0,0.E0,0.E0));
#11484=DIRECTION('',(0.E0,-1.E0,0.E0));
#11485=DIRECTION('',(1.E0,0.E0,0.E0));
#11486=AXIS2_PLACEMENT_3D('',#11483,#11484,#11485);
#11487=PLANE('',#11486);
#11489=ORIENTED_EDGE('',*,*,#11488,.T.);
#11491=ORIENTED_EDGE('',*,*,#11490,.F.);
#11493=ORIENTED_EDGE('',*,*,#11492,.F.);
#11495=ORIENTED_EDGE('',*,*,#11494,.F.);
#11496=EDGE_LOOP('',(#11489,#11491,#11493,#11495));
#11497=FACE_OUTER_BOUND('',#11496,.F.);
#11499=FILL_AREA_STYLE_COLOUR('',#27);
#11500=FILL_AREA_STYLE('',(#11499));
#11501=SURFACE_STYLE_FILL_AREA(#11500);
#11502=SURFACE_SIDE_STYLE('',(#11501));
#11503=SURFACE_STYLE_USAGE(.POSITIVE.,#11502);
#11504=PRESENTATION_STYLE_ASSIGNMENT((#11503));
#11505=OVER_RIDING_STYLED_ITEM('',(#11504),#11498,#11330);
#11506=CARTESIAN_POINT('',(1.45E0,0.E0,1.45E0));
#11507=DIRECTION('',(0.E0,0.E0,-1.E0));
#11508=DIRECTION('',(-1.E0,0.E0,0.E0));
#11509=AXIS2_PLACEMENT_3D('',#11506,#11507,#11508);
#11510=PLANE('',#11509);
#11511=ORIENTED_EDGE('',*,*,#11488,.F.);
#11513=ORIENTED_EDGE('',*,*,#11512,.T.);
#11515=ORIENTED_EDGE('',*,*,#11514,.F.);
#11517=ORIENTED_EDGE('',*,*,#11516,.F.);
#11518=EDGE_LOOP('',(#11511,#11513,#11515,#11517));
#11519=FACE_OUTER_BOUND('',#11518,.F.);
#11521=FILL_AREA_STYLE_COLOUR('',#27);
#11522=FILL_AREA_STYLE('',(#11521));
#11523=SURFACE_STYLE_FILL_AREA(#11522);
#11524=SURFACE_SIDE_STYLE('',(#11523));
#11525=SURFACE_STYLE_USAGE(.POSITIVE.,#11524);
#11526=PRESENTATION_STYLE_ASSIGNMENT((#11525));
#11527=OVER_RIDING_STYLED_ITEM('',(#11526),#11520,#11330);
#11528=CARTESIAN_POINT('',(6.25E-1,0.E0,1.5E0));
#11529=DIRECTION('',(1.E0,0.E0,0.E0));
#11530=DIRECTION('',(0.E0,0.E0,-1.E0));
#11531=AXIS2_PLACEMENT_3D('',#11528,#11529,#11530);
#11532=PLANE('',#11531);
#11534=ORIENTED_EDGE('',*,*,#11533,.T.);
#11535=ORIENTED_EDGE('',*,*,#11512,.F.);
#11536=ORIENTED_EDGE('',*,*,#11494,.T.);
#11538=ORIENTED_EDGE('',*,*,#11537,.T.);
#11540=ORIENTED_EDGE('',*,*,#11539,.F.);
#11542=ORIENTED_EDGE('',*,*,#11541,.F.);
#11543=EDGE_LOOP('',(#11534,#11535,#11536,#11538,#11540,#11542));
#11544=FACE_OUTER_BOUND('',#11543,.F.);
#11546=CARTESIAN_POINT('',(0.E0,1.E-1,0.E0));
#11547=DIRECTION('',(0.E0,1.E0,0.E0));
#11548=DIRECTION('',(1.E0,0.E0,0.E0));
#11549=AXIS2_PLACEMENT_3D('',#11546,#11547,#11548);
#11550=PLANE('',#11549);
#11551=ORIENTED_EDGE('',*,*,#11533,.F.);
#11553=ORIENTED_EDGE('',*,*,#11552,.F.);
#11555=ORIENTED_EDGE('',*,*,#11554,.F.);
#11556=ORIENTED_EDGE('',*,*,#11514,.T.);
#11557=EDGE_LOOP('',(#11551,#11553,#11555,#11556));
#11558=FACE_OUTER_BOUND('',#11557,.F.);
#11560=FILL_AREA_STYLE_COLOUR('',#27);
#11561=FILL_AREA_STYLE('',(#11560));
#11562=SURFACE_STYLE_FILL_AREA(#11561);
#11563=SURFACE_SIDE_STYLE('',(#11562));
#11564=SURFACE_STYLE_USAGE(.POSITIVE.,#11563);
#11565=PRESENTATION_STYLE_ASSIGNMENT((#11564));
#11566=OVER_RIDING_STYLED_ITEM('',(#11565),#11559,#11330);
#11567=CARTESIAN_POINT('',(8.75E-1,0.E0,1.5E0));
#11568=DIRECTION('',(0.E0,0.E0,-1.E0));
#11569=DIRECTION('',(-1.E0,0.E0,0.E0));
#11570=AXIS2_PLACEMENT_3D('',#11567,#11568,#11569);
#11571=PLANE('',#11570);
#11572=ORIENTED_EDGE('',*,*,#11552,.T.);
#11573=ORIENTED_EDGE('',*,*,#11541,.T.);
#11575=ORIENTED_EDGE('',*,*,#11574,.F.);
#11577=ORIENTED_EDGE('',*,*,#11576,.F.);
#11578=EDGE_LOOP('',(#11572,#11573,#11575,#11577));
#11579=FACE_OUTER_BOUND('',#11578,.F.);
#11581=CARTESIAN_POINT('',(0.E0,2.E-1,0.E0));
#11582=DIRECTION('',(0.E0,-1.E0,0.E0));
#11583=DIRECTION('',(1.E0,0.E0,0.E0));
#11584=AXIS2_PLACEMENT_3D('',#11581,#11582,#11583);
#11585=PLANE('',#11584);
#11586=ORIENTED_EDGE('',*,*,#11539,.T.);
#11588=ORIENTED_EDGE('',*,*,#11587,.T.);
#11590=ORIENTED_EDGE('',*,*,#11589,.T.);
#11591=ORIENTED_EDGE('',*,*,#11574,.T.);
#11592=EDGE_LOOP('',(#11586,#11588,#11590,#11591));
#11593=FACE_OUTER_BOUND('',#11592,.F.);
#11595=CARTESIAN_POINT('',(7.5E-1,0.E0,1.225E0));
#11596=DIRECTION('',(0.E0,-1.E0,0.E0));
#11597=DIRECTION('',(1.E0,0.E0,0.E0));
#11598=AXIS2_PLACEMENT_3D('',#11595,#11596,#11597);
#11599=CYLINDRICAL_SURFACE('',#11598,1.25E-1);
#11600=ORIENTED_EDGE('',*,*,#11492,.T.);
#11602=ORIENTED_EDGE('',*,*,#11601,.T.);
#11603=ORIENTED_EDGE('',*,*,#11587,.F.);
#11604=ORIENTED_EDGE('',*,*,#11537,.F.);
#11605=EDGE_LOOP('',(#11600,#11602,#11603,#11604));
#11606=FACE_OUTER_BOUND('',#11605,.F.);
#11608=CARTESIAN_POINT('',(8.75E-1,0.E0,1.225E0));
#11609=DIRECTION('',(-1.E0,0.E0,0.E0));
#11610=DIRECTION('',(0.E0,0.E0,1.E0));
#11611=AXIS2_PLACEMENT_3D('',#11608,#11609,#11610);
#11612=PLANE('',#11611);
#11613=ORIENTED_EDGE('',*,*,#11554,.T.);
#11614=ORIENTED_EDGE('',*,*,#11576,.T.);
#11615=ORIENTED_EDGE('',*,*,#11589,.F.);
#11616=ORIENTED_EDGE('',*,*,#11601,.F.);
#11617=ORIENTED_EDGE('',*,*,#11490,.T.);
#11618=ORIENTED_EDGE('',*,*,#11516,.T.);
#11619=EDGE_LOOP('',(#11613,#11614,#11615,#11616,#11617,#11618));
#11620=FACE_OUTER_BOUND('',#11619,.F.);
#11622=CLOSED_SHELL('',(#11498,#11520,#11545,#11559,#11580,#11594,#11607,
#11621));
#11623=MANIFOLD_SOLID_BREP('',#11622);
#11624=FILL_AREA_STYLE_COLOUR('',#6404);
#11625=FILL_AREA_STYLE('',(#11624));
#11626=SURFACE_STYLE_FILL_AREA(#11625);
#11627=SURFACE_SIDE_STYLE('',(#11626));
#11628=SURFACE_STYLE_USAGE(.POSITIVE.,#11627);
#11629=PRESENTATION_STYLE_ASSIGNMENT((#11628));
#11330=STYLED_ITEM('',(#11629),#11623);
#11631=DIRECTION('',(0.E0,0.E0,1.E0));
#11632=VECTOR('',#11631,2.E-1);
#11633=CARTESIAN_POINT('',(-1.5E0,2.E-1,-1.325E0));
#11634=LINE('',#11633,#11632);
#11635=CURVE_STYLE('',#34,POSITIVE_LENGTH_MEASURE(2.E-2),#6404);
#11636=PRESENTATION_STYLE_ASSIGNMENT((#11635));
#11637=STYLED_ITEM('',(#11636),#11634);
#11638=DIRECTION('',(-1.E0,0.E0,0.E0));
#11639=VECTOR('',#11638,1.75E-1);
#11640=CARTESIAN_POINT('',(-1.325E0,2.E-1,-1.325E0));
#11641=LINE('',#11640,#11639);
#11642=CURVE_STYLE('',#34,POSITIVE_LENGTH_MEASURE(2.E-2),#6404);
#11643=PRESENTATION_STYLE_ASSIGNMENT((#11642));
#11644=STYLED_ITEM('',(#11643),#11641);
#11645=DIRECTION('',(0.E0,0.E0,1.E0));
#11646=VECTOR('',#11645,1.75E-1);
#11647=CARTESIAN_POINT('',(-1.325E0,2.E-1,-1.5E0));
#11648=LINE('',#11647,#11646);
#11649=CURVE_STYLE('',#34,POSITIVE_LENGTH_MEASURE(2.E-2),#6404);
#11650=PRESENTATION_STYLE_ASSIGNMENT((#11649));
#11651=STYLED_ITEM('',(#11650),#11648);
#11652=DIRECTION('',(-1.E0,0.E0,0.E0));
#11653=VECTOR('',#11652,2.E-1);
#11654=CARTESIAN_POINT('',(-1.125E0,2.E-1,-1.5E0));
#11655=LINE('',#11654,#11653);
#11656=CURVE_STYLE('',#34,POSITIVE_LENGTH_MEASURE(2.E-2),#6404);
#11657=PRESENTATION_STYLE_ASSIGNMENT((#11656));
#11658=STYLED_ITEM('',(#11657),#11655);
#11659=DIRECTION('',(0.E0,0.E0,-1.E0));
#11660=VECTOR('',#11659,3.75E-1);
#11661=CARTESIAN_POINT('',(-1.125E0,2.E-1,-1.125E0));
#11662=LINE('',#11661,#11660);
#11663=CURVE_STYLE('',#34,POSITIVE_LENGTH_MEASURE(2.E-2),#6404);
#11664=PRESENTATION_STYLE_ASSIGNMENT((#11663));
#11665=STYLED_ITEM('',(#11664),#11662);
#11666=DIRECTION('',(1.E0,0.E0,0.E0));
#11667=VECTOR('',#11666,3.75E-1);
#11668=CARTESIAN_POINT('',(-1.5E0,2.E-1,-1.125E0));
#11669=LINE('',#11668,#11667);
#11670=CURVE_STYLE('',#34,POSITIVE_LENGTH_MEASURE(2.E-2),#6404);
#11671=PRESENTATION_STYLE_ASSIGNMENT((#11670));
#11672=STYLED_ITEM('',(#11671),#11669);
#11673=DIRECTION('',(0.E0,-1.E0,0.E0));
#11674=VECTOR('',#11673,1.E-1);
#11675=CARTESIAN_POINT('',(-1.5E0,2.E-1,-1.325E0));
#11676=LINE('',#11675,#11674);
#11677=CURVE_STYLE('',#34,POSITIVE_LENGTH_MEASURE(2.E-2),#6404);
#11678=PRESENTATION_STYLE_ASSIGNMENT((#11677));
#11679=STYLED_ITEM('',(#11678),#11676);
#11680=DIRECTION('',(0.E0,-1.E0,0.E0));
#11681=VECTOR('',#11680,1.E-1);
#11682=CARTESIAN_POINT('',(-1.5E0,2.E-1,-1.125E0));
#11683=LINE('',#11682,#11681);
#11684=CURVE_STYLE('',#34,POSITIVE_LENGTH_MEASURE(2.E-2),#6404);
#11685=PRESENTATION_STYLE_ASSIGNMENT((#11684));
#11686=STYLED_ITEM('',(#11685),#11683);
#11687=DIRECTION('',(0.E0,-1.E0,0.E0));
#11688=VECTOR('',#11687,1.E-1);
#11689=CARTESIAN_POINT('',(-1.125E0,2.E-1,-1.125E0));
#11690=LINE('',#11689,#11688);
#11691=CURVE_STYLE('',#34,POSITIVE_LENGTH_MEASURE(2.E-2),#6404);
#11692=PRESENTATION_STYLE_ASSIGNMENT((#11691));
#11693=STYLED_ITEM('',(#11692),#11690);
#11694=DIRECTION('',(0.E0,-1.E0,0.E0));
#11695=VECTOR('',#11694,1.E-1);
#11696=CARTESIAN_POINT('',(-1.125E0,2.E-1,-1.5E0));
#11697=LINE('',#11696,#11695);
#11698=CURVE_STYLE('',#34,POSITIVE_LENGTH_MEASURE(2.E-2),#6404);
#11699=PRESENTATION_STYLE_ASSIGNMENT((#11698));
#11700=STYLED_ITEM('',(#11699),#11697);
#11701=DIRECTION('',(0.E0,-1.E0,0.E0));
#11702=VECTOR('',#11701,1.E-1);
#11703=CARTESIAN_POINT('',(-1.325E0,2.E-1,-1.5E0));
#11704=LINE('',#11703,#11702);
#11705=CURVE_STYLE('',#34,POSITIVE_LENGTH_MEASURE(2.E-2),#6404);
#11706=PRESENTATION_STYLE_ASSIGNMENT((#11705));
#11707=STYLED_ITEM('',(#11706),#11704);
#11708=DIRECTION('',(0.E0,-1.E0,0.E0));
#11709=VECTOR('',#11708,1.E-1);
#11710=CARTESIAN_POINT('',(-1.325E0,2.E-1,-1.325E0));
#11711=LINE('',#11710,#11709);
#11712=CURVE_STYLE('',#34,POSITIVE_LENGTH_MEASURE(2.E-2),#6404);
#11713=PRESENTATION_STYLE_ASSIGNMENT((#11712));
#11714=STYLED_ITEM('',(#11713),#11711);
#11715=DIRECTION('',(0.E0,0.E0,1.E0));
#11716=VECTOR('',#11715,2.E-1);
#11717=CARTESIAN_POINT('',(-1.5E0,1.E-1,-1.325E0));
#11718=LINE('',#11717,#11716);
#11719=CURVE_STYLE('',#34,POSITIVE_LENGTH_MEASURE(2.E-2),#6404);
#11720=PRESENTATION_STYLE_ASSIGNMENT((#11719));
#11721=STYLED_ITEM('',(#11720),#11718);
#11722=DIRECTION('',(1.E0,0.E0,0.E0));
#11723=VECTOR('',#11722,3.75E-1);
#11724=CARTESIAN_POINT('',(-1.5E0,1.E-1,-1.125E0));
#11725=LINE('',#11724,#11723);
#11726=CURVE_STYLE('',#34,POSITIVE_LENGTH_MEASURE(2.E-2),#6404);
#11727=PRESENTATION_STYLE_ASSIGNMENT((#11726));
#11728=STYLED_ITEM('',(#11727),#11725);
#11729=DIRECTION('',(0.E0,0.E0,-1.E0));
#11730=VECTOR('',#11729,3.75E-1);
#11731=CARTESIAN_POINT('',(-1.125E0,1.E-1,-1.125E0));
#11732=LINE('',#11731,#11730);
#11733=CURVE_STYLE('',#34,POSITIVE_LENGTH_MEASURE(2.E-2),#6404);
#11734=PRESENTATION_STYLE_ASSIGNMENT((#11733));
#11735=STYLED_ITEM('',(#11734),#11732);
#11736=DIRECTION('',(-1.E0,0.E0,0.E0));
#11737=VECTOR('',#11736,2.E-1);
#11738=CARTESIAN_POINT('',(-1.125E0,1.E-1,-1.5E0));
#11739=LINE('',#11738,#11737);
#11740=CURVE_STYLE('',#34,POSITIVE_LENGTH_MEASURE(2.E-2),#6404);
#11741=PRESENTATION_STYLE_ASSIGNMENT((#11740));
#11742=STYLED_ITEM('',(#11741),#11739);
#11743=DIRECTION('',(0.E0,0.E0,1.E0));
#11744=VECTOR('',#11743,1.75E-1);
#11745=CARTESIAN_POINT('',(-1.325E0,1.E-1,-1.5E0));
#11746=LINE('',#11745,#11744);
#11747=CURVE_STYLE('',#34,POSITIVE_LENGTH_MEASURE(2.E-2),#6404);
#11748=PRESENTATION_STYLE_ASSIGNMENT((#11747));
#11749=STYLED_ITEM('',(#11748),#11746);
#11750=DIRECTION('',(-1.E0,0.E0,0.E0));
#11751=VECTOR('',#11750,1.75E-1);
#11752=CARTESIAN_POINT('',(-1.325E0,1.E-1,-1.325E0));
#11753=LINE('',#11752,#11751);
#11754=CURVE_STYLE('',#34,POSITIVE_LENGTH_MEASURE(2.E-2),#6404);
#11755=PRESENTATION_STYLE_ASSIGNMENT((#11754));
#11756=STYLED_ITEM('',(#11755),#11753);
#11757=CARTESIAN_POINT('',(-1.5E0,2.E-1,-1.325E0));
#11758=CARTESIAN_POINT('',(-1.5E0,2.E-1,-1.125E0));
#11759=VERTEX_POINT('',#11757);
#11760=VERTEX_POINT('',#11758);
#11761=CARTESIAN_POINT('',(-1.125E0,2.E-1,-1.125E0));
#11762=VERTEX_POINT('',#11761);
#11763=CARTESIAN_POINT('',(-1.125E0,2.E-1,-1.5E0));
#11764=VERTEX_POINT('',#11763);
#11765=CARTESIAN_POINT('',(-1.325E0,2.E-1,-1.5E0));
#11766=VERTEX_POINT('',#11765);
#11767=CARTESIAN_POINT('',(-1.325E0,2.E-1,-1.325E0));
#11768=VERTEX_POINT('',#11767);
#11769=CARTESIAN_POINT('',(-1.5E0,1.E-1,-1.325E0));
#11770=CARTESIAN_POINT('',(-1.5E0,1.E-1,-1.125E0));
#11771=VERTEX_POINT('',#11769);
#11772=VERTEX_POINT('',#11770);
#11773=CARTESIAN_POINT('',(-1.125E0,1.E-1,-1.125E0));
#11774=VERTEX_POINT('',#11773);
#11775=CARTESIAN_POINT('',(-1.125E0,1.E-1,-1.5E0));
#11776=VERTEX_POINT('',#11775);
#11777=CARTESIAN_POINT('',(-1.325E0,1.E-1,-1.5E0));
#11778=VERTEX_POINT('',#11777);
#11779=CARTESIAN_POINT('',(-1.325E0,1.E-1,-1.325E0));
#11780=VERTEX_POINT('',#11779);
#11781=CARTESIAN_POINT('',(0.E0,2.E-1,0.E0));
#11782=DIRECTION('',(0.E0,1.E0,0.E0));
#11783=DIRECTION('',(1.E0,0.E0,0.E0));
#11784=AXIS2_PLACEMENT_3D('',#11781,#11782,#11783);
#11785=PLANE('',#11784);
#11787=ORIENTED_EDGE('',*,*,#11786,.F.);
#11789=ORIENTED_EDGE('',*,*,#11788,.F.);
#11791=ORIENTED_EDGE('',*,*,#11790,.F.);
#11793=ORIENTED_EDGE('',*,*,#11792,.F.);
#11795=ORIENTED_EDGE('',*,*,#11794,.F.);
#11797=ORIENTED_EDGE('',*,*,#11796,.F.);
#11798=EDGE_LOOP('',(#11787,#11789,#11791,#11793,#11795,#11797));
#11799=FACE_OUTER_BOUND('',#11798,.F.);
#11801=CARTESIAN_POINT('',(-1.5E0,2.E-1,-1.325E0));
#11802=DIRECTION('',(-1.E0,0.E0,0.E0));
#11803=DIRECTION('',(0.E0,0.E0,1.E0));
#11804=AXIS2_PLACEMENT_3D('',#11801,#11802,#11803);
#11805=PLANE('',#11804);
#11806=ORIENTED_EDGE('',*,*,#11786,.T.);
#11808=ORIENTED_EDGE('',*,*,#11807,.T.);
#11810=ORIENTED_EDGE('',*,*,#11809,.F.);
#11812=ORIENTED_EDGE('',*,*,#11811,.F.);
#11813=EDGE_LOOP('',(#11806,#11808,#11810,#11812));
#11814=FACE_OUTER_BOUND('',#11813,.F.);
#11816=CARTESIAN_POINT('',(-1.5E0,2.E-1,-1.125E0));
#11817=DIRECTION('',(0.E0,0.E0,1.E0));
#11818=DIRECTION('',(1.E0,0.E0,0.E0));
#11819=AXIS2_PLACEMENT_3D('',#11816,#11817,#11818);
#11820=PLANE('',#11819);
#11821=ORIENTED_EDGE('',*,*,#11796,.T.);
#11823=ORIENTED_EDGE('',*,*,#11822,.T.);
#11825=ORIENTED_EDGE('',*,*,#11824,.F.);
#11826=ORIENTED_EDGE('',*,*,#11807,.F.);
#11827=EDGE_LOOP('',(#11821,#11823,#11825,#11826));
#11828=FACE_OUTER_BOUND('',#11827,.F.);
#11830=CARTESIAN_POINT('',(-1.125E0,2.E-1,-1.125E0));
#11831=DIRECTION('',(1.E0,0.E0,0.E0));
#11832=DIRECTION('',(0.E0,0.E0,-1.E0));
#11833=AXIS2_PLACEMENT_3D('',#11830,#11831,#11832);
#11834=PLANE('',#11833);
#11835=ORIENTED_EDGE('',*,*,#11794,.T.);
#11837=ORIENTED_EDGE('',*,*,#11836,.T.);
#11839=ORIENTED_EDGE('',*,*,#11838,.F.);
#11840=ORIENTED_EDGE('',*,*,#11822,.F.);
#11841=EDGE_LOOP('',(#11835,#11837,#11839,#11840));
#11842=FACE_OUTER_BOUND('',#11841,.F.);
#11844=CARTESIAN_POINT('',(-1.125E0,2.E-1,-1.5E0));
#11845=DIRECTION('',(0.E0,0.E0,-1.E0));
#11846=DIRECTION('',(-1.E0,0.E0,0.E0));
#11847=AXIS2_PLACEMENT_3D('',#11844,#11845,#11846);
#11848=PLANE('',#11847);
#11849=ORIENTED_EDGE('',*,*,#11792,.T.);
#11851=ORIENTED_EDGE('',*,*,#11850,.T.);
#11853=ORIENTED_EDGE('',*,*,#11852,.F.);
#11854=ORIENTED_EDGE('',*,*,#11836,.F.);
#11855=EDGE_LOOP('',(#11849,#11851,#11853,#11854));
#11856=FACE_OUTER_BOUND('',#11855,.F.);
#11858=CARTESIAN_POINT('',(-1.325E0,2.E-1,-1.5E0));
#11859=DIRECTION('',(-1.E0,0.E0,0.E0));
#11860=DIRECTION('',(0.E0,0.E0,1.E0));
#11861=AXIS2_PLACEMENT_3D('',#11858,#11859,#11860);
#11862=PLANE('',#11861);
#11863=ORIENTED_EDGE('',*,*,#11790,.T.);
#11865=ORIENTED_EDGE('',*,*,#11864,.T.);
#11867=ORIENTED_EDGE('',*,*,#11866,.F.);
#11868=ORIENTED_EDGE('',*,*,#11850,.F.);
#11869=EDGE_LOOP('',(#11863,#11865,#11867,#11868));
#11870=FACE_OUTER_BOUND('',#11869,.F.);
#11872=CARTESIAN_POINT('',(-1.325E0,2.E-1,-1.325E0));
#11873=DIRECTION('',(0.E0,0.E0,-1.E0));
#11874=DIRECTION('',(-1.E0,0.E0,0.E0));
#11875=AXIS2_PLACEMENT_3D('',#11872,#11873,#11874);
#11876=PLANE('',#11875);
#11877=ORIENTED_EDGE('',*,*,#11788,.T.);
#11878=ORIENTED_EDGE('',*,*,#11811,.T.);
#11880=ORIENTED_EDGE('',*,*,#11879,.F.);
#11881=ORIENTED_EDGE('',*,*,#11864,.F.);
#11882=EDGE_LOOP('',(#11877,#11878,#11880,#11881));
#11883=FACE_OUTER_BOUND('',#11882,.F.);
#11885=CARTESIAN_POINT('',(0.E0,1.E-1,0.E0));
#11886=DIRECTION('',(0.E0,1.E0,0.E0));
#11887=DIRECTION('',(1.E0,0.E0,0.E0));
#11888=AXIS2_PLACEMENT_3D('',#11885,#11886,#11887);
#11889=PLANE('',#11888);
#11890=ORIENTED_EDGE('',*,*,#11809,.T.);
#11891=ORIENTED_EDGE('',*,*,#11824,.T.);
#11892=ORIENTED_EDGE('',*,*,#11838,.T.);
#11893=ORIENTED_EDGE('',*,*,#11852,.T.);
#11894=ORIENTED_EDGE('',*,*,#11866,.T.);
#11895=ORIENTED_EDGE('',*,*,#11879,.T.);
#11896=EDGE_LOOP('',(#11890,#11891,#11892,#11893,#11894,#11895));
#11897=FACE_OUTER_BOUND('',#11896,.F.);
#11899=FILL_AREA_STYLE_COLOUR('',#27);
#11900=FILL_AREA_STYLE('',(#11899));
#11901=SURFACE_STYLE_FILL_AREA(#11900);
#11902=SURFACE_SIDE_STYLE('',(#11901));
#11903=SURFACE_STYLE_USAGE(.BOTH.,#11902);
#11904=PRESENTATION_STYLE_ASSIGNMENT((#11903));
#11905=OVER_RIDING_STYLED_ITEM('',(#11904),#11898,#11630);
#11906=CLOSED_SHELL('',(#11800,#11815,#11829,#11843,#11857,#11871,#11884,
#11898));
#11907=MANIFOLD_SOLID_BREP('',#11906);
#11908=FILL_AREA_STYLE_COLOUR('',#6404);
#11909=FILL_AREA_STYLE('',(#11908));
#11910=SURFACE_STYLE_FILL_AREA(#11909);
#11911=SURFACE_SIDE_STYLE('',(#11910));
#11912=SURFACE_STYLE_USAGE(.POSITIVE.,#11911);
#11913=PRESENTATION_STYLE_ASSIGNMENT((#11912));
#11630=STYLED_ITEM('',(#11913),#11907);
#11915=DIRECTION('',(1.E0,0.E0,0.E0));
#11916=VECTOR('',#11915,2.E-1);
#11917=CARTESIAN_POINT('',(-1.325E0,2.E-1,1.5E0));
#11918=LINE('',#11917,#11916);
#11919=CURVE_STYLE('',#34,POSITIVE_LENGTH_MEASURE(2.E-2),#6404);
#11920=PRESENTATION_STYLE_ASSIGNMENT((#11919));
#11921=STYLED_ITEM('',(#11920),#11918);
#11922=DIRECTION('',(0.E0,0.E0,1.E0));
#11923=VECTOR('',#11922,1.75E-1);
#11924=CARTESIAN_POINT('',(-1.325E0,2.E-1,1.325E0));
#11925=LINE('',#11924,#11923);
#11926=CURVE_STYLE('',#34,POSITIVE_LENGTH_MEASURE(2.E-2),#6404);
#11927=PRESENTATION_STYLE_ASSIGNMENT((#11926));
#11928=STYLED_ITEM('',(#11927),#11925);
#11929=DIRECTION('',(1.E0,0.E0,0.E0));
#11930=VECTOR('',#11929,1.75E-1);
#11931=CARTESIAN_POINT('',(-1.5E0,2.E-1,1.325E0));
#11932=LINE('',#11931,#11930);
#11933=CURVE_STYLE('',#34,POSITIVE_LENGTH_MEASURE(2.E-2),#6404);
#11934=PRESENTATION_STYLE_ASSIGNMENT((#11933));
#11935=STYLED_ITEM('',(#11934),#11932);
#11936=DIRECTION('',(0.E0,0.E0,1.E0));
#11937=VECTOR('',#11936,2.E-1);
#11938=CARTESIAN_POINT('',(-1.5E0,2.E-1,1.125E0));
#11939=LINE('',#11938,#11937);
#11940=CURVE_STYLE('',#34,POSITIVE_LENGTH_MEASURE(2.E-2),#6404);
#11941=PRESENTATION_STYLE_ASSIGNMENT((#11940));
#11942=STYLED_ITEM('',(#11941),#11939);
#11943=DIRECTION('',(-1.E0,0.E0,0.E0));
#11944=VECTOR('',#11943,3.75E-1);
#11945=CARTESIAN_POINT('',(-1.125E0,2.E-1,1.125E0));
#11946=LINE('',#11945,#11944);
#11947=CURVE_STYLE('',#34,POSITIVE_LENGTH_MEASURE(2.E-2),#6404);
#11948=PRESENTATION_STYLE_ASSIGNMENT((#11947));
#11949=STYLED_ITEM('',(#11948),#11946);
#11950=DIRECTION('',(0.E0,0.E0,-1.E0));
#11951=VECTOR('',#11950,3.75E-1);
#11952=CARTESIAN_POINT('',(-1.125E0,2.E-1,1.5E0));
#11953=LINE('',#11952,#11951);
#11954=CURVE_STYLE('',#34,POSITIVE_LENGTH_MEASURE(2.E-2),#6404);
#11955=PRESENTATION_STYLE_ASSIGNMENT((#11954));
#11956=STYLED_ITEM('',(#11955),#11953);
#11957=DIRECTION('',(0.E0,-1.E0,0.E0));
#11958=VECTOR('',#11957,1.E-1);
#11959=CARTESIAN_POINT('',(-1.325E0,2.E-1,1.5E0));
#11960=LINE('',#11959,#11958);
#11961=CURVE_STYLE('',#34,POSITIVE_LENGTH_MEASURE(2.E-2),#6404);
#11962=PRESENTATION_STYLE_ASSIGNMENT((#11961));
#11963=STYLED_ITEM('',(#11962),#11960);
#11964=DIRECTION('',(0.E0,-1.E0,0.E0));
#11965=VECTOR('',#11964,1.E-1);
#11966=CARTESIAN_POINT('',(-1.125E0,2.E-1,1.5E0));
#11967=LINE('',#11966,#11965);
#11968=CURVE_STYLE('',#34,POSITIVE_LENGTH_MEASURE(2.E-2),#6404);
#11969=PRESENTATION_STYLE_ASSIGNMENT((#11968));
#11970=STYLED_ITEM('',(#11969),#11967);
#11971=DIRECTION('',(0.E0,-1.E0,0.E0));
#11972=VECTOR('',#11971,1.E-1);
#11973=CARTESIAN_POINT('',(-1.125E0,2.E-1,1.125E0));
#11974=LINE('',#11973,#11972);
#11975=CURVE_STYLE('',#34,POSITIVE_LENGTH_MEASURE(2.E-2),#6404);
#11976=PRESENTATION_STYLE_ASSIGNMENT((#11975));
#11977=STYLED_ITEM('',(#11976),#11974);
#11978=DIRECTION('',(0.E0,-1.E0,0.E0));
#11979=VECTOR('',#11978,1.E-1);
#11980=CARTESIAN_POINT('',(-1.5E0,2.E-1,1.125E0));
#11981=LINE('',#11980,#11979);
#11982=CURVE_STYLE('',#34,POSITIVE_LENGTH_MEASURE(2.E-2),#6404);
#11983=PRESENTATION_STYLE_ASSIGNMENT((#11982));
#11984=STYLED_ITEM('',(#11983),#11981);
#11985=DIRECTION('',(0.E0,-1.E0,0.E0));
#11986=VECTOR('',#11985,1.E-1);
#11987=CARTESIAN_POINT('',(-1.5E0,2.E-1,1.325E0));
#11988=LINE('',#11987,#11986);
#11989=CURVE_STYLE('',#34,POSITIVE_LENGTH_MEASURE(2.E-2),#6404);
#11990=PRESENTATION_STYLE_ASSIGNMENT((#11989));
#11991=STYLED_ITEM('',(#11990),#11988);
#11992=DIRECTION('',(0.E0,-1.E0,0.E0));
#11993=VECTOR('',#11992,1.E-1);
#11994=CARTESIAN_POINT('',(-1.325E0,2.E-1,1.325E0));
#11995=LINE('',#11994,#11993);
#11996=CURVE_STYLE('',#34,POSITIVE_LENGTH_MEASURE(2.E-2),#6404);
#11997=PRESENTATION_STYLE_ASSIGNMENT((#11996));
#11998=STYLED_ITEM('',(#11997),#11995);
#11999=DIRECTION('',(1.E0,0.E0,0.E0));
#12000=VECTOR('',#11999,2.E-1);
#12001=CARTESIAN_POINT('',(-1.325E0,1.E-1,1.5E0));
#12002=LINE('',#12001,#12000);
#12003=CURVE_STYLE('',#34,POSITIVE_LENGTH_MEASURE(2.E-2),#6404);
#12004=PRESENTATION_STYLE_ASSIGNMENT((#12003));
#12005=STYLED_ITEM('',(#12004),#12002);
#12006=DIRECTION('',(0.E0,0.E0,-1.E0));
#12007=VECTOR('',#12006,3.75E-1);
#12008=CARTESIAN_POINT('',(-1.125E0,1.E-1,1.5E0));
#12009=LINE('',#12008,#12007);
#12010=CURVE_STYLE('',#34,POSITIVE_LENGTH_MEASURE(2.E-2),#6404);
#12011=PRESENTATION_STYLE_ASSIGNMENT((#12010));
#12012=STYLED_ITEM('',(#12011),#12009);
#12013=DIRECTION('',(-1.E0,0.E0,0.E0));
#12014=VECTOR('',#12013,3.75E-1);
#12015=CARTESIAN_POINT('',(-1.125E0,1.E-1,1.125E0));
#12016=LINE('',#12015,#12014);
#12017=CURVE_STYLE('',#34,POSITIVE_LENGTH_MEASURE(2.E-2),#6404);
#12018=PRESENTATION_STYLE_ASSIGNMENT((#12017));
#12019=STYLED_ITEM('',(#12018),#12016);
#12020=DIRECTION('',(0.E0,0.E0,1.E0));
#12021=VECTOR('',#12020,2.E-1);
#12022=CARTESIAN_POINT('',(-1.5E0,1.E-1,1.125E0));
#12023=LINE('',#12022,#12021);
#12024=CURVE_STYLE('',#34,POSITIVE_LENGTH_MEASURE(2.E-2),#6404);
#12025=PRESENTATION_STYLE_ASSIGNMENT((#12024));
#12026=STYLED_ITEM('',(#12025),#12023);
#12027=DIRECTION('',(1.E0,0.E0,0.E0));
#12028=VECTOR('',#12027,1.75E-1);
#12029=CARTESIAN_POINT('',(-1.5E0,1.E-1,1.325E0));
#12030=LINE('',#12029,#12028);
#12031=CURVE_STYLE('',#34,POSITIVE_LENGTH_MEASURE(2.E-2),#6404);
#12032=PRESENTATION_STYLE_ASSIGNMENT((#12031));
#12033=STYLED_ITEM('',(#12032),#12030);
#12034=DIRECTION('',(0.E0,0.E0,1.E0));
#12035=VECTOR('',#12034,1.75E-1);
#12036=CARTESIAN_POINT('',(-1.325E0,1.E-1,1.325E0));
#12037=LINE('',#12036,#12035);
#12038=CURVE_STYLE('',#34,POSITIVE_LENGTH_MEASURE(2.E-2),#6404);
#12039=PRESENTATION_STYLE_ASSIGNMENT((#12038));
#12040=STYLED_ITEM('',(#12039),#12037);
#12041=CARTESIAN_POINT('',(-1.325E0,2.E-1,1.5E0));
#12042=CARTESIAN_POINT('',(-1.125E0,2.E-1,1.5E0));
#12043=VERTEX_POINT('',#12041);
#12044=VERTEX_POINT('',#12042);
#12045=CARTESIAN_POINT('',(-1.125E0,2.E-1,1.125E0));
#12046=VERTEX_POINT('',#12045);
#12047=CARTESIAN_POINT('',(-1.5E0,2.E-1,1.125E0));
#12048=VERTEX_POINT('',#12047);
#12049=CARTESIAN_POINT('',(-1.5E0,2.E-1,1.325E0));
#12050=VERTEX_POINT('',#12049);
#12051=CARTESIAN_POINT('',(-1.325E0,2.E-1,1.325E0));
#12052=VERTEX_POINT('',#12051);
#12053=CARTESIAN_POINT('',(-1.325E0,1.E-1,1.5E0));
#12054=CARTESIAN_POINT('',(-1.125E0,1.E-1,1.5E0));
#12055=VERTEX_POINT('',#12053);
#12056=VERTEX_POINT('',#12054);
#12057=CARTESIAN_POINT('',(-1.125E0,1.E-1,1.125E0));
#12058=VERTEX_POINT('',#12057);
#12059=CARTESIAN_POINT('',(-1.5E0,1.E-1,1.125E0));
#12060=VERTEX_POINT('',#12059);
#12061=CARTESIAN_POINT('',(-1.5E0,1.E-1,1.325E0));
#12062=VERTEX_POINT('',#12061);
#12063=CARTESIAN_POINT('',(-1.325E0,1.E-1,1.325E0));
#12064=VERTEX_POINT('',#12063);
#12065=CARTESIAN_POINT('',(0.E0,2.E-1,0.E0));
#12066=DIRECTION('',(0.E0,1.E0,0.E0));
#12067=DIRECTION('',(0.E0,0.E0,-1.E0));
#12068=AXIS2_PLACEMENT_3D('',#12065,#12066,#12067);
#12069=PLANE('',#12068);
#12071=ORIENTED_EDGE('',*,*,#12070,.F.);
#12073=ORIENTED_EDGE('',*,*,#12072,.F.);
#12075=ORIENTED_EDGE('',*,*,#12074,.F.);
#12077=ORIENTED_EDGE('',*,*,#12076,.F.);
#12079=ORIENTED_EDGE('',*,*,#12078,.F.);
#12081=ORIENTED_EDGE('',*,*,#12080,.F.);
#12082=EDGE_LOOP('',(#12071,#12073,#12075,#12077,#12079,#12081));
#12083=FACE_OUTER_BOUND('',#12082,.F.);
#12085=CARTESIAN_POINT('',(-1.325E0,2.E-1,1.5E0));
#12086=DIRECTION('',(0.E0,0.E0,1.E0));
#12087=DIRECTION('',(1.E0,0.E0,0.E0));
#12088=AXIS2_PLACEMENT_3D('',#12085,#12086,#12087);
#12089=PLANE('',#12088);
#12090=ORIENTED_EDGE('',*,*,#12070,.T.);
#12092=ORIENTED_EDGE('',*,*,#12091,.T.);
#12094=ORIENTED_EDGE('',*,*,#12093,.F.);
#12096=ORIENTED_EDGE('',*,*,#12095,.F.);
#12097=EDGE_LOOP('',(#12090,#12092,#12094,#12096));
#12098=FACE_OUTER_BOUND('',#12097,.F.);
#12100=CARTESIAN_POINT('',(-1.125E0,2.E-1,1.5E0));
#12101=DIRECTION('',(1.E0,0.E0,0.E0));
#12102=DIRECTION('',(0.E0,0.E0,-1.E0));
#12103=AXIS2_PLACEMENT_3D('',#12100,#12101,#12102);
#12104=PLANE('',#12103);
#12105=ORIENTED_EDGE('',*,*,#12080,.T.);
#12107=ORIENTED_EDGE('',*,*,#12106,.T.);
#12109=ORIENTED_EDGE('',*,*,#12108,.F.);
#12110=ORIENTED_EDGE('',*,*,#12091,.F.);
#12111=EDGE_LOOP('',(#12105,#12107,#12109,#12110));
#12112=FACE_OUTER_BOUND('',#12111,.F.);
#12114=CARTESIAN_POINT('',(-1.125E0,2.E-1,1.125E0));
#12115=DIRECTION('',(0.E0,0.E0,-1.E0));
#12116=DIRECTION('',(-1.E0,0.E0,0.E0));
#12117=AXIS2_PLACEMENT_3D('',#12114,#12115,#12116);
#12118=PLANE('',#12117);
#12119=ORIENTED_EDGE('',*,*,#12078,.T.);
#12121=ORIENTED_EDGE('',*,*,#12120,.T.);
#12123=ORIENTED_EDGE('',*,*,#12122,.F.);
#12124=ORIENTED_EDGE('',*,*,#12106,.F.);
#12125=EDGE_LOOP('',(#12119,#12121,#12123,#12124));
#12126=FACE_OUTER_BOUND('',#12125,.F.);
#12128=CARTESIAN_POINT('',(-1.5E0,2.E-1,1.125E0));
#12129=DIRECTION('',(-1.E0,0.E0,0.E0));
#12130=DIRECTION('',(0.E0,0.E0,1.E0));
#12131=AXIS2_PLACEMENT_3D('',#12128,#12129,#12130);
#12132=PLANE('',#12131);
#12133=ORIENTED_EDGE('',*,*,#12076,.T.);
#12135=ORIENTED_EDGE('',*,*,#12134,.T.);
#12137=ORIENTED_EDGE('',*,*,#12136,.F.);
#12138=ORIENTED_EDGE('',*,*,#12120,.F.);
#12139=EDGE_LOOP('',(#12133,#12135,#12137,#12138));
#12140=FACE_OUTER_BOUND('',#12139,.F.);
#12142=CARTESIAN_POINT('',(-1.5E0,2.E-1,1.325E0));
#12143=DIRECTION('',(0.E0,0.E0,1.E0));
#12144=DIRECTION('',(1.E0,0.E0,0.E0));
#12145=AXIS2_PLACEMENT_3D('',#12142,#12143,#12144);
#12146=PLANE('',#12145);
#12147=ORIENTED_EDGE('',*,*,#12074,.T.);
#12149=ORIENTED_EDGE('',*,*,#12148,.T.);
#12151=ORIENTED_EDGE('',*,*,#12150,.F.);
#12152=ORIENTED_EDGE('',*,*,#12134,.F.);
#12153=EDGE_LOOP('',(#12147,#12149,#12151,#12152));
#12154=FACE_OUTER_BOUND('',#12153,.F.);
#12156=CARTESIAN_POINT('',(-1.325E0,2.E-1,1.325E0));
#12157=DIRECTION('',(-1.E0,0.E0,0.E0));
#12158=DIRECTION('',(0.E0,0.E0,1.E0));
#12159=AXIS2_PLACEMENT_3D('',#12156,#12157,#12158);
#12160=PLANE('',#12159);
#12161=ORIENTED_EDGE('',*,*,#12072,.T.);
#12162=ORIENTED_EDGE('',*,*,#12095,.T.);
#12164=ORIENTED_EDGE('',*,*,#12163,.F.);
#12165=ORIENTED_EDGE('',*,*,#12148,.F.);
#12166=EDGE_LOOP('',(#12161,#12162,#12164,#12165));
#12167=FACE_OUTER_BOUND('',#12166,.F.);
#12169=CARTESIAN_POINT('',(0.E0,1.E-1,0.E0));
#12170=DIRECTION('',(0.E0,1.E0,0.E0));
#12171=DIRECTION('',(0.E0,0.E0,-1.E0));
#12172=AXIS2_PLACEMENT_3D('',#12169,#12170,#12171);
#12173=PLANE('',#12172);
#12174=ORIENTED_EDGE('',*,*,#12093,.T.);
#12175=ORIENTED_EDGE('',*,*,#12108,.T.);
#12176=ORIENTED_EDGE('',*,*,#12122,.T.);
#12177=ORIENTED_EDGE('',*,*,#12136,.T.);
#12178=ORIENTED_EDGE('',*,*,#12150,.T.);
#12179=ORIENTED_EDGE('',*,*,#12163,.T.);
#12180=EDGE_LOOP('',(#12174,#12175,#12176,#12177,#12178,#12179));
#12181=FACE_OUTER_BOUND('',#12180,.F.);
#12183=FILL_AREA_STYLE_COLOUR('',#27);
#12184=FILL_AREA_STYLE('',(#12183));
#12185=SURFACE_STYLE_FILL_AREA(#12184);
#12186=SURFACE_SIDE_STYLE('',(#12185));
#12187=SURFACE_STYLE_USAGE(.BOTH.,#12186);
#12188=PRESENTATION_STYLE_ASSIGNMENT((#12187));
#12189=OVER_RIDING_STYLED_ITEM('',(#12188),#12182,#11914);
#12190=CLOSED_SHELL('',(#12084,#12099,#12113,#12127,#12141,#12155,#12168,
#12182));
#12191=MANIFOLD_SOLID_BREP('',#12190);
#12192=FILL_AREA_STYLE_COLOUR('',#6404);
#12193=FILL_AREA_STYLE('',(#12192));
#12194=SURFACE_STYLE_FILL_AREA(#12193);
#12195=SURFACE_SIDE_STYLE('',(#12194));
#12196=SURFACE_STYLE_USAGE(.POSITIVE.,#12195);
#12197=PRESENTATION_STYLE_ASSIGNMENT((#12196));
#11914=STYLED_ITEM('',(#12197),#12191);
#12199=DIRECTION('',(0.E0,0.E0,-1.E0));
#12200=VECTOR('',#12199,2.E-1);
#12201=CARTESIAN_POINT('',(1.5E0,2.E-1,1.325E0));
#12202=LINE('',#12201,#12200);
#12203=CURVE_STYLE('',#34,POSITIVE_LENGTH_MEASURE(2.E-2),#6404);
#12204=PRESENTATION_STYLE_ASSIGNMENT((#12203));
#12205=STYLED_ITEM('',(#12204),#12202);
#12206=DIRECTION('',(1.E0,0.E0,0.E0));
#12207=VECTOR('',#12206,1.75E-1);
#12208=CARTESIAN_POINT('',(1.325E0,2.E-1,1.325E0));
#12209=LINE('',#12208,#12207);
#12210=CURVE_STYLE('',#34,POSITIVE_LENGTH_MEASURE(2.E-2),#6404);
#12211=PRESENTATION_STYLE_ASSIGNMENT((#12210));
#12212=STYLED_ITEM('',(#12211),#12209);
#12213=DIRECTION('',(0.E0,0.E0,-1.E0));
#12214=VECTOR('',#12213,1.75E-1);
#12215=CARTESIAN_POINT('',(1.325E0,2.E-1,1.5E0));
#12216=LINE('',#12215,#12214);
#12217=CURVE_STYLE('',#34,POSITIVE_LENGTH_MEASURE(2.E-2),#6404);
#12218=PRESENTATION_STYLE_ASSIGNMENT((#12217));
#12219=STYLED_ITEM('',(#12218),#12216);
#12220=DIRECTION('',(1.E0,0.E0,0.E0));
#12221=VECTOR('',#12220,2.E-1);
#12222=CARTESIAN_POINT('',(1.125E0,2.E-1,1.5E0));
#12223=LINE('',#12222,#12221);
#12224=CURVE_STYLE('',#34,POSITIVE_LENGTH_MEASURE(2.E-2),#6404);
#12225=PRESENTATION_STYLE_ASSIGNMENT((#12224));
#12226=STYLED_ITEM('',(#12225),#12223);
#12227=DIRECTION('',(0.E0,0.E0,1.E0));
#12228=VECTOR('',#12227,3.75E-1);
#12229=CARTESIAN_POINT('',(1.125E0,2.E-1,1.125E0));
#12230=LINE('',#12229,#12228);
#12231=CURVE_STYLE('',#34,POSITIVE_LENGTH_MEASURE(2.E-2),#6404);
#12232=PRESENTATION_STYLE_ASSIGNMENT((#12231));
#12233=STYLED_ITEM('',(#12232),#12230);
#12234=DIRECTION('',(-1.E0,0.E0,0.E0));
#12235=VECTOR('',#12234,3.75E-1);
#12236=CARTESIAN_POINT('',(1.5E0,2.E-1,1.125E0));
#12237=LINE('',#12236,#12235);
#12238=CURVE_STYLE('',#34,POSITIVE_LENGTH_MEASURE(2.E-2),#6404);
#12239=PRESENTATION_STYLE_ASSIGNMENT((#12238));
#12240=STYLED_ITEM('',(#12239),#12237);
#12241=DIRECTION('',(0.E0,-1.E0,0.E0));
#12242=VECTOR('',#12241,1.E-1);
#12243=CARTESIAN_POINT('',(1.5E0,2.E-1,1.325E0));
#12244=LINE('',#12243,#12242);
#12245=CURVE_STYLE('',#34,POSITIVE_LENGTH_MEASURE(2.E-2),#6404);
#12246=PRESENTATION_STYLE_ASSIGNMENT((#12245));
#12247=STYLED_ITEM('',(#12246),#12244);
#12248=DIRECTION('',(0.E0,-1.E0,0.E0));
#12249=VECTOR('',#12248,1.E-1);
#12250=CARTESIAN_POINT('',(1.5E0,2.E-1,1.125E0));
#12251=LINE('',#12250,#12249);
#12252=CURVE_STYLE('',#34,POSITIVE_LENGTH_MEASURE(2.E-2),#6404);
#12253=PRESENTATION_STYLE_ASSIGNMENT((#12252));
#12254=STYLED_ITEM('',(#12253),#12251);
#12255=DIRECTION('',(0.E0,-1.E0,0.E0));
#12256=VECTOR('',#12255,1.E-1);
#12257=CARTESIAN_POINT('',(1.125E0,2.E-1,1.125E0));
#12258=LINE('',#12257,#12256);
#12259=CURVE_STYLE('',#34,POSITIVE_LENGTH_MEASURE(2.E-2),#6404);
#12260=PRESENTATION_STYLE_ASSIGNMENT((#12259));
#12261=STYLED_ITEM('',(#12260),#12258);
#12262=DIRECTION('',(0.E0,-1.E0,0.E0));
#12263=VECTOR('',#12262,1.E-1);
#12264=CARTESIAN_POINT('',(1.125E0,2.E-1,1.5E0));
#12265=LINE('',#12264,#12263);
#12266=CURVE_STYLE('',#34,POSITIVE_LENGTH_MEASURE(2.E-2),#6404);
#12267=PRESENTATION_STYLE_ASSIGNMENT((#12266));
#12268=STYLED_ITEM('',(#12267),#12265);
#12269=DIRECTION('',(0.E0,-1.E0,0.E0));
#12270=VECTOR('',#12269,1.E-1);
#12271=CARTESIAN_POINT('',(1.325E0,2.E-1,1.5E0));
#12272=LINE('',#12271,#12270);
#12273=CURVE_STYLE('',#34,POSITIVE_LENGTH_MEASURE(2.E-2),#6404);
#12274=PRESENTATION_STYLE_ASSIGNMENT((#12273));
#12275=STYLED_ITEM('',(#12274),#12272);
#12276=DIRECTION('',(0.E0,-1.E0,0.E0));
#12277=VECTOR('',#12276,1.E-1);
#12278=CARTESIAN_POINT('',(1.325E0,2.E-1,1.325E0));
#12279=LINE('',#12278,#12277);
#12280=CURVE_STYLE('',#34,POSITIVE_LENGTH_MEASURE(2.E-2),#6404);
#12281=PRESENTATION_STYLE_ASSIGNMENT((#12280));
#12282=STYLED_ITEM('',(#12281),#12279);
#12283=DIRECTION('',(0.E0,0.E0,-1.E0));
#12284=VECTOR('',#12283,2.E-1);
#12285=CARTESIAN_POINT('',(1.5E0,1.E-1,1.325E0));
#12286=LINE('',#12285,#12284);
#12287=CURVE_STYLE('',#34,POSITIVE_LENGTH_MEASURE(2.E-2),#6404);
#12288=PRESENTATION_STYLE_ASSIGNMENT((#12287));
#12289=STYLED_ITEM('',(#12288),#12286);
#12290=DIRECTION('',(-1.E0,0.E0,0.E0));
#12291=VECTOR('',#12290,3.75E-1);
#12292=CARTESIAN_POINT('',(1.5E0,1.E-1,1.125E0));
#12293=LINE('',#12292,#12291);
#12294=CURVE_STYLE('',#34,POSITIVE_LENGTH_MEASURE(2.E-2),#6404);
#12295=PRESENTATION_STYLE_ASSIGNMENT((#12294));
#12296=STYLED_ITEM('',(#12295),#12293);
#12297=DIRECTION('',(0.E0,0.E0,1.E0));
#12298=VECTOR('',#12297,3.75E-1);
#12299=CARTESIAN_POINT('',(1.125E0,1.E-1,1.125E0));
#12300=LINE('',#12299,#12298);
#12301=CURVE_STYLE('',#34,POSITIVE_LENGTH_MEASURE(2.E-2),#6404);
#12302=PRESENTATION_STYLE_ASSIGNMENT((#12301));
#12303=STYLED_ITEM('',(#12302),#12300);
#12304=DIRECTION('',(1.E0,0.E0,0.E0));
#12305=VECTOR('',#12304,2.E-1);
#12306=CARTESIAN_POINT('',(1.125E0,1.E-1,1.5E0));
#12307=LINE('',#12306,#12305);
#12308=CURVE_STYLE('',#34,POSITIVE_LENGTH_MEASURE(2.E-2),#6404);
#12309=PRESENTATION_STYLE_ASSIGNMENT((#12308));
#12310=STYLED_ITEM('',(#12309),#12307);
#12311=DIRECTION('',(0.E0,0.E0,-1.E0));
#12312=VECTOR('',#12311,1.75E-1);
#12313=CARTESIAN_POINT('',(1.325E0,1.E-1,1.5E0));
#12314=LINE('',#12313,#12312);
#12315=CURVE_STYLE('',#34,POSITIVE_LENGTH_MEASURE(2.E-2),#6404);
#12316=PRESENTATION_STYLE_ASSIGNMENT((#12315));
#12317=STYLED_ITEM('',(#12316),#12314);
#12318=DIRECTION('',(1.E0,0.E0,0.E0));
#12319=VECTOR('',#12318,1.75E-1);
#12320=CARTESIAN_POINT('',(1.325E0,1.E-1,1.325E0));
#12321=LINE('',#12320,#12319);
#12322=CURVE_STYLE('',#34,POSITIVE_LENGTH_MEASURE(2.E-2),#6404);
#12323=PRESENTATION_STYLE_ASSIGNMENT((#12322));
#12324=STYLED_ITEM('',(#12323),#12321);
#12325=CARTESIAN_POINT('',(1.5E0,2.E-1,1.325E0));
#12326=CARTESIAN_POINT('',(1.5E0,2.E-1,1.125E0));
#12327=VERTEX_POINT('',#12325);
#12328=VERTEX_POINT('',#12326);
#12329=CARTESIAN_POINT('',(1.125E0,2.E-1,1.125E0));
#12330=VERTEX_POINT('',#12329);
#12331=CARTESIAN_POINT('',(1.125E0,2.E-1,1.5E0));
#12332=VERTEX_POINT('',#12331);
#12333=CARTESIAN_POINT('',(1.325E0,2.E-1,1.5E0));
#12334=VERTEX_POINT('',#12333);
#12335=CARTESIAN_POINT('',(1.325E0,2.E-1,1.325E0));
#12336=VERTEX_POINT('',#12335);
#12337=CARTESIAN_POINT('',(1.5E0,1.E-1,1.325E0));
#12338=CARTESIAN_POINT('',(1.5E0,1.E-1,1.125E0));
#12339=VERTEX_POINT('',#12337);
#12340=VERTEX_POINT('',#12338);
#12341=CARTESIAN_POINT('',(1.125E0,1.E-1,1.125E0));
#12342=VERTEX_POINT('',#12341);
#12343=CARTESIAN_POINT('',(1.125E0,1.E-1,1.5E0));
#12344=VERTEX_POINT('',#12343);
#12345=CARTESIAN_POINT('',(1.325E0,1.E-1,1.5E0));
#12346=VERTEX_POINT('',#12345);
#12347=CARTESIAN_POINT('',(1.325E0,1.E-1,1.325E0));
#12348=VERTEX_POINT('',#12347);
#12349=CARTESIAN_POINT('',(0.E0,2.E-1,0.E0));
#12350=DIRECTION('',(0.E0,1.E0,0.E0));
#12351=DIRECTION('',(-1.E0,0.E0,0.E0));
#12352=AXIS2_PLACEMENT_3D('',#12349,#12350,#12351);
#12353=PLANE('',#12352);
#12355=ORIENTED_EDGE('',*,*,#12354,.F.);
#12357=ORIENTED_EDGE('',*,*,#12356,.F.);
#12359=ORIENTED_EDGE('',*,*,#12358,.F.);
#12361=ORIENTED_EDGE('',*,*,#12360,.F.);
#12363=ORIENTED_EDGE('',*,*,#12362,.F.);
#12365=ORIENTED_EDGE('',*,*,#12364,.F.);
#12366=EDGE_LOOP('',(#12355,#12357,#12359,#12361,#12363,#12365));
#12367=FACE_OUTER_BOUND('',#12366,.F.);
#12369=CARTESIAN_POINT('',(1.5E0,2.E-1,1.325E0));
#12370=DIRECTION('',(1.E0,0.E0,0.E0));
#12371=DIRECTION('',(0.E0,0.E0,-1.E0));
#12372=AXIS2_PLACEMENT_3D('',#12369,#12370,#12371);
#12373=PLANE('',#12372);
#12374=ORIENTED_EDGE('',*,*,#12354,.T.);
#12376=ORIENTED_EDGE('',*,*,#12375,.T.);
#12378=ORIENTED_EDGE('',*,*,#12377,.F.);
#12380=ORIENTED_EDGE('',*,*,#12379,.F.);
#12381=EDGE_LOOP('',(#12374,#12376,#12378,#12380));
#12382=FACE_OUTER_BOUND('',#12381,.F.);
#12384=CARTESIAN_POINT('',(1.5E0,2.E-1,1.125E0));
#12385=DIRECTION('',(0.E0,0.E0,-1.E0));
#12386=DIRECTION('',(-1.E0,0.E0,0.E0));
#12387=AXIS2_PLACEMENT_3D('',#12384,#12385,#12386);
#12388=PLANE('',#12387);
#12389=ORIENTED_EDGE('',*,*,#12364,.T.);
#12391=ORIENTED_EDGE('',*,*,#12390,.T.);
#12393=ORIENTED_EDGE('',*,*,#12392,.F.);
#12394=ORIENTED_EDGE('',*,*,#12375,.F.);
#12395=EDGE_LOOP('',(#12389,#12391,#12393,#12394));
#12396=FACE_OUTER_BOUND('',#12395,.F.);
#12398=CARTESIAN_POINT('',(1.125E0,2.E-1,1.125E0));
#12399=DIRECTION('',(-1.E0,0.E0,0.E0));
#12400=DIRECTION('',(0.E0,0.E0,1.E0));
#12401=AXIS2_PLACEMENT_3D('',#12398,#12399,#12400);
#12402=PLANE('',#12401);
#12403=ORIENTED_EDGE('',*,*,#12362,.T.);
#12405=ORIENTED_EDGE('',*,*,#12404,.T.);
#12407=ORIENTED_EDGE('',*,*,#12406,.F.);
#12408=ORIENTED_EDGE('',*,*,#12390,.F.);
#12409=EDGE_LOOP('',(#12403,#12405,#12407,#12408));
#12410=FACE_OUTER_BOUND('',#12409,.F.);
#12412=CARTESIAN_POINT('',(1.125E0,2.E-1,1.5E0));
#12413=DIRECTION('',(0.E0,0.E0,1.E0));
#12414=DIRECTION('',(1.E0,0.E0,0.E0));
#12415=AXIS2_PLACEMENT_3D('',#12412,#12413,#12414);
#12416=PLANE('',#12415);
#12417=ORIENTED_EDGE('',*,*,#12360,.T.);
#12419=ORIENTED_EDGE('',*,*,#12418,.T.);
#12421=ORIENTED_EDGE('',*,*,#12420,.F.);
#12422=ORIENTED_EDGE('',*,*,#12404,.F.);
#12423=EDGE_LOOP('',(#12417,#12419,#12421,#12422));
#12424=FACE_OUTER_BOUND('',#12423,.F.);
#12426=CARTESIAN_POINT('',(1.325E0,2.E-1,1.5E0));
#12427=DIRECTION('',(1.E0,0.E0,0.E0));
#12428=DIRECTION('',(0.E0,0.E0,-1.E0));
#12429=AXIS2_PLACEMENT_3D('',#12426,#12427,#12428);
#12430=PLANE('',#12429);
#12431=ORIENTED_EDGE('',*,*,#12358,.T.);
#12433=ORIENTED_EDGE('',*,*,#12432,.T.);
#12435=ORIENTED_EDGE('',*,*,#12434,.F.);
#12436=ORIENTED_EDGE('',*,*,#12418,.F.);
#12437=EDGE_LOOP('',(#12431,#12433,#12435,#12436));
#12438=FACE_OUTER_BOUND('',#12437,.F.);
#12440=CARTESIAN_POINT('',(1.325E0,2.E-1,1.325E0));
#12441=DIRECTION('',(0.E0,0.E0,1.E0));
#12442=DIRECTION('',(1.E0,0.E0,0.E0));
#12443=AXIS2_PLACEMENT_3D('',#12440,#12441,#12442);
#12444=PLANE('',#12443);
#12445=ORIENTED_EDGE('',*,*,#12356,.T.);
#12446=ORIENTED_EDGE('',*,*,#12379,.T.);
#12448=ORIENTED_EDGE('',*,*,#12447,.F.);
#12449=ORIENTED_EDGE('',*,*,#12432,.F.);
#12450=EDGE_LOOP('',(#12445,#12446,#12448,#12449));
#12451=FACE_OUTER_BOUND('',#12450,.F.);
#12453=CARTESIAN_POINT('',(0.E0,1.E-1,0.E0));
#12454=DIRECTION('',(0.E0,1.E0,0.E0));
#12455=DIRECTION('',(-1.E0,0.E0,0.E0));
#12456=AXIS2_PLACEMENT_3D('',#12453,#12454,#12455);
#12457=PLANE('',#12456);
#12458=ORIENTED_EDGE('',*,*,#12377,.T.);
#12459=ORIENTED_EDGE('',*,*,#12392,.T.);
#12460=ORIENTED_EDGE('',*,*,#12406,.T.);
#12461=ORIENTED_EDGE('',*,*,#12420,.T.);
#12462=ORIENTED_EDGE('',*,*,#12434,.T.);
#12463=ORIENTED_EDGE('',*,*,#12447,.T.);
#12464=EDGE_LOOP('',(#12458,#12459,#12460,#12461,#12462,#12463));
#12465=FACE_OUTER_BOUND('',#12464,.F.);
#12467=FILL_AREA_STYLE_COLOUR('',#27);
#12468=FILL_AREA_STYLE('',(#12467));
#12469=SURFACE_STYLE_FILL_AREA(#12468);
#12470=SURFACE_SIDE_STYLE('',(#12469));
#12471=SURFACE_STYLE_USAGE(.BOTH.,#12470);
#12472=PRESENTATION_STYLE_ASSIGNMENT((#12471));
#12473=OVER_RIDING_STYLED_ITEM('',(#12472),#12466,#12198);
#12474=CLOSED_SHELL('',(#12368,#12383,#12397,#12411,#12425,#12439,#12452,
#12466));
#12475=MANIFOLD_SOLID_BREP('',#12474);
#12476=FILL_AREA_STYLE_COLOUR('',#6404);
#12477=FILL_AREA_STYLE('',(#12476));
#12478=SURFACE_STYLE_FILL_AREA(#12477);
#12479=SURFACE_SIDE_STYLE('',(#12478));
#12480=SURFACE_STYLE_USAGE(.POSITIVE.,#12479);
#12481=PRESENTATION_STYLE_ASSIGNMENT((#12480));
#12198=STYLED_ITEM('',(#12481),#12475);
#12483=DIRECTION('',(-1.E0,0.E0,0.E0));
#12484=VECTOR('',#12483,2.E-1);
#12485=CARTESIAN_POINT('',(1.325E0,2.E-1,-1.5E0));
#12486=LINE('',#12485,#12484);
#12487=CURVE_STYLE('',#34,POSITIVE_LENGTH_MEASURE(2.E-2),#6404);
#12488=PRESENTATION_STYLE_ASSIGNMENT((#12487));
#12489=STYLED_ITEM('',(#12488),#12486);
#12490=DIRECTION('',(0.E0,0.E0,-1.E0));
#12491=VECTOR('',#12490,1.75E-1);
#12492=CARTESIAN_POINT('',(1.325E0,2.E-1,-1.325E0));
#12493=LINE('',#12492,#12491);
#12494=CURVE_STYLE('',#34,POSITIVE_LENGTH_MEASURE(2.E-2),#6404);
#12495=PRESENTATION_STYLE_ASSIGNMENT((#12494));
#12496=STYLED_ITEM('',(#12495),#12493);
#12497=DIRECTION('',(-1.E0,0.E0,0.E0));
#12498=VECTOR('',#12497,1.75E-1);
#12499=CARTESIAN_POINT('',(1.5E0,2.E-1,-1.325E0));
#12500=LINE('',#12499,#12498);
#12501=CURVE_STYLE('',#34,POSITIVE_LENGTH_MEASURE(2.E-2),#6404);
#12502=PRESENTATION_STYLE_ASSIGNMENT((#12501));
#12503=STYLED_ITEM('',(#12502),#12500);
#12504=DIRECTION('',(0.E0,0.E0,-1.E0));
#12505=VECTOR('',#12504,2.E-1);
#12506=CARTESIAN_POINT('',(1.5E0,2.E-1,-1.125E0));
#12507=LINE('',#12506,#12505);
#12508=CURVE_STYLE('',#34,POSITIVE_LENGTH_MEASURE(2.E-2),#6404);
#12509=PRESENTATION_STYLE_ASSIGNMENT((#12508));
#12510=STYLED_ITEM('',(#12509),#12507);
#12511=DIRECTION('',(1.E0,0.E0,0.E0));
#12512=VECTOR('',#12511,3.75E-1);
#12513=CARTESIAN_POINT('',(1.125E0,2.E-1,-1.125E0));
#12514=LINE('',#12513,#12512);
#12515=CURVE_STYLE('',#34,POSITIVE_LENGTH_MEASURE(2.E-2),#6404);
#12516=PRESENTATION_STYLE_ASSIGNMENT((#12515));
#12517=STYLED_ITEM('',(#12516),#12514);
#12518=DIRECTION('',(0.E0,0.E0,1.E0));
#12519=VECTOR('',#12518,3.75E-1);
#12520=CARTESIAN_POINT('',(1.125E0,2.E-1,-1.5E0));
#12521=LINE('',#12520,#12519);
#12522=CURVE_STYLE('',#34,POSITIVE_LENGTH_MEASURE(2.E-2),#6404);
#12523=PRESENTATION_STYLE_ASSIGNMENT((#12522));
#12524=STYLED_ITEM('',(#12523),#12521);
#12525=DIRECTION('',(0.E0,-1.E0,0.E0));
#12526=VECTOR('',#12525,1.E-1);
#12527=CARTESIAN_POINT('',(1.325E0,2.E-1,-1.5E0));
#12528=LINE('',#12527,#12526);
#12529=CURVE_STYLE('',#34,POSITIVE_LENGTH_MEASURE(2.E-2),#6404);
#12530=PRESENTATION_STYLE_ASSIGNMENT((#12529));
#12531=STYLED_ITEM('',(#12530),#12528);
#12532=DIRECTION('',(0.E0,-1.E0,0.E0));
#12533=VECTOR('',#12532,1.E-1);
#12534=CARTESIAN_POINT('',(1.125E0,2.E-1,-1.5E0));
#12535=LINE('',#12534,#12533);
#12536=CURVE_STYLE('',#34,POSITIVE_LENGTH_MEASURE(2.E-2),#6404);
#12537=PRESENTATION_STYLE_ASSIGNMENT((#12536));
#12538=STYLED_ITEM('',(#12537),#12535);
#12539=DIRECTION('',(0.E0,-1.E0,0.E0));
#12540=VECTOR('',#12539,1.E-1);
#12541=CARTESIAN_POINT('',(1.125E0,2.E-1,-1.125E0));
#12542=LINE('',#12541,#12540);
#12543=CURVE_STYLE('',#34,POSITIVE_LENGTH_MEASURE(2.E-2),#6404);
#12544=PRESENTATION_STYLE_ASSIGNMENT((#12543));
#12545=STYLED_ITEM('',(#12544),#12542);
#12546=DIRECTION('',(0.E0,-1.E0,0.E0));
#12547=VECTOR('',#12546,1.E-1);
#12548=CARTESIAN_POINT('',(1.5E0,2.E-1,-1.125E0));
#12549=LINE('',#12548,#12547);
#12550=CURVE_STYLE('',#34,POSITIVE_LENGTH_MEASURE(2.E-2),#6404);
#12551=PRESENTATION_STYLE_ASSIGNMENT((#12550));
#12552=STYLED_ITEM('',(#12551),#12549);
#12553=DIRECTION('',(0.E0,-1.E0,0.E0));
#12554=VECTOR('',#12553,1.E-1);
#12555=CARTESIAN_POINT('',(1.5E0,2.E-1,-1.325E0));
#12556=LINE('',#12555,#12554);
#12557=CURVE_STYLE('',#34,POSITIVE_LENGTH_MEASURE(2.E-2),#6404);
#12558=PRESENTATION_STYLE_ASSIGNMENT((#12557));
#12559=STYLED_ITEM('',(#12558),#12556);
#12560=DIRECTION('',(0.E0,-1.E0,0.E0));
#12561=VECTOR('',#12560,1.E-1);
#12562=CARTESIAN_POINT('',(1.325E0,2.E-1,-1.325E0));
#12563=LINE('',#12562,#12561);
#12564=CURVE_STYLE('',#34,POSITIVE_LENGTH_MEASURE(2.E-2),#6404);
#12565=PRESENTATION_STYLE_ASSIGNMENT((#12564));
#12566=STYLED_ITEM('',(#12565),#12563);
#12567=DIRECTION('',(-1.E0,0.E0,0.E0));
#12568=VECTOR('',#12567,2.E-1);
#12569=CARTESIAN_POINT('',(1.325E0,1.E-1,-1.5E0));
#12570=LINE('',#12569,#12568);
#12571=CURVE_STYLE('',#34,POSITIVE_LENGTH_MEASURE(2.E-2),#6404);
#12572=PRESENTATION_STYLE_ASSIGNMENT((#12571));
#12573=STYLED_ITEM('',(#12572),#12570);
#12574=DIRECTION('',(0.E0,0.E0,1.E0));
#12575=VECTOR('',#12574,3.75E-1);
#12576=CARTESIAN_POINT('',(1.125E0,1.E-1,-1.5E0));
#12577=LINE('',#12576,#12575);
#12578=CURVE_STYLE('',#34,POSITIVE_LENGTH_MEASURE(2.E-2),#6404);
#12579=PRESENTATION_STYLE_ASSIGNMENT((#12578));
#12580=STYLED_ITEM('',(#12579),#12577);
#12581=DIRECTION('',(1.E0,0.E0,0.E0));
#12582=VECTOR('',#12581,3.75E-1);
#12583=CARTESIAN_POINT('',(1.125E0,1.E-1,-1.125E0));
#12584=LINE('',#12583,#12582);
#12585=CURVE_STYLE('',#34,POSITIVE_LENGTH_MEASURE(2.E-2),#6404);
#12586=PRESENTATION_STYLE_ASSIGNMENT((#12585));
#12587=STYLED_ITEM('',(#12586),#12584);
#12588=DIRECTION('',(0.E0,0.E0,-1.E0));
#12589=VECTOR('',#12588,2.E-1);
#12590=CARTESIAN_POINT('',(1.5E0,1.E-1,-1.125E0));
#12591=LINE('',#12590,#12589);
#12592=CURVE_STYLE('',#34,POSITIVE_LENGTH_MEASURE(2.E-2),#6404);
#12593=PRESENTATION_STYLE_ASSIGNMENT((#12592));
#12594=STYLED_ITEM('',(#12593),#12591);
#12595=DIRECTION('',(-1.E0,0.E0,0.E0));
#12596=VECTOR('',#12595,1.75E-1);
#12597=CARTESIAN_POINT('',(1.5E0,1.E-1,-1.325E0));
#12598=LINE('',#12597,#12596);
#12599=CURVE_STYLE('',#34,POSITIVE_LENGTH_MEASURE(2.E-2),#6404);
#12600=PRESENTATION_STYLE_ASSIGNMENT((#12599));
#12601=STYLED_ITEM('',(#12600),#12598);
#12602=DIRECTION('',(0.E0,0.E0,-1.E0));
#12603=VECTOR('',#12602,1.75E-1);
#12604=CARTESIAN_POINT('',(1.325E0,1.E-1,-1.325E0));
#12605=LINE('',#12604,#12603);
#12606=CURVE_STYLE('',#34,POSITIVE_LENGTH_MEASURE(2.E-2),#6404);
#12607=PRESENTATION_STYLE_ASSIGNMENT((#12606));
#12608=STYLED_ITEM('',(#12607),#12605);
#12609=CARTESIAN_POINT('',(1.325E0,2.E-1,-1.5E0));
#12610=CARTESIAN_POINT('',(1.125E0,2.E-1,-1.5E0));
#12611=VERTEX_POINT('',#12609);
#12612=VERTEX_POINT('',#12610);
#12613=CARTESIAN_POINT('',(1.125E0,2.E-1,-1.125E0));
#12614=VERTEX_POINT('',#12613);
#12615=CARTESIAN_POINT('',(1.5E0,2.E-1,-1.125E0));
#12616=VERTEX_POINT('',#12615);
#12617=CARTESIAN_POINT('',(1.5E0,2.E-1,-1.325E0));
#12618=VERTEX_POINT('',#12617);
#12619=CARTESIAN_POINT('',(1.325E0,2.E-1,-1.325E0));
#12620=VERTEX_POINT('',#12619);
#12621=CARTESIAN_POINT('',(1.325E0,1.E-1,-1.5E0));
#12622=CARTESIAN_POINT('',(1.125E0,1.E-1,-1.5E0));
#12623=VERTEX_POINT('',#12621);
#12624=VERTEX_POINT('',#12622);
#12625=CARTESIAN_POINT('',(1.125E0,1.E-1,-1.125E0));
#12626=VERTEX_POINT('',#12625);
#12627=CARTESIAN_POINT('',(1.5E0,1.E-1,-1.125E0));
#12628=VERTEX_POINT('',#12627);
#12629=CARTESIAN_POINT('',(1.5E0,1.E-1,-1.325E0));
#12630=VERTEX_POINT('',#12629);
#12631=CARTESIAN_POINT('',(1.325E0,1.E-1,-1.325E0));
#12632=VERTEX_POINT('',#12631);
#12633=CARTESIAN_POINT('',(0.E0,2.E-1,0.E0));
#12634=DIRECTION('',(0.E0,1.E0,0.E0));
#12635=DIRECTION('',(0.E0,0.E0,1.E0));
#12636=AXIS2_PLACEMENT_3D('',#12633,#12634,#12635);
#12637=PLANE('',#12636);
#12639=ORIENTED_EDGE('',*,*,#12638,.F.);
#12641=ORIENTED_EDGE('',*,*,#12640,.F.);
#12643=ORIENTED_EDGE('',*,*,#12642,.F.);
#12645=ORIENTED_EDGE('',*,*,#12644,.F.);
#12647=ORIENTED_EDGE('',*,*,#12646,.F.);
#12649=ORIENTED_EDGE('',*,*,#12648,.F.);
#12650=EDGE_LOOP('',(#12639,#12641,#12643,#12645,#12647,#12649));
#12651=FACE_OUTER_BOUND('',#12650,.F.);
#12653=CARTESIAN_POINT('',(1.325E0,2.E-1,-1.5E0));
#12654=DIRECTION('',(0.E0,0.E0,-1.E0));
#12655=DIRECTION('',(-1.E0,0.E0,0.E0));
#12656=AXIS2_PLACEMENT_3D('',#12653,#12654,#12655);
#12657=PLANE('',#12656);
#12658=ORIENTED_EDGE('',*,*,#12638,.T.);
#12660=ORIENTED_EDGE('',*,*,#12659,.T.);
#12662=ORIENTED_EDGE('',*,*,#12661,.F.);
#12664=ORIENTED_EDGE('',*,*,#12663,.F.);
#12665=EDGE_LOOP('',(#12658,#12660,#12662,#12664));
#12666=FACE_OUTER_BOUND('',#12665,.F.);
#12668=CARTESIAN_POINT('',(1.125E0,2.E-1,-1.5E0));
#12669=DIRECTION('',(-1.E0,0.E0,0.E0));
#12670=DIRECTION('',(0.E0,0.E0,1.E0));
#12671=AXIS2_PLACEMENT_3D('',#12668,#12669,#12670);
#12672=PLANE('',#12671);
#12673=ORIENTED_EDGE('',*,*,#12648,.T.);
#12675=ORIENTED_EDGE('',*,*,#12674,.T.);
#12677=ORIENTED_EDGE('',*,*,#12676,.F.);
#12678=ORIENTED_EDGE('',*,*,#12659,.F.);
#12679=EDGE_LOOP('',(#12673,#12675,#12677,#12678));
#12680=FACE_OUTER_BOUND('',#12679,.F.);
#12682=CARTESIAN_POINT('',(1.125E0,2.E-1,-1.125E0));
#12683=DIRECTION('',(0.E0,0.E0,1.E0));
#12684=DIRECTION('',(1.E0,0.E0,0.E0));
#12685=AXIS2_PLACEMENT_3D('',#12682,#12683,#12684);
#12686=PLANE('',#12685);
#12687=ORIENTED_EDGE('',*,*,#12646,.T.);
#12689=ORIENTED_EDGE('',*,*,#12688,.T.);
#12691=ORIENTED_EDGE('',*,*,#12690,.F.);
#12692=ORIENTED_EDGE('',*,*,#12674,.F.);
#12693=EDGE_LOOP('',(#12687,#12689,#12691,#12692));
#12694=FACE_OUTER_BOUND('',#12693,.F.);
#12696=CARTESIAN_POINT('',(1.5E0,2.E-1,-1.125E0));
#12697=DIRECTION('',(1.E0,0.E0,0.E0));
#12698=DIRECTION('',(0.E0,0.E0,-1.E0));
#12699=AXIS2_PLACEMENT_3D('',#12696,#12697,#12698);
#12700=PLANE('',#12699);
#12701=ORIENTED_EDGE('',*,*,#12644,.T.);
#12703=ORIENTED_EDGE('',*,*,#12702,.T.);
#12705=ORIENTED_EDGE('',*,*,#12704,.F.);
#12706=ORIENTED_EDGE('',*,*,#12688,.F.);
#12707=EDGE_LOOP('',(#12701,#12703,#12705,#12706));
#12708=FACE_OUTER_BOUND('',#12707,.F.);
#12710=CARTESIAN_POINT('',(1.5E0,2.E-1,-1.325E0));
#12711=DIRECTION('',(0.E0,0.E0,-1.E0));
#12712=DIRECTION('',(-1.E0,0.E0,0.E0));
#12713=AXIS2_PLACEMENT_3D('',#12710,#12711,#12712);
#12714=PLANE('',#12713);
#12715=ORIENTED_EDGE('',*,*,#12642,.T.);
#12717=ORIENTED_EDGE('',*,*,#12716,.T.);
#12719=ORIENTED_EDGE('',*,*,#12718,.F.);
#12720=ORIENTED_EDGE('',*,*,#12702,.F.);
#12721=EDGE_LOOP('',(#12715,#12717,#12719,#12720));
#12722=FACE_OUTER_BOUND('',#12721,.F.);
#12724=CARTESIAN_POINT('',(1.325E0,2.E-1,-1.325E0));
#12725=DIRECTION('',(1.E0,0.E0,0.E0));
#12726=DIRECTION('',(0.E0,0.E0,-1.E0));
#12727=AXIS2_PLACEMENT_3D('',#12724,#12725,#12726);
#12728=PLANE('',#12727);
#12729=ORIENTED_EDGE('',*,*,#12640,.T.);
#12730=ORIENTED_EDGE('',*,*,#12663,.T.);
#12732=ORIENTED_EDGE('',*,*,#12731,.F.);
#12733=ORIENTED_EDGE('',*,*,#12716,.F.);
#12734=EDGE_LOOP('',(#12729,#12730,#12732,#12733));
#12735=FACE_OUTER_BOUND('',#12734,.F.);
#12737=CARTESIAN_POINT('',(0.E0,1.E-1,0.E0));
#12738=DIRECTION('',(0.E0,1.E0,0.E0));
#12739=DIRECTION('',(0.E0,0.E0,1.E0));
#12740=AXIS2_PLACEMENT_3D('',#12737,#12738,#12739);
#12741=PLANE('',#12740);
#12742=ORIENTED_EDGE('',*,*,#12661,.T.);
#12743=ORIENTED_EDGE('',*,*,#12676,.T.);
#12744=ORIENTED_EDGE('',*,*,#12690,.T.);
#12745=ORIENTED_EDGE('',*,*,#12704,.T.);
#12746=ORIENTED_EDGE('',*,*,#12718,.T.);
#12747=ORIENTED_EDGE('',*,*,#12731,.T.);
#12748=EDGE_LOOP('',(#12742,#12743,#12744,#12745,#12746,#12747));
#12749=FACE_OUTER_BOUND('',#12748,.F.);
#12751=FILL_AREA_STYLE_COLOUR('',#27);
#12752=FILL_AREA_STYLE('',(#12751));
#12753=SURFACE_STYLE_FILL_AREA(#12752);
#12754=SURFACE_SIDE_STYLE('',(#12753));
#12755=SURFACE_STYLE_USAGE(.BOTH.,#12754);
#12756=PRESENTATION_STYLE_ASSIGNMENT((#12755));
#12757=OVER_RIDING_STYLED_ITEM('',(#12756),#12750,#12482);
#12758=CLOSED_SHELL('',(#12652,#12667,#12681,#12695,#12709,#12723,#12736,
#12750));
#12759=MANIFOLD_SOLID_BREP('',#12758);
#12760=FILL_AREA_STYLE_COLOUR('',#6404);
#12761=FILL_AREA_STYLE('',(#12760));
#12762=SURFACE_STYLE_FILL_AREA(#12761);
#12763=SURFACE_SIDE_STYLE('',(#12762));
#12764=SURFACE_STYLE_USAGE(.POSITIVE.,#12763);
#12765=PRESENTATION_STYLE_ASSIGNMENT((#12764));
#12482=STYLED_ITEM('',(#12765),#12759);
#12768=PLANE_ANGLE_MEASURE_WITH_UNIT(PLANE_ANGLE_MEASURE(1.745329251994E-2),
#12767);
#12769=(CONVERSION_BASED_UNIT('DEGREE',#12768)NAMED_UNIT(*)PLANE_ANGLE_UNIT());
#12771=UNCERTAINTY_MEASURE_WITH_UNIT(LENGTH_MEASURE(4.247182222234E-4),#12766,
'distance_accuracy_value',
'Maximum model space distance between geometric entities at asserted connectivities');
#12773=CARTESIAN_POINT('',(0.E0,0.E0,0.E0));
#12774=DIRECTION('',(0.E0,0.E0,1.E0));
#12775=DIRECTION('',(1.E0,0.E0,0.E0));
#12778=PRODUCT_CONTEXT('',#6289,'mechanical');
#12779=PRODUCT('FRAME-RGT0016J_AF0','FRAME-RGT0016J_AF0','NOT SPECIFIED',
(#12778));
#12780=PRODUCT_DEFINITION_FORMATION('123','LAST_VERSION',#12779);
#12788=DERIVED_UNIT_ELEMENT(#12787,2.E0);
#12789=DERIVED_UNIT((#12788));
#12790=MEASURE_REPRESENTATION_ITEM('surface area measure',AREA_MEASURE(
1.642873269946E1),#12789);
#12795=DERIVED_UNIT_ELEMENT(#12794,3.E0);
#12796=DERIVED_UNIT((#12795));
#12797=MEASURE_REPRESENTATION_ITEM('volume measure',VOLUME_MEASURE(
9.379348122979E-1),#12796);
#12801=CARTESIAN_POINT('centre point',(4.658309169556E-3,1.074911922533E-1,
4.658309176083E-3));
#12806=DERIVED_UNIT_ELEMENT(#12805,2.E0);
#12807=DERIVED_UNIT((#12806));
#12808=MEASURE_REPRESENTATION_ITEM('surface area measure',AREA_MEASURE(
1.642873269946E1),#12807);
#12813=DERIVED_UNIT_ELEMENT(#12812,3.E0);
#12814=DERIVED_UNIT((#12813));
#12815=MEASURE_REPRESENTATION_ITEM('volume measure',VOLUME_MEASURE(
9.379348122979E-1),#12814);
#12819=CARTESIAN_POINT('centre point',(4.658309169556E-3,1.074911922533E-1,
4.658309176083E-3));
#12824=DRAUGHTING_MODEL('Default',(#12836,#12837,#12853),#6338);
#12825=PRESENTATION_VIEW('Default',(#12844,#12857),#6338);
#12826=CARTESIAN_POINT('',(0.E0,0.E0,0.E0));
#12827=CARTESIAN_POINT('',(-2.288472086953E0,-1.842999419043E0,
8.691217270959E0));
#12828=DIRECTION('',(0.E0,0.E0,1.E0));
#12829=DIRECTION('',(1.E0,0.E0,0.E0));
#12830=AXIS2_PLACEMENT_3D('',#12827,#12828,#12829);
#12832=VIEW_VOLUME(.PARALLEL.,#12826,8.691217270959E0,8.691217270959E0,.T.,0.E0,
.F.,.T.,#12831);
#12833=CARTESIAN_POINT('',(1.276697047144E0,5.823095518711E0,6.973708642620E0));
#12834=DIRECTION('',(3.894183423087E-1,7.214918620107E-1,5.725406952575E-1));
#12835=DIRECTION('',(9.210609940029E-1,-3.050418666329E-1,-2.420663234065E-1));
#12836=AXIS2_PLACEMENT_3D('',#12833,#12834,#12835);
#12837=CAMERA_MODEL_D3_WITH_HLHSR('DEFAULT',#12836,#12832,.F.);
#12839=CARTESIAN_POINT('',(-5.067547874926E2,-4.081101903189E2,
1.924566170724E3));
#12840=DIRECTION('',(0.E0,0.E0,1.E0));
#12841=DIRECTION('',(1.E0,0.E0,0.E0));
#12842=AXIS2_PLACEMENT_3D('',#12839,#12840,#12841);
#12844=(CAMERA_IMAGE()CAMERA_IMAGE_3D_WITH_SCALE()GEOMETRIC_REPRESENTATION_ITEM(
)MAPPED_ITEM(#12838,#12843)REPRESENTATION_ITEM(''));
#12845=CARTESIAN_POINT('',(-2.288472086953E0,-1.842999419043E0,
8.691217270959E0));
#12846=DIRECTION('',(0.E0,0.E0,1.E0));
#12847=DIRECTION('',(1.E0,0.E0,0.E0));
#12848=AXIS2_PLACEMENT_3D('',#12845,#12846,#12847);
#12849=REPRESENTATION_MAP(#12848,#12777);
#12850=CARTESIAN_POINT('',(0.E0,0.E0));
#12851=DIRECTION('',(1.E0,0.E0));
#12852=AXIS2_PLACEMENT_2D('',#12850,#12851);
#12853=MAPPED_ITEM('',#12849,#12852);
#12854=CARTESIAN_POINT('',(-2.288472086953E0,-1.842999419043E0,
8.691217270959E0));
#12855=DIRECTION('',(0.E0,0.E0,1.E0));
#12856=DIRECTION('',(1.E0,0.E0,0.E0));
#12857=AXIS2_PLACEMENT_3D('',#12854,#12855,#12856);
#12858=REPRESENTATION_MAP(#12857,#12825);
#12859=CARTESIAN_POINT('',(0.E0,0.E0));
#12860=DIRECTION('',(1.E0,0.E0));
#12861=AXIS2_PLACEMENT_2D('',#12859,#12860);
#12862=MAPPED_ITEM('',#12858,#12861);
#12864=CARTESIAN_POINT('',(0.E0,0.E0));
#12865=DIRECTION('',(1.E0,0.E0));
#12866=AXIS2_PLACEMENT_2D('',#12864,#12865);
#12867=PLANAR_BOX('',1.E3,8.4375E2,#12866);
#12868=PRESENTATION_SIZE(#12863,#12867);
#12869=PRESENTATION_SET();
#12870=AREA_IN_SET(#12863,#12869);
#12871=APPLIED_PRESENTED_ITEM((#12781));
#12872=PRESENTED_ITEM_REPRESENTATION(#12869,#12871);
#12875=CARTESIAN_POINT('centre point',(4.658309169556E-3,-4.658309176083E-3,
1.074911922533E-1));
#12879=CARTESIAN_POINT('',(0.E0,0.E0,0.E0));
#12880=DIRECTION('',(0.E0,-1.E0,0.E0));
#12881=DIRECTION('',(1.E0,0.E0,0.E0));
#12882=AXIS2_PLACEMENT_3D('',#12879,#12880,#12881);
#12883=ITEM_DEFINED_TRANSFORMATION('','',#12776,#12882);
#12884=(REPRESENTATION_RELATIONSHIP('','',#12777,#6390)REPRESENTATION_RELATIONSHIP_WITH_TRANSFORMATION(#12883)SHAPE_REPRESENTATION_RELATIONSHIP());
#12885=CONTEXT_DEPENDENT_SHAPE_REPRESENTATION(#12884,#12874);
#12888=PLANE_ANGLE_MEASURE_WITH_UNIT(PLANE_ANGLE_MEASURE(1.745329251994E-2),
#12887);
#12889=(CONVERSION_BASED_UNIT('DEGREE',#12888)NAMED_UNIT(*)PLANE_ANGLE_UNIT());
#12891=UNCERTAINTY_MEASURE_WITH_UNIT(LENGTH_MEASURE(2.597972288305E-4),#12886,
'distance_accuracy_value',
'Maximum model space distance between geometric entities at asserted connectivities');
#12893=CARTESIAN_POINT('',(0.E0,0.E0,0.E0));
#12894=DIRECTION('',(0.E0,0.E0,1.E0));
#12895=DIRECTION('',(1.E0,0.E0,0.E0));
#12898=PRODUCT_DEFINITION_CONTEXT('part definition',#6289,'design');
#12899=PRODUCT_CONTEXT('',#6289,'mechanical');
#12900=PRODUCT('PIN1-ID','PIN1-ID','NOT SPECIFIED',(#12899));
#12901=PRODUCT_DEFINITION_FORMATION('19','LAST_VERSION',#12900);
#12905=DRAUGHTING_MODEL('Default',(#12917,#12918,#12934),#6338);
#12906=PRESENTATION_VIEW('Default',(#12925,#12938),#6338);
#12907=CARTESIAN_POINT('',(0.E0,0.E0,0.E0));
#12908=CARTESIAN_POINT('',(-2.097325001211E0,-7.524464725647E-1,
4.564683144532E0));
#12909=DIRECTION('',(0.E0,0.E0,1.E0));
#12910=DIRECTION('',(1.E0,0.E0,0.E0));
#12911=AXIS2_PLACEMENT_3D('',#12908,#12909,#12910);
#12913=VIEW_VOLUME(.PARALLEL.,#12907,4.564683144532E0,4.564683144532E0,.T.,0.E0,
.F.,.T.,#12912);
#12914=CARTESIAN_POINT('',(-1.541929070549E-1,3.465425446806E0,
3.710570183246E0));
#12915=DIRECTION('',(3.894183423087E-1,7.214918620107E-1,5.725406952575E-1));
#12916=DIRECTION('',(9.210609940029E-1,-3.050418666329E-1,-2.420663234065E-1));
#12917=AXIS2_PLACEMENT_3D('',#12914,#12915,#12916);
#12918=CAMERA_MODEL_D3_WITH_HLHSR('DEFAULT',#12917,#12913,.F.);
#12920=CARTESIAN_POINT('',(-6.603339643380E2,-2.369046103460E2,
1.437171308708E3));
#12921=DIRECTION('',(0.E0,0.E0,1.E0));
#12922=DIRECTION('',(1.E0,0.E0,0.E0));
#12923=AXIS2_PLACEMENT_3D('',#12920,#12921,#12922);
#12925=(CAMERA_IMAGE()CAMERA_IMAGE_3D_WITH_SCALE()GEOMETRIC_REPRESENTATION_ITEM(
)MAPPED_ITEM(#12919,#12924)REPRESENTATION_ITEM(''));
#12926=CARTESIAN_POINT('',(-2.097325001211E0,-7.524464725647E-1,
4.564683144532E0));
#12927=DIRECTION('',(0.E0,0.E0,1.E0));
#12928=DIRECTION('',(1.E0,0.E0,0.E0));
#12929=AXIS2_PLACEMENT_3D('',#12926,#12927,#12928);
#12930=REPRESENTATION_MAP(#12929,#12897);
#12931=CARTESIAN_POINT('',(0.E0,0.E0));
#12932=DIRECTION('',(1.E0,0.E0));
#12933=AXIS2_PLACEMENT_2D('',#12931,#12932);
#12934=MAPPED_ITEM('',#12930,#12933);
#12935=CARTESIAN_POINT('',(-2.097325001211E0,-7.524464725647E-1,
4.564683144532E0));
#12936=DIRECTION('',(0.E0,0.E0,1.E0));
#12937=DIRECTION('',(1.E0,0.E0,0.E0));
#12938=AXIS2_PLACEMENT_3D('',#12935,#12936,#12937);
#12939=REPRESENTATION_MAP(#12938,#12906);
#12940=CARTESIAN_POINT('',(0.E0,0.E0));
#12941=DIRECTION('',(1.E0,0.E0));
#12942=AXIS2_PLACEMENT_2D('',#12940,#12941);
#12943=MAPPED_ITEM('',#12939,#12942);
#12945=CARTESIAN_POINT('',(0.E0,0.E0));
#12946=DIRECTION('',(1.E0,0.E0));
#12947=AXIS2_PLACEMENT_2D('',#12945,#12946);
#12948=PLANAR_BOX('',1.E3,8.4375E2,#12947);
#12949=PRESENTATION_SIZE(#12944,#12948);
#12950=PRESENTATION_SET();
#12951=AREA_IN_SET(#12944,#12950);
#12952=APPLIED_PRESENTED_ITEM((#12902));
#12953=PRESENTED_ITEM_REPRESENTATION(#12950,#12952);
#12956=CARTESIAN_POINT('',(0.E0,0.E0,1.E0));
#12957=DIRECTION('',(0.E0,-1.E0,0.E0));
#12958=DIRECTION('',(1.E0,0.E0,0.E0));
#12959=AXIS2_PLACEMENT_3D('',#12956,#12957,#12958);
#12960=ITEM_DEFINED_TRANSFORMATION('','',#12896,#12959);
#12961=(REPRESENTATION_RELATIONSHIP('','',#12897,#6390)REPRESENTATION_RELATIONSHIP_WITH_TRANSFORMATION(#12960)SHAPE_REPRESENTATION_RELATIONSHIP());
#12962=CONTEXT_DEPENDENT_SHAPE_REPRESENTATION(#12961,#12955);
#12965=PLANE_ANGLE_MEASURE_WITH_UNIT(PLANE_ANGLE_MEASURE(1.745329251994E-2),
#12964);
#12966=(CONVERSION_BASED_UNIT('DEGREE',#12965)NAMED_UNIT(*)PLANE_ANGLE_UNIT());
#12968=UNCERTAINTY_MEASURE_WITH_UNIT(LENGTH_MEASURE(4.589206362074E-4),#12963,
'distance_accuracy_value',
'Maximum model space distance between geometric entities at asserted connectivities');
#12970=CARTESIAN_POINT('',(0.E0,0.E0,0.E0));
#12971=DIRECTION('',(0.E0,0.E0,1.E0));
#12972=DIRECTION('',(1.E0,0.E0,0.E0));
#12974=MECHANICAL_DESIGN_GEOMETRIC_PRESENTATION_REPRESENTATION('',(#37,#44,#51,
#58,#65,#72,#79,#86,#94,#101,#108,#115,#123,#130,#137,#144,#152,#159,#166,#173,
#181,#188,#195,#202,#209,#217,#224,#231,#238,#246,#253,#260,#267,#275,#282,#289,
#296,#304,#311,#318,#325,#332,#340,#347,#354,#361,#369,#376,#383,#390,#398,#405,
#412,#419,#427,#434,#441,#448,#455,#463,#470,#477,#484,#492,#499,#506,#513,#521,
#528,#535,#542,#550,#557,#564,#571,#578,#585,#592,#599,#606,#613,#620,#627,#634,
#641,#648,#655,#662,#669,#676,#683,#690,#697,#704,#711,#718,#725,#732,#739,#746,
#753,#760,#767,#774,#781,#788,#795,#802,#809,#816,#823,#830,#837,#844,#851,#858,
#865,#872,#879,#886,#893,#900,#907,#914,#921,#928,#935,#942,#949,#956,#963,#970,
#977,#984,#991,#998,#1005,#1012,#1019,#1026,#1033,#1040,#1047,#1054,#1061,#1068,
#1075,#1082,#1089,#1096,#1103,#1110,#1117,#1124,#1131,#1138,#1145,#1152,#1159,
#1166,#1173,#1180,#1187,#1194,#1201,#1208,#1215,#1222,#1229,#1236,#1243,#1250,
#1257,#1264,#1271,#1278,#1285,#1292,#1299,#1306,#1313,#1320,#1327,#1334,#1341,
#1348,#1355,#1362,#1369,#1376,#1383,#1390,#1397,#1404,#1411,#1418,#1425,#1432,
#1439,#1446,#1453,#1460,#1467,#1474,#1481,#1488,#1495,#1502,#1509,#1516,#1523,
#1530,#1537,#1544,#1551,#1558,#1565,#1572,#1579,#1586,#1593,#1600,#1607,#1614,
#1621,#1628,#1635,#1642,#1649,#1656,#1663,#1670,#1677,#1684,#1691,#1698,#1705,
#1712,#1719,#1726,#1733,#1740,#1747,#1754,#1761,#1768,#1775,#1782,#1789,#1796,
#1803,#1810,#1817,#1824,#1831,#1838,#1845,#1852,#1859,#1867,#1874,#1881,#1888,
#1895,#1902,#1909,#1916,#1923,#1930,#1937,#1944,#1951,#1958,#1965,#1972,#1980,
#1987,#1994,#2001,#2008,#2015,#2022,#2029,#2036,#2043,#2050,#2057,#2064,#2071,
#2078,#2085,#2093,#2100,#2107,#2114,#2121,#2128,#2135,#2142,#2149,#2156,#2163,
#2170,#2177,#2184,#2191,#2198,#2205,#2212,#2219,#2226,#2233,#2240,#2247,#2254,
#2261,#2269,#2276,#2283,#2290,#2297,#2304,#2311,#2318,#2325,#2333,#2340,#2347,
#2354,#2361,#2368,#2375,#2382,#2389,#2396,#2404,#2411,#2418,#2425,#2432,#2439,
#2446,#2453,#2460,#2467,#2474,#2481,#2488,#2495,#2502,#2509,#2516,#2523,#2531,
#2538,#2545,#2552,#2559,#2566,#2573,#2580,#2587,#2595,#2602,#2609,#2616,#2623,
#2630,#2637,#2644,#2651,#2659,#2666,#2673,#2680,#2687,#2694,#2701,#2708,#2715,
#2722,#2729,#2736,#2743,#2750,#2757,#2764,#2771,#2778,#2785,#2793,#2800,#2807,
#2814,#2821,#2828,#2835,#2842,#2849,#2857,#2864,#2871,#2878,#2885,#2892,#2899,
#2906,#2913,#2921,#2928,#2935,#2943,#2950,#2957,#2964,#2971,#2978,#2985,#2992,
#2999,#3006,#3013,#3020,#3028,#3035,#3042,#3049,#3056,#3063,#3070,#3077,#3084,
#3092,#3099,#3106,#3113,#3120,#3127,#3134,#3141,#3148,#3156,#3163,#29,#6412,
#6419,#6426,#6433,#6440,#6447,#6454,#6461,#6468,#6475,#6482,#6489,#6496,#6503,
#6510,#6517,#6524,#6531,#6538,#6545,#6552,#6559,#6566,#6573,#6580,#6587,#6594,
#6796,#6405,#6837,#6844,#6852,#6859,#6866,#6873,#6880,#6887,#6894,#6901,#6908,
#6915,#6922,#6929,#6936,#6943,#6951,#6958,#7005,#7027,#7066,#6830,#7137,#7144,
#7152,#7159,#7166,#7173,#7180,#7187,#7194,#7201,#7208,#7215,#7222,#7229,#7236,
#7243,#7251,#7258,#7305,#7327,#7366,#7130,#7437,#7444,#7452,#7459,#7466,#7473,
#7480,#7487,#7494,#7501,#7508,#7515,#7522,#7529,#7536,#7543,#7551,#7558,#7605,
#7627,#7666,#7430,#7737,#7744,#7752,#7759,#7766,#7773,#7780,#7787,#7794,#7801,
#7808,#7815,#7822,#7829,#7836,#7843,#7851,#7858,#7905,#7927,#7966,#7730,#8037,
#8044,#8052,#8059,#8066,#8073,#8080,#8087,#8094,#8101,#8108,#8116,#8123,#8130,
#8137,#8144,#8151,#8158,#8205,#8227,#8266,#8030,#8337,#8344,#8352,#8359,#8366,
#8373,#8380,#8387,#8394,#8401,#8408,#8416,#8423,#8430,#8437,#8444,#8451,#8458,
#8505,#8527,#8566,#8330,#8637,#8644,#8652,#8659,#8666,#8673,#8680,#8687,#8694,
#8701,#8708,#8716,#8723,#8730,#8737,#8744,#8751,#8758,#8805,#8827,#8866,#8630,
#8937,#8944,#8952,#8959,#8966,#8973,#8980,#8987,#8994,#9001,#9008,#9016,#9023,
#9030,#9037,#9044,#9051,#9058,#9105,#9127,#9166,#8930,#9237,#9244,#9252,#9259,
#9266,#9273,#9280,#9287,#9294,#9301,#9308,#9315,#9322,#9329,#9336,#9343,#9351,
#9358,#9405,#9427,#9466,#9230,#9537,#9544,#9552,#9559,#9566,#9573,#9580,#9587,
#9594,#9601,#9608,#9615,#9622,#9629,#9636,#9643,#9651,#9658,#9705,#9727,#9766,
#9530,#9837,#9844,#9852,#9859,#9866,#9873,#9880,#9887,#9894,#9901,#9908,#9915,
#9922,#9929,#9936,#9943,#9951,#9958,#10005,#10027,#10066,#9830,#10137,#10144,
#10152,#10159,#10166,#10173,#10180,#10187,#10194,#10201,#10208,#10215,#10222,
#10229,#10236,#10243,#10251,#10258,#10305,#10327,#10366,#10130,#10437,#10444,
#10452,#10459,#10466,#10473,#10480,#10487,#10494,#10501,#10508,#10516,#10523,
#10530,#10537,#10544,#10551,#10558,#10605,#10627,#10666,#10430,#10737,#10744,
#10752,#10759,#10766,#10773,#10780,#10787,#10794,#10801,#10808,#10816,#10823,
#10830,#10837,#10844,#10851,#10858,#10905,#10927,#10966,#10730,#11037,#11044,
#11052,#11059,#11066,#11073,#11080,#11087,#11094,#11101,#11108,#11116,#11123,
#11130,#11137,#11144,#11151,#11158,#11205,#11227,#11266,#11030,#11337,#11344,
#11352,#11359,#11366,#11373,#11380,#11387,#11394,#11401,#11408,#11416,#11423,
#11430,#11437,#11444,#11451,#11458,#11505,#11527,#11566,#11330,#11637,#11644,
#11651,#11658,#11665,#11672,#11679,#11686,#11693,#11700,#11707,#11714,#11721,
#11728,#11735,#11742,#11749,#11756,#11905,#11630,#11921,#11928,#11935,#11942,
#11949,#11956,#11963,#11970,#11977,#11984,#11991,#11998,#12005,#12012,#12019,
#12026,#12033,#12040,#12189,#11914,#12205,#12212,#12219,#12226,#12233,#12240,
#12247,#12254,#12261,#12268,#12275,#12282,#12289,#12296,#12303,#12310,#12317,
#12324,#12473,#12198,#12489,#12496,#12503,#12510,#12517,#12524,#12531,#12538,
#12545,#12552,#12559,#12566,#12573,#12580,#12587,#12594,#12601,#12608,#12757,
#12482),#12969);
#12975=PRODUCT_CONTEXT('',#6289,'mechanical');
#12976=PRODUCT('RGT0016J_ASM','RGT0016J_ASM','NOT SPECIFIED',(#12975));
#12977=PRODUCT_DEFINITION_FORMATION('246','LAST_VERSION',#12976);
#12980=DERIVED_UNIT_ELEMENT(#12979,2.E0);
#12981=DERIVED_UNIT((#12980));
#12982=MEASURE_REPRESENTATION_ITEM('surface area measure',AREA_MEASURE(
5.167541323394E1),#12981);
#12987=DERIVED_UNIT_ELEMENT(#12986,3.E0);
#12988=DERIVED_UNIT((#12987));
#12989=MEASURE_REPRESENTATION_ITEM('volume measure',VOLUME_MEASURE(
8.830426229897E0),#12988);
#12993=CARTESIAN_POINT('centre point',(1.236942592036E-4,-1.236942609776E-4,
5.091110793362E-1));
#12997=PRODUCT_RELATED_PRODUCT_CATEGORY('part','',(#12976,#6293,#12779,#12900));
#12998=DRAUGHTING_MODEL('Default',(#13010,#13011,#13027),#6338);
#12999=PRESENTATION_VIEW('Default',(#13018,#13031),#6338);
#13000=CARTESIAN_POINT('',(0.E0,0.E0,0.E0));
#13001=CARTESIAN_POINT('',(-2.853564257054E0,-1.660554155133E0,
9.947114918894E0));
#13002=DIRECTION('',(0.E0,0.E0,1.E0));
#13003=DIRECTION('',(1.E0,0.E0,0.E0));
#13004=AXIS2_PLACEMENT_3D('',#13001,#13002,#13003);
#13006=VIEW_VOLUME(.PARALLEL.,#13000,9.947114918894E0,9.947114918894E0,.T.,0.E0,
.F.,.T.,#13005);
#13007=CARTESIAN_POINT('',(1.245282271416E0,7.015002016312E0,7.686636654388E0));
#13008=DIRECTION('',(3.894183423087E-1,7.214918620107E-1,5.725406952575E-1));
#13009=DIRECTION('',(9.210609940029E-1,-3.050418666329E-1,-2.420663234065E-1));
#13010=AXIS2_PLACEMENT_3D('',#13007,#13008,#13009);
#13011=CAMERA_MODEL_D3_WITH_HLHSR('DEFAULT',#13010,#13006,.F.);
#13013=CARTESIAN_POINT('',(-5.499725780416E2,-3.200415926919E2,
1.917125371366E3));
#13014=DIRECTION('',(0.E0,0.E0,1.E0));
#13015=DIRECTION('',(1.E0,0.E0,0.E0));
#13016=AXIS2_PLACEMENT_3D('',#13013,#13014,#13015);
#13018=(CAMERA_IMAGE()CAMERA_IMAGE_3D_WITH_SCALE()GEOMETRIC_REPRESENTATION_ITEM(
)MAPPED_ITEM(#13012,#13017)REPRESENTATION_ITEM(''));
#13019=CARTESIAN_POINT('',(-2.853564257054E0,-1.660554155133E0,
9.947114918894E0));
#13020=DIRECTION('',(0.E0,0.E0,1.E0));
#13021=DIRECTION('',(1.E0,0.E0,0.E0));
#13022=AXIS2_PLACEMENT_3D('',#13019,#13020,#13021);
#13023=REPRESENTATION_MAP(#13022,#6390);
#13024=CARTESIAN_POINT('',(0.E0,0.E0));
#13025=DIRECTION('',(1.E0,0.E0));
#13026=AXIS2_PLACEMENT_2D('',#13024,#13025);
#13027=MAPPED_ITEM('',#13023,#13026);
#13028=CARTESIAN_POINT('',(-2.853564257054E0,-1.660554155133E0,
9.947114918894E0));
#13029=DIRECTION('',(0.E0,0.E0,1.E0));
#13030=DIRECTION('',(1.E0,0.E0,0.E0));
#13031=AXIS2_PLACEMENT_3D('',#13028,#13029,#13030);
#13032=REPRESENTATION_MAP(#13031,#12999);
#13033=CARTESIAN_POINT('',(0.E0,0.E0));
#13034=DIRECTION('',(1.E0,0.E0));
#13035=AXIS2_PLACEMENT_2D('',#13033,#13034);
#13036=MAPPED_ITEM('',#13032,#13035);
#13038=CARTESIAN_POINT('',(0.E0,0.E0));
#13039=DIRECTION('',(1.E0,0.E0));
#13040=AXIS2_PLACEMENT_2D('',#13038,#13039);
#13041=PLANAR_BOX('',1.E3,8.4375E2,#13040);
#13042=PRESENTATION_SIZE(#13037,#13041);
#13043=PRESENTATION_SET();
#13044=AREA_IN_SET(#13037,#13043);
#13045=APPLIED_PRESENTED_ITEM((#12978));
#13046=PRESENTED_ITEM_REPRESENTATION(#13043,#13045);
#1=COLOUR_RGB('',0.E0,4.3E-1,1.E0);
#2=COLOUR_RGB('',0.E0,6.6E-1,0.E0);
#3=COLOUR_RGB('',9.8039E-2,9.8039E-2,9.8039E-2);
#4=COLOUR_RGB('',1.80392E-1,2.7451E-1,9.8039E-2);
#5=COLOUR_RGB('',3.E-1,1.29412E-1,2.5098E-1);
#6=COLOUR_RGB('',3.13725E-1,3.13725E-1,3.13725E-1);
#7=COLOUR_RGB('',3.2E-1,4.9E-1,1.76471E-1);
#8=COLOUR_RGB('',3.5E-1,3.5E-1,3.5E-1);
#9=COLOUR_RGB('',3.92157E-1,3.92157E-1,3.92157E-1);
#10=COLOUR_RGB('',5.7E-1,0.E0,1.E0);
#11=COLOUR_RGB('',5.9E-1,3.E-1,0.E0);
#12=COLOUR_RGB('',6.E-1,6.E-1,6.E-1);
#13=COLOUR_RGB('',6.06796E-1,3.76214E-1,3.15534E-1);
#14=COLOUR_RGB('',6.2E-1,3.3E-1,2.3E-1);
#15=COLOUR_RGB('',6.35294E-1,6.86275E-1,7.4902E-1);
#16=COLOUR_RGB('',6.66667E-1,6.66667E-1,6.66667E-1);
#17=COLOUR_RGB('',6.9E-1,0.E0,0.E0);
#18=COLOUR_RGB('',7.E-1,7.E-1,7.E-1);
#19=COLOUR_RGB('',8.23529E-1,7.05882E-1,4.31373E-1);
#20=COLOUR_RGB('',8.39216E-1,8.90196E-1,7.68627E-1);
#21=COLOUR_RGB('',8.7E-1,7.5E-1,4.9E-1);
#22=COLOUR_RGB('',8.82353E-1,8.82353E-1,8.82353E-1);
#23=COLOUR_RGB('',9.80392E-1,9.80392E-1,9.80392E-1);
#24=COLOUR_RGB('',9.9E-1,1.E0,0.E0);
#25=COLOUR_RGB('',1.E0,5.E-1,0.E0);
#26=COLOUR_RGB('',1.E0,6.19608E-1,5.17647E-1);
#27=DRAUGHTING_PRE_DEFINED_COLOUR('white');
#28=COLOUR_RGB('',2.7451E-1,2.7451E-1,2.7451E-1);
#91=CIRCLE('',#90,1.25E-1);
#120=CIRCLE('',#119,1.25E-1);
#149=CIRCLE('',#148,1.25E-1);
#178=CIRCLE('',#177,1.25E-1);
#214=CIRCLE('',#213,1.25E-1);
#243=CIRCLE('',#242,1.25E-1);
#272=CIRCLE('',#271,1.25E-1);
#301=CIRCLE('',#300,1.25E-1);
#337=CIRCLE('',#336,1.25E-1);
#366=CIRCLE('',#365,1.25E-1);
#395=CIRCLE('',#394,1.25E-1);
#424=CIRCLE('',#423,1.25E-1);
#460=CIRCLE('',#459,1.25E-1);
#489=CIRCLE('',#488,1.25E-1);
#518=CIRCLE('',#517,1.25E-1);
#547=CIRCLE('',#546,1.25E-1);
#1864=CIRCLE('',#1863,1.25E-1);
#1977=CIRCLE('',#1976,1.25E-1);
#2090=CIRCLE('',#2089,1.25E-1);
#2266=CIRCLE('',#2265,1.25E-1);
#2330=CIRCLE('',#2329,1.25E-1);
#2401=CIRCLE('',#2400,1.25E-1);
#2528=CIRCLE('',#2527,1.25E-1);
#2592=CIRCLE('',#2591,1.25E-1);
#2656=CIRCLE('',#2655,1.25E-1);
#2790=CIRCLE('',#2789,1.25E-1);
#2854=CIRCLE('',#2853,1.25E-1);
#2918=CIRCLE('',#2917,1.25E-1);
#2940=CIRCLE('',#2939,1.25E-1);
#3025=CIRCLE('',#3024,1.25E-1);
#3089=CIRCLE('',#3088,1.25E-1);
#3153=CIRCLE('',#3152,1.25E-1);
#3749=EDGE_CURVE('',#3466,#3467,#69,.T.);
#3751=EDGE_CURVE('',#3535,#3466,#76,.T.);
#3753=EDGE_CURVE('',#3535,#3213,#83,.T.);
#3755=EDGE_CURVE('',#3211,#3213,#91,.T.);
#3757=EDGE_CURVE('',#3533,#3211,#98,.T.);
#3759=EDGE_CURVE('',#3532,#3533,#105,.T.);
#3761=EDGE_CURVE('',#3532,#3217,#112,.T.);
#3763=EDGE_CURVE('',#3215,#3217,#120,.T.);
#3765=EDGE_CURVE('',#3529,#3215,#127,.T.);
#3767=EDGE_CURVE('',#3528,#3529,#134,.T.);
#3769=EDGE_CURVE('',#3528,#3221,#141,.T.);
#3771=EDGE_CURVE('',#3219,#3221,#149,.T.);
#3773=EDGE_CURVE('',#3525,#3219,#156,.T.);
#3775=EDGE_CURVE('',#3524,#3525,#163,.T.);
#3777=EDGE_CURVE('',#3524,#3225,#170,.T.);
#3779=EDGE_CURVE('',#3223,#3225,#178,.T.);
#3781=EDGE_CURVE('',#3521,#3223,#185,.T.);
#3783=EDGE_CURVE('',#3519,#3521,#192,.T.);
#3785=EDGE_CURVE('',#3518,#3519,#199,.T.);
#3787=EDGE_CURVE('',#3518,#3369,#206,.T.);
#3789=EDGE_CURVE('',#3367,#3369,#214,.T.);
#3791=EDGE_CURVE('',#3515,#3367,#221,.T.);
#3793=EDGE_CURVE('',#3514,#3515,#228,.T.);
#3795=EDGE_CURVE('',#3514,#3361,#235,.T.);
#3797=EDGE_CURVE('',#3359,#3361,#243,.T.);
#3799=EDGE_CURVE('',#3511,#3359,#250,.T.);
#3801=EDGE_CURVE('',#3510,#3511,#257,.T.);
#3803=EDGE_CURVE('',#3510,#3357,#264,.T.);
#3805=EDGE_CURVE('',#3355,#3357,#272,.T.);
#3807=EDGE_CURVE('',#3507,#3355,#279,.T.);
#3809=EDGE_CURVE('',#3506,#3507,#286,.T.);
#3811=EDGE_CURVE('',#3506,#3353,#293,.T.);
#3813=EDGE_CURVE('',#3351,#3353,#301,.T.);
#3815=EDGE_CURVE('',#3503,#3351,#308,.T.);
#3817=EDGE_CURVE('',#3501,#3503,#315,.T.);
#3819=EDGE_CURVE('',#3500,#3501,#322,.T.);
#3821=EDGE_CURVE('',#3500,#3287,#329,.T.);
#3823=EDGE_CURVE('',#3287,#3289,#337,.T.);
#3825=EDGE_CURVE('',#3497,#3289,#344,.T.);
#3827=EDGE_CURVE('',#3496,#3497,#351,.T.);
#3829=EDGE_CURVE('',#3496,#3279,#358,.T.);
#3831=EDGE_CURVE('',#3279,#3281,#366,.T.);
#3833=EDGE_CURVE('',#3493,#3281,#373,.T.);
#3835=EDGE_CURVE('',#3492,#3493,#380,.T.);
#3837=EDGE_CURVE('',#3492,#3275,#387,.T.);
#3839=EDGE_CURVE('',#3275,#3277,#395,.T.);
#3841=EDGE_CURVE('',#3489,#3277,#402,.T.);
#3843=EDGE_CURVE('',#3488,#3489,#409,.T.);
#3845=EDGE_CURVE('',#3488,#3271,#416,.T.);
#3847=EDGE_CURVE('',#3271,#3273,#424,.T.);
#3849=EDGE_CURVE('',#3485,#3273,#431,.T.);
#3851=EDGE_CURVE('',#3483,#3485,#438,.T.);
#3853=EDGE_CURVE('',#3482,#3483,#445,.T.);
#3855=EDGE_CURVE('',#3482,#3371,#452,.T.);
#3857=EDGE_CURVE('',#3371,#3373,#460,.T.);
#3859=EDGE_CURVE('',#3479,#3373,#467,.T.);
#3861=EDGE_CURVE('',#3478,#3479,#474,.T.);
#3863=EDGE_CURVE('',#3478,#3375,#481,.T.);
#3865=EDGE_CURVE('',#3375,#3377,#489,.T.);
#3867=EDGE_CURVE('',#3475,#3377,#496,.T.);
#3869=EDGE_CURVE('',#3474,#3475,#503,.T.);
#3871=EDGE_CURVE('',#3474,#3379,#510,.T.);
#3873=EDGE_CURVE('',#3379,#3381,#518,.T.);
#3875=EDGE_CURVE('',#3471,#3381,#525,.T.);
#3877=EDGE_CURVE('',#3470,#3471,#532,.T.);
#3879=EDGE_CURVE('',#3470,#3383,#539,.T.);
#3881=EDGE_CURVE('',#3383,#3385,#547,.T.);
#3883=EDGE_CURVE('',#3467,#3385,#554,.T.);
#3887=EDGE_CURVE('',#3456,#3457,#33,.T.);
#3889=EDGE_CURVE('',#3457,#3463,#41,.T.);
#3891=EDGE_CURVE('',#3463,#3460,#48,.T.);
#3893=EDGE_CURVE('',#3460,#3461,#55,.T.);
#3895=EDGE_CURVE('',#3456,#3461,#62,.T.);
#3899=ADVANCED_FACE('',(#3886,#3898),#3748,.F.);
#3906=EDGE_CURVE('',#3456,#3387,#561,.T.);
#3908=EDGE_CURVE('',#3387,#3209,#652,.T.);
#3910=EDGE_CURVE('',#3209,#3457,#596,.T.);
#3914=ADVANCED_FACE('',(#3913),#3904,.F.);
#3921=EDGE_CURVE('',#3461,#3389,#582,.T.);
#3923=EDGE_CURVE('',#3387,#3389,#568,.T.);
#3928=ADVANCED_FACE('',(#3927),#3919,.F.);
#3935=EDGE_CURVE('',#3207,#3460,#575,.T.);
#3937=EDGE_CURVE('',#3207,#3389,#631,.T.);
#3942=ADVANCED_FACE('',(#3941),#3933,.F.);
#3949=EDGE_CURVE('',#3206,#3463,#589,.T.);
#3951=EDGE_CURVE('',#3206,#3207,#638,.T.);
#3956=ADVANCED_FACE('',(#3955),#3947,.F.);
#3964=EDGE_CURVE('',#3209,#3206,#645,.T.);
#3969=ADVANCED_FACE('',(#3968),#3961,.F.);
#3975=EDGE_CURVE('',#3174,#3175,#603,.T.);
#3977=EDGE_CURVE('',#3179,#3174,#610,.T.);
#3979=EDGE_CURVE('',#3177,#3179,#617,.T.);
#3981=EDGE_CURVE('',#3175,#3177,#624,.T.);
#3992=ADVANCED_FACE('',(#3984,#3991),#3974,.T.);
#3999=EDGE_CURVE('',#3175,#3183,#666,.T.);
#4001=EDGE_CURVE('',#3182,#3183,#687,.T.);
#4003=EDGE_CURVE('',#3174,#3182,#659,.T.);
#4007=ADVANCED_FACE('',(#4006),#3997,.F.);
#4014=EDGE_CURVE('',#3177,#3185,#673,.T.);
#4016=EDGE_CURVE('',#3183,#3185,#694,.T.);
#4021=ADVANCED_FACE('',(#4020),#4012,.F.);
#4028=EDGE_CURVE('',#3179,#3187,#680,.T.);
#4030=EDGE_CURVE('',#3185,#3187,#701,.T.);
#4035=ADVANCED_FACE('',(#4034),#4026,.F.);
#4043=EDGE_CURVE('',#3187,#3182,#708,.T.);
#4048=ADVANCED_FACE('',(#4047),#4040,.F.);
#4060=ADVANCED_FACE('',(#4059),#4053,.F.);
#4067=EDGE_CURVE('',#3467,#3703,#729,.T.);
#4069=EDGE_CURVE('',#3709,#3703,#834,.T.);
#4071=EDGE_CURVE('',#3709,#3707,#1702,.T.);
#4073=EDGE_CURVE('',#3706,#3707,#848,.T.);
#4075=EDGE_CURVE('',#3466,#3706,#715,.T.);
#4079=ADVANCED_FACE('',(#4078),#4065,.F.);
#4086=EDGE_CURVE('',#3471,#3699,#2982,.T.);
#4088=EDGE_CURVE('',#3701,#3699,#827,.T.);
#4090=EDGE_CURVE('',#3470,#3701,#2968,.T.);
#4094=ADVANCED_FACE('',(#4093),#4084,.F.);
#4101=EDGE_CURVE('',#3475,#3695,#3046,.T.);
#4103=EDGE_CURVE('',#3697,#3695,#820,.T.);
#4105=EDGE_CURVE('',#3474,#3697,#3010,.T.);
#4109=ADVANCED_FACE('',(#4108),#4099,.F.);
#4116=EDGE_CURVE('',#3479,#3691,#3110,.T.);
#4118=EDGE_CURVE('',#3693,#3691,#813,.T.);
#4120=EDGE_CURVE('',#3478,#3693,#3074,.T.);
#4124=ADVANCED_FACE('',(#4123),#4114,.F.);
#4131=EDGE_CURVE('',#3483,#3715,#2033,.T.);
#4133=EDGE_CURVE('',#3714,#3715,#792,.T.);
#4135=EDGE_CURVE('',#3711,#3714,#2104,.T.);
#4137=EDGE_CURVE('',#3689,#3711,#806,.T.);
#4139=EDGE_CURVE('',#3482,#3689,#3138,.T.);
#4143=ADVANCED_FACE('',(#4142),#4129,.F.);
#4149=EDGE_CURVE('',#3703,#3584,#722,.T.);
#4153=EDGE_CURVE('',#3385,#3321,#736,.T.);
#4155=EDGE_CURVE('',#3321,#3337,#2932,.T.);
#4157=EDGE_CURVE('',#3584,#3337,#1534,.T.);
#4161=ADVANCED_FACE('',(#4160),#4148,.T.);
#4167=EDGE_CURVE('',#3538,#3539,#939,.T.);
#4169=EDGE_CURVE('',#3724,#3539,#2415,.T.);
#4171=EDGE_CURVE('',#3724,#3725,#743,.T.);
#4173=EDGE_CURVE('',#3725,#3727,#750,.T.);
#4175=EDGE_CURVE('',#3639,#3727,#2471,.T.);
#4177=EDGE_CURVE('',#3639,#3538,#1135,.T.);
#4181=ADVANCED_FACE('',(#4180),#4166,.F.);
#4187=EDGE_CURVE('',#3542,#3543,#1093,.T.);
#4189=EDGE_CURVE('',#3543,#3669,#2372,.T.);
#4191=EDGE_CURVE('',#3669,#3721,#757,.T.);
#4193=EDGE_CURVE('',#3542,#3721,#2450,.T.);
#4197=ADVANCED_FACE('',(#4196),#4186,.F.);
#4203=EDGE_CURVE('',#3546,#3547,#1065,.T.);
#4205=EDGE_CURVE('',#3547,#3665,#2308,.T.);
#4207=EDGE_CURVE('',#3665,#3671,#764,.T.);
#4209=EDGE_CURVE('',#3671,#3546,#2344,.T.);
#4213=ADVANCED_FACE('',(#4212),#4202,.F.);
#4219=EDGE_CURVE('',#3550,#3551,#1037,.T.);
#4221=EDGE_CURVE('',#3551,#3661,#2244,.T.);
#4223=EDGE_CURVE('',#3661,#3667,#771,.T.);
#4225=EDGE_CURVE('',#3667,#3550,#2280,.T.);
#4229=ADVANCED_FACE('',(#4228),#4218,.F.);
#4235=EDGE_CURVE('',#3554,#3555,#1009,.T.);
#4237=EDGE_CURVE('',#3555,#3657,#2068,.T.);
#4239=EDGE_CURVE('',#3657,#3663,#778,.T.);
#4241=EDGE_CURVE('',#3663,#3554,#2216,.T.);
#4245=ADVANCED_FACE('',(#4244),#4234,.F.);
#4251=EDGE_CURVE('',#3558,#3559,#981,.T.);
#4253=EDGE_CURVE('',#3719,#3559,#2209,.T.);
#4255=EDGE_CURVE('',#3719,#3659,#785,.T.);
#4257=EDGE_CURVE('',#3659,#3558,#2040,.T.);
#4261=ADVANCED_FACE('',(#4260),#4250,.F.);
#4267=EDGE_CURVE('',#3562,#3563,#953,.T.);
#4269=EDGE_CURVE('',#3563,#3565,#1485,.T.);
#4271=EDGE_CURVE('',#3714,#3565,#2153,.T.);
#4274=EDGE_CURVE('',#3715,#3717,#799,.T.);
#4276=EDGE_CURVE('',#3562,#3717,#2188,.T.);
#4280=ADVANCED_FACE('',(#4279),#4266,.F.);
#4286=EDGE_CURVE('',#3568,#3569,#1639,.T.);
#4288=EDGE_CURVE('',#3569,#3689,#3131,.T.);
#4291=EDGE_CURVE('',#3568,#3711,#2195,.T.);
#4295=ADVANCED_FACE('',(#4294),#4285,.F.);
#4301=EDGE_CURVE('',#3572,#3573,#1611,.T.);
#4303=EDGE_CURVE('',#3573,#3693,#3067,.T.);
#4306=EDGE_CURVE('',#3691,#3572,#3103,.T.);
#4310=ADVANCED_FACE('',(#4309),#4300,.F.);
#4316=EDGE_CURVE('',#3576,#3577,#1583,.T.);
#4318=EDGE_CURVE('',#3577,#3697,#3003,.T.);
#4321=EDGE_CURVE('',#3695,#3576,#3039,.T.);
#4325=ADVANCED_FACE('',(#4324),#4315,.F.);
#4331=EDGE_CURVE('',#3580,#3581,#1555,.T.);
#4333=EDGE_CURVE('',#3581,#3701,#2961,.T.);
#4336=EDGE_CURVE('',#3699,#3580,#2975,.T.);
#4340=ADVANCED_FACE('',(#4339),#4330,.F.);
#4346=EDGE_CURVE('',#3584,#3585,#1527,.T.);
#4348=EDGE_CURVE('',#3709,#3585,#1751,.T.);
#4354=ADVANCED_FACE('',(#4353),#4345,.F.);
#4360=EDGE_CURVE('',#3588,#3589,#1499,.T.);
#4362=EDGE_CURVE('',#3589,#3591,#1303,.T.);
#4364=EDGE_CURVE('',#3743,#3591,#1793,.T.);
#4366=EDGE_CURVE('',#3743,#3706,#841,.T.);
#4369=EDGE_CURVE('',#3588,#3707,#1695,.T.);
#4373=ADVANCED_FACE('',(#4372),#4359,.F.);
#4379=EDGE_CURVE('',#3594,#3595,#1457,.T.);
#4381=EDGE_CURVE('',#3643,#3595,#2889,.T.);
#4383=EDGE_CURVE('',#3643,#3741,#855,.T.);
#4385=EDGE_CURVE('',#3594,#3741,#1800,.T.);
#4389=ADVANCED_FACE('',(#4388),#4378,.F.);
#4395=EDGE_CURVE('',#3598,#3599,#1429,.T.);
#4397=EDGE_CURVE('',#3647,#3599,#2825,.T.);
#4399=EDGE_CURVE('',#3647,#3641,#862,.T.);
#4401=EDGE_CURVE('',#3598,#3641,#2868,.T.);
#4405=ADVANCED_FACE('',(#4404),#4394,.F.);
#4411=EDGE_CURVE('',#3602,#3603,#1401,.T.);
#4413=EDGE_CURVE('',#3651,#3603,#2761,.T.);
#4415=EDGE_CURVE('',#3651,#3645,#869,.T.);
#4417=EDGE_CURVE('',#3602,#3645,#2804,.T.);
#4421=ADVANCED_FACE('',(#4420),#4410,.F.);
#4427=EDGE_CURVE('',#3606,#3607,#1373,.T.);
#4429=EDGE_CURVE('',#3655,#3607,#1835,.T.);
#4431=EDGE_CURVE('',#3655,#3649,#876,.T.);
#4433=EDGE_CURVE('',#3606,#3649,#2740,.T.);
#4437=ADVANCED_FACE('',(#4436),#4426,.F.);
#4443=EDGE_CURVE('',#3610,#3611,#1345,.T.);
#4445=EDGE_CURVE('',#3739,#3611,#2733,.T.);
#4447=EDGE_CURVE('',#3739,#3653,#883,.T.);
#4449=EDGE_CURVE('',#3610,#3653,#1814,.T.);
#4453=ADVANCED_FACE('',(#4452),#4442,.F.);
#4459=EDGE_CURVE('',#3614,#3615,#1317,.T.);
#4461=EDGE_CURVE('',#3615,#3617,#1121,.T.);
#4463=EDGE_CURVE('',#3734,#3617,#2677,.T.);
#4465=EDGE_CURVE('',#3734,#3735,#890,.T.);
#4467=EDGE_CURVE('',#3735,#3737,#897,.T.);
#4469=EDGE_CURVE('',#3614,#3737,#2712,.T.);
#4473=ADVANCED_FACE('',(#4472),#4458,.F.);
#4479=EDGE_CURVE('',#3620,#3621,#1275,.T.);
#4481=EDGE_CURVE('',#3687,#3621,#2627,.T.);
#4483=EDGE_CURVE('',#3687,#3731,#904,.T.);
#4485=EDGE_CURVE('',#3620,#3731,#2719,.T.);
#4489=ADVANCED_FACE('',(#4488),#4478,.F.);
#4495=EDGE_CURVE('',#3624,#3625,#1247,.T.);
#4497=EDGE_CURVE('',#3683,#3625,#2563,.T.);
#4499=EDGE_CURVE('',#3683,#3685,#911,.T.);
#4501=EDGE_CURVE('',#3624,#3685,#2606,.T.);
#4505=ADVANCED_FACE('',(#4504),#4494,.F.);
#4511=EDGE_CURVE('',#3628,#3629,#1219,.T.);
#4513=EDGE_CURVE('',#3679,#3629,#2499,.T.);
#4515=EDGE_CURVE('',#3679,#3681,#918,.T.);
#4517=EDGE_CURVE('',#3628,#3681,#2542,.T.);
#4521=ADVANCED_FACE('',(#4520),#4510,.F.);
#4527=EDGE_CURVE('',#3632,#3633,#1191,.T.);
#4529=EDGE_CURVE('',#3675,#3633,#1948,.T.);
#4531=EDGE_CURVE('',#3675,#3677,#925,.T.);
#4533=EDGE_CURVE('',#3632,#3677,#2478,.T.);
#4537=ADVANCED_FACE('',(#4536),#4526,.F.);
#4543=EDGE_CURVE('',#3636,#3637,#1163,.T.);
#4545=EDGE_CURVE('',#3729,#3637,#2464,.T.);
#4547=EDGE_CURVE('',#3729,#3673,#932,.T.);
#4549=EDGE_CURVE('',#3636,#3673,#1927,.T.);
#4553=ADVANCED_FACE('',(#4552),#4542,.F.);
#4560=EDGE_CURVE('',#3538,#3166,#946,.T.);
#4562=EDGE_CURVE('',#3166,#3167,#1667,.T.);
#4564=EDGE_CURVE('',#3563,#3167,#1492,.T.);
#4567=EDGE_CURVE('',#3562,#3428,#960,.T.);
#4569=EDGE_CURVE('',#3428,#3429,#967,.T.);
#4571=EDGE_CURVE('',#3559,#3429,#974,.T.);
#4574=EDGE_CURVE('',#3558,#3244,#988,.T.);
#4576=EDGE_CURVE('',#3244,#3245,#995,.T.);
#4578=EDGE_CURVE('',#3555,#3245,#1002,.T.);
#4581=EDGE_CURVE('',#3554,#3248,#1016,.T.);
#4583=EDGE_CURVE('',#3248,#3249,#1023,.T.);
#4585=EDGE_CURVE('',#3551,#3249,#1030,.T.);
#4588=EDGE_CURVE('',#3550,#3252,#1044,.T.);
#4590=EDGE_CURVE('',#3252,#3253,#1051,.T.);
#4592=EDGE_CURVE('',#3547,#3253,#1058,.T.);
#4595=EDGE_CURVE('',#3546,#3285,#1072,.T.);
#4597=EDGE_CURVE('',#3285,#3283,#1079,.T.);
#4599=EDGE_CURVE('',#3543,#3283,#1086,.T.);
#4602=EDGE_CURVE('',#3542,#3425,#1100,.T.);
#4604=EDGE_CURVE('',#3424,#3425,#1107,.T.);
#4606=EDGE_CURVE('',#3539,#3424,#1114,.T.);
#4610=ADVANCED_FACE('',(#4609),#4558,.T.);
#4617=EDGE_CURVE('',#3615,#3171,#1128,.T.);
#4619=EDGE_CURVE('',#3171,#3166,#1674,.T.);
#4623=EDGE_CURVE('',#3639,#3448,#1142,.T.);
#4625=EDGE_CURVE('',#3448,#3449,#1149,.T.);
#4627=EDGE_CURVE('',#3637,#3449,#1156,.T.);
#4630=EDGE_CURVE('',#3636,#3340,#1170,.T.);
#4632=EDGE_CURVE('',#3340,#3341,#1177,.T.);
#4634=EDGE_CURVE('',#3633,#3341,#1184,.T.);
#4637=EDGE_CURVE('',#3632,#3344,#1198,.T.);
#4639=EDGE_CURVE('',#3344,#3345,#1205,.T.);
#4641=EDGE_CURVE('',#3629,#3345,#1212,.T.);
#4644=EDGE_CURVE('',#3628,#3348,#1226,.T.);
#4646=EDGE_CURVE('',#3348,#3349,#1233,.T.);
#4648=EDGE_CURVE('',#3625,#3349,#1240,.T.);
#4651=EDGE_CURVE('',#3624,#3363,#1254,.T.);
#4653=EDGE_CURVE('',#3363,#3365,#1261,.T.);
#4655=EDGE_CURVE('',#3621,#3365,#1268,.T.);
#4658=EDGE_CURVE('',#3620,#3453,#1282,.T.);
#4660=EDGE_CURVE('',#3452,#3453,#1289,.T.);
#4662=EDGE_CURVE('',#3617,#3452,#1296,.T.);
#4666=ADVANCED_FACE('',(#4665),#4615,.T.);
#4673=EDGE_CURVE('',#3589,#3169,#1310,.T.);
#4675=EDGE_CURVE('',#3169,#3171,#1681,.T.);
#4679=EDGE_CURVE('',#3614,#3444,#1324,.T.);
#4681=EDGE_CURVE('',#3444,#3445,#1331,.T.);
#4683=EDGE_CURVE('',#3611,#3445,#1338,.T.);
#4686=EDGE_CURVE('',#3610,#3267,#1352,.T.);
#4688=EDGE_CURVE('',#3269,#3267,#1359,.T.);
#4690=EDGE_CURVE('',#3607,#3269,#1366,.T.);
#4693=EDGE_CURVE('',#3606,#3265,#1380,.T.);
#4695=EDGE_CURVE('',#3264,#3265,#1387,.T.);
#4697=EDGE_CURVE('',#3603,#3264,#1394,.T.);
#4700=EDGE_CURVE('',#3602,#3261,#1408,.T.);
#4702=EDGE_CURVE('',#3260,#3261,#1415,.T.);
#4704=EDGE_CURVE('',#3599,#3260,#1422,.T.);
#4707=EDGE_CURVE('',#3598,#3257,#1436,.T.);
#4709=EDGE_CURVE('',#3256,#3257,#1443,.T.);
#4711=EDGE_CURVE('',#3595,#3256,#1450,.T.);
#4714=EDGE_CURVE('',#3594,#3441,#1464,.T.);
#4716=EDGE_CURVE('',#3440,#3441,#1471,.T.);
#4718=EDGE_CURVE('',#3591,#3440,#1478,.T.);
#4722=ADVANCED_FACE('',(#4721),#4671,.T.);
#4730=EDGE_CURVE('',#3167,#3169,#1688,.T.);
#4734=EDGE_CURVE('',#3588,#3436,#1506,.T.);
#4736=EDGE_CURVE('',#3436,#3437,#1513,.T.);
#4738=EDGE_CURVE('',#3585,#3437,#1520,.T.);
#4742=EDGE_CURVE('',#3336,#3337,#1541,.T.);
#4744=EDGE_CURVE('',#3581,#3336,#1548,.T.);
#4747=EDGE_CURVE('',#3580,#3333,#1562,.T.);
#4749=EDGE_CURVE('',#3332,#3333,#1569,.T.);
#4751=EDGE_CURVE('',#3577,#3332,#1576,.T.);
#4754=EDGE_CURVE('',#3576,#3329,#1590,.T.);
#4756=EDGE_CURVE('',#3328,#3329,#1597,.T.);
#4758=EDGE_CURVE('',#3573,#3328,#1604,.T.);
#4761=EDGE_CURVE('',#3572,#3325,#1618,.T.);
#4763=EDGE_CURVE('',#3324,#3325,#1625,.T.);
#4765=EDGE_CURVE('',#3569,#3324,#1632,.T.);
#4768=EDGE_CURVE('',#3568,#3433,#1646,.T.);
#4770=EDGE_CURVE('',#3432,#3433,#1653,.T.);
#4772=EDGE_CURVE('',#3565,#3432,#1660,.T.);
#4776=ADVANCED_FACE('',(#4775),#4727,.T.);
#4788=ADVANCED_FACE('',(#4787),#4781,.T.);
#4796=EDGE_CURVE('',#3707,#3413,#1737,.T.);
#4798=EDGE_CURVE('',#3412,#3413,#1786,.T.);
#4800=EDGE_CURVE('',#3436,#3412,#1758,.T.);
#4804=ADVANCED_FACE('',(#4803),#4793,.F.);
#4811=EDGE_CURVE('',#3409,#3709,#1709,.T.);
#4813=EDGE_CURVE('',#3741,#3409,#1716,.T.);
#4815=EDGE_CURVE('',#3741,#3743,#1723,.T.);
#4817=EDGE_CURVE('',#3413,#3743,#1730,.T.);
#4822=ADVANCED_FACE('',(#4821),#4809,.T.);
#4829=EDGE_CURVE('',#3408,#3437,#1779,.T.);
#4831=EDGE_CURVE('',#3408,#3409,#1744,.T.);
#4837=ADVANCED_FACE('',(#4836),#4827,.F.);
#4845=EDGE_CURVE('',#3412,#3440,#1765,.T.);
#4848=EDGE_CURVE('',#3441,#3408,#1772,.T.);
#4853=ADVANCED_FACE('',(#4852),#4842,.F.);
#4866=ADVANCED_FACE('',(#4865),#4858,.F.);
#4879=ADVANCED_FACE('',(#4878),#4871,.F.);
#4886=EDGE_CURVE('',#3521,#3653,#1821,.T.);
#4889=EDGE_CURVE('',#3739,#3737,#1899,.T.);
#4892=EDGE_CURVE('',#3519,#3735,#1807,.T.);
#4896=ADVANCED_FACE('',(#4895),#4884,.F.);
#4903=EDGE_CURVE('',#3525,#3649,#2747,.T.);
#4906=EDGE_CURVE('',#3524,#3655,#1849,.T.);
#4910=ADVANCED_FACE('',(#4909),#4901,.F.);
#4917=EDGE_CURVE('',#3529,#3645,#2811,.T.);
#4920=EDGE_CURVE('',#3528,#3651,#2775,.T.);
#4924=ADVANCED_FACE('',(#4923),#4915,.F.);
#4931=EDGE_CURVE('',#3533,#3641,#2875,.T.);
#4934=EDGE_CURVE('',#3532,#3647,#2839,.T.);
#4938=ADVANCED_FACE('',(#4937),#4929,.F.);
#4949=EDGE_CURVE('',#3535,#3643,#2903,.T.);
#4953=ADVANCED_FACE('',(#4952),#4943,.F.);
#4962=EDGE_CURVE('',#3223,#3202,#1828,.T.);
#4964=EDGE_CURVE('',#3267,#3202,#1856,.T.);
#4969=ADVANCED_FACE('',(#4968),#4958,.F.);
#4977=EDGE_CURVE('',#3225,#3203,#1842,.T.);
#4979=EDGE_CURVE('',#3202,#3203,#1864,.T.);
#4983=ADVANCED_FACE('',(#4982),#4974,.F.);
#4991=EDGE_CURVE('',#3203,#3269,#1871,.T.);
#4998=ADVANCED_FACE('',(#4997),#4988,.F.);
#5010=ADVANCED_FACE('',(#5009),#5003,.F.);
#5016=EDGE_CURVE('',#3731,#3734,#1878,.T.);
#5018=EDGE_CURVE('',#3421,#3734,#1885,.T.);
#5020=EDGE_CURVE('',#3737,#3421,#1892,.T.);
#5023=EDGE_CURVE('',#3417,#3739,#1906,.T.);
#5025=EDGE_CURVE('',#3731,#3417,#1913,.T.);
#5029=ADVANCED_FACE('',(#5028),#5015,.T.);
#5036=EDGE_CURVE('',#3503,#3673,#1934,.T.);
#5039=EDGE_CURVE('',#3729,#3727,#2012,.T.);
#5042=EDGE_CURVE('',#3501,#3725,#1920,.T.);
#5046=ADVANCED_FACE('',(#5045),#5034,.F.);
#5053=EDGE_CURVE('',#3507,#3677,#2485,.T.);
#5056=EDGE_CURVE('',#3506,#3675,#1962,.T.);
#5060=ADVANCED_FACE('',(#5059),#5051,.F.);
#5067=EDGE_CURVE('',#3511,#3681,#2549,.T.);
#5070=EDGE_CURVE('',#3510,#3679,#2513,.T.);
#5074=ADVANCED_FACE('',(#5073),#5065,.F.);
#5081=EDGE_CURVE('',#3515,#3685,#2613,.T.);
#5084=EDGE_CURVE('',#3514,#3683,#2577,.T.);
#5088=ADVANCED_FACE('',(#5087),#5079,.F.);
#5099=EDGE_CURVE('',#3518,#3687,#2641,.T.);
#5103=ADVANCED_FACE('',(#5102),#5093,.F.);
#5112=EDGE_CURVE('',#3351,#3292,#1941,.T.);
#5114=EDGE_CURVE('',#3340,#3292,#1969,.T.);
#5119=ADVANCED_FACE('',(#5118),#5108,.F.);
#5127=EDGE_CURVE('',#3353,#3293,#1955,.T.);
#5129=EDGE_CURVE('',#3292,#3293,#1977,.T.);
#5133=ADVANCED_FACE('',(#5132),#5124,.F.);
#5141=EDGE_CURVE('',#3293,#3341,#1984,.T.);
#5148=ADVANCED_FACE('',(#5147),#5138,.F.);
#5160=ADVANCED_FACE('',(#5159),#5153,.F.);
#5166=EDGE_CURVE('',#3721,#3724,#1991,.T.);
#5168=EDGE_CURVE('',#3397,#3724,#1998,.T.);
#5170=EDGE_CURVE('',#3727,#3397,#2005,.T.);
#5173=EDGE_CURVE('',#3393,#3729,#2019,.T.);
#5175=EDGE_CURVE('',#3721,#3393,#2026,.T.);
#5179=ADVANCED_FACE('',(#5178),#5165,.T.);
#5186=EDGE_CURVE('',#3485,#3659,#2047,.T.);
#5189=EDGE_CURVE('',#3719,#3717,#2125,.T.);
#5195=ADVANCED_FACE('',(#5194),#5184,.F.);
#5202=EDGE_CURVE('',#3489,#3663,#2223,.T.);
#5205=EDGE_CURVE('',#3488,#3657,#2075,.T.);
#5209=ADVANCED_FACE('',(#5208),#5200,.F.);
#5216=EDGE_CURVE('',#3493,#3667,#2287,.T.);
#5219=EDGE_CURVE('',#3492,#3661,#2251,.T.);
#5223=ADVANCED_FACE('',(#5222),#5214,.F.);
#5230=EDGE_CURVE('',#3497,#3671,#2351,.T.);
#5233=EDGE_CURVE('',#3496,#3665,#2315,.T.);
#5237=ADVANCED_FACE('',(#5236),#5228,.F.);
#5248=EDGE_CURVE('',#3500,#3669,#2379,.T.);
#5252=ADVANCED_FACE('',(#5251),#5242,.F.);
#5261=EDGE_CURVE('',#3273,#3229,#2054,.T.);
#5263=EDGE_CURVE('',#3229,#3244,#2082,.T.);
#5268=ADVANCED_FACE('',(#5267),#5257,.T.);
#5274=EDGE_CURVE('',#3271,#3228,#2061,.T.);
#5276=EDGE_CURVE('',#3228,#3229,#2090,.T.);
#5282=ADVANCED_FACE('',(#5281),#5273,.F.);
#5290=EDGE_CURVE('',#3245,#3228,#2097,.T.);
#5297=ADVANCED_FACE('',(#5296),#5287,.T.);
#5309=ADVANCED_FACE('',(#5308),#5302,.T.);
#5316=EDGE_CURVE('',#3405,#3714,#2111,.T.);
#5318=EDGE_CURVE('',#3717,#3405,#2118,.T.);
#5321=EDGE_CURVE('',#3401,#3719,#2132,.T.);
#5323=EDGE_CURVE('',#3711,#3401,#2139,.T.);
#5327=ADVANCED_FACE('',(#5326),#5314,.T.);
#5334=EDGE_CURVE('',#3404,#3432,#2167,.T.);
#5336=EDGE_CURVE('',#3404,#3405,#2146,.T.);
#5342=ADVANCED_FACE('',(#5341),#5332,.F.);
#5349=EDGE_CURVE('',#3428,#3404,#2160,.T.);
#5353=EDGE_CURVE('',#3433,#3400,#2174,.T.);
#5355=EDGE_CURVE('',#3400,#3429,#2181,.T.);
#5359=ADVANCED_FACE('',(#5358),#5347,.F.);
#5372=ADVANCED_FACE('',(#5371),#5364,.F.);
#5381=EDGE_CURVE('',#3400,#3401,#2202,.T.);
#5386=ADVANCED_FACE('',(#5385),#5377,.F.);
#5399=ADVANCED_FACE('',(#5398),#5391,.F.);
#5408=EDGE_CURVE('',#3277,#3233,#2230,.T.);
#5410=EDGE_CURVE('',#3233,#3248,#2258,.T.);
#5415=ADVANCED_FACE('',(#5414),#5404,.T.);
#5421=EDGE_CURVE('',#3275,#3232,#2237,.T.);
#5423=EDGE_CURVE('',#3232,#3233,#2266,.T.);
#5429=ADVANCED_FACE('',(#5428),#5420,.F.);
#5437=EDGE_CURVE('',#3249,#3232,#2273,.T.);
#5444=ADVANCED_FACE('',(#5443),#5434,.T.);
#5456=ADVANCED_FACE('',(#5455),#5449,.T.);
#5465=EDGE_CURVE('',#3281,#3237,#2294,.T.);
#5467=EDGE_CURVE('',#3237,#3252,#2322,.T.);
#5472=ADVANCED_FACE('',(#5471),#5461,.T.);
#5478=EDGE_CURVE('',#3279,#3236,#2301,.T.);
#5480=EDGE_CURVE('',#3236,#3237,#2330,.T.);
#5486=ADVANCED_FACE('',(#5485),#5477,.F.);
#5494=EDGE_CURVE('',#3253,#3236,#2337,.T.);
#5501=ADVANCED_FACE('',(#5500),#5491,.T.);
#5513=ADVANCED_FACE('',(#5512),#5506,.T.);
#5522=EDGE_CURVE('',#3289,#3241,#2358,.T.);
#5524=EDGE_CURVE('',#3241,#3285,#2393,.T.);
#5529=ADVANCED_FACE('',(#5528),#5518,.T.);
#5535=EDGE_CURVE('',#3287,#3240,#2365,.T.);
#5537=EDGE_CURVE('',#3240,#3241,#2401,.T.);
#5543=ADVANCED_FACE('',(#5542),#5534,.F.);
#5551=EDGE_CURVE('',#3283,#3240,#2386,.T.);
#5558=ADVANCED_FACE('',(#5557),#5548,.T.);
#5570=ADVANCED_FACE('',(#5569),#5563,.T.);
#5577=EDGE_CURVE('',#3396,#3424,#2443,.T.);
#5579=EDGE_CURVE('',#3396,#3397,#2408,.T.);
#5585=ADVANCED_FACE('',(#5584),#5575,.F.);
#5592=EDGE_CURVE('',#3425,#3392,#2422,.T.);
#5594=EDGE_CURVE('',#3392,#3449,#2429,.T.);
#5597=EDGE_CURVE('',#3448,#3396,#2436,.T.);
#5602=ADVANCED_FACE('',(#5601),#5590,.F.);
#5611=EDGE_CURVE('',#3392,#3393,#2457,.T.);
#5616=ADVANCED_FACE('',(#5615),#5607,.F.);
#5629=ADVANCED_FACE('',(#5628),#5621,.F.);
#5642=ADVANCED_FACE('',(#5641),#5634,.F.);
#5651=EDGE_CURVE('',#3355,#3296,#2492,.T.);
#5653=EDGE_CURVE('',#3344,#3296,#2520,.T.);
#5658=ADVANCED_FACE('',(#5657),#5647,.F.);
#5666=EDGE_CURVE('',#3357,#3297,#2506,.T.);
#5668=EDGE_CURVE('',#3296,#3297,#2528,.T.);
#5672=ADVANCED_FACE('',(#5671),#5663,.F.);
#5680=EDGE_CURVE('',#3297,#3345,#2535,.T.);
#5687=ADVANCED_FACE('',(#5686),#5677,.F.);
#5699=ADVANCED_FACE('',(#5698),#5692,.F.);
#5708=EDGE_CURVE('',#3359,#3300,#2556,.T.);
#5710=EDGE_CURVE('',#3348,#3300,#2584,.T.);
#5715=ADVANCED_FACE('',(#5714),#5704,.F.);
#5723=EDGE_CURVE('',#3361,#3301,#2570,.T.);
#5725=EDGE_CURVE('',#3300,#3301,#2592,.T.);
#5729=ADVANCED_FACE('',(#5728),#5720,.F.);
#5737=EDGE_CURVE('',#3301,#3349,#2599,.T.);
#5744=ADVANCED_FACE('',(#5743),#5734,.F.);
#5756=ADVANCED_FACE('',(#5755),#5749,.F.);
#5765=EDGE_CURVE('',#3367,#3304,#2620,.T.);
#5767=EDGE_CURVE('',#3363,#3304,#2648,.T.);
#5772=ADVANCED_FACE('',(#5771),#5761,.F.);
#5780=EDGE_CURVE('',#3369,#3305,#2634,.T.);
#5782=EDGE_CURVE('',#3304,#3305,#2656,.T.);
#5786=ADVANCED_FACE('',(#5785),#5777,.F.);
#5794=EDGE_CURVE('',#3305,#3365,#2663,.T.);
#5801=ADVANCED_FACE('',(#5800),#5791,.F.);
#5813=ADVANCED_FACE('',(#5812),#5806,.F.);
#5820=EDGE_CURVE('',#3420,#3452,#2691,.T.);
#5822=EDGE_CURVE('',#3420,#3421,#2670,.T.);
#5828=ADVANCED_FACE('',(#5827),#5818,.F.);
#5835=EDGE_CURVE('',#3444,#3420,#2684,.T.);
#5839=EDGE_CURVE('',#3453,#3416,#2698,.T.);
#5841=EDGE_CURVE('',#3416,#3445,#2705,.T.);
#5845=ADVANCED_FACE('',(#5844),#5833,.F.);
#5858=ADVANCED_FACE('',(#5857),#5850,.F.);
#5867=EDGE_CURVE('',#3416,#3417,#2726,.T.);
#5872=ADVANCED_FACE('',(#5871),#5863,.F.);
#5885=ADVANCED_FACE('',(#5884),#5877,.F.);
#5894=EDGE_CURVE('',#3219,#3198,#2754,.T.);
#5896=EDGE_CURVE('',#3265,#3198,#2782,.T.);
#5901=ADVANCED_FACE('',(#5900),#5890,.F.);
#5909=EDGE_CURVE('',#3221,#3199,#2768,.T.);
#5911=EDGE_CURVE('',#3198,#3199,#2790,.T.);
#5915=ADVANCED_FACE('',(#5914),#5906,.F.);
#5923=EDGE_CURVE('',#3199,#3264,#2797,.T.);
#5930=ADVANCED_FACE('',(#5929),#5920,.F.);
#5942=ADVANCED_FACE('',(#5941),#5935,.F.);
#5951=EDGE_CURVE('',#3215,#3194,#2818,.T.);
#5953=EDGE_CURVE('',#3261,#3194,#2846,.T.);
#5958=ADVANCED_FACE('',(#5957),#5947,.F.);
#5966=EDGE_CURVE('',#3217,#3195,#2832,.T.);
#5968=EDGE_CURVE('',#3194,#3195,#2854,.T.);
#5972=ADVANCED_FACE('',(#5971),#5963,.F.);
#5980=EDGE_CURVE('',#3195,#3260,#2861,.T.);
#5987=ADVANCED_FACE('',(#5986),#5977,.F.);
#5999=ADVANCED_FACE('',(#5998),#5992,.F.);
#6008=EDGE_CURVE('',#3211,#3190,#2882,.T.);
#6010=EDGE_CURVE('',#3257,#3190,#2910,.T.);
#6015=ADVANCED_FACE('',(#6014),#6004,.F.);
#6023=EDGE_CURVE('',#3213,#3191,#2896,.T.);
#6025=EDGE_CURVE('',#3190,#3191,#2918,.T.);
#6029=ADVANCED_FACE('',(#6028),#6020,.F.);
#6037=EDGE_CURVE('',#3191,#3256,#2925,.T.);
#6044=ADVANCED_FACE('',(#6043),#6034,.F.);
#6056=ADVANCED_FACE('',(#6055),#6049,.F.);
#6064=EDGE_CURVE('',#3320,#3321,#2940,.T.);
#6066=EDGE_CURVE('',#3336,#3320,#2947,.T.);
#6070=ADVANCED_FACE('',(#6069),#6061,.T.);
#6076=EDGE_CURVE('',#3383,#3320,#2954,.T.);
#6083=ADVANCED_FACE('',(#6082),#6075,.F.);
#6097=ADVANCED_FACE('',(#6096),#6088,.T.);
#6106=EDGE_CURVE('',#3381,#3317,#2989,.T.);
#6108=EDGE_CURVE('',#3317,#3333,#3017,.T.);
#6113=ADVANCED_FACE('',(#6112),#6102,.T.);
#6119=EDGE_CURVE('',#3379,#3316,#2996,.T.);
#6121=EDGE_CURVE('',#3316,#3317,#3025,.T.);
#6127=ADVANCED_FACE('',(#6126),#6118,.F.);
#6135=EDGE_CURVE('',#3332,#3316,#3032,.T.);
#6142=ADVANCED_FACE('',(#6141),#6132,.T.);
#6154=ADVANCED_FACE('',(#6153),#6147,.T.);
#6163=EDGE_CURVE('',#3377,#3313,#3053,.T.);
#6165=EDGE_CURVE('',#3313,#3329,#3081,.T.);
#6170=ADVANCED_FACE('',(#6169),#6159,.T.);
#6176=EDGE_CURVE('',#3375,#3312,#3060,.T.);
#6178=EDGE_CURVE('',#3312,#3313,#3089,.T.);
#6184=ADVANCED_FACE('',(#6183),#6175,.F.);
#6192=EDGE_CURVE('',#3328,#3312,#3096,.T.);
#6199=ADVANCED_FACE('',(#6198),#6189,.T.);
#6211=ADVANCED_FACE('',(#6210),#6204,.T.);
#6220=EDGE_CURVE('',#3373,#3309,#3117,.T.);
#6222=EDGE_CURVE('',#3309,#3325,#3145,.T.);
#6227=ADVANCED_FACE('',(#6226),#6216,.T.);
#6233=EDGE_CURVE('',#3371,#3308,#3124,.T.);
#6235=EDGE_CURVE('',#3308,#3309,#3153,.T.);
#6241=ADVANCED_FACE('',(#6240),#6232,.F.);
#6249=EDGE_CURVE('',#3324,#3308,#3160,.T.);
#6256=ADVANCED_FACE('',(#6255),#6246,.T.);
#6268=ADVANCED_FACE('',(#6267),#6261,.T.);
#6277=(LENGTH_UNIT()NAMED_UNIT(*)SI_UNIT(.MILLI.,.METRE.));
#6278=(NAMED_UNIT(*)PLANE_ANGLE_UNIT()SI_UNIT($,.RADIAN.));
#6281=(NAMED_UNIT(*)SI_UNIT($,.STERADIAN.)SOLID_ANGLE_UNIT());
#6283=(GEOMETRIC_REPRESENTATION_CONTEXT(3)GLOBAL_UNCERTAINTY_ASSIGNED_CONTEXT((
#6282))GLOBAL_UNIT_ASSIGNED_CONTEXT((#6277,#6280,#6281))REPRESENTATION_CONTEXT(
'ID1','3'));
#6287=AXIS2_PLACEMENT_3D('',#6284,#6285,#6286);
#6288=ADVANCED_BREP_SHAPE_REPRESENTATION('',(#6287,#6270),#6283);
#6295=PRODUCT_DEFINITION('part definition','',#6294,#6291);
#6296=PRODUCT_DEFINITION_SHAPE('','SHAPE FOR BODY-QFN_AF0.',#6295);
#6297=SHAPE_ASPECT('','solid data associated with BODY-QFN_AF0',#6296,.F.);
#6298=PROPERTY_DEFINITION('',
'shape for solid data with which properties are associated',#6297);
#6299=SHAPE_REPRESENTATION('',(#6270),#6283);
#6300=SHAPE_DEFINITION_REPRESENTATION(#6298,#6299);
#6301=(LENGTH_UNIT()NAMED_UNIT(*)SI_UNIT(.MILLI.,.METRE.));
#6305=PROPERTY_DEFINITION('geometric validation property',
'area of BODY-QFN_AF0',#6297);
#6306=REPRESENTATION('surface area',(#6304),#6283);
#6307=PROPERTY_DEFINITION_REPRESENTATION(#6305,#6306);
#6308=(LENGTH_UNIT()NAMED_UNIT(*)SI_UNIT(.MILLI.,.METRE.));
#6312=PROPERTY_DEFINITION('geometric validation property',
'volume of BODY-QFN_AF0',#6297);
#6313=REPRESENTATION('volume',(#6311),#6283);
#6314=PROPERTY_DEFINITION_REPRESENTATION(#6312,#6313);
#6316=PROPERTY_DEFINITION('geometric validation property',
'centroid of BODY-QFN_AF0',#6297);
#6317=REPRESENTATION('centroid',(#6315),#6283);
#6318=PROPERTY_DEFINITION_REPRESENTATION(#6316,#6317);
#6319=(LENGTH_UNIT()NAMED_UNIT(*)SI_UNIT(.MILLI.,.METRE.));
#6323=PROPERTY_DEFINITION('geometric validation property',
'area of BODY-QFN_AF0',#6296);
#6324=REPRESENTATION('surface area',(#6322),#6283);
#6325=PROPERTY_DEFINITION_REPRESENTATION(#6323,#6324);
#6326=(LENGTH_UNIT()NAMED_UNIT(*)SI_UNIT(.MILLI.,.METRE.));
#6330=PROPERTY_DEFINITION('geometric validation property',
'volume of BODY-QFN_AF0',#6296);
#6331=REPRESENTATION('volume',(#6329),#6283);
#6332=PROPERTY_DEFINITION_REPRESENTATION(#6330,#6331);
#6334=PROPERTY_DEFINITION('geometric validation property',
'centroid of BODY-QFN_AF0',#6296);
#6335=REPRESENTATION('centroid',(#6333),#6283);
#6336=PROPERTY_DEFINITION_REPRESENTATION(#6334,#6335);
#6337=SHAPE_DEFINITION_REPRESENTATION(#6296,#6288);
#6346=PLANAR_BOX('',4.813388220555E0,4.061296311093E0,#6345);
#6353=CAMERA_USAGE(#6352,#6339);
#6358=PLANAR_BOX('',1.E3,8.4375E2,#6357);
#6378=PRESENTATION_AREA('',(#6377,#6382),#6338);
#6388=SHAPE_DEFINITION_REPRESENTATION(#6389,#6390);
#6389=PRODUCT_DEFINITION_SHAPE('','SHAPE FOR RGT0016J_ASM.',#12978);
#6390=SHAPE_REPRESENTATION('',(#6400,#12882,#12959,#12973),#12969);
#6391=NEXT_ASSEMBLY_USAGE_OCCURRENCE('0','Next assembly relationship',
'BODY-QFN',#12978,#6295,$);
#6392=PRODUCT_DEFINITION_SHAPE('Placement #0',
'Placement of BODY-QFN_AF0 with respect to RGT0016J_ASM',#6391);
#6394=PROPERTY_DEFINITION('geometric validation property',
'centroid of BODY-QFN',#6392);
#6395=REPRESENTATION('centroid',(#6393),#6283);
#6396=PROPERTY_DEFINITION_REPRESENTATION(#6394,#6395);
#6404=COLOUR_RGB('',8.27451E-1,3.29412E-1,7.0588E-2);
#6636=EDGE_CURVE('',#6625,#6626,#6416,.T.);
#6638=EDGE_CURVE('',#6625,#6628,#6549,.T.);
#6640=EDGE_CURVE('',#6628,#6630,#6542,.T.);
#6642=EDGE_CURVE('',#6630,#6626,#6409,.T.);
#6646=ADVANCED_FACE('',(#6645),#6635,.T.);
#6653=EDGE_CURVE('',#6620,#6626,#6458,.T.);
#6655=EDGE_CURVE('',#6620,#6614,#6423,.T.);
#6657=EDGE_CURVE('',#6614,#6625,#6556,.T.);
#6661=ADVANCED_FACE('',(#6660),#6651,.T.);
#6667=EDGE_CURVE('',#6597,#6598,#6430,.T.);
#6669=EDGE_CURVE('',#6598,#6600,#6437,.T.);
#6671=EDGE_CURVE('',#6600,#6602,#6444,.T.);
#6673=EDGE_CURVE('',#6602,#6597,#6451,.T.);
#6679=EDGE_CURVE('',#6630,#6622,#6465,.T.);
#6681=EDGE_CURVE('',#6622,#6619,#6472,.T.);
#6683=EDGE_CURVE('',#6619,#6620,#6479,.T.);
#6687=ADVANCED_FACE('',(#6676,#6686),#6666,.F.);
#6694=EDGE_CURVE('',#6597,#6605,#6486,.T.);
#6696=EDGE_CURVE('',#6605,#6606,#6514,.T.);
#6698=EDGE_CURVE('',#6598,#6606,#6507,.T.);
#6702=ADVANCED_FACE('',(#6701),#6692,.T.);
#6709=EDGE_CURVE('',#6602,#6610,#6493,.T.);
#6711=EDGE_CURVE('',#6610,#6605,#6521,.T.);
#6716=ADVANCED_FACE('',(#6715),#6707,.T.);
#6723=EDGE_CURVE('',#6600,#6608,#6500,.T.);
#6725=EDGE_CURVE('',#6608,#6610,#6528,.T.);
#6730=ADVANCED_FACE('',(#6729),#6721,.T.);
#6738=EDGE_CURVE('',#6606,#6608,#6535,.T.);
#6743=ADVANCED_FACE('',(#6742),#6735,.T.);
#6755=ADVANCED_FACE('',(#6754),#6748,.T.);
#6762=EDGE_CURVE('',#6628,#6616,#6577,.T.);
#6764=EDGE_CURVE('',#6622,#6616,#6591,.T.);
#6769=ADVANCED_FACE('',(#6768),#6760,.T.);
#6777=EDGE_CURVE('',#6613,#6614,#6563,.T.);
#6779=EDGE_CURVE('',#6616,#6613,#6570,.T.);
#6784=ADVANCED_FACE('',(#6783),#6774,.T.);
#6803=EDGE_CURVE('',#6619,#6613,#6584,.T.);
#6809=ADVANCED_FACE('',(#6808),#6801,.T.);
#6821=ADVANCED_FACE('',(#6820),#6814,.T.);
#6849=CIRCLE('',#6848,1.25E-1);
#6948=CIRCLE('',#6947,1.25E-1);
#6988=EDGE_CURVE('',#6973,#6974,#6834,.T.);
#6990=EDGE_CURVE('',#6974,#6961,#6841,.T.);
#6992=EDGE_CURVE('',#6961,#6962,#6849,.T.);
#6994=EDGE_CURVE('',#6962,#6973,#6856,.T.);
#6998=ADVANCED_FACE('',(#6997),#6987,.F.);
#7012=EDGE_CURVE('',#6973,#6981,#6870,.T.);
#7014=EDGE_CURVE('',#6978,#6981,#6884,.T.);
#7016=EDGE_CURVE('',#6974,#6978,#6905,.T.);
#7020=ADVANCED_FACE('',(#7019),#7010,.F.);
#7033=EDGE_CURVE('',#6981,#6982,#6863,.T.);
#7037=EDGE_CURVE('',#6962,#6968,#6877,.T.);
#7039=EDGE_CURVE('',#6968,#6970,#6940,.T.);
#7041=EDGE_CURVE('',#6982,#6970,#6919,.T.);
#7045=ADVANCED_FACE('',(#7044),#7032,.T.);
#7051=EDGE_CURVE('',#6977,#6978,#6891,.T.);
#7055=EDGE_CURVE('',#6982,#6977,#6912,.T.);
#7059=ADVANCED_FACE('',(#7058),#7050,.F.);
#7073=EDGE_CURVE('',#6977,#6965,#6898,.T.);
#7075=EDGE_CURVE('',#6965,#6966,#6926,.T.);
#7077=EDGE_CURVE('',#6961,#6966,#6955,.T.);
#7083=ADVANCED_FACE('',(#7082),#7071,.T.);
#7091=EDGE_CURVE('',#6970,#6965,#6933,.T.);
#7096=ADVANCED_FACE('',(#7095),#7088,.T.);
#7105=EDGE_CURVE('',#6966,#6968,#6948,.T.);
#7109=ADVANCED_FACE('',(#7108),#7101,.T.);
#7121=ADVANCED_FACE('',(#7120),#7114,.T.);
#7149=CIRCLE('',#7148,1.25E-1);
#7248=CIRCLE('',#7247,1.25E-1);
#7288=EDGE_CURVE('',#7273,#7274,#7134,.T.);
#7290=EDGE_CURVE('',#7274,#7261,#7141,.T.);
#7292=EDGE_CURVE('',#7261,#7262,#7149,.T.);
#7294=EDGE_CURVE('',#7262,#7273,#7156,.T.);
#7298=ADVANCED_FACE('',(#7297),#7287,.F.);
#7312=EDGE_CURVE('',#7273,#7281,#7170,.T.);
#7314=EDGE_CURVE('',#7278,#7281,#7184,.T.);
#7316=EDGE_CURVE('',#7274,#7278,#7205,.T.);
#7320=ADVANCED_FACE('',(#7319),#7310,.F.);
#7333=EDGE_CURVE('',#7281,#7282,#7163,.T.);
#7337=EDGE_CURVE('',#7262,#7268,#7177,.T.);
#7339=EDGE_CURVE('',#7268,#7270,#7240,.T.);
#7341=EDGE_CURVE('',#7282,#7270,#7219,.T.);
#7345=ADVANCED_FACE('',(#7344),#7332,.T.);
#7351=EDGE_CURVE('',#7277,#7278,#7191,.T.);
#7355=EDGE_CURVE('',#7282,#7277,#7212,.T.);
#7359=ADVANCED_FACE('',(#7358),#7350,.F.);
#7373=EDGE_CURVE('',#7277,#7265,#7198,.T.);
#7375=EDGE_CURVE('',#7265,#7266,#7226,.T.);
#7377=EDGE_CURVE('',#7261,#7266,#7255,.T.);
#7383=ADVANCED_FACE('',(#7382),#7371,.T.);
#7391=EDGE_CURVE('',#7270,#7265,#7233,.T.);
#7396=ADVANCED_FACE('',(#7395),#7388,.T.);
#7405=EDGE_CURVE('',#7266,#7268,#7248,.T.);
#7409=ADVANCED_FACE('',(#7408),#7401,.T.);
#7421=ADVANCED_FACE('',(#7420),#7414,.T.);
#7449=CIRCLE('',#7448,1.25E-1);
#7548=CIRCLE('',#7547,1.25E-1);
#7588=EDGE_CURVE('',#7573,#7574,#7434,.T.);
#7590=EDGE_CURVE('',#7574,#7561,#7441,.T.);
#7592=EDGE_CURVE('',#7561,#7562,#7449,.T.);
#7594=EDGE_CURVE('',#7562,#7573,#7456,.T.);
#7598=ADVANCED_FACE('',(#7597),#7587,.F.);
#7612=EDGE_CURVE('',#7573,#7581,#7470,.T.);
#7614=EDGE_CURVE('',#7578,#7581,#7484,.T.);
#7616=EDGE_CURVE('',#7574,#7578,#7505,.T.);
#7620=ADVANCED_FACE('',(#7619),#7610,.F.);
#7633=EDGE_CURVE('',#7581,#7582,#7463,.T.);
#7637=EDGE_CURVE('',#7562,#7568,#7477,.T.);
#7639=EDGE_CURVE('',#7568,#7570,#7540,.T.);
#7641=EDGE_CURVE('',#7582,#7570,#7519,.T.);
#7645=ADVANCED_FACE('',(#7644),#7632,.T.);
#7651=EDGE_CURVE('',#7577,#7578,#7491,.T.);
#7655=EDGE_CURVE('',#7582,#7577,#7512,.T.);
#7659=ADVANCED_FACE('',(#7658),#7650,.F.);
#7673=EDGE_CURVE('',#7577,#7565,#7498,.T.);
#7675=EDGE_CURVE('',#7565,#7566,#7526,.T.);
#7677=EDGE_CURVE('',#7561,#7566,#7555,.T.);
#7683=ADVANCED_FACE('',(#7682),#7671,.T.);
#7691=EDGE_CURVE('',#7570,#7565,#7533,.T.);
#7696=ADVANCED_FACE('',(#7695),#7688,.T.);
#7705=EDGE_CURVE('',#7566,#7568,#7548,.T.);
#7709=ADVANCED_FACE('',(#7708),#7701,.T.);
#7721=ADVANCED_FACE('',(#7720),#7714,.T.);
#7749=CIRCLE('',#7748,1.25E-1);
#7848=CIRCLE('',#7847,1.25E-1);
#7888=EDGE_CURVE('',#7873,#7874,#7734,.T.);
#7890=EDGE_CURVE('',#7874,#7861,#7741,.T.);
#7892=EDGE_CURVE('',#7861,#7862,#7749,.T.);
#7894=EDGE_CURVE('',#7862,#7873,#7756,.T.);
#7898=ADVANCED_FACE('',(#7897),#7887,.F.);
#7912=EDGE_CURVE('',#7873,#7881,#7770,.T.);
#7914=EDGE_CURVE('',#7878,#7881,#7784,.T.);
#7916=EDGE_CURVE('',#7874,#7878,#7805,.T.);
#7920=ADVANCED_FACE('',(#7919),#7910,.F.);
#7933=EDGE_CURVE('',#7881,#7882,#7763,.T.);
#7937=EDGE_CURVE('',#7862,#7868,#7777,.T.);
#7939=EDGE_CURVE('',#7868,#7870,#7840,.T.);
#7941=EDGE_CURVE('',#7882,#7870,#7819,.T.);
#7945=ADVANCED_FACE('',(#7944),#7932,.T.);
#7951=EDGE_CURVE('',#7877,#7878,#7791,.T.);
#7955=EDGE_CURVE('',#7882,#7877,#7812,.T.);
#7959=ADVANCED_FACE('',(#7958),#7950,.F.);
#7973=EDGE_CURVE('',#7877,#7865,#7798,.T.);
#7975=EDGE_CURVE('',#7865,#7866,#7826,.T.);
#7977=EDGE_CURVE('',#7861,#7866,#7855,.T.);
#7983=ADVANCED_FACE('',(#7982),#7971,.T.);
#7991=EDGE_CURVE('',#7870,#7865,#7833,.T.);
#7996=ADVANCED_FACE('',(#7995),#7988,.T.);
#8005=EDGE_CURVE('',#7866,#7868,#7848,.T.);
#8009=ADVANCED_FACE('',(#8008),#8001,.T.);
#8021=ADVANCED_FACE('',(#8020),#8014,.T.);
#8049=CIRCLE('',#8048,1.25E-1);
#8113=CIRCLE('',#8112,1.25E-1);
#8188=EDGE_CURVE('',#8173,#8174,#8034,.T.);
#8190=EDGE_CURVE('',#8162,#8173,#8041,.T.);
#8192=EDGE_CURVE('',#8161,#8162,#8049,.T.);
#8194=EDGE_CURVE('',#8174,#8161,#8056,.T.);
#8198=ADVANCED_FACE('',(#8197),#8187,.T.);
#8212=EDGE_CURVE('',#8174,#8178,#8070,.T.);
#8214=EDGE_CURVE('',#8181,#8178,#8084,.T.);
#8216=EDGE_CURVE('',#8173,#8181,#8155,.T.);
#8220=ADVANCED_FACE('',(#8219),#8210,.F.);
#8233=EDGE_CURVE('',#8177,#8178,#8063,.T.);
#8237=EDGE_CURVE('',#8161,#8166,#8134,.T.);
#8239=EDGE_CURVE('',#8165,#8166,#8105,.T.);
#8241=EDGE_CURVE('',#8177,#8165,#8077,.T.);
#8245=ADVANCED_FACE('',(#8244),#8232,.F.);
#8252=EDGE_CURVE('',#8182,#8177,#8091,.T.);
#8254=EDGE_CURVE('',#8181,#8182,#8141,.T.);
#8259=ADVANCED_FACE('',(#8258),#8250,.F.);
#8274=EDGE_CURVE('',#8170,#8165,#8127,.T.);
#8276=EDGE_CURVE('',#8182,#8170,#8098,.T.);
#8280=ADVANCED_FACE('',(#8279),#8271,.F.);
#8287=EDGE_CURVE('',#8166,#8168,#8113,.T.);
#8289=EDGE_CURVE('',#8168,#8170,#8120,.T.);
#8294=ADVANCED_FACE('',(#8293),#8285,.F.);
#8301=EDGE_CURVE('',#8162,#8168,#8148,.T.);
#8307=ADVANCED_FACE('',(#8306),#8299,.T.);
#8321=ADVANCED_FACE('',(#8320),#8312,.F.);
#8349=CIRCLE('',#8348,1.25E-1);
#8413=CIRCLE('',#8412,1.25E-1);
#8488=EDGE_CURVE('',#8473,#8474,#8334,.T.);
#8490=EDGE_CURVE('',#8462,#8473,#8341,.T.);
#8492=EDGE_CURVE('',#8461,#8462,#8349,.T.);
#8494=EDGE_CURVE('',#8474,#8461,#8356,.T.);
#8498=ADVANCED_FACE('',(#8497),#8487,.T.);
#8512=EDGE_CURVE('',#8474,#8478,#8370,.T.);
#8514=EDGE_CURVE('',#8481,#8478,#8384,.T.);
#8516=EDGE_CURVE('',#8473,#8481,#8455,.T.);
#8520=ADVANCED_FACE('',(#8519),#8510,.F.);
#8533=EDGE_CURVE('',#8477,#8478,#8363,.T.);
#8537=EDGE_CURVE('',#8461,#8466,#8434,.T.);
#8539=EDGE_CURVE('',#8465,#8466,#8405,.T.);
#8541=EDGE_CURVE('',#8477,#8465,#8377,.T.);
#8545=ADVANCED_FACE('',(#8544),#8532,.F.);
#8552=EDGE_CURVE('',#8482,#8477,#8391,.T.);
#8554=EDGE_CURVE('',#8481,#8482,#8441,.T.);
#8559=ADVANCED_FACE('',(#8558),#8550,.F.);
#8574=EDGE_CURVE('',#8470,#8465,#8427,.T.);
#8576=EDGE_CURVE('',#8482,#8470,#8398,.T.);
#8580=ADVANCED_FACE('',(#8579),#8571,.F.);
#8587=EDGE_CURVE('',#8466,#8468,#8413,.T.);
#8589=EDGE_CURVE('',#8468,#8470,#8420,.T.);
#8594=ADVANCED_FACE('',(#8593),#8585,.F.);
#8601=EDGE_CURVE('',#8462,#8468,#8448,.T.);
#8607=ADVANCED_FACE('',(#8606),#8599,.T.);
#8621=ADVANCED_FACE('',(#8620),#8612,.F.);
#8649=CIRCLE('',#8648,1.25E-1);
#8713=CIRCLE('',#8712,1.25E-1);
#8788=EDGE_CURVE('',#8773,#8774,#8634,.T.);
#8790=EDGE_CURVE('',#8762,#8773,#8641,.T.);
#8792=EDGE_CURVE('',#8761,#8762,#8649,.T.);
#8794=EDGE_CURVE('',#8774,#8761,#8656,.T.);
#8798=ADVANCED_FACE('',(#8797),#8787,.T.);
#8812=EDGE_CURVE('',#8774,#8778,#8670,.T.);
#8814=EDGE_CURVE('',#8781,#8778,#8684,.T.);
#8816=EDGE_CURVE('',#8773,#8781,#8755,.T.);
#8820=ADVANCED_FACE('',(#8819),#8810,.F.);
#8833=EDGE_CURVE('',#8777,#8778,#8663,.T.);
#8837=EDGE_CURVE('',#8761,#8766,#8734,.T.);
#8839=EDGE_CURVE('',#8765,#8766,#8705,.T.);
#8841=EDGE_CURVE('',#8777,#8765,#8677,.T.);
#8845=ADVANCED_FACE('',(#8844),#8832,.F.);
#8852=EDGE_CURVE('',#8782,#8777,#8691,.T.);
#8854=EDGE_CURVE('',#8781,#8782,#8741,.T.);
#8859=ADVANCED_FACE('',(#8858),#8850,.F.);
#8874=EDGE_CURVE('',#8770,#8765,#8727,.T.);
#8876=EDGE_CURVE('',#8782,#8770,#8698,.T.);
#8880=ADVANCED_FACE('',(#8879),#8871,.F.);
#8887=EDGE_CURVE('',#8766,#8768,#8713,.T.);
#8889=EDGE_CURVE('',#8768,#8770,#8720,.T.);
#8894=ADVANCED_FACE('',(#8893),#8885,.F.);
#8901=EDGE_CURVE('',#8762,#8768,#8748,.T.);
#8907=ADVANCED_FACE('',(#8906),#8899,.T.);
#8921=ADVANCED_FACE('',(#8920),#8912,.F.);
#8949=CIRCLE('',#8948,1.25E-1);
#9013=CIRCLE('',#9012,1.25E-1);
#9088=EDGE_CURVE('',#9073,#9074,#8934,.T.);
#9090=EDGE_CURVE('',#9062,#9073,#8941,.T.);
#9092=EDGE_CURVE('',#9061,#9062,#8949,.T.);
#9094=EDGE_CURVE('',#9074,#9061,#8956,.T.);
#9098=ADVANCED_FACE('',(#9097),#9087,.T.);
#9112=EDGE_CURVE('',#9074,#9078,#8970,.T.);
#9114=EDGE_CURVE('',#9081,#9078,#8984,.T.);
#9116=EDGE_CURVE('',#9073,#9081,#9055,.T.);
#9120=ADVANCED_FACE('',(#9119),#9110,.F.);
#9133=EDGE_CURVE('',#9077,#9078,#8963,.T.);
#9137=EDGE_CURVE('',#9061,#9066,#9034,.T.);
#9139=EDGE_CURVE('',#9065,#9066,#9005,.T.);
#9141=EDGE_CURVE('',#9077,#9065,#8977,.T.);
#9145=ADVANCED_FACE('',(#9144),#9132,.F.);
#9152=EDGE_CURVE('',#9082,#9077,#8991,.T.);
#9154=EDGE_CURVE('',#9081,#9082,#9041,.T.);
#9159=ADVANCED_FACE('',(#9158),#9150,.F.);
#9174=EDGE_CURVE('',#9070,#9065,#9027,.T.);
#9176=EDGE_CURVE('',#9082,#9070,#8998,.T.);
#9180=ADVANCED_FACE('',(#9179),#9171,.F.);
#9187=EDGE_CURVE('',#9066,#9068,#9013,.T.);
#9189=EDGE_CURVE('',#9068,#9070,#9020,.T.);
#9194=ADVANCED_FACE('',(#9193),#9185,.F.);
#9201=EDGE_CURVE('',#9062,#9068,#9048,.T.);
#9207=ADVANCED_FACE('',(#9206),#9199,.T.);
#9221=ADVANCED_FACE('',(#9220),#9212,.F.);
#9249=CIRCLE('',#9248,1.25E-1);
#9348=CIRCLE('',#9347,1.25E-1);
#9388=EDGE_CURVE('',#9373,#9374,#9234,.T.);
#9390=EDGE_CURVE('',#9373,#9361,#9241,.T.);
#9392=EDGE_CURVE('',#9361,#9362,#9249,.T.);
#9394=EDGE_CURVE('',#9362,#9374,#9256,.T.);
#9398=ADVANCED_FACE('',(#9397),#9387,.F.);
#9412=EDGE_CURVE('',#9374,#9381,#9270,.T.);
#9414=EDGE_CURVE('',#9378,#9381,#9284,.T.);
#9416=EDGE_CURVE('',#9373,#9378,#9305,.T.);
#9420=ADVANCED_FACE('',(#9419),#9410,.F.);
#9433=EDGE_CURVE('',#9381,#9382,#9263,.T.);
#9437=EDGE_CURVE('',#9362,#9368,#9277,.T.);
#9439=EDGE_CURVE('',#9368,#9370,#9340,.T.);
#9441=EDGE_CURVE('',#9382,#9370,#9319,.T.);
#9445=ADVANCED_FACE('',(#9444),#9432,.T.);
#9451=EDGE_CURVE('',#9377,#9378,#9291,.T.);
#9455=EDGE_CURVE('',#9382,#9377,#9312,.T.);
#9459=ADVANCED_FACE('',(#9458),#9450,.F.);
#9473=EDGE_CURVE('',#9377,#9365,#9298,.T.);
#9475=EDGE_CURVE('',#9365,#9366,#9326,.T.);
#9477=EDGE_CURVE('',#9361,#9366,#9355,.T.);
#9483=ADVANCED_FACE('',(#9482),#9471,.T.);
#9491=EDGE_CURVE('',#9370,#9365,#9333,.T.);
#9496=ADVANCED_FACE('',(#9495),#9488,.T.);
#9505=EDGE_CURVE('',#9366,#9368,#9348,.T.);
#9509=ADVANCED_FACE('',(#9508),#9501,.T.);
#9521=ADVANCED_FACE('',(#9520),#9514,.T.);
#9549=CIRCLE('',#9548,1.25E-1);
#9648=CIRCLE('',#9647,1.25E-1);
#9688=EDGE_CURVE('',#9673,#9674,#9534,.T.);
#9690=EDGE_CURVE('',#9673,#9661,#9541,.T.);
#9692=EDGE_CURVE('',#9661,#9662,#9549,.T.);
#9694=EDGE_CURVE('',#9662,#9674,#9556,.T.);
#9698=ADVANCED_FACE('',(#9697),#9687,.F.);
#9712=EDGE_CURVE('',#9674,#9681,#9570,.T.);
#9714=EDGE_CURVE('',#9678,#9681,#9584,.T.);
#9716=EDGE_CURVE('',#9673,#9678,#9605,.T.);
#9720=ADVANCED_FACE('',(#9719),#9710,.F.);
#9733=EDGE_CURVE('',#9681,#9682,#9563,.T.);
#9737=EDGE_CURVE('',#9662,#9668,#9577,.T.);
#9739=EDGE_CURVE('',#9668,#9670,#9640,.T.);
#9741=EDGE_CURVE('',#9682,#9670,#9619,.T.);
#9745=ADVANCED_FACE('',(#9744),#9732,.T.);
#9751=EDGE_CURVE('',#9677,#9678,#9591,.T.);
#9755=EDGE_CURVE('',#9682,#9677,#9612,.T.);
#9759=ADVANCED_FACE('',(#9758),#9750,.F.);
#9773=EDGE_CURVE('',#9677,#9665,#9598,.T.);
#9775=EDGE_CURVE('',#9665,#9666,#9626,.T.);
#9777=EDGE_CURVE('',#9661,#9666,#9655,.T.);
#9783=ADVANCED_FACE('',(#9782),#9771,.T.);
#9791=EDGE_CURVE('',#9670,#9665,#9633,.T.);
#9796=ADVANCED_FACE('',(#9795),#9788,.T.);
#9805=EDGE_CURVE('',#9666,#9668,#9648,.T.);
#9809=ADVANCED_FACE('',(#9808),#9801,.T.);
#9821=ADVANCED_FACE('',(#9820),#9814,.T.);
#9849=CIRCLE('',#9848,1.25E-1);
#9948=CIRCLE('',#9947,1.25E-1);
#9988=EDGE_CURVE('',#9973,#9974,#9834,.T.);
#9990=EDGE_CURVE('',#9973,#9961,#9841,.T.);
#9992=EDGE_CURVE('',#9961,#9962,#9849,.T.);
#9994=EDGE_CURVE('',#9962,#9974,#9856,.T.);
#9998=ADVANCED_FACE('',(#9997),#9987,.F.);
#10012=EDGE_CURVE('',#9974,#9981,#9870,.T.);
#10014=EDGE_CURVE('',#9978,#9981,#9884,.T.);
#10016=EDGE_CURVE('',#9973,#9978,#9905,.T.);
#10020=ADVANCED_FACE('',(#10019),#10010,.F.);
#10033=EDGE_CURVE('',#9981,#9982,#9863,.T.);
#10037=EDGE_CURVE('',#9962,#9968,#9877,.T.);
#10039=EDGE_CURVE('',#9968,#9970,#9940,.T.);
#10041=EDGE_CURVE('',#9982,#9970,#9919,.T.);
#10045=ADVANCED_FACE('',(#10044),#10032,.T.);
#10051=EDGE_CURVE('',#9977,#9978,#9891,.T.);
#10055=EDGE_CURVE('',#9982,#9977,#9912,.T.);
#10059=ADVANCED_FACE('',(#10058),#10050,.F.);
#10073=EDGE_CURVE('',#9977,#9965,#9898,.T.);
#10075=EDGE_CURVE('',#9965,#9966,#9926,.T.);
#10077=EDGE_CURVE('',#9961,#9966,#9955,.T.);
#10083=ADVANCED_FACE('',(#10082),#10071,.T.);
#10091=EDGE_CURVE('',#9970,#9965,#9933,.T.);
#10096=ADVANCED_FACE('',(#10095),#10088,.T.);
#10105=EDGE_CURVE('',#9966,#9968,#9948,.T.);
#10109=ADVANCED_FACE('',(#10108),#10101,.T.);
#10121=ADVANCED_FACE('',(#10120),#10114,.T.);
#10149=CIRCLE('',#10148,1.25E-1);
#10248=CIRCLE('',#10247,1.25E-1);
#10288=EDGE_CURVE('',#10273,#10274,#10134,.T.);
#10290=EDGE_CURVE('',#10273,#10261,#10141,.T.);
#10292=EDGE_CURVE('',#10261,#10262,#10149,.T.);
#10294=EDGE_CURVE('',#10262,#10274,#10156,.T.);
#10298=ADVANCED_FACE('',(#10297),#10287,.F.);
#10312=EDGE_CURVE('',#10274,#10281,#10170,.T.);
#10314=EDGE_CURVE('',#10278,#10281,#10184,.T.);
#10316=EDGE_CURVE('',#10273,#10278,#10205,.T.);
#10320=ADVANCED_FACE('',(#10319),#10310,.F.);
#10333=EDGE_CURVE('',#10281,#10282,#10163,.T.);
#10337=EDGE_CURVE('',#10262,#10268,#10177,.T.);
#10339=EDGE_CURVE('',#10268,#10270,#10240,.T.);
#10341=EDGE_CURVE('',#10282,#10270,#10219,.T.);
#10345=ADVANCED_FACE('',(#10344),#10332,.T.);
#10351=EDGE_CURVE('',#10277,#10278,#10191,.T.);
#10355=EDGE_CURVE('',#10282,#10277,#10212,.T.);
#10359=ADVANCED_FACE('',(#10358),#10350,.F.);
#10373=EDGE_CURVE('',#10277,#10265,#10198,.T.);
#10375=EDGE_CURVE('',#10265,#10266,#10226,.T.);
#10377=EDGE_CURVE('',#10261,#10266,#10255,.T.);
#10383=ADVANCED_FACE('',(#10382),#10371,.T.);
#10391=EDGE_CURVE('',#10270,#10265,#10233,.T.);
#10396=ADVANCED_FACE('',(#10395),#10388,.T.);
#10405=EDGE_CURVE('',#10266,#10268,#10248,.T.);
#10409=ADVANCED_FACE('',(#10408),#10401,.T.);
#10421=ADVANCED_FACE('',(#10420),#10414,.T.);
#10449=CIRCLE('',#10448,1.25E-1);
#10513=CIRCLE('',#10512,1.25E-1);
#10588=EDGE_CURVE('',#10573,#10574,#10434,.T.);
#10590=EDGE_CURVE('',#10562,#10574,#10441,.T.);
#10592=EDGE_CURVE('',#10561,#10562,#10449,.T.);
#10594=EDGE_CURVE('',#10573,#10561,#10456,.T.);
#10598=ADVANCED_FACE('',(#10597),#10587,.T.);
#10612=EDGE_CURVE('',#10573,#10578,#10470,.T.);
#10614=EDGE_CURVE('',#10581,#10578,#10484,.T.);
#10616=EDGE_CURVE('',#10574,#10581,#10555,.T.);
#10620=ADVANCED_FACE('',(#10619),#10610,.F.);
#10633=EDGE_CURVE('',#10577,#10578,#10463,.T.);
#10637=EDGE_CURVE('',#10561,#10566,#10534,.T.);
#10639=EDGE_CURVE('',#10565,#10566,#10505,.T.);
#10641=EDGE_CURVE('',#10577,#10565,#10477,.T.);
#10645=ADVANCED_FACE('',(#10644),#10632,.F.);
#10652=EDGE_CURVE('',#10582,#10577,#10491,.T.);
#10654=EDGE_CURVE('',#10581,#10582,#10541,.T.);
#10659=ADVANCED_FACE('',(#10658),#10650,.F.);
#10674=EDGE_CURVE('',#10570,#10565,#10527,.T.);
#10676=EDGE_CURVE('',#10582,#10570,#10498,.T.);
#10680=ADVANCED_FACE('',(#10679),#10671,.F.);
#10687=EDGE_CURVE('',#10566,#10568,#10513,.T.);
#10689=EDGE_CURVE('',#10568,#10570,#10520,.T.);
#10694=ADVANCED_FACE('',(#10693),#10685,.F.);
#10701=EDGE_CURVE('',#10562,#10568,#10548,.T.);
#10707=ADVANCED_FACE('',(#10706),#10699,.T.);
#10721=ADVANCED_FACE('',(#10720),#10712,.F.);
#10749=CIRCLE('',#10748,1.25E-1);
#10813=CIRCLE('',#10812,1.25E-1);
#10888=EDGE_CURVE('',#10873,#10874,#10734,.T.);
#10890=EDGE_CURVE('',#10862,#10874,#10741,.T.);
#10892=EDGE_CURVE('',#10861,#10862,#10749,.T.);
#10894=EDGE_CURVE('',#10873,#10861,#10756,.T.);
#10898=ADVANCED_FACE('',(#10897),#10887,.T.);
#10912=EDGE_CURVE('',#10873,#10878,#10770,.T.);
#10914=EDGE_CURVE('',#10881,#10878,#10784,.T.);
#10916=EDGE_CURVE('',#10874,#10881,#10855,.T.);
#10920=ADVANCED_FACE('',(#10919),#10910,.F.);
#10933=EDGE_CURVE('',#10877,#10878,#10763,.T.);
#10937=EDGE_CURVE('',#10861,#10866,#10834,.T.);
#10939=EDGE_CURVE('',#10865,#10866,#10805,.T.);
#10941=EDGE_CURVE('',#10877,#10865,#10777,.T.);
#10945=ADVANCED_FACE('',(#10944),#10932,.F.);
#10952=EDGE_CURVE('',#10882,#10877,#10791,.T.);
#10954=EDGE_CURVE('',#10881,#10882,#10841,.T.);
#10959=ADVANCED_FACE('',(#10958),#10950,.F.);
#10974=EDGE_CURVE('',#10870,#10865,#10827,.T.);
#10976=EDGE_CURVE('',#10882,#10870,#10798,.T.);
#10980=ADVANCED_FACE('',(#10979),#10971,.F.);
#10987=EDGE_CURVE('',#10866,#10868,#10813,.T.);
#10989=EDGE_CURVE('',#10868,#10870,#10820,.T.);
#10994=ADVANCED_FACE('',(#10993),#10985,.F.);
#11001=EDGE_CURVE('',#10862,#10868,#10848,.T.);
#11007=ADVANCED_FACE('',(#11006),#10999,.T.);
#11021=ADVANCED_FACE('',(#11020),#11012,.F.);
#11049=CIRCLE('',#11048,1.25E-1);
#11113=CIRCLE('',#11112,1.25E-1);
#11188=EDGE_CURVE('',#11173,#11174,#11034,.T.);
#11190=EDGE_CURVE('',#11162,#11174,#11041,.T.);
#11192=EDGE_CURVE('',#11161,#11162,#11049,.T.);
#11194=EDGE_CURVE('',#11173,#11161,#11056,.T.);
#11198=ADVANCED_FACE('',(#11197),#11187,.T.);
#11212=EDGE_CURVE('',#11173,#11178,#11070,.T.);
#11214=EDGE_CURVE('',#11181,#11178,#11084,.T.);
#11216=EDGE_CURVE('',#11174,#11181,#11155,.T.);
#11220=ADVANCED_FACE('',(#11219),#11210,.F.);
#11233=EDGE_CURVE('',#11177,#11178,#11063,.T.);
#11237=EDGE_CURVE('',#11161,#11166,#11134,.T.);
#11239=EDGE_CURVE('',#11165,#11166,#11105,.T.);
#11241=EDGE_CURVE('',#11177,#11165,#11077,.T.);
#11245=ADVANCED_FACE('',(#11244),#11232,.F.);
#11252=EDGE_CURVE('',#11182,#11177,#11091,.T.);
#11254=EDGE_CURVE('',#11181,#11182,#11141,.T.);
#11259=ADVANCED_FACE('',(#11258),#11250,.F.);
#11274=EDGE_CURVE('',#11170,#11165,#11127,.T.);
#11276=EDGE_CURVE('',#11182,#11170,#11098,.T.);
#11280=ADVANCED_FACE('',(#11279),#11271,.F.);
#11287=EDGE_CURVE('',#11166,#11168,#11113,.T.);
#11289=EDGE_CURVE('',#11168,#11170,#11120,.T.);
#11294=ADVANCED_FACE('',(#11293),#11285,.F.);
#11301=EDGE_CURVE('',#11162,#11168,#11148,.T.);
#11307=ADVANCED_FACE('',(#11306),#11299,.T.);
#11321=ADVANCED_FACE('',(#11320),#11312,.F.);
#11349=CIRCLE('',#11348,1.25E-1);
#11413=CIRCLE('',#11412,1.25E-1);
#11488=EDGE_CURVE('',#11473,#11474,#11334,.T.);
#11490=EDGE_CURVE('',#11462,#11474,#11341,.T.);
#11492=EDGE_CURVE('',#11461,#11462,#11349,.T.);
#11494=EDGE_CURVE('',#11473,#11461,#11356,.T.);
#11498=ADVANCED_FACE('',(#11497),#11487,.T.);
#11512=EDGE_CURVE('',#11473,#11478,#11370,.T.);
#11514=EDGE_CURVE('',#11481,#11478,#11384,.T.);
#11516=EDGE_CURVE('',#11474,#11481,#11455,.T.);
#11520=ADVANCED_FACE('',(#11519),#11510,.F.);
#11533=EDGE_CURVE('',#11477,#11478,#11363,.T.);
#11537=EDGE_CURVE('',#11461,#11466,#11434,.T.);
#11539=EDGE_CURVE('',#11465,#11466,#11405,.T.);
#11541=EDGE_CURVE('',#11477,#11465,#11377,.T.);
#11545=ADVANCED_FACE('',(#11544),#11532,.F.);
#11552=EDGE_CURVE('',#11482,#11477,#11391,.T.);
#11554=EDGE_CURVE('',#11481,#11482,#11441,.T.);
#11559=ADVANCED_FACE('',(#11558),#11550,.F.);
#11574=EDGE_CURVE('',#11470,#11465,#11427,.T.);
#11576=EDGE_CURVE('',#11482,#11470,#11398,.T.);
#11580=ADVANCED_FACE('',(#11579),#11571,.F.);
#11587=EDGE_CURVE('',#11466,#11468,#11413,.T.);
#11589=EDGE_CURVE('',#11468,#11470,#11420,.T.);
#11594=ADVANCED_FACE('',(#11593),#11585,.F.);
#11601=EDGE_CURVE('',#11462,#11468,#11448,.T.);
#11607=ADVANCED_FACE('',(#11606),#11599,.T.);
#11621=ADVANCED_FACE('',(#11620),#11612,.F.);
#11786=EDGE_CURVE('',#11759,#11760,#11634,.T.);
#11788=EDGE_CURVE('',#11768,#11759,#11641,.T.);
#11790=EDGE_CURVE('',#11766,#11768,#11648,.T.);
#11792=EDGE_CURVE('',#11764,#11766,#11655,.T.);
#11794=EDGE_CURVE('',#11762,#11764,#11662,.T.);
#11796=EDGE_CURVE('',#11760,#11762,#11669,.T.);
#11800=ADVANCED_FACE('',(#11799),#11785,.T.);
#11807=EDGE_CURVE('',#11760,#11772,#11683,.T.);
#11809=EDGE_CURVE('',#11771,#11772,#11718,.T.);
#11811=EDGE_CURVE('',#11759,#11771,#11676,.T.);
#11815=ADVANCED_FACE('',(#11814),#11805,.T.);
#11822=EDGE_CURVE('',#11762,#11774,#11690,.T.);
#11824=EDGE_CURVE('',#11772,#11774,#11725,.T.);
#11829=ADVANCED_FACE('',(#11828),#11820,.T.);
#11836=EDGE_CURVE('',#11764,#11776,#11697,.T.);
#11838=EDGE_CURVE('',#11774,#11776,#11732,.T.);
#11843=ADVANCED_FACE('',(#11842),#11834,.T.);
#11850=EDGE_CURVE('',#11766,#11778,#11704,.T.);
#11852=EDGE_CURVE('',#11776,#11778,#11739,.T.);
#11857=ADVANCED_FACE('',(#11856),#11848,.T.);
#11864=EDGE_CURVE('',#11768,#11780,#11711,.T.);
#11866=EDGE_CURVE('',#11778,#11780,#11746,.T.);
#11871=ADVANCED_FACE('',(#11870),#11862,.T.);
#11879=EDGE_CURVE('',#11780,#11771,#11753,.T.);
#11884=ADVANCED_FACE('',(#11883),#11876,.T.);
#11898=ADVANCED_FACE('',(#11897),#11889,.F.);
#12070=EDGE_CURVE('',#12043,#12044,#11918,.T.);
#12072=EDGE_CURVE('',#12052,#12043,#11925,.T.);
#12074=EDGE_CURVE('',#12050,#12052,#11932,.T.);
#12076=EDGE_CURVE('',#12048,#12050,#11939,.T.);
#12078=EDGE_CURVE('',#12046,#12048,#11946,.T.);
#12080=EDGE_CURVE('',#12044,#12046,#11953,.T.);
#12084=ADVANCED_FACE('',(#12083),#12069,.T.);
#12091=EDGE_CURVE('',#12044,#12056,#11967,.T.);
#12093=EDGE_CURVE('',#12055,#12056,#12002,.T.);
#12095=EDGE_CURVE('',#12043,#12055,#11960,.T.);
#12099=ADVANCED_FACE('',(#12098),#12089,.T.);
#12106=EDGE_CURVE('',#12046,#12058,#11974,.T.);
#12108=EDGE_CURVE('',#12056,#12058,#12009,.T.);
#12113=ADVANCED_FACE('',(#12112),#12104,.T.);
#12120=EDGE_CURVE('',#12048,#12060,#11981,.T.);
#12122=EDGE_CURVE('',#12058,#12060,#12016,.T.);
#12127=ADVANCED_FACE('',(#12126),#12118,.T.);
#12134=EDGE_CURVE('',#12050,#12062,#11988,.T.);
#12136=EDGE_CURVE('',#12060,#12062,#12023,.T.);
#12141=ADVANCED_FACE('',(#12140),#12132,.T.);
#12148=EDGE_CURVE('',#12052,#12064,#11995,.T.);
#12150=EDGE_CURVE('',#12062,#12064,#12030,.T.);
#12155=ADVANCED_FACE('',(#12154),#12146,.T.);
#12163=EDGE_CURVE('',#12064,#12055,#12037,.T.);
#12168=ADVANCED_FACE('',(#12167),#12160,.T.);
#12182=ADVANCED_FACE('',(#12181),#12173,.F.);
#12354=EDGE_CURVE('',#12327,#12328,#12202,.T.);
#12356=EDGE_CURVE('',#12336,#12327,#12209,.T.);
#12358=EDGE_CURVE('',#12334,#12336,#12216,.T.);
#12360=EDGE_CURVE('',#12332,#12334,#12223,.T.);
#12362=EDGE_CURVE('',#12330,#12332,#12230,.T.);
#12364=EDGE_CURVE('',#12328,#12330,#12237,.T.);
#12368=ADVANCED_FACE('',(#12367),#12353,.T.);
#12375=EDGE_CURVE('',#12328,#12340,#12251,.T.);
#12377=EDGE_CURVE('',#12339,#12340,#12286,.T.);
#12379=EDGE_CURVE('',#12327,#12339,#12244,.T.);
#12383=ADVANCED_FACE('',(#12382),#12373,.T.);
#12390=EDGE_CURVE('',#12330,#12342,#12258,.T.);
#12392=EDGE_CURVE('',#12340,#12342,#12293,.T.);
#12397=ADVANCED_FACE('',(#12396),#12388,.T.);
#12404=EDGE_CURVE('',#12332,#12344,#12265,.T.);
#12406=EDGE_CURVE('',#12342,#12344,#12300,.T.);
#12411=ADVANCED_FACE('',(#12410),#12402,.T.);
#12418=EDGE_CURVE('',#12334,#12346,#12272,.T.);
#12420=EDGE_CURVE('',#12344,#12346,#12307,.T.);
#12425=ADVANCED_FACE('',(#12424),#12416,.T.);
#12432=EDGE_CURVE('',#12336,#12348,#12279,.T.);
#12434=EDGE_CURVE('',#12346,#12348,#12314,.T.);
#12439=ADVANCED_FACE('',(#12438),#12430,.T.);
#12447=EDGE_CURVE('',#12348,#12339,#12321,.T.);
#12452=ADVANCED_FACE('',(#12451),#12444,.T.);
#12466=ADVANCED_FACE('',(#12465),#12457,.F.);
#12638=EDGE_CURVE('',#12611,#12612,#12486,.T.);
#12640=EDGE_CURVE('',#12620,#12611,#12493,.T.);
#12642=EDGE_CURVE('',#12618,#12620,#12500,.T.);
#12644=EDGE_CURVE('',#12616,#12618,#12507,.T.);
#12646=EDGE_CURVE('',#12614,#12616,#12514,.T.);
#12648=EDGE_CURVE('',#12612,#12614,#12521,.T.);
#12652=ADVANCED_FACE('',(#12651),#12637,.T.);
#12659=EDGE_CURVE('',#12612,#12624,#12535,.T.);
#12661=EDGE_CURVE('',#12623,#12624,#12570,.T.);
#12663=EDGE_CURVE('',#12611,#12623,#12528,.T.);
#12667=ADVANCED_FACE('',(#12666),#12657,.T.);
#12674=EDGE_CURVE('',#12614,#12626,#12542,.T.);
#12676=EDGE_CURVE('',#12624,#12626,#12577,.T.);
#12681=ADVANCED_FACE('',(#12680),#12672,.T.);
#12688=EDGE_CURVE('',#12616,#12628,#12549,.T.);
#12690=EDGE_CURVE('',#12626,#12628,#12584,.T.);
#12695=ADVANCED_FACE('',(#12694),#12686,.T.);
#12702=EDGE_CURVE('',#12618,#12630,#12556,.T.);
#12704=EDGE_CURVE('',#12628,#12630,#12591,.T.);
#12709=ADVANCED_FACE('',(#12708),#12700,.T.);
#12716=EDGE_CURVE('',#12620,#12632,#12563,.T.);
#12718=EDGE_CURVE('',#12630,#12632,#12598,.T.);
#12723=ADVANCED_FACE('',(#12722),#12714,.T.);
#12731=EDGE_CURVE('',#12632,#12623,#12605,.T.);
#12736=ADVANCED_FACE('',(#12735),#12728,.T.);
#12750=ADVANCED_FACE('',(#12749),#12741,.F.);
#12766=(LENGTH_UNIT()NAMED_UNIT(*)SI_UNIT(.MILLI.,.METRE.));
#12767=(NAMED_UNIT(*)PLANE_ANGLE_UNIT()SI_UNIT($,.RADIAN.));
#12770=(NAMED_UNIT(*)SI_UNIT($,.STERADIAN.)SOLID_ANGLE_UNIT());
#12772=(GEOMETRIC_REPRESENTATION_CONTEXT(3)GLOBAL_UNCERTAINTY_ASSIGNED_CONTEXT((
#12771))GLOBAL_UNIT_ASSIGNED_CONTEXT((#12766,#12769,#12770))REPRESENTATION_CONTEXT('ID2','3'));
#12776=AXIS2_PLACEMENT_3D('',#12773,#12774,#12775);
#12777=ADVANCED_BREP_SHAPE_REPRESENTATION('',(#12776,#6823,#7123,#7423,#7723,
#8023,#8323,#8623,#8923,#9223,#9523,#9823,#10123,#10423,#10723,#11023,#11323,
#11623,#11907,#12191,#12475,#12759),#12772);
#12781=PRODUCT_DEFINITION('part definition','',#12780,#6291);
#12782=PRODUCT_DEFINITION_SHAPE('','SHAPE FOR FRAME-RGT0016J_AF0.',#12781);
#12783=SHAPE_ASPECT('','solid data associated with FRAME-RGT0016J_AF0',#12782,
.F.);
#12784=PROPERTY_DEFINITION('',
'shape for solid data with which properties are associated',#12783);
#12785=SHAPE_REPRESENTATION('',(#12759),#12772);
#12786=SHAPE_DEFINITION_REPRESENTATION(#12784,#12785);
#12787=(LENGTH_UNIT()NAMED_UNIT(*)SI_UNIT(.MILLI.,.METRE.));
#12791=PROPERTY_DEFINITION('geometric validation property',
'area of FRAME-RGT0016J_AF0',#12783);
#12792=REPRESENTATION('surface area',(#12790),#12772);
#12793=PROPERTY_DEFINITION_REPRESENTATION(#12791,#12792);
#12794=(LENGTH_UNIT()NAMED_UNIT(*)SI_UNIT(.MILLI.,.METRE.));
#12798=PROPERTY_DEFINITION('geometric validation property',
'volume of FRAME-RGT0016J_AF0',#12783);
#12799=REPRESENTATION('volume',(#12797),#12772);
#12800=PROPERTY_DEFINITION_REPRESENTATION(#12798,#12799);
#12802=PROPERTY_DEFINITION('geometric validation property',
'centroid of FRAME-RGT0016J_AF0',#12783);
#12803=REPRESENTATION('centroid',(#12801),#12772);
#12804=PROPERTY_DEFINITION_REPRESENTATION(#12802,#12803);
#12805=(LENGTH_UNIT()NAMED_UNIT(*)SI_UNIT(.MILLI.,.METRE.));
#12809=PROPERTY_DEFINITION('geometric validation property',
'area of FRAME-RGT0016J_AF0',#12782);
#12810=REPRESENTATION('surface area',(#12808),#12772);
#12811=PROPERTY_DEFINITION_REPRESENTATION(#12809,#12810);
#12812=(LENGTH_UNIT()NAMED_UNIT(*)SI_UNIT(.MILLI.,.METRE.));
#12816=PROPERTY_DEFINITION('geometric validation property',
'volume of FRAME-RGT0016J_AF0',#12782);
#12817=REPRESENTATION('volume',(#12815),#12772);
#12818=PROPERTY_DEFINITION_REPRESENTATION(#12816,#12817);
#12820=PROPERTY_DEFINITION('geometric validation property',
'centroid of FRAME-RGT0016J_AF0',#12782);
#12821=REPRESENTATION('centroid',(#12819),#12772);
#12822=PROPERTY_DEFINITION_REPRESENTATION(#12820,#12821);
#12823=SHAPE_DEFINITION_REPRESENTATION(#12782,#12777);
#12831=PLANAR_BOX('',4.515935800580E0,3.810320831740E0,#12830);
#12838=CAMERA_USAGE(#12837,#12824);
#12843=PLANAR_BOX('',1.E3,8.4375E2,#12842);
#12863=PRESENTATION_AREA('',(#12862,#12867),#6338);
#12873=NEXT_ASSEMBLY_USAGE_OCCURRENCE('1','Next assembly relationship',
'FRAME-RGT0016J',#12978,#12781,$);
#12874=PRODUCT_DEFINITION_SHAPE('Placement #1',
'Placement of FRAME-RGT0016J_AF0 with respect to RGT0016J_ASM',#12873);
#12876=PROPERTY_DEFINITION('geometric validation property',
'centroid of FRAME-RGT0016J',#12874);
#12877=REPRESENTATION('centroid',(#12875),#12772);
#12878=PROPERTY_DEFINITION_REPRESENTATION(#12876,#12877);
#12886=(LENGTH_UNIT()NAMED_UNIT(*)SI_UNIT(.MILLI.,.METRE.));
#12887=(NAMED_UNIT(*)PLANE_ANGLE_UNIT()SI_UNIT($,.RADIAN.));
#12890=(NAMED_UNIT(*)SI_UNIT($,.STERADIAN.)SOLID_ANGLE_UNIT());
#12892=(GEOMETRIC_REPRESENTATION_CONTEXT(3)GLOBAL_UNCERTAINTY_ASSIGNED_CONTEXT((
#12891))GLOBAL_UNIT_ASSIGNED_CONTEXT((#12886,#12889,#12890))REPRESENTATION_CONTEXT('ID3','3'));
#12896=AXIS2_PLACEMENT_3D('',#12893,#12894,#12895);
#12897=SHAPE_REPRESENTATION('',(#12896),#12892);
#12902=PRODUCT_DEFINITION('part definition','',#12901,#12898);
#12903=PRODUCT_DEFINITION_SHAPE('','SHAPE FOR PIN1-ID.',#12902);
#12904=SHAPE_DEFINITION_REPRESENTATION(#12903,#12897);
#12912=PLANAR_BOX('',3.176157996528E0,2.679883309571E0,#12911);
#12919=CAMERA_USAGE(#12918,#12905);
#12924=PLANAR_BOX('',1.E3,8.4375E2,#12923);
#12944=PRESENTATION_AREA('',(#12943,#12948),#6338);
#12954=NEXT_ASSEMBLY_USAGE_OCCURRENCE('2','Next assembly relationship',
'PIN1-ID',#12978,#12902,$);
#12955=PRODUCT_DEFINITION_SHAPE('Placement #2',
'Placement of PIN1-ID with respect to RGT0016J_ASM',#12954);
#12963=(LENGTH_UNIT()NAMED_UNIT(*)SI_UNIT(.MILLI.,.METRE.));
#12964=(NAMED_UNIT(*)PLANE_ANGLE_UNIT()SI_UNIT($,.RADIAN.));
#12967=(NAMED_UNIT(*)SI_UNIT($,.STERADIAN.)SOLID_ANGLE_UNIT());
#12969=(GEOMETRIC_REPRESENTATION_CONTEXT(3)GLOBAL_UNCERTAINTY_ASSIGNED_CONTEXT((
#12968))GLOBAL_UNIT_ASSIGNED_CONTEXT((#12963,#12966,#12967))REPRESENTATION_CONTEXT('ID4','3'));
#12973=AXIS2_PLACEMENT_3D('',#12970,#12971,#12972);
#12978=PRODUCT_DEFINITION('part definition','',#12977,#12898);
#12979=(LENGTH_UNIT()NAMED_UNIT(*)SI_UNIT(.MILLI.,.METRE.));
#12983=PROPERTY_DEFINITION('geometric validation property',
'area of RGT0016J_ASM',#6389);
#12984=REPRESENTATION('surface area',(#12982),#12969);
#12985=PROPERTY_DEFINITION_REPRESENTATION(#12983,#12984);
#12986=(LENGTH_UNIT()NAMED_UNIT(*)SI_UNIT(.MILLI.,.METRE.));
#12990=PROPERTY_DEFINITION('geometric validation property',
'volume of RGT0016J_ASM',#6389);
#12991=REPRESENTATION('volume',(#12989),#12969);
#12992=PROPERTY_DEFINITION_REPRESENTATION(#12990,#12991);
#12994=PROPERTY_DEFINITION('geometric validation property',
'centroid of RGT0016J_ASM',#6389);
#12995=REPRESENTATION('centroid',(#12993),#12969);
#12996=PROPERTY_DEFINITION_REPRESENTATION(#12994,#12995);
#13005=PLANAR_BOX('',5.188557340831E0,4.377845256326E0,#13004);
#13012=CAMERA_USAGE(#13011,#12998);
#13017=PLANAR_BOX('',1.E3,8.4375E2,#13016);
#13037=PRESENTATION_AREA('',(#13036,#13041),#6338);
ENDSEC;
END-ISO-10303-21;
